"기업규모별","산업분류별","항목","단위","2018 년","2017 년","2016 년","2015 년","2014 년","2013 년","2012 년","2011 년","2010 년","2009 년","2008 년",
"전규모(상용근로자 10인 이상)","전체","노동비용총액[천원]","천원","5195.5","5023.4","4934.2","4781.7","4669.6","4549.8","4487.3","4328.5","4021.5","3866","3845.6",
"전규모(상용근로자 10인 이상)","전체","직접노동비용(계)[천원]","천원","4146.6","3994.9","3937.9","3786.1","3661.6","3585","3475.9","3331.6","3165.5","3013.8","3003",
"전규모(상용근로자 10인 이상)","전체","정액 및 초과급여[천원]","천원","3383.3","3237.2","3174.8","3059.1","2940.6","2833.1","2736.9","2611.3","2461.1","2341","2331.9",
"전규모(상용근로자 10인 이상)","전체","상여금 및 성과금[천원]","천원","763.3","757.7","763.1","727","721","751.9","739","720.4","704.4","672.8","671.1",
"전규모(상용근로자 10인 이상)","전체","간접노동비용(계)[천원]","천원","1048.9","1028.5","996.3","995.5","1007.9","964.8","1011.4","996.8","856","852.1","842.6",
"전규모(상용근로자 10인 이상)","전체","퇴직급여 등의 비용[천원]","천원","442.3","448.8","441.6","438.5","457.2","412.7","470.7","480.3","383.3","370.8","360.4",
"전규모(상용근로자 10인 이상)","전체","현물지급비용[천원]","천원","","","","-","-","-","4","4.2","2.7","3.1","3.1",
"전규모(상용근로자 10인 이상)","전체","법정노동비용[천원]","천원","359.1","340.1","330.6","319","313.4","308.4","296.8","280.1","266.7","259.1","255.5",
"전규모(상용근로자 10인 이상)","전체","법정외 복지비용[천원]","천원","219.4","211.3","197.9","209.6","207.7","212.2","201.8","195.5","169.3","185.1","184.8",
"전규모(상용근로자 10인 이상)","전체","채용관련비용(모집비)[천원]","천원","5.3","5.4","5.1","4.6","5","5.3","4.9","4.3","4.7","3.3","3.2",
"전규모(상용근로자 10인 이상)","전체","교육훈련비용[천원]","천원","22.8","22.8","21.1","23.8","24.7","26.1","27.7","27.2","24.5","24.9","29",
"전규모(상용근로자 10인 이상)","전체","기타노동비용[천원]","천원","","","","-","-","-","5.6","5.2","4.8","5.8","6.6",
"전규모(상용근로자 10인 이상)","B. 광업(05~08)","노동비용총액[천원]","천원","5506.4","5444.1","5191.1","4818.5","4687.7","4760.9","4579.4","4299.1","3645.6","3442","3499.7",
"전규모(상용근로자 10인 이상)","B. 광업(05~08)","직접노동비용(계)[천원]","천원","4399.9","4123.4","3936.4","3610.1","3513.5","3530.3","3395.5","3209.2","2831.5","2629.7","2674.7",
"전규모(상용근로자 10인 이상)","B. 광업(05~08)","정액 및 초과급여[천원]","천원","3875.5","3640.5","3361.6","3076.5","2960.1","2939","2866.1","2703.4","2509.4","2348.7","2365.3",
"전규모(상용근로자 10인 이상)","B. 광업(05~08)","상여금 및 성과금[천원]","천원","524.4","482.8","574.9","533.6","553.4","591.3","529.3","505.9","322.1","281","309.4",
"전규모(상용근로자 10인 이상)","B. 광업(05~08)","간접노동비용(계)[천원]","천원","1106.5","1320.7","1254.7","1208.3","1174.2","1230.6","1183.9","1089.9","814","812.4","825",
"전규모(상용근로자 10인 이상)","B. 광업(05~08)","퇴직급여 등의 비용[천원]","천원","361.7","455.1","410.6","428","367.8","419.4","387.5","363.4","235.5","236.3","232.3",
"전규모(상용근로자 10인 이상)","B. 광업(05~08)","현물지급비용[천원]","천원","","","","-","-","-","4.3","2.3",".8",".6",".7",
"전규모(상용근로자 10인 이상)","B. 광업(05~08)","법정노동비용[천원]","천원","504","599.9","610.2","575.3","585.1","585.2","590.6","504.7","406.6","384.7","397.4",
"전규모(상용근로자 10인 이상)","B. 광업(05~08)","법정외 복지비용[천원]","천원","238.6","261.5","230.9","202.6","219.1","223","198.1","216.8","168.8","189.1","192.2",
"전규모(상용근로자 10인 이상)","B. 광업(05~08)","채용관련비용(모집비)[천원]","천원",".3",".2",".4",".1",".3",".3",".3",".2",".1",".3",".4",
"전규모(상용근로자 10인 이상)","B. 광업(05~08)","교육훈련비용[천원]","천원","1.8","4","2.5","2.3","1.9","2.7","1.3","1","1",".6","1.1",
"전규모(상용근로자 10인 이상)","B. 광업(05~08)","기타노동비용[천원]","천원","","","","-","-","-","1.8","1.5","1.3",".8",".9",
"전규모(상용근로자 10인 이상)","석탄,원유및천연가스광업","노동비용총액[천원]","천원","7182.1","7565.4","7545.7","7902.3","7380.1","7421.9","7115.6","6304.1","4835.7","4924.5","5022.3",
"전규모(상용근로자 10인 이상)","석탄,원유및천연가스광업","직접노동비용(계)[천원]","천원","5609.6","5121.3","5129.8","5015.8","4843.1","4806.8","4351.6","4096.7","3396.1","3240","3095.9",
"전규모(상용근로자 10인 이상)","석탄,원유및천연가스광업","정액 및 초과급여[천원]","천원","3774.8","3365.3","3354.8","3374","3275.7","3261","2925.3","2655.3","2721.8","2563.2","2301.9",
"전규모(상용근로자 10인 이상)","석탄,원유및천연가스광업","상여금 및 성과금[천원]","천원","1834.8","1756","1775","1641.7","1567.4","1545.7","1426.3","1441.4","674.3","676.8","794",
"전규모(상용근로자 10인 이상)","석탄,원유및천연가스광업","간접노동비용(계)[천원]","천원","1572.5","2444","2415.9","2886.5","2537","2615.1","2764","2207.4","1439.6","1684.5","1926.4",
"전규모(상용근로자 10인 이상)","석탄,원유및천연가스광업","퇴직급여 등의 비용[천원]","천원","834.3","879.3","843.9","901.4","732.6","859","860.2","536.8","217.8","196","225.4",
"전규모(상용근로자 10인 이상)","석탄,원유및천연가스광업","현물지급비용[천원]","천원","","","","-","-","-","6.8","3.4","3.2","3","5.1",
"전규모(상용근로자 10인 이상)","석탄,원유및천연가스광업","법정노동비용[천원]","천원","620.4","1400.9","1411.2","1857.4","1584.7","1572.9","1719","1410.2","1136.2","1377.7","1636.7",
"전규모(상용근로자 10인 이상)","석탄,원유및천연가스광업","법정외 복지비용[천원]","천원","117.1","162.3","159.4","126","215.4","178.7","175","253.6","78.9","104","47.9",
"전규모(상용근로자 10인 이상)","석탄,원유및천연가스광업","채용관련비용(모집비)[천원]","천원",".2",".3",".3",".4","1.3","0","0",".6","0",".4","2.9",
"전규모(상용근로자 10인 이상)","석탄,원유및천연가스광업","교육훈련비용[천원]","천원",".3","1.2","1.2","1.3","3.1","4.6","1.9","1.7","1.9","0",".3",
"전규모(상용근로자 10인 이상)","석탄,원유및천연가스광업","기타노동비용[천원]","천원","","","","-","-","-","1.1","1.1","1.5","3.4","8.2",
"전규모(상용근로자 10인 이상)","금속광업","노동비용총액[천원]","천원","4689.6","4578.3","3978.1","4389.4","4712.7","4722.3","4692.6","4542.1","3202.4","3141.1","3497.5",
"전규모(상용근로자 10인 이상)","금속광업","직접노동비용(계)[천원]","천원","3624.6","3828.6","3311.4","3317","3622","3564.6","3546.1","3259","2484.5","2285","2472.4",
"전규모(상용근로자 10인 이상)","금속광업","정액 및 초과급여[천원]","천원","3436.6","3699.2","3139.7","3074.1","3180.3","3141","3104.4","2672.1","2241.5","2054.2","2217.9",
"전규모(상용근로자 10인 이상)","금속광업","상여금 및 성과금[천원]","천원","188","129.5","171.7","242.8","441.7","423.6","441.6","587","243","230.8","254.5",
"전규모(상용근로자 10인 이상)","금속광업","간접노동비용(계)[천원]","천원","1065","749.7","666.7","1072.5","1090.7","1157.7","1146.6","1283.1","717.9","856.1","1025.1",
"전규모(상용근로자 10인 이상)","금속광업","퇴직급여 등의 비용[천원]","천원","360","100.2","168.1","413.8","374.5","267.6","234.8","385.7","206.9","189.2","191.7",
"전규모(상용근로자 10인 이상)","금속광업","현물지급비용[천원]","천원","","","","-","-","-","0","0","0","0","0",
"전규모(상용근로자 10인 이상)","금속광업","법정노동비용[천원]","천원","516.4","453.4","386.4","471","503.7","659.2","733.4","751.7","405.8","543","635.2",
"전규모(상용근로자 10인 이상)","금속광업","법정외 복지비용[천원]","천원","186","195.8","112.1","187.6","212.3","230.7","178","145.7","105.2","123.9","198.2",
"전규모(상용근로자 10인 이상)","금속광업","채용관련비용(모집비)[천원]","천원","0","0","0","0","-","0","0","0","0","0","0",
"전규모(상용근로자 10인 이상)","금속광업","교육훈련비용[천원]","천원","2.5",".3",".1",".1",".2",".2",".3","0","0","0","0",
"전규모(상용근로자 10인 이상)","금속광업","기타노동비용[천원]","천원","","","","-","-","-","0","0","0","0","0",
"전규모(상용근로자 10인 이상)","비금속광물광업;연료용제외","노동비용총액[천원]","천원","5294.3","5148.4","4795.6","4425.1","4247.4","4343.3","4094.9","3935.5","3445.6","3341.1","3408.7",
"전규모(상용근로자 10인 이상)","비금속광물광업;연료용제외","직접노동비용(계)[천원]","천원","4252.4","3979.8","3736.2","3433.3","3293","3326.8","3210.7","3049.6","2738.5","2591.1","2652.1",
"전규모(상용근로자 10인 이상)","비금속광물광업;연료용제외","정액 및 초과급여[천원]","천원","3903.1","3681.1","3368.8","3037.6","2901.5","2876.1","2850.3","2712.7","2476.2","2337.5","2371",
"전규모(상용근로자 10인 이상)","비금속광물광업;연료용제외","상여금 및 성과금[천원]","천원","349.3","298.7","367.5","395.7","391.5","450.7","360.5","336.9","262.3","253.7","281.1",
"전규모(상용근로자 10인 이상)","비금속광물광업;연료용제외","간접노동비용(계)[천원]","천원","1041.9","1168.6","1059.3","991.8","954.3","1016.4","884.2","885.9","707.1","750","756.7",
"전규모(상용근로자 10인 이상)","비금속광물광업;연료용제외","퇴직급여 등의 비용[천원]","천원","295","403.3","338.4","366.3","308","359.1","300.6","331.9","238.9","239.8","233.2",
"전규모(상용근로자 10인 이상)","비금속광물광업;연료용제외","현물지급비용[천원]","천원","","","","-","-","-","3.9","2.1",".4",".4",".4",
"전규모(상용근로자 10인 이상)","비금속광물광업;연료용제외","법정노동비용[천원]","천원","487.2","481","470.6","409.8","424.5","424.9","373.2","337.3","280.5","312.1","320.3",
"전규모(상용근로자 10인 이상)","비금속광물광업;연료용제외","법정외 복지비용[천원]","천원","257.4","279.5","247.1","213.1","220","229.5","202.9","211.8","185.1","196.1","200.8",
"전규모(상용근로자 10인 이상)","비금속광물광업;연료용제외","채용관련비용(모집비)[천원]","천원",".3",".2",".4",".1",".1",".4",".4",".2",".1",".3",".2",
"전규모(상용근로자 10인 이상)","비금속광물광업;연료용제외","교육훈련비용[천원]","천원","2","4.6","2.8","2.5","1.8","2.5","1.2",".9",".8",".7","1.2",
"전규모(상용근로자 10인 이상)","비금속광물광업;연료용제외","기타노동비용[천원]","천원","","","","-","-","-","2","1.6","1.2",".6",".5",
"전규모(상용근로자 10인 이상)","광업지원서비스업","노동비용총액[천원]","천원","-","-","-","-","-","-","-","-","-","-","-",
"전규모(상용근로자 10인 이상)","광업지원서비스업","직접노동비용(계)[천원]","천원","-","-","-","-","-","-","-","-","-","-","-",
"전규모(상용근로자 10인 이상)","광업지원서비스업","정액 및 초과급여[천원]","천원","-","-","-","-","-","-","-","-","-","-","-",
"전규모(상용근로자 10인 이상)","광업지원서비스업","상여금 및 성과금[천원]","천원","-","-","-","-","-","-","-","-","-","-","-",
"전규모(상용근로자 10인 이상)","광업지원서비스업","간접노동비용(계)[천원]","천원","-","-","-","-","-","-","-","-","-","-","-",
"전규모(상용근로자 10인 이상)","광업지원서비스업","퇴직급여 등의 비용[천원]","천원","-","-","-","-","-","-","-","-","-","-","-",
"전규모(상용근로자 10인 이상)","광업지원서비스업","현물지급비용[천원]","천원","","","","-","-","-","-","-","-","-","-",
"전규모(상용근로자 10인 이상)","광업지원서비스업","법정노동비용[천원]","천원","-","-","-","-","-","-","-","-","-","-","-",
"전규모(상용근로자 10인 이상)","광업지원서비스업","법정외 복지비용[천원]","천원","-","-","-","-","-","-","-","-","-","-","-",
"전규모(상용근로자 10인 이상)","광업지원서비스업","채용관련비용(모집비)[천원]","천원","-","-","-","-","-","-","-","-","-","-","-",
"전규모(상용근로자 10인 이상)","광업지원서비스업","교육훈련비용[천원]","천원","-","-","-","-","-","-","-","-","-","-","-",
"전규모(상용근로자 10인 이상)","광업지원서비스업","기타노동비용[천원]","천원","","","","-","-","-","-","-","-","-","-",
"전규모(상용근로자 10인 이상)","C. 제조업(10~33)","노동비용총액[천원]","천원","5921.8","5728.1","5654.8","5397.4","5373.2","5226.5","5121.1","4890.6","4464.4","4288.6","4211.5",
"전규모(상용근로자 10인 이상)","C. 제조업(10~33)","직접노동비용(계)[천원]","천원","4647.1","4467.1","4389.6","4191.3","4094.1","4051.2","3871.8","3674.5","3446.6","3283.5","3238.1",
"전규모(상용근로자 10인 이상)","C. 제조업(10~33)","정액 및 초과급여[천원]","천원","3570.4","3410.7","3326.8","3195.6","3075.9","2981.8","2864.5","2724","2541.5","2428.8","2406.8",
"전규모(상용근로자 10인 이상)","C. 제조업(10~33)","상여금 및 성과금[천원]","천원","1076.8","1056.4","1062.8","995.7","1018.2","1069.4","1007.4","950.4","905.1","854.7","831.3",
"전규모(상용근로자 10인 이상)","C. 제조업(10~33)","간접노동비용(계)[천원]","천원","1274.7","1261","1265.2","1206.2","1279.1","1175.3","1249.3","1216.1","1017.8","1005.1","973.4",
"전규모(상용근로자 10인 이상)","C. 제조업(10~33)","퇴직급여 등의 비용[천원]","천원","540.9","564.8","581.5","539.7","615.3","514.6","603.2","609.7","462.9","434","420.4",
"전규모(상용근로자 10인 이상)","C. 제조업(10~33)","현물지급비용[천원]","천원","","","","-","-","-","4.9","5.4","3.6","3.7","3.5",
"전규모(상용근로자 10인 이상)","C. 제조업(10~33)","법정노동비용[천원]","천원","400.6","382.3","377.3","355.2","350","345.9","338.8","310.2","294.8","286.5","278.9",
"전규모(상용근로자 10인 이상)","C. 제조업(10~33)","법정외 복지비용[천원]","천원","304.5","285","276.1","280.6","281.6","281.5","255.9","247.2","216.2","242","228.7",
"전규모(상용근로자 10인 이상)","C. 제조업(10~33)","채용관련비용(모집비)[천원]","천원","5.7","6.4","6.6","4.8","5.5","6.5","6","5.1","6","4","3.4",
"전규모(상용근로자 10인 이상)","C. 제조업(10~33)","교육훈련비용[천원]","천원","23","22.6","23.6","25.8","26.7","26.8","32.3","31.1","27.5","26.2","29",
"전규모(상용근로자 10인 이상)","C. 제조업(10~33)","기타노동비용[천원]","천원","","","","-","-","-","8","7.3","6.8","8.5","9.5",
"전규모(상용근로자 10인 이상)","식료품제조업","노동비용총액[천원]","천원","4412","4465.4","4285.3","3851.5","3862.5","3892.8","3837.6","3839.4","3783.6","3605.8","3491.4",
"전규모(상용근로자 10인 이상)","식료품제조업","직접노동비용(계)[천원]","천원","3435.4","3418.6","3306.6","2991.1","2955.4","2984.7","2947.5","2809.6","2747.5","2629","2534",
"전규모(상용근로자 10인 이상)","식료품제조업","정액 및 초과급여[천원]","천원","2980.5","2960.2","2810.5","2521.4","2423.8","2422.9","2389","2251.6","2120.6","2070","2007.9",
"전규모(상용근로자 10인 이상)","식료품제조업","상여금 및 성과금[천원]","천원","455","458.5","496","469.7","531.6","561.8","558.5","558","626.9","559","526.1",
"전규모(상용근로자 10인 이상)","식료품제조업","간접노동비용(계)[천원]","천원","976.6","1046.8","978.8","860.3","907.1","908.1","890.2","1029.8","1036","976.7","957.4",
"전규모(상용근로자 10인 이상)","식료품제조업","퇴직급여 등의 비용[천원]","천원","426.5","512.8","403.9","354.3","441.5","415.7","382.5","526.1","535.3","476.9","470.5",
"전규모(상용근로자 10인 이상)","식료품제조업","현물지급비용[천원]","천원","","","","-","-","-","5.5","4.4","4.7","5.3","4.1",
"전규모(상용근로자 10인 이상)","식료품제조업","법정노동비용[천원]","천원","310.6","295.3","299.4","262.5","247.7","250.7","260.2","239.2","241.8","225.2","217.9",
"전규모(상용근로자 10인 이상)","식료품제조업","법정외 복지비용[천원]","천원","210.9","214.3","229.4","215.7","191.6","206.4","203.9","222.3","227.3","220.8","214.3",
"전규모(상용근로자 10인 이상)","식료품제조업","채용관련비용(모집비)[천원]","천원","5.3","4.1","7.2","3.7","5","9.5","4","3.8","2.2","2.3","3.2",
"전규모(상용근로자 10인 이상)","식료품제조업","교육훈련비용[천원]","천원","23.2","20.4","38.8","24.1","21.2","25.8","26.2","25.8","21.1","37.2","39.6",
"전규모(상용근로자 10인 이상)","식료품제조업","기타노동비용[천원]","천원","","","","-","-","-","7.8","8.2","3.7","9","7.7",
"전규모(상용근로자 10인 이상)","음료제조업","노동비용총액[천원]","천원","6047.6","6272.7","5710.5","5800.7","5608.3","5609.5","5455","4901.7","4365","3961","3886.6",
"전규모(상용근로자 10인 이상)","음료제조업","직접노동비용(계)[천원]","천원","4854.3","4750.8","4445.1","4523","4445.2","4285.1","4118.9","3819.7","3337.1","3041.6","3014.3",
"전규모(상용근로자 10인 이상)","음료제조업","정액 및 초과급여[천원]","천원","3672.9","3596.7","3305.3","3285.3","3116.7","3065.3","2974.9","2826.9","2408.1","2212.5","2214.8",
"전규모(상용근로자 10인 이상)","음료제조업","상여금 및 성과금[천원]","천원","1181.4","1154.1","1139.9","1237.6","1328.5","1219.8","1144","992.8","929.1","829.1","799.5",
"전규모(상용근로자 10인 이상)","음료제조업","간접노동비용(계)[천원]","천원","1193.3","1521.9","1265.4","1277.8","1163.1","1324.4","1336.1","1082","1027.8","919.4","872.3",
"전규모(상용근로자 10인 이상)","음료제조업","퇴직급여 등의 비용[천원]","천원","426.6","520.2","611.6","559.1","466","599.7","682.4","495.5","477.5","405.7","382.9",
"전규모(상용근로자 10인 이상)","음료제조업","현물지급비용[천원]","천원","","","","-","-","-","13.9","13.2","5.5","8","9.2",
"전규모(상용근로자 10인 이상)","음료제조업","법정노동비용[천원]","천원","410.3","378.5","379.8","404.8","396.8","381.7","348.3","336.1","309.8","278.2","276.3",
"전규모(상용근로자 10인 이상)","음료제조업","법정외 복지비용[천원]","천원","330.6","447","245.6","289.4","281.5","317.2","257.6","199.7","212.6","208.7","186.3",
"전규모(상용근로자 10인 이상)","음료제조업","채용관련비용(모집비)[천원]","천원","11.9","5.8","7.8","6.4","5.9","9.2","4.3","9.4","4","1.6","2.5",
"전규모(상용근로자 10인 이상)","음료제조업","교육훈련비용[천원]","천원","13.7","170.4","20.5","18.1","12.9","16.5","20.2","20","17.4","11.6","9.9",
"전규모(상용근로자 10인 이상)","음료제조업","기타노동비용[천원]","천원","","","","-","-","-","9.4","7.9","1","5.6","5.3",
"전규모(상용근로자 10인 이상)","담배제조업","노동비용총액[천원]","천원","8140.9","7962.8","8052.7","7743.7","7259.5","7341.4","7563.6","6716.2","6957.5","6768.2","7377.7",
"전규모(상용근로자 10인 이상)","담배제조업","직접노동비용(계)[천원]","천원","6249.3","5970.9","6172.9","6064.7","5759.5","5784.3","5865.3","5375.3","4689.7","4699.4","4767.8",
"전규모(상용근로자 10인 이상)","담배제조업","정액 및 초과급여[천원]","천원","4573","4382.2","4462.1","4510.6","4155.6","3951.2","3941.9","3657","3257.7","3199.6","3344.9",
"전규모(상용근로자 10인 이상)","담배제조업","상여금 및 성과금[천원]","천원","1676.3","1588.6","1710.7","1554.1","1603.9","1833.1","1923.4","1718.3","1432.1","1499.8","1423",
"전규모(상용근로자 10인 이상)","담배제조업","간접노동비용(계)[천원]","천원","1891.6","1991.9","1879.8","1679","1500","1557.1","1698.3","1340.8","2267.8","2068.8","2609.9",
"전규모(상용근로자 10인 이상)","담배제조업","퇴직급여 등의 비용[천원]","천원","892.1","1034","946","812.5","688.8","657.1","839.1","596.9","1351.1","1296.8","1976.6",
"전규모(상용근로자 10인 이상)","담배제조업","현물지급비용[천원]","천원","","","","-","-","-","0","0","0","0","0",
"전규모(상용근로자 10인 이상)","담배제조업","법정노동비용[천원]","천원","590.9","529.1","525.8","506.8","487.8","530.6","510.3","392.4","390.3","353.7","352.3",
"전규모(상용근로자 10인 이상)","담배제조업","법정외 복지비용[천원]","천원","305.9","341.8","325.6","255.8","237.3","269.5","241.4","232.9","325.2","263.8","129.5",
"전규모(상용근로자 10인 이상)","담배제조업","채용관련비용(모집비)[천원]","천원","9.3","10.7","10.1","8.5","1.7","6.7","9","14","12.7","36.1","11.9",
"전규모(상용근로자 10인 이상)","담배제조업","교육훈련비용[천원]","천원","93.5","76.3","72.3","95.4","84.4","93.3","98.6","104.7","188.5","118.4","139.6",
"전규모(상용근로자 10인 이상)","담배제조업","기타노동비용[천원]","천원","","","","-","-","-","0","0","0","0","0",
"전규모(상용근로자 10인 이상)","섬유제품제조업;의복제외","노동비용총액[천원]","천원","4102.5","3881.5","3766.4","3759.4","3705.4","3646.3","3696.8","3764.5","3347","3128.8","3058",
"전규모(상용근로자 10인 이상)","섬유제품제조업;의복제외","직접노동비용(계)[천원]","천원","3305.3","3139","3062.2","3074.6","3004","2932","2938.2","2949.6","2692","2488","2457.8",
"전규모(상용근로자 10인 이상)","섬유제품제조업;의복제외","정액 및 초과급여[천원]","천원","3108.3","2931.8","2684.1","2725.7","2664","2590.3","2579.1","2527.3","2246","2051.8","1993.8",
"전규모(상용근로자 10인 이상)","섬유제품제조업;의복제외","상여금 및 성과금[천원]","천원","197","207.2","378.2","349","340","341.8","359.1","422.3","446","436.2","463.9",
"전규모(상용근로자 10인 이상)","섬유제품제조업;의복제외","간접노동비용(계)[천원]","천원","797.2","742.5","704.2","684.8","701.4","714.3","758.6","814.9","655","640.7","600.3",
"전규모(상용근로자 10인 이상)","섬유제품제조업;의복제외","퇴직급여 등의 비용[천원]","천원","348","317.3","295.4","223","258","259.2","292.9","339.9","252","248.7","223.3",
"전규모(상용근로자 10인 이상)","섬유제품제조업;의복제외","현물지급비용[천원]","천원","","","","-","-","-","9.4",".1",".3",".2","0",
"전규모(상용근로자 10인 이상)","섬유제품제조업;의복제외","법정노동비용[천원]","천원","282","275.4","240.9","273.8","266.8","274.5","266","257.1","225.1","217.8","202",
"전규모(상용근로자 10인 이상)","섬유제품제조업;의복제외","법정외 복지비용[천원]","천원","161.8","139.6","166.1","179.2","163.6","165.9","165.3","180.3","149.1","150","144.2",
"전규모(상용근로자 10인 이상)","섬유제품제조업;의복제외","채용관련비용(모집비)[천원]","천원","1.6","1.2",".7","1.5","1.5","2.2","3.7","4.5","4.1","5.2","3.9",
"전규모(상용근로자 10인 이상)","섬유제품제조업;의복제외","교육훈련비용[천원]","천원","3.8","9","1.1","7.3","11.5","12.6","18.6","19.9","17.5","15.6","17.9",
"전규모(상용근로자 10인 이상)","섬유제품제조업;의복제외","기타노동비용[천원]","천원","","","","-","-","-","2.7","13.1","6.9","3.4","9",
"전규모(상용근로자 10인 이상)","의복,의복액세서리및모피제품제조업","노동비용총액[천원]","천원","3882.4","3944.2","3761.2","3835.9","3696.1","3647.7","3590.6","3310.8","2912.8","2651","2730.5",
"전규모(상용근로자 10인 이상)","의복,의복액세서리및모피제품제조업","직접노동비용(계)[천원]","천원","3219.7","3259.4","3141.7","3102.5","2992.4","2910.4","2873","2688.3","2363.2","2156.7","2260.6",
"전규모(상용근로자 10인 이상)","의복,의복액세서리및모피제품제조업","정액 및 초과급여[천원]","천원","3031.7","3025.6","2969.2","2877.8","2779.6","2700.7","2687.2","2439.4","2219","2023.7","2131.5",
"전규모(상용근로자 10인 이상)","의복,의복액세서리및모피제품제조업","상여금 및 성과금[천원]","천원","188","233.8","172.4","224.7","212.9","209.8","185.8","249","144.2","133","129.1",
"전규모(상용근로자 10인 이상)","의복,의복액세서리및모피제품제조업","간접노동비용(계)[천원]","천원","662.7","684.8","619.5","733.4","703.7","737.3","717.6","622.5","549.6","494.2","469.9",
"전규모(상용근로자 10인 이상)","의복,의복액세서리및모피제품제조업","퇴직급여 등의 비용[천원]","천원","273.2","314.1","265.6","329.8","300.8","324.6","390.8","294.2","292.5","251.7","236",
"전규모(상용근로자 10인 이상)","의복,의복액세서리및모피제품제조업","현물지급비용[천원]","천원","","","","-","-","-","4.8","6",".8",".2","0",
"전규모(상용근로자 10인 이상)","의복,의복액세서리및모피제품제조업","법정노동비용[천원]","천원","288.9","270.3","272.1","272.5","264.1","254.6","237.6","214.6","183.7","174.9","181.1",
"전규모(상용근로자 10인 이상)","의복,의복액세서리및모피제품제조업","법정외 복지비용[천원]","천원","86","86.5","68.2","114.9","114.4","130.9","63.8","100.9","65.3","61","45.2",
"전규모(상용근로자 10인 이상)","의복,의복액세서리및모피제품제조업","채용관련비용(모집비)[천원]","천원","4.5","5.4","2.5","4","5.9","3.7","5.9",".9","1","1.4",".6",
"전규모(상용근로자 10인 이상)","의복,의복액세서리및모피제품제조업","교육훈련비용[천원]","천원","10","8.4","11.1","12.2","18.4","23.5","14.7","6","6.2","3.4","5.1",
"전규모(상용근로자 10인 이상)","의복,의복액세서리및모피제품제조업","기타노동비용[천원]","천원","","","","-","-","-","0","0","0","1.7","2",
"전규모(상용근로자 10인 이상)","가죽,가방및신발제조업","노동비용총액[천원]","천원","3514.2","3626.3","3479.6","3473.2","3356.2","3233.4","2687.3","2738.5","2924.3","2898.9","2720.6",
"전규모(상용근로자 10인 이상)","가죽,가방및신발제조업","직접노동비용(계)[천원]","천원","2832.7","2988.9","2889.1","2825.5","2708.6","2599.2","2192.9","2201.1","2275.7","2151.1","2077.8",
"전규모(상용근로자 10인 이상)","가죽,가방및신발제조업","정액 및 초과급여[천원]","천원","2620.1","2726.7","2563.1","2491.6","2384.9","2272.2","1924.8","2024.9","1991.3","1874.7","1791.9",
"전규모(상용근로자 10인 이상)","가죽,가방및신발제조업","상여금 및 성과금[천원]","천원","212.6","262.2","326","333.9","323.6","327.1","268.1","176.2","284.3","276.4","285.9",
"전규모(상용근로자 10인 이상)","가죽,가방및신발제조업","간접노동비용(계)[천원]","천원","681.5","637.4","590.5","647.8","647.6","634.2","494.4","537.4","648.7","747.8","642.9",
"전규모(상용근로자 10인 이상)","가죽,가방및신발제조업","퇴직급여 등의 비용[천원]","천원","307.4","287.1","202.5","268.8","257.3","183.3","214.4","280.9","405.4","432.8","354.2",
"전규모(상용근로자 10인 이상)","가죽,가방및신발제조업","현물지급비용[천원]","천원","","","","-","-","-","0","0","0","0",".2",
"전규모(상용근로자 10인 이상)","가죽,가방및신발제조업","법정노동비용[천원]","천원","253.9","255.2","243.6","235.7","230.9","242","181.6","182.9","188.8","195.3","177.5",
"전규모(상용근로자 10인 이상)","가죽,가방및신발제조업","법정외 복지비용[천원]","천원","117.1","91","140.9","136.9","148.9","199.1","80.5","73.7","54.4","115.1","108.5",
"전규모(상용근로자 10인 이상)","가죽,가방및신발제조업","채용관련비용(모집비)[천원]","천원",".5","1.7","1.3",".9","3.2","1.3",".3","0","0","0",".2",
"전규모(상용근로자 10인 이상)","가죽,가방및신발제조업","교육훈련비용[천원]","천원","2.6","2.4","2.2","5.5","7.3","8.4","17.6","0","0","3.9","1.7",
"전규모(상용근로자 10인 이상)","가죽,가방및신발제조업","기타노동비용[천원]","천원","","","","-","-","-",".2","0","0",".7",".6",
"전규모(상용근로자 10인 이상)","목재및나무제품제조업;가구제외","노동비용총액[천원]","천원","4311.3","4077.2","3930.7","3496.2","3294.9","3282.9","3028","2817","2670.5","2550.5","2590.9",
"전규모(상용근로자 10인 이상)","목재및나무제품제조업;가구제외","직접노동비용(계)[천원]","천원","3405.2","3282.2","3056.5","2830.2","2678.9","2650.3","2410.2","2217.8","2049.3","2011.7","2072",
"전규모(상용근로자 10인 이상)","목재및나무제품제조업;가구제외","정액 및 초과급여[천원]","천원","3059.1","2943.6","2769.9","2484.4","2367.7","2319.3","2242.3","2066.6","1831.5","1831.4","1861.3",
"전규모(상용근로자 10인 이상)","목재및나무제품제조업;가구제외","상여금 및 성과금[천원]","천원","346","338.6","286.6","345.8","311.3","331","167.9","151.3","217.8","180.4","210.7",
"전규모(상용근로자 10인 이상)","목재및나무제품제조업;가구제외","간접노동비용(계)[천원]","천원","906.1","795","874.1","666","616","632.6","617.8","599.1","621.2","538.7","518.9",
"전규모(상용근로자 10인 이상)","목재및나무제품제조업;가구제외","퇴직급여 등의 비용[천원]","천원","279.9","272.9","351.9","163.3","97.5","106.9","200.1","176.9","141.7","123.6","118.9",
"전규모(상용근로자 10인 이상)","목재및나무제품제조업;가구제외","현물지급비용[천원]","천원","","","","-","-","-","17.4","7.1","1.3","1","1",
"전규모(상용근로자 10인 이상)","목재및나무제품제조업;가구제외","법정노동비용[천원]","천원","354.7","331.4","336","314","321.4","313.2","216.5","221.6","257.7","245.4","247.1",
"전규모(상용근로자 10인 이상)","목재및나무제품제조업;가구제외","법정외 복지비용[천원]","천원","260.5","179.7","175.2","184.3","192.3","208.6","177.3","188.3","206.9","167.3","149.3",
"전규모(상용근로자 10인 이상)","목재및나무제품제조업;가구제외","채용관련비용(모집비)[천원]","천원","2.7","2.4","2.6","1.1","1.7","1.7","1.6",".9","6.7",".3",".6",
"전규모(상용근로자 10인 이상)","목재및나무제품제조업;가구제외","교육훈련비용[천원]","천원","8.3","8.7","8.4","3.4","3","2.2","3.8","3.8","4.3","1.1","2",
"전규모(상용근로자 10인 이상)","목재및나무제품제조업;가구제외","기타노동비용[천원]","천원","","","","-","-","-","1.1",".5","2.6","0","0",
"전규모(상용근로자 10인 이상)","펄프,종이및종이제품제조업","노동비용총액[천원]","천원","5331.6","5186.4","4903.1","4954.8","4717.3","4806.3","4897.5","4820","3812.2","3582.2","3491.4",
"전규모(상용근로자 10인 이상)","펄프,종이및종이제품제조업","직접노동비용(계)[천원]","천원","4273.1","4272.7","4065.9","3970.2","3868","3781","3891.5","3530.3","2836.5","2743.3","2734.2",
"전규모(상용근로자 10인 이상)","펄프,종이및종이제품제조업","정액 및 초과급여[천원]","천원","3380.2","3524.6","3323.2","3185.2","3061.2","2919.7","2807","2555.8","2325.5","2252.2","2278.2",
"전규모(상용근로자 10인 이상)","펄프,종이및종이제품제조업","상여금 및 성과금[천원]","천원","892.9","748.1","742.7","785","806.8","861.3","1084.6","974.4","511","491.1","456",
"전규모(상용근로자 10인 이상)","펄프,종이및종이제품제조업","간접노동비용(계)[천원]","천원","1058.6","913.7","837.2","984.6","849.3","1025.3","1005.9","1289.8","975.7","838.9","757.2",
"전규모(상용근로자 10인 이상)","펄프,종이및종이제품제조업","퇴직급여 등의 비용[천원]","천원","438.6","385.1","323.3","392.5","282","351","363.2","672.4","422.5","358.3","308",
"전규모(상용근로자 10인 이상)","펄프,종이및종이제품제조업","현물지급비용[천원]","천원","","","","-","-","-","2.9","5.1","2.3","2.8",".6",
"전규모(상용근로자 10인 이상)","펄프,종이및종이제품제조업","법정노동비용[천원]","천원","323.9","299.1","302.3","319.3","311.8","314.5","347.8","331.9","272","249.1","255.2",
"전규모(상용근로자 10인 이상)","펄프,종이및종이제품제조업","법정외 복지비용[천원]","천원","288.8","221.5","202.4","261","244.1","348.1","267.4","255.7","250","216.3","176.6",
"전규모(상용근로자 10인 이상)","펄프,종이및종이제품제조업","채용관련비용(모집비)[천원]","천원",".8","2.1","1.9",".6","1.1","1.7","1.9",".4","1.4",".3","4.7",
"전규모(상용근로자 10인 이상)","펄프,종이및종이제품제조업","교육훈련비용[천원]","천원","6.4","5.8","7.3","11.1","10.3","10","17.7","9.6","14.7","10.1","9.8",
"전규모(상용근로자 10인 이상)","펄프,종이및종이제품제조업","기타노동비용[천원]","천원","","","","-","-","-","5","14.6","12.7","2.1","2.3",
"전규모(상용근로자 10인 이상)","인쇄및기록매체복제업","노동비용총액[천원]","천원","4114.6","4012.1","3850.3","3596.6","3474.7","3454.4","3482.4","3350.1","2860.8","2943.6","3083.5",
"전규모(상용근로자 10인 이상)","인쇄및기록매체복제업","직접노동비용(계)[천원]","천원","3382.5","3339","3230.6","3035.3","2955.8","2957","2948.7","2727.3","2322.9","2415","2500.1",
"전규모(상용근로자 10인 이상)","인쇄및기록매체복제업","정액 및 초과급여[천원]","천원","3097.7","3094.8","2929.6","2761.2","2659","2658.9","2656","2439.9","2089.5","2198.9","2272.4",
"전규모(상용근로자 10인 이상)","인쇄및기록매체복제업","상여금 및 성과금[천원]","천원","284.9","244.2","301","274.1","296.8","298.1","292.7","287.4","233.5","216.1","227.6",
"전규모(상용근로자 10인 이상)","인쇄및기록매체복제업","간접노동비용(계)[천원]","천원","732.1","673.1","619.7","561.3","518.9","497.4","533.7","622.8","537.9","528.6","583.4",
"전규모(상용근로자 10인 이상)","인쇄및기록매체복제업","퇴직급여 등의 비용[천원]","천원","293.1","242.4","227.1","195.4","160.3","131.5","165.1","208.1","169.1","144.2","159.4",
"전규모(상용근로자 10인 이상)","인쇄및기록매체복제업","현물지급비용[천원]","천원","","","","-","-","-","0","1",".3",".2",".3",
"전규모(상용근로자 10인 이상)","인쇄및기록매체복제업","법정노동비용[천원]","천원","283.4","276.3","266.4","243.6","235","240.3","251.5","234.6","232.5","198.6","198.3",
"전규모(상용근로자 10인 이상)","인쇄및기록매체복제업","법정외 복지비용[천원]","천원","152.4","151.2","123.7","121.3","123.5","125.6","114.7","177.4","134.8","184.6","223.7",
"전규모(상용근로자 10인 이상)","인쇄및기록매체복제업","채용관련비용(모집비)[천원]","천원",".2","1.5",".1","0","-","0",".5",".6",".2",".2",".2",
"전규모(상용근로자 10인 이상)","인쇄및기록매체복제업","교육훈련비용[천원]","천원","2.9","1.7","2.4",".9",".1","0","1.9",".6",".6",".2",".5",
"전규모(상용근로자 10인 이상)","인쇄및기록매체복제업","기타노동비용[천원]","천원","","","","-","-","-","0",".5",".4",".7","1.1",
"전규모(상용근로자 10인 이상)","코크스,연탄및석유정제품제조업","노동비용총액[천원]","천원","12390.4","11799.5","11129","9708","9458.3","9772.2","10234.5","17146.3","9084.2","8475.1","8295.6",
"전규모(상용근로자 10인 이상)","코크스,연탄및석유정제품제조업","직접노동비용(계)[천원]","천원","9482.4","8757.5","8156.8","7319.5","7124","7169.4","7480.1","8338.8","6059.5","5674.7","5618.7",
"전규모(상용근로자 10인 이상)","코크스,연탄및석유정제품제조업","정액 및 초과급여[천원]","천원","5186.7","5095.2","4681.5","4640.9","4619.5","4617.5","4614.3","4409.4","3979.5","3776.7","3662",
"전규모(상용근로자 10인 이상)","코크스,연탄및석유정제품제조업","상여금 및 성과금[천원]","천원","4295.6","3662.3","3475.3","2678.6","2504.5","2551.8","2865.8","3929.5","2079.9","1898","1956.7",
"전규모(상용근로자 10인 이상)","코크스,연탄및석유정제품제조업","간접노동비용(계)[천원]","천원","2908","3042","2972.2","2388.5","2334.3","2602.8","2754.5","8807.4","3024.8","2800.4","2677",
"전규모(상용근로자 10인 이상)","코크스,연탄및석유정제품제조업","퇴직급여 등의 비용[천원]","천원","1140.5","1456.9","1360.1","871.7","1024.2","1296.9","1262.5","7433.9","1731.5","1611.6","1484.4",
"전규모(상용근로자 10인 이상)","코크스,연탄및석유정제품제조업","현물지급비용[천원]","천원","","","","-","-","-","0","0","33.1","30.7","35.4",
"전규모(상용근로자 10인 이상)","코크스,연탄및석유정제품제조업","법정노동비용[천원]","천원","754.7","709","623.6","567.1","547.6","579.2","658.2","613.2","600.7","605.8","614.7",
"전규모(상용근로자 10인 이상)","코크스,연탄및석유정제품제조업","법정외 복지비용[천원]","천원","908.8","776.9","910.6","783.2","590.2","509.5","441.1","534","425.8","369","331.8",
"전규모(상용근로자 10인 이상)","코크스,연탄및석유정제품제조업","채용관련비용(모집비)[천원]","천원","9.7","8.8","10","11","13.1","17.6","29.2","6.6","20.6","5.6","13",
"전규모(상용근로자 10인 이상)","코크스,연탄및석유정제품제조업","교육훈련비용[천원]","천원","94.3","90.4","67.9","155.5","159.2","199.7","348.4","203.4","193.7","157.4","184.4",
"전규모(상용근로자 10인 이상)","코크스,연탄및석유정제품제조업","기타노동비용[천원]","천원","","","","-","-","-","15.1","16.3","19.4","20.3","13.3",
"전규모(상용근로자 10인 이상)","화학물질및화학제품제조업;의약품제외","노동비용총액[천원]","천원","7418.1","6942.5","6630","6037","5767.9","5681.2","5574","5645.2","5518.9","5489.2","5409.4",
"전규모(상용근로자 10인 이상)","화학물질및화학제품제조업;의약품제외","직접노동비용(계)[천원]","천원","5292.5","5152.3","5126.3","4627.9","4391.9","4272.9","4222.1","4235.8","4144","4047.2","3976.8",
"전규모(상용근로자 10인 이상)","화학물질및화학제품제조업;의약품제외","정액 및 초과급여[천원]","천원","4071.7","3835.8","3809.5","3524.8","3324.4","3149.3","3043.3","3043.3","2974.8","2877","2837.8",
"전규모(상용근로자 10인 이상)","화학물질및화학제품제조업;의약품제외","상여금 및 성과금[천원]","천원","1220.9","1316.6","1316.9","1103.1","1067.5","1123.6","1178.8","1192.4","1169.3","1170.2","1139",
"전규모(상용근로자 10인 이상)","화학물질및화학제품제조업;의약품제외","간접노동비용(계)[천원]","천원","2125.6","1790.1","1503.7","1409.1","1376","1408.4","1351.9","1409.5","1374.9","1442","1432.6",
"전규모(상용근로자 10인 이상)","화학물질및화학제품제조업;의약품제외","퇴직급여 등의 비용[천원]","천원","1155","929.2","597.4","603.6","598.3","655.2","552.3","607.3","680.2","689.4","724.8",
"전규모(상용근로자 10인 이상)","화학물질및화학제품제조업;의약품제외","현물지급비용[천원]","천원","","","","-","-","-","9.5","10","8.7","7.8","4",
"전규모(상용근로자 10인 이상)","화학물질및화학제품제조업;의약품제외","법정노동비용[천원]","천원","473.6","439.1","441.1","385.2","377.6","363.3","350","356.8","329.2","320.9","310.8",
"전규모(상용근로자 10인 이상)","화학물질및화학제품제조업;의약품제외","법정외 복지비용[천원]","천원","442.5","375.1","410.5","371.1","346.5","335.5","372","364.9","279.5","356.7","326.9",
"전규모(상용근로자 10인 이상)","화학물질및화학제품제조업;의약품제외","채용관련비용(모집비)[천원]","천원","6.7","5","7.5","5.3","6.3","6.4","4.9","4.7","8.4","5","5",
"전규모(상용근로자 10인 이상)","화학물질및화학제품제조업;의약품제외","교육훈련비용[천원]","천원","47.7","41.7","47.2","43.9","47.3","48","52.4","54.4","58.8","45.2","48.9",
"전규모(상용근로자 10인 이상)","화학물질및화학제품제조업;의약품제외","기타노동비용[천원]","천원","","","","-","-","-","10.8","11.3","10.1","17.1","12.1",
"전규모(상용근로자 10인 이상)","의료용물질및의약품제조업","노동비용총액[천원]","천원","5837","5481.1","5391.1","5660.8","5483.8","5343.1","5103.4","4915","4699.2","4470.2","4459.4",
"전규모(상용근로자 10인 이상)","의료용물질및의약품제조업","직접노동비용(계)[천원]","천원","4573","4417.8","4278.8","4440.4","4243.3","4148.3","3904.1","3743.5","3599.2","3391.4","3351.5",
"전규모(상용근로자 10인 이상)","의료용물질및의약품제조업","정액 및 초과급여[천원]","천원","3811.2","3612.1","3290.7","3340.8","3196.3","3181.8","2832.4","2794.4","2629.9","2505","2490.5",
"전규모(상용근로자 10인 이상)","의료용물질및의약품제조업","상여금 및 성과금[천원]","천원","761.8","805.7","988","1099.6","1047","966.5","1071.7","949.1","969.3","886.4","860.9",
"전규모(상용근로자 10인 이상)","의료용물질및의약품제조업","간접노동비용(계)[천원]","천원","1264","1063.3","1112.3","1220.5","1240.5","1194.9","1199.2","1171.5","1100","1078.7","1108",
"전규모(상용근로자 10인 이상)","의료용물질및의약품제조업","퇴직급여 등의 비용[천원]","천원","549.8","437.8","543.8","603.4","604.6","572","636.7","598.9","579.2","498.2","607",
"전규모(상용근로자 10인 이상)","의료용물질및의약품제조업","현물지급비용[천원]","천원","","","","-","-","-","1.1","3","4","3.5","7.1",
"전규모(상용근로자 10인 이상)","의료용물질및의약품제조업","법정노동비용[천원]","천원","403.4","370.3","370.4","369","363.4","336","328.6","301.6","291.9","291.3","256.8",
"전규모(상용근로자 10인 이상)","의료용물질및의약품제조업","법정외 복지비용[천원]","천원","255.6","201","159.5","180.4","193","213.1","165.7","202.4","165","184.5","154.9",
"전규모(상용근로자 10인 이상)","의료용물질및의약품제조업","채용관련비용(모집비)[천원]","천원","24.7","24.4","14.9","7.3","7.2","6.1","4.3","6.7","4.9","9.1","5.7",
"전규모(상용근로자 10인 이상)","의료용물질및의약품제조업","교육훈련비용[천원]","천원","30.5","29.7","23.6","60.4","72.3","67.7","61.6","56.3","49.7","49.8","44.6",
"전규모(상용근로자 10인 이상)","의료용물질및의약품제조업","기타노동비용[천원]","천원","","","","-","-","-","1.2","2.5","5.4","42.3","31.9",
"전규모(상용근로자 10인 이상)","고무제품및플라스틱제품제조업","노동비용총액[천원]","천원","4854.3","4758.3","4775.3","4537.6","4288.1","4207","4234.2","3757.4","3589.3","3406.8","3376.6",
"전규모(상용근로자 10인 이상)","고무제품및플라스틱제품제조업","직접노동비용(계)[천원]","천원","3883.3","3845.7","3837.8","3541.4","3369.5","3347.8","3141.4","2882.7","2794.6","2592","2635.8",
"전규모(상용근로자 10인 이상)","고무제품및플라스틱제품제조업","정액 및 초과급여[천원]","천원","3365.9","3242.9","3072.5","2899.8","2762.8","2788.7","2591.3","2382.9","2233.5","2102.8","2108.7",
"전규모(상용근로자 10인 이상)","고무제품및플라스틱제품제조업","상여금 및 성과금[천원]","천원","517.4","602.8","765.3","641.5","606.7","559.1","550.1","499.8","561","489.2","527.1",
"전규모(상용근로자 10인 이상)","고무제품및플라스틱제품제조업","간접노동비용(계)[천원]","천원","971","912.6","937.5","996.3","918.6","859.2","1092.8","874.8","794.7","814.8","740.8",
"전규모(상용근로자 10인 이상)","고무제품및플라스틱제품제조업","퇴직급여 등의 비용[천원]","천원","399.1","356.6","411.1","455.3","378.8","334.3","556.3","389.5","350","378.4","350.2",
"전규모(상용근로자 10인 이상)","고무제품및플라스틱제품제조업","현물지급비용[천원]","천원","","","","-","-","-","4.2","4.3","3.5","3","2.4",
"전규모(상용근로자 10인 이상)","고무제품및플라스틱제품제조업","법정노동비용[천원]","천원","362.7","343.6","326.6","314.3","310.7","298.4","273.4","252.1","240.4","229.3","230.5",
"전규모(상용근로자 10인 이상)","고무제품및플라스틱제품제조업","법정외 복지비용[천원]","천원","197.8","199.8","184.6","214.2","217.3","210.8","221.2","206.5","179.3","180.4","142.2",
"전규모(상용근로자 10인 이상)","고무제품및플라스틱제품제조업","채용관련비용(모집비)[천원]","천원","1.6","3.8","3.5","3.6","3.6","4.6","6.3","3.9","5.6","2.5",".7",
"전규모(상용근로자 10인 이상)","고무제품및플라스틱제품제조업","교육훈련비용[천원]","천원","9.8","8.8","11.7","8.9","8.2","11.1","19.4","16.2","13.9","15.4","11.2",
"전규모(상용근로자 10인 이상)","고무제품및플라스틱제품제조업","기타노동비용[천원]","천원","","","","-","-","-","12","2.3","2","5.8","3.6",
"전규모(상용근로자 10인 이상)","비금속광물제품제조업","노동비용총액[천원]","천원","5495.4","5588.7","5119.7","4989.3","4814.4","4846.3","4696.6","4340.2","4061.9","3972.1","3839.6",
"전규모(상용근로자 10인 이상)","비금속광물제품제조업","직접노동비용(계)[천원]","천원","4303.4","4299.6","4023.5","3878.1","3723.6","3648.7","3611.3","3366.3","2866.5","2839.7","2745.5",
"전규모(상용근로자 10인 이상)","비금속광물제품제조업","정액 및 초과급여[천원]","천원","3606.3","3468.9","3401.2","3058.8","2939.9","2832.2","2754.9","2612.8","2213.9","2148.7","2129.2",
"전규모(상용근로자 10인 이상)","비금속광물제품제조업","상여금 및 성과금[천원]","천원","697.1","830.7","622.3","819.3","783.7","816.5","856.4","753.6","652.6","691","616.3",
"전규모(상용근로자 10인 이상)","비금속광물제품제조업","간접노동비용(계)[천원]","천원","1192","1289.1","1096.2","1111.2","1090.8","1197.6","1085.3","973.9","1195.3","1132.4","1094.1",
"전규모(상용근로자 10인 이상)","비금속광물제품제조업","퇴직급여 등의 비용[천원]","천원","508.4","622.6","481.5","479.3","461.2","521.9","460.4","422.8","587.3","571.7","584.8",
"전규모(상용근로자 10인 이상)","비금속광물제품제조업","현물지급비용[천원]","천원","","","","-","-","-","4","2.8","3.6","3.4","5.4",
"전규모(상용근로자 10인 이상)","비금속광물제품제조업","법정노동비용[천원]","천원","388.1","391.6","375.1","352.8","355.3","358.2","330.9","301.4","294","269.2","259.7",
"전규모(상용근로자 10인 이상)","비금속광물제품제조업","법정외 복지비용[천원]","천원","282.2","262.9","229.3","259.5","254.5","292.9","254.4","220.3","283.2","262.5","222.6",
"전규모(상용근로자 10인 이상)","비금속광물제품제조업","채용관련비용(모집비)[천원]","천원","1.2","1.7","1.8","1.3","1.5","2.3","2.5","1.9","1.8","1.4","1.5",
"전규모(상용근로자 10인 이상)","비금속광물제품제조업","교육훈련비용[천원]","천원","12.1","10.3","8.5","18.3","18.4","22.3","25.4","18.2","21","19.7","15.6",
"전규모(상용근로자 10인 이상)","비금속광물제품제조업","기타노동비용[천원]","천원","","","","-","-","-","7.7","6.5","4.5","4.6","4.6",
"전규모(상용근로자 10인 이상)","1차금속제조업","노동비용총액[천원]","천원","6559.1","6122.6","6006.3","5868.8","5555","5582","5814","6073.3","5194.3","5044.6","5160.7",
"전규모(상용근로자 10인 이상)","1차금속제조업","직접노동비용(계)[천원]","천원","5094.6","4776","4618.1","4419.7","4296.2","4276","4267","4044.2","3905","3698.5","3860.2",
"전규모(상용근로자 10인 이상)","1차금속제조업","정액 및 초과급여[천원]","천원","3885.9","3617.2","3422.2","3381.4","3233.9","3194.5","3039.8","2912.5","2752.9","2591.2","2560.8",
"전규모(상용근로자 10인 이상)","1차금속제조업","상여금 및 성과금[천원]","천원","1208.7","1158.9","1195.9","1038.3","1062.3","1081.5","1227.2","1131.7","1152.1","1107.3","1299.4",
"전규모(상용근로자 10인 이상)","1차금속제조업","간접노동비용(계)[천원]","천원","1464.4","1346.6","1388.2","1449.1","1258.9","1306","1546.9","2029.2","1289.2","1346.1","1300.5",
"전규모(상용근로자 10인 이상)","1차금속제조업","퇴직급여 등의 비용[천원]","천원","609.2","480.5","570.4","648.3","487.9","553.5","724.8","1236.8","564.1","594.1","557.1",
"전규모(상용근로자 10인 이상)","1차금속제조업","현물지급비용[천원]","천원","","","","-","-","-","4.3","1.7","1.2","1.1","2.2",
"전규모(상용근로자 10인 이상)","1차금속제조업","법정노동비용[천원]","천원","439.7","436","427.1","411.2","395.7","393","407.3","380.1","351.4","350.5","341",
"전규모(상용근로자 10인 이상)","1차금속제조업","법정외 복지비용[천원]","천원","376.6","386.8","362.6","357.2","347.7","327","356","359.1","324.9","338.7","349.3",
"전규모(상용근로자 10인 이상)","1차금속제조업","채용관련비용(모집비)[천원]","천원","7.9","3.1","2.5","2.3","1.3","3.5","2.9","1.4","1.4","1.7","2.4",
"전규모(상용근로자 10인 이상)","1차금속제조업","교육훈련비용[천원]","천원","31.1","40.2","25.4","30.1","26.3","29","36.5","38.6","35.1","41.9","37.5",
"전규모(상용근로자 10인 이상)","1차금속제조업","기타노동비용[천원]","천원","","","","-","-","-","15.2","11.4","11.2","18.1","10.9",
"전규모(상용근로자 10인 이상)","금속가공제품제조업;기계및가구제외","노동비용총액[천원]","천원","4464.7","4433.4","4491.7","4064.9","3863.1","3763","3463","3244.7","3016.5","3081","3083.9",
"전규모(상용근로자 10인 이상)","금속가공제품제조업;기계및가구제외","직접노동비용(계)[천원]","천원","3620.4","3600.4","3544.3","3230.7","3075.1","2942.5","2686.1","2529.9","2355.4","2367.8","2379.6",
"전규모(상용근로자 10인 이상)","금속가공제품제조업;기계및가구제외","정액 및 초과급여[천원]","천원","3158.4","3121.1","3081.2","2763.7","2632.7","2517.8","2302.5","2170","2020.7","2007.5","2006",
"전규모(상용근로자 10인 이상)","금속가공제품제조업;기계및가구제외","상여금 및 성과금[천원]","천원","462.1","479.4","463.1","467","442.3","424.7","383.7","359.8","334.7","360.3","373.7",
"전규모(상용근로자 10인 이상)","금속가공제품제조업;기계및가구제외","간접노동비용(계)[천원]","천원","844.3","833","947.4","834.2","788.1","820.5","776.8","714.9","661.1","713.2","704.2",
"전규모(상용근로자 10인 이상)","금속가공제품제조업;기계및가구제외","퇴직급여 등의 비용[천원]","천원","332.5","296.7","336.8","299.8","266.6","281","297.2","282.5","264","278.5","283.5",
"전규모(상용근로자 10인 이상)","금속가공제품제조업;기계및가구제외","현물지급비용[천원]","천원","","","","-","-","-","2.5","4.5","2","1.8","1.8",
"전규모(상용근로자 10인 이상)","금속가공제품제조업;기계및가구제외","법정노동비용[천원]","천원","316","315","362.2","302.1","296.7","289.6","260.9","239.3","227.7","236.7","230.8",
"전규모(상용근로자 10인 이상)","금속가공제품제조업;기계및가구제외","법정외 복지비용[천원]","천원","188.4","215.9","233.5","224","218.5","241.2","205.5","178.1","154.9","177.4","170.6",
"전규모(상용근로자 10인 이상)","금속가공제품제조업;기계및가구제외","채용관련비용(모집비)[천원]","천원","2.3",".3","2.3","1.4","1.4","2.3","1.2","1.3","2","1.8","2.1",
"전규모(상용근로자 10인 이상)","금속가공제품제조업;기계및가구제외","교육훈련비용[천원]","천원","5.1","5.1","12.5","6.8","5","6.5","6.8","7","7.1","13.3","12.1",
"전규모(상용근로자 10인 이상)","금속가공제품제조업;기계및가구제외","기타노동비용[천원]","천원","","","","-","-","-","2.7","2","3.4","3.7","3.3",
"전규모(상용근로자 10인 이상)","전자부품,컴퓨터,영상,음향및통신장비제조업","노동비용총액[천원]","천원","8096.4","7896.4","7397.9","6771.5","7125.4","6459.4","6226.7","5591","4924.6","4680.4","4479.6",
"전규모(상용근로자 10인 이상)","전자부품,컴퓨터,영상,음향및통신장비제조업","직접노동비용(계)[천원]","천원","6386.8","5976.7","5349.6","5023.5","4841.6","4880.8","4534","4161.1","3906","3703.3","3528.4",
"전규모(상용근로자 10인 이상)","전자부품,컴퓨터,영상,음향및통신장비제조업","정액 및 초과급여[천원]","천원","4107.6","3842.2","3757","3538.6","3375.5","3226.3","3129.2","2935.7","2761.3","2654.6","2594.3",
"전규모(상용근로자 10인 이상)","전자부품,컴퓨터,영상,음향및통신장비제조업","상여금 및 성과금[천원]","천원","2279.3","2134.5","1592.7","1484.9","1466.1","1654.6","1404.9","1225.4","1144.7","1048.7","934.1",
"전규모(상용근로자 10인 이상)","전자부품,컴퓨터,영상,음향및통신장비제조업","간접노동비용(계)[천원]","천원","1709.5","1919.7","2048.2","1748","2283.8","1578.6","1692.7","1429.9","1018.5","977.1","951.1",
"전규모(상용근로자 10인 이상)","전자부품,컴퓨터,영상,음향및통신장비제조업","퇴직급여 등의 비용[천원]","천원","722.1","1027","1183.7","960.3","1498.8","824.2","989.1","814.6","463","394.6","371.5",
"전규모(상용근로자 10인 이상)","전자부품,컴퓨터,영상,음향및통신장비제조업","현물지급비용[천원]","천원","","","","-","-","-","2.3","1.9","1.1",".9","1.5",
"전규모(상용근로자 10인 이상)","전자부품,컴퓨터,영상,음향및통신장비제조업","법정노동비용[천원]","천원","497.8","453.3","422.8","387.7","372.3","364.4","363.8","312.3","277.4","281.8","266.4",
"전규모(상용근로자 10인 이상)","전자부품,컴퓨터,영상,음향및통신장비제조업","법정외 복지비용[천원]","천원","417.7","367.9","378","332.9","347.1","328.7","256.6","225.4","202","242.9","248.2",
"전규모(상용근로자 10인 이상)","전자부품,컴퓨터,영상,음향및통신장비제조업","채용관련비용(모집비)[천원]","천원","17.2","23.1","13.8","12.7","14.3","15","16.5","13.8","19.3","11.3","7.3",
"전규모(상용근로자 10인 이상)","전자부품,컴퓨터,영상,음향및통신장비제조업","교육훈련비용[천원]","천원","54.7","48.4","50","54.3","51.3","46.3","55.7","54.7","48.3","41.9","51.4",
"전규모(상용근로자 10인 이상)","전자부품,컴퓨터,영상,음향및통신장비제조업","기타노동비용[천원]","천원","","","","-","-","-","8.6","7.3","7.5","3.8","4.8",
"전규모(상용근로자 10인 이상)","의료,정밀,광학기기및시계제조업","노동비용총액[천원]","천원","4629.2","4283.1","3956.7","3876.8","3755.3","3551.6","3611.3","3681.9","3291.4","3212.4","3234.3",
"전규모(상용근로자 10인 이상)","의료,정밀,광학기기및시계제조업","직접노동비용(계)[천원]","천원","3687.7","3480.2","3315.3","3258","3159.6","2936.1","2957.6","3036.6","2708.7","2483.4","2573.9",
"전규모(상용근로자 10인 이상)","의료,정밀,광학기기및시계제조업","정액 및 초과급여[천원]","천원","3388.7","3158","2859.3","2779.7","2713.6","2469.5","2550.9","2558.2","2256.9","2089.5","2138.3",
"전규모(상용근로자 10인 이상)","의료,정밀,광학기기및시계제조업","상여금 및 성과금[천원]","천원","299","322.2","456","478.3","446","466.7","406.7","478.4","451.8","393.9","435.7",
"전규모(상용근로자 10인 이상)","의료,정밀,광학기기및시계제조업","간접노동비용(계)[천원]","천원","941.5","802.9","641.5","618.8","595.7","615.4","653.8","645.2","582.6","729","660.3",
"전규모(상용근로자 10인 이상)","의료,정밀,광학기기및시계제조업","퇴직급여 등의 비용[천원]","천원","411.8","319.2","236.2","231.5","200.1","220.5","195.2","276.8","226","241.5","236.7",
"전규모(상용근로자 10인 이상)","의료,정밀,광학기기및시계제조업","현물지급비용[천원]","천원","","","","-","-","-","1.2",".5",".9",".3","1.7",
"전규모(상용근로자 10인 이상)","의료,정밀,광학기기및시계제조업","법정노동비용[천원]","천원","326.8","291.1","273.3","251.5","241.9","232.3","251","237.2","201.4","199.6","201",
"전규모(상용근로자 10인 이상)","의료,정밀,광학기기및시계제조업","법정외 복지비용[천원]","천원","188.4","179","121","126.3","144.1","152.9","195.9","116.9","132.4","258","186.5",
"전규모(상용근로자 10인 이상)","의료,정밀,광학기기및시계제조업","채용관련비용(모집비)[천원]","천원","4","4","3.8","1.4","1.4","1.5",".4",".4","2.9","5.6","5.1",
"전규모(상용근로자 10인 이상)","의료,정밀,광학기기및시계제조업","교육훈련비용[천원]","천원","10.5","9.6","7.1","8","8.1","8.3","9.2","12.9","14.7","22.1","24.2",
"전규모(상용근로자 10인 이상)","의료,정밀,광학기기및시계제조업","기타노동비용[천원]","천원","","","","-","-","-","1",".5","4.3","1.9","5.1",
"전규모(상용근로자 10인 이상)","전기장비제조업","노동비용총액[천원]","천원","4971.1","4847.1","4456.4","4340.2","4240.8","4142.7","3719.1","3762","3705.4","3619.5","3566.9",
"전규모(상용근로자 10인 이상)","전기장비제조업","직접노동비용(계)[천원]","천원","3987.1","3848","3637","3472.6","3416","3300.3","2893.6","2900.1","2796.9","2786.3","2752.1",
"전규모(상용근로자 10인 이상)","전기장비제조업","정액 및 초과급여[천원]","천원","3469.4","3218.2","3011.3","2927.8","2869.4","2692.7","2502.3","2458.6","2280","2225.4","2161.6",
"전규모(상용근로자 10인 이상)","전기장비제조업","상여금 및 성과금[천원]","천원","517.7","629.8","625.7","544.8","546.6","607.7","391.3","441.5","516.9","560.9","590.5",
"전규모(상용근로자 10인 이상)","전기장비제조업","간접노동비용(계)[천원]","천원","984","999","819.5","867.6","824.9","842.4","825.5","861.9","908.5","833.1","814.9",
"전규모(상용근로자 10인 이상)","전기장비제조업","퇴직급여 등의 비용[천원]","천원","382","412.2","326.4","351.5","311.9","326.8","358.7","375.6","459.4","398.3","384.5",
"전규모(상용근로자 10인 이상)","전기장비제조업","현물지급비용[천원]","천원","","","","-","-","-","4.2","8.9","3",".8",".9",
"전규모(상용근로자 10인 이상)","전기장비제조업","법정노동비용[천원]","천원","334.8","321.5","297.4","296.4","288.2","289.6","248.4","244.1","242.6","236.1","226.9",
"전규모(상용근로자 10인 이상)","전기장비제조업","법정외 복지비용[천원]","천원","246.8","246.4","183.6","195.9","200.7","209.7","186.9","201.7","173.5","180.3","181.4",
"전규모(상용근로자 10인 이상)","전기장비제조업","채용관련비용(모집비)[천원]","천원","2.3","3.6","5.8","4","4.1","2.4","2.6","2.5","2.3","1.6","1.9",
"전규모(상용근로자 10인 이상)","전기장비제조업","교육훈련비용[천원]","천원","18.2","15.4","6.3","19.8","19.9","13.8","19","25.1","23.1","13.7","16.9",
"전규모(상용근로자 10인 이상)","전기장비제조업","기타노동비용[천원]","천원","","","","-","-","-","5.7","4","4.6","2.3","2.3",
"전규모(상용근로자 10인 이상)","기타기계및장비제조업","노동비용총액[천원]","천원","4823.6","4733.7","4745.9","4856.1","4644.2","4630.3","4674.3","4459","3976.7","3757.2","3807",
"전규모(상용근로자 10인 이상)","기타기계및장비제조업","직접노동비용(계)[천원]","천원","3851.1","3841.6","3827.1","3886.8","3733.6","3695.5","3597.8","3438.8","3119.7","2899.7","2934.4",
"전규모(상용근로자 10인 이상)","기타기계및장비제조업","정액 및 초과급여[천원]","천원","3375.8","3248.4","3175.8","3189.7","3034.3","3025.6","2806.2","2711.5","2553.7","2391.9","2347.1",
"전규모(상용근로자 10인 이상)","기타기계및장비제조업","상여금 및 성과금[천원]","천원","475.3","593.2","651.3","697.2","699.4","669.9","791.7","727.3","565.9","507.8","587.3",
"전규모(상용근로자 10인 이상)","기타기계및장비제조업","간접노동비용(계)[천원]","천원","972.5","892.1","918.8","969.3","910.6","934.8","1076.5","1020.2","857","857.5","872.6",
"전규모(상용근로자 10인 이상)","기타기계및장비제조업","퇴직급여 등의 비용[천원]","천원","427.3","361.3","436.6","388.2","346.8","363.2","466.9","435.7","348.5","376.7","395.4",
"전규모(상용근로자 10인 이상)","기타기계및장비제조업","현물지급비용[천원]","천원","","","","-","-","-","3.1","4.4","2.2","2",".8",
"전규모(상용근로자 10인 이상)","기타기계및장비제조업","법정노동비용[천원]","천원","354.3","342.7","328.4","331.2","312.9","325.2","323.3","298.5","283.2","260.2","253.1",
"전규모(상용근로자 10인 이상)","기타기계및장비제조업","법정외 복지비용[천원]","천원","180.7","180.6","141.3","231.2","229.9","222.7","255.1","240.2","192.1","198.2","199.1",
"전규모(상용근로자 10인 이상)","기타기계및장비제조업","채용관련비용(모집비)[천원]","천원","2.1","1.5","2.1","4.3","4.8","6.8","2.6","6.3","4.7","1.6","2.5",
"전규모(상용근로자 10인 이상)","기타기계및장비제조업","교육훈련비용[천원]","천원","8.1","6.1","10.3","14.3","16.2","16.9","21.2","27.7","22.4","14.9","16.5",
"전규모(상용근로자 10인 이상)","기타기계및장비제조업","기타노동비용[천원]","천원","","","","-","-","-","4.3","7.3","3.8","3.9","5.1",
"전규모(상용근로자 10인 이상)","자동차및트레일러제조업","노동비용총액[천원]","천원","7005.2","6472.3","6803.8","6413","6526.2","6628.1","6504.4","5969.9","5404.1","5149.4","4997.3",
"전규모(상용근로자 10인 이상)","자동차및트레일러제조업","직접노동비용(계)[천원]","천원","5487.1","5083.9","5465.7","5091.1","5205.7","5216.8","4906.3","4570.7","4285.9","4032.5","3951.9",
"전규모(상용근로자 10인 이상)","자동차및트레일러제조업","정액 및 초과급여[천원]","천원","3646.9","3487.8","3469.4","3435.5","3369.6","3265.7","3241.1","3056.8","2797.8","2632.1","2633.5",
"전규모(상용근로자 10인 이상)","자동차및트레일러제조업","상여금 및 성과금[천원]","천원","1840.2","1596.1","1996.4","1655.6","1836.1","1951.1","1665.2","1513.9","1488.2","1400.4","1318.4",
"전규모(상용근로자 10인 이상)","자동차및트레일러제조업","간접노동비용(계)[천원]","천원","1518.1","1388.5","1338.1","1321.8","1320.5","1411.3","1598.1","1399.2","1118.2","1116.9","1045.4",
"전규모(상용근로자 10인 이상)","자동차및트레일러제조업","퇴직급여 등의 비용[천원]","천원","602.9","559","509.8","517.9","478.9","559","814.2","652.5","511.8","448.9","392.9",
"전규모(상용근로자 10인 이상)","자동차및트레일러제조업","현물지급비용[천원]","천원","","","","-","-","-","10.6","14.5","7.8","9.2","10.7",
"전규모(상용근로자 10인 이상)","자동차및트레일러제조업","법정노동비용[천원]","천원","469.3","456.2","449.8","427.2","447.2","439.7","428.8","387.1","371.9","360.9","360.2",
"전규모(상용근로자 10인 이상)","자동차및트레일러제조업","법정외 복지비용[천원]","천원","425.8","354.7","349.4","358.2","374.5","390.6","293.4","306.9","200.1","280.1","255.7",
"전규모(상용근로자 10인 이상)","자동차및트레일러제조업","채용관련비용(모집비)[천원]","천원","1.7","2.1","10.8","1.9","2.1","3.2","5.2","2.4","1.5",".7",".6",
"전규모(상용근로자 10인 이상)","자동차및트레일러제조업","교육훈련비용[천원]","천원","18.4","16.5","18.2","16.7","17.9","18.8","30.9","23.9","14","10.7","10.1",
"전규모(상용근로자 10인 이상)","자동차및트레일러제조업","기타노동비용[천원]","천원","","","","-","-","-","14.9","11.9","11.1","6.5","15.2",
"전규모(상용근로자 10인 이상)","기타운송장비제조업","노동비용총액[천원]","천원","6443.6","6072.3","6309.2","6388.4","6235.5","6370.3","6426.8","6636.8","6224.3","5722","5807.1",
"전규모(상용근로자 10인 이상)","기타운송장비제조업","직접노동비용(계)[천원]","천원","4962.3","4523.8","4674.6","4854.5","4729.4","4844.5","4889.6","5037.7","4679.9","4272.1","4291.1",
"전규모(상용근로자 10인 이상)","기타운송장비제조업","정액 및 초과급여[천원]","천원","3670.2","3398.4","3591.5","3514.2","3391.7","3313.8","3224.7","3100.5","2992.6","2801","2875.2",
"전규모(상용근로자 10인 이상)","기타운송장비제조업","상여금 및 성과금[천원]","천원","1292.1","1125.4","1083.1","1340.2","1337.8","1530.6","1664.9","1937.2","1687.3","1471.1","1415.9",
"전규모(상용근로자 10인 이상)","기타운송장비제조업","간접노동비용(계)[천원]","천원","1481.3","1548.5","1634.7","1533.9","1506","1525.9","1537.2","1599.1","1544.4","1449.9","1516",
"전규모(상용근로자 10인 이상)","기타운송장비제조업","퇴직급여 등의 비용[천원]","천원","517.3","600.9","736.1","674.6","616.8","645.5","597.8","703.3","615.7","534.6","555",
"전규모(상용근로자 10인 이상)","기타운송장비제조업","현물지급비용[천원]","천원","","","","-","-","-","4.2","5.1","4.6","9.2","1",
"전규모(상용근로자 10인 이상)","기타운송장비제조업","법정노동비용[천원]","천원","462.6","449.3","470.2","440.5","453.1","465.5","478.2","448","460.3","441.2","458.7",
"전규모(상용근로자 10인 이상)","기타운송장비제조업","법정외 복지비용[천원]","천원","486.7","482.3","410.8","394.2","398.1","383.2","417.6","398","427.5","406.7","410.9",
"전규모(상용근로자 10인 이상)","기타운송장비제조업","채용관련비용(모집비)[천원]","천원","1.6",".9","1.5","3.7","6.1","5","3.5","2.7","1.9","1.7","2.6",
"전규모(상용근로자 10인 이상)","기타운송장비제조업","교육훈련비용[천원]","천원","13.1","15.2","16","21","31.9","26.6","29.5","33.8","21.8","24.7","42.2",
"전규모(상용근로자 10인 이상)","기타운송장비제조업","기타노동비용[천원]","천원","","","","-","-","-","6.4","8.2","12.6","31.7","45.7",
"전규모(상용근로자 10인 이상)","가구제조업","노동비용총액[천원]","천원","4704","4605.6","4158.1","3892.4","3839","3799.7","3558.7","3859.3","3096","2910.3","2828",
"전규모(상용근로자 10인 이상)","가구제조업","직접노동비용(계)[천원]","천원","3747.5","3648.3","3326.2","3179.6","3127.7","2962.6","2760.1","2647.6","2451.2","2315","2268.6",
"전규모(상용근로자 10인 이상)","가구제조업","정액 및 초과급여[천원]","천원","3275","3013.7","2794.5","2725.1","2688.6","2604.9","2475.3","2309","1983.5","1897.8","1907.8",
"전규모(상용근로자 10인 이상)","가구제조업","상여금 및 성과금[천원]","천원","472.5","634.6","531.8","454.5","439","357.7","284.8","338.6","467.7","417.1","360.8",
"전규모(상용근로자 10인 이상)","가구제조업","간접노동비용(계)[천원]","천원","956.5","957.3","831.9","712.7","711.4","837.2","798.6","1211.7","644.8","595.3","559.3",
"전규모(상용근로자 10인 이상)","가구제조업","퇴직급여 등의 비용[천원]","천원","348.3","357.1","366.1","266.9","274","360.8","377","820.5","228.8","197.4","188.1",
"전규모(상용근로자 10인 이상)","가구제조업","현물지급비용[천원]","천원","","","","-","-","-",".3","1.4","2.8","1.3","1.7",
"전규모(상용근로자 10인 이상)","가구제조업","법정노동비용[천원]","천원","363.3","342.8","299.4","296.8","291.1","312","293.5","264.7","285.8","227.7","222.3",
"전규모(상용근로자 10인 이상)","가구제조업","법정외 복지비용[천원]","천원","231.6","238.8","142.3","141.2","138.4","157.7","119.7","119.1","123.5","162.8","138.9",
"전규모(상용근로자 10인 이상)","가구제조업","채용관련비용(모집비)[천원]","천원","3.2","2.6","4.7",".9",".9",".7",".1",".1",".2",".3",".2",
"전규모(상용근로자 10인 이상)","가구제조업","교육훈련비용[천원]","천원","10.1","16","19.4","6.9","6.9","6","6.6","2","2.3","3.7","6.8",
"전규모(상용근로자 10인 이상)","가구제조업","기타노동비용[천원]","천원","","","","-","-","-","1.3","3.8","1.4","2","1.3",
"전규모(상용근로자 10인 이상)","기타제품제조업","노동비용총액[천원]","천원","3694.8","3822.4","3651.8","3335.4","3284.5","3216.2","2734.7","2803.9","2594.8","2506","2539.5",
"전규모(상용근로자 10인 이상)","기타제품제조업","직접노동비용(계)[천원]","천원","3010.7","3082.7","2938.9","2761.2","2701.5","2686.3","2198.7","2257.4","2060.3","2085.2","2127.5",
"전규모(상용근로자 10인 이상)","기타제품제조업","정액 및 초과급여[천원]","천원","2810.3","2770.7","2679.1","2580.7","2511.5","2484.8","2100.7","2183.3","1874.6","1861.8","1933.4",
"전규모(상용근로자 10인 이상)","기타제품제조업","상여금 및 성과금[천원]","천원","200.4","312","259.7","180.5","190","201.5","98","74.1","185.7","223.5","194.2",
"전규모(상용근로자 10인 이상)","기타제품제조업","간접노동비용(계)[천원]","천원","684.1","739.6","713","574.3","582.9","529.9","536","546.5","534.6","420.7","411.9",
"전규모(상용근로자 10인 이상)","기타제품제조업","퇴직급여 등의 비용[천원]","천원","292.1","328","294.7","167.1","167.8","109","167.8","180.8","159.9","172.9","177.8",
"전규모(상용근로자 10인 이상)","기타제품제조업","현물지급비용[천원]","천원","","","","-","-","-","1.6","3.9","2.7","0","1.2",
"전규모(상용근로자 10인 이상)","기타제품제조업","법정노동비용[천원]","천원","274.7","272.8","279.9","242.7","241.3","255.9","207.2","217.3","178.2","171.6","162.5",
"전규모(상용근로자 10인 이상)","기타제품제조업","법정외 복지비용[천원]","천원","112","132.2","134.5","159.6","169","160","152.7","143.1","190.1","74.1","67.3",
"전규모(상용근로자 10인 이상)","기타제품제조업","채용관련비용(모집비)[천원]","천원","1.9","2.5","1",".8",".8",".9","3.2",".2","0",".1","2.6",
"전규모(상용근로자 10인 이상)","기타제품제조업","교육훈련비용[천원]","천원","3.3","4","2.9","4","4.1","4.1",".4",".6","1.6","2",".6",
"전규모(상용근로자 10인 이상)","기타제품제조업","기타노동비용[천원]","천원","","","","-","-","-","3.1",".6","2.1","0","0",
"전규모(상용근로자 10인 이상)","D. 전기,가스,증기및수도사업(35~36)","노동비용총액[천원]","천원","8818","8787.4","8678.7","8076.3","7702.5","7753.2","7606.2","7870.4","7107.2","6738.6","6774.6",
"전규모(상용근로자 10인 이상)","D. 전기,가스,증기및수도사업(35~36)","직접노동비용(계)[천원]","천원","6876.7","6707.3","6921.7","6463.7","6211.5","6147.6","5805.6","5754.1","5904","5532.5","5479.3",
"전규모(상용근로자 10인 이상)","D. 전기,가스,증기및수도사업(35~36)","정액 및 초과급여[천원]","천원","5193","5055.2","5070.7","4782.9","4658.2","4535.7","4229.5","4071.5","4334.6","4102.8","4076.4",
"전규모(상용근로자 10인 이상)","D. 전기,가스,증기및수도사업(35~36)","상여금 및 성과금[천원]","천원","1683.7","1652.1","1851","1680.8","1553.3","1611.9","1576.1","1682.6","1569.4","1429.7","1402.9",
"전규모(상용근로자 10인 이상)","D. 전기,가스,증기및수도사업(35~36)","간접노동비용(계)[천원]","천원","1941.3","2080.1","1757","1612.6","1491","1605.6","1800.6","2116.3","1203.2","1206.1","1295.3",
"전규모(상용근로자 10인 이상)","D. 전기,가스,증기및수도사업(35~36)","퇴직급여 등의 비용[천원]","천원","711.7","826.5","817.5","672.4","616.3","663","943","1180","419.4","389.2","370.9",
"전규모(상용근로자 10인 이상)","D. 전기,가스,증기및수도사업(35~36)","현물지급비용[천원]","천원","","","","-","-","-","1",".6","1.5",".8","1",
"전규모(상용근로자 10인 이상)","D. 전기,가스,증기및수도사업(35~36)","법정노동비용[천원]","천원","557.5","533.1","496.2","481.6","477.3","471.5","424.1","420.8","393.8","378.2","374.2",
"전규모(상용근로자 10인 이상)","D. 전기,가스,증기및수도사업(35~36)","법정외 복지비용[천원]","천원","515.5","561.7","290.2","307.6","242.5","287.9","290.5","357.3","270.4","281.4","382.1",
"전규모(상용근로자 10인 이상)","D. 전기,가스,증기및수도사업(35~36)","채용관련비용(모집비)[천원]","천원","10.6","11.6","8.7","9.4","9.6","7","7.8","5.2","1.4","2.5","2.6",
"전규모(상용근로자 10인 이상)","D. 전기,가스,증기및수도사업(35~36)","교육훈련비용[천원]","천원","145.9","147.3","144.5","141.7","145.3","176.2","123.5","145.2","110.2","141.1","155.8",
"전규모(상용근로자 10인 이상)","D. 전기,가스,증기및수도사업(35~36)","기타노동비용[천원]","천원","","","","-","-","-","10.7","7.2","6.6","12.8","8.7",
"전규모(상용근로자 10인 이상)","전기,가스,증기및공기조절공급업","노동비용총액[천원]","천원","8814.6","8787.5","8680.4","8075.8","7701.8","7752.9","7607.2","7874","7107.7","6735","6774",
"전규모(상용근로자 10인 이상)","전기,가스,증기및공기조절공급업","직접노동비용(계)[천원]","천원","6872.9","6703.9","6922.8","6462.9","6210.4","6146.4","5805.1","5754.5","5904","5531.4","5478.2",
"전규모(상용근로자 10인 이상)","전기,가스,증기및공기조절공급업","정액 및 초과급여[천원]","천원","5189.4","5051.9","5070.9","4782.4","4657.7","4535.2","4229.2","4072.3","4334.6","4102.7","4076.2",
"전규모(상용근로자 10인 이상)","전기,가스,증기및공기조절공급업","상여금 및 성과금[천원]","천원","1683.5","1652","1851.9","1680.6","1552.7","1611.2","1576","1682.2","1569.4","1428.7","1402",
"전규모(상용근로자 10인 이상)","전기,가스,증기및공기조절공급업","간접노동비용(계)[천원]","천원","1941.7","2083.7","1757.6","1612.9","1491.4","1606.6","1802.1","2119.4","1203.7","1203.6","1295.8",
"전규모(상용근로자 10인 이상)","전기,가스,증기및공기조절공급업","퇴직급여 등의 비용[천원]","천원","711.7","828.4","818.3","673.3","617.3","664.3","944.9","1182.8","419.9","387.1","371.4",
"전규모(상용근로자 10인 이상)","전기,가스,증기및공기조절공급업","현물지급비용[천원]","천원","","","","-","-","-","1",".6","1.5",".7","1",
"전규모(상용근로자 10인 이상)","전기,가스,증기및공기조절공급업","법정노동비용[천원]","천원","557.8","533.2","496.2","481.6","477.3","471.7","424.1","420.8","393.8","378.2","374.1",
"전규모(상용근로자 10인 이상)","전기,가스,증기및공기조절공급업","법정외 복지비용[천원]","천원","515.3","562.8","289.7","306.7","241.6","287.1","289.8","357.4","270.2","281","382",
"전규모(상용근로자 10인 이상)","전기,가스,증기및공기조절공급업","채용관련비용(모집비)[천원]","천원","10.6","11.6","8.7","9.4","9.6","7","7.9","5.2","1.4","2.5","2.6",
"전규모(상용근로자 10인 이상)","전기,가스,증기및공기조절공급업","교육훈련비용[천원]","천원","146.3","147.6","144.6","141.8","145.6","176.5","123.6","145.4","110.3","141.3","155.9",
"전규모(상용근로자 10인 이상)","전기,가스,증기및공기조절공급업","기타노동비용[천원]","천원","","","","-","-","-","10.7","7.2","6.6","12.8","8.7",
"전규모(상용근로자 10인 이상)","수도사업","노동비용총액[천원]","천원","9603.6","8754.7","7691.3","8272.4","7988.5","7861.7","7260.8","6561.1","6666.2","9062.8","7212.1",
"전규모(상용근로자 10인 이상)","수도사업","직접노동비용(계)[천원]","천원","7761.4","7447.6","6272.5","6803.6","6655.3","6590.5","5979.2","5582.2","5872.9","6242.4","6272.4",
"전규모(상용근로자 10인 이상)","수도사업","정액 및 초과급여[천원]","천원","6042.2","5779.7","4971.5","5013.8","4873.3","4706.5","4358.6","3764.4","4359.2","4181.6","4248.4",
"전규모(상용근로자 10인 이상)","수도사업","상여금 및 성과금[천원]","천원","1719.2","1667.9","1300.9","1789.8","1782","1884","1620.7","1817.9","1513.7","2060.8","2023.9",
"전규모(상용근로자 10인 이상)","수도사업","간접노동비용(계)[천원]","천원","1842.1","1307.1","1418.9","1468.8","1333.2","1271.2","1281.5","978.9","793.3","2820.4","939.7",
"전규모(상용근로자 10인 이상)","수도사업","퇴직급여 등의 비용[천원]","천원","724.8","408.8","319.6","239.1","212.5","198.2","290.6","150.1","0","1781","0",
"전규모(상용근로자 10인 이상)","수도사업","현물지급비용[천원]","천원","","","","-","-","-","0","0","0","33.5","16.7",
"전규모(상용근로자 10인 이상)","수도사업","법정노동비용[천원]","천원","501.8","502.4","496","473.9","468.9","421.8","403.5","427.8","345.2","403.6","406.3",
"전규모(상용근로자 10인 이상)","수도사업","법정외 복지비용[천원]","천원","569.5","322.3","550.3","686.2","593.7","563.8","505.3","327.2","431","542.2","435",
"전규모(상용근로자 10인 이상)","수도사업","채용관련비용(모집비)[천원]","천원",".5",".6",".5","1.2","1.3","1.5","1.2","1.2","0","1.1","0",
"전규모(상용근로자 10인 이상)","수도사업","교육훈련비용[천원]","천원","45.6","73","52.5","68.4","56.8","86","81","72.5","17.2","54.7","65.7",
"전규모(상용근로자 10인 이상)","수도사업","기타노동비용[천원]","천원","","","","-","-","-","0","0","0","4.2","16.1",
"전규모(상용근로자 10인 이상)","E. 하수·폐기물처리,원료재생및환경복원업(37~39)","노동비용총액[천원]","천원","4462.1","4287.5","4023.6","3847","3674.5","3548.1","3396.4","3211.5","3018.4","2887.3","2901.1",
"전규모(상용근로자 10인 이상)","E. 하수·폐기물처리,원료재생및환경복원업(37~39)","직접노동비용(계)[천원]","천원","3594.1","3542.8","3327.7","3134.5","3026.2","2906.8","2722.6","2589.5","2453.9","2324","2341.4",
"전규모(상용근로자 10인 이상)","E. 하수·폐기물처리,원료재생및환경복원업(37~39)","정액 및 초과급여[천원]","천원","3169.1","3130.7","2961.5","2782.6","2687.4","2582.5","2426.7","2327.5","2142.2","2014.4","2031.3",
"전규모(상용근로자 10인 이상)","E. 하수·폐기물처리,원료재생및환경복원업(37~39)","상여금 및 성과금[천원]","천원","425","412.1","366.1","351.9","338.8","324.3","295.8","262.1","311.7","309.6","310",
"전규모(상용근로자 10인 이상)","E. 하수·폐기물처리,원료재생및환경복원업(37~39)","간접노동비용(계)[천원]","천원","868","744.7","695.9","712.4","648.3","641.4","673.9","621.9","564.5","563.3","559.8",
"전규모(상용근로자 10인 이상)","E. 하수·폐기물처리,원료재생및환경복원업(37~39)","퇴직급여 등의 비용[천원]","천원","381.7","276.6","246.8","279.1","217","211.5","270","217.1","196","184","167.5",
"전규모(상용근로자 10인 이상)","E. 하수·폐기물처리,원료재생및환경복원업(37~39)","현물지급비용[천원]","천원","","","","-","-","-","4.1","1.8","1.3","1.4","1.7",
"전규모(상용근로자 10인 이상)","E. 하수·폐기물처리,원료재생및환경복원업(37~39)","법정노동비용[천원]","천원","313.9","296.2","292.1","287.8","284.6","280.5","252.8","241.5","235.3","231.7","238.7",
"전규모(상용근로자 10인 이상)","E. 하수·폐기물처리,원료재생및환경복원업(37~39)","법정외 복지비용[천원]","천원","168.6","168","153","141.5","142.2","145.2","140.1","151.2","120","139.6","145.4",
"전규모(상용근로자 10인 이상)","E. 하수·폐기물처리,원료재생및환경복원업(37~39)","채용관련비용(모집비)[천원]","천원",".5",".7",".5",".4",".9",".8","1",".4",".3",".1",".1",
"전규모(상용근로자 10인 이상)","E. 하수·폐기물처리,원료재생및환경복원업(37~39)","교육훈련비용[천원]","천원","3.3","3.2","3.5","3.7","3.5","3.4","4.2","5.2","8.9","3.5","4.3",
"전규모(상용근로자 10인 이상)","E. 하수·폐기물처리,원료재생및환경복원업(37~39)","기타노동비용[천원]","천원","","","","-","-","-","1.6","4.8","2.9","2.9","2",
"전규모(상용근로자 10인 이상)","하수,폐수및분뇨처리업","노동비용총액[천원]","천원","4692.5","4231.6","4166.1","4167.9","4000","3872.7","3840.3","3425.2","3278.3","3273.8","3518.2",
"전규모(상용근로자 10인 이상)","하수,폐수및분뇨처리업","직접노동비용(계)[천원]","천원","3565.9","3402.8","3455","3430.4","3325.5","3217.8","3149.1","2818","2659.7","2554.2","2806.3",
"전규모(상용근로자 10인 이상)","하수,폐수및분뇨처리업","정액 및 초과급여[천원]","천원","3211.7","3108.8","3108.2","2911.4","2839.7","2715.2","2627.7","2461.4","2347.6","2208.9","2278.7",
"전규모(상용근로자 10인 이상)","하수,폐수및분뇨처리업","상여금 및 성과금[천원]","천원","354.2","294","346.8","519","485.8","502.6","521.4","356.6","312.1","345.3","527.6",
"전규모(상용근로자 10인 이상)","하수,폐수및분뇨처리업","간접노동비용(계)[천원]","천원","1126.6","828.8","711.1","737.5","674.5","654.8","691.2","607.1","618.6","719.6","711.9",
"전규모(상용근로자 10인 이상)","하수,폐수및분뇨처리업","퇴직급여 등의 비용[천원]","천원","592.7","337.3","240.7","261.4","210.7","204.6","275.9","220.8","250","261.4","242.7",
"전규모(상용근로자 10인 이상)","하수,폐수및분뇨처리업","현물지급비용[천원]","천원","","","","-","-","-","1.4",".2","1.7","3.3","2.1",
"전규모(상용근로자 10인 이상)","하수,폐수및분뇨처리업","법정노동비용[천원]","천원","347.9","322.2","340.2","292.2","291.6","287.1","270.9","255.5","251.8","260.8","294.8",
"전규모(상용근로자 10인 이상)","하수,폐수및분뇨처리업","법정외 복지비용[천원]","천원","174.5","158.7","117.4","174.3","162.2","153.4","131.1","122","109.8","179.3","154.7",
"전규모(상용근로자 10인 이상)","하수,폐수및분뇨처리업","채용관련비용(모집비)[천원]","천원",".9",".6",".6",".3",".2",".7","1.1",".1",".1",".3",".1",
"전규모(상용근로자 10인 이상)","하수,폐수및분뇨처리업","교육훈련비용[천원]","천원","10.7","9.9","12.1","9.2","9.8","9","10.1","7.8","4.4","8.9","12.7",
"전규모(상용근로자 10인 이상)","하수,폐수및분뇨처리업","기타노동비용[천원]","천원","","","","-","-","-",".7",".7",".8","5.6","4.7",
"전규모(상용근로자 10인 이상)","폐기물수집운반,처리및원료재생업","노동비용총액[천원]","천원","4423.2","4300.9","3994.3","3771.8","3595.5","3467.9","3276.9","3152.9","2970","2809.6","2797.7",
"전규모(상용근로자 10인 이상)","폐기물수집운반,처리및원료재생업","직접노동비용(계)[천원]","천원","3596.4","3574.1","3301.9","3065.6","2954.9","2830.9","2612.3","2527","2415.6","2276.7","2262.5",
"전규모(상용근로자 10인 이상)","폐기물수집운반,처리및원료재생업","정액 및 초과급여[천원]","천원","3158.1","3134","2931.7","2750.3","2647.9","2546.2","2365.5","2288.9","2103.9","1977.4","1989.1",
"전규모(상용근로자 10인 이상)","폐기물수집운반,처리및원료재생업","상여금 및 성과금[천원]","천원","438.3","440.1","370.1","315.3","306.9","284.7","246.8","238.1","311.7","299.4","273.3",
"전규모(상용근로자 10인 이상)","폐기물수집운반,처리및원료재생업","간접노동비용(계)[천원]","천원","826.9","726.8","692.4","706.2","640.6","637","664.6","625.9","554.4","532.8","535.2",
"전규모(상용근로자 10인 이상)","폐기물수집운반,처리및원료재생업","퇴직급여 등의 비용[천원]","천원","348.9","264.4","248.1","282.2","216.8","211.2","265.4","216.5","185.9","168.9","154.6",
"전규모(상용근로자 10인 이상)","폐기물수집운반,처리및원료재생업","현물지급비용[천원]","천원","","","","-","-","-","4.7","2.1","1.2","1","1.7",
"전규모(상용근로자 10인 이상)","폐기물수집운반,처리및원료재생업","법정노동비용[천원]","천원","308.4","290.7","283","286.6","282.8","278.7","248.2","237.8","232.3","226.1","229.4",
"전규모(상용근로자 10인 이상)","폐기물수집운반,처리및원료재생업","법정외 복지비용[천원]","천원","167","169.2","159","134.5","138.1","144.1","140.8","158.7","121.9","131.8","145",
"전규모(상용근로자 10인 이상)","폐기물수집운반,처리및원료재생업","채용관련비용(모집비)[천원]","천원",".5",".8",".4",".4",".9",".8",".9",".4",".3",".1",".2",
"전규모(상용근로자 10인 이상)","폐기물수집운반,처리및원료재생업","교육훈련비용[천원]","천원","2.1","1.8","1.9","2.5","2","2.2","2.9","4.7","9.7","2.4","2.8",
"전규모(상용근로자 10인 이상)","폐기물수집운반,처리및원료재생업","기타노동비용[천원]","천원","","","","-","-","-","1.9","5.8","3.2","2.4","1.5",
"전규모(상용근로자 10인 이상)","환경정화및복원업","노동비용총액[천원]","천원","4443.3","4213","4308.4","4907.4","5102.1","4965.4","4918.6","4384.3","-","2938.3","2831.8",
"전규모(상용근로자 10인 이상)","환경정화및복원업","직접노동비용(계)[천원]","천원","3741.4","3517.7","3552.2","4025.5","4111.4","4082.8","3896.2","3831.4","-","2396","2358",
"전규모(상용근로자 10인 이상)","환경정화및복원업","정액 및 초과급여[천원]","천원","3396.8","3244.5","3229.3","3685.7","3795.9","3758.5","3567.5","3250.1","-","1946.7","2056.6",
"전규모(상용근로자 10인 이상)","환경정화및복원업","상여금 및 성과금[천원]","천원","344.6","273.2","322.9","339.8","315.5","324.3","328.7","581.3","-","449.3","301.4",
"전규모(상용근로자 10인 이상)","환경정화및복원업","간접노동비용(계)[천원]","천원","701.9","695.3","756.2","881.9","990.7","882.6","1022.4","553","-","542.3","473.8",
"전규모(상용근로자 10인 이상)","환경정화및복원업","퇴직급여 등의 비용[천원]","천원","196.1","188.3","226.8","473.1","510.7","534.1","484","200.1","-","172.8","178.3",
"전규모(상용근로자 10인 이상)","환경정화및복원업","현물지급비용[천원]","천원","","","","-","-","-","3.2","0","-","3.7","2.5",
"전규모(상용근로자 10인 이상)","환경정화및복원업","법정노동비용[천원]","천원","298.4","271.8","324.6","322.5","323.9","331.1","302.6","299.6","-","225","220.9",
"전규모(상용근로자 10인 이상)","환경정화및복원업","법정외 복지비용[천원]","천원","204.1","230.8","195.9","86.4","96.8","16","220.7","44.1","-","136.5","60.4",
"전규모(상용근로자 10인 이상)","환경정화및복원업","채용관련비용(모집비)[천원]","천원","0","0",".1","0","19.9","0",".7","3","-","0",".1",
"전규모(상용근로자 10인 이상)","환경정화및복원업","교육훈련비용[천원]","천원","3.4","4.4","8.9","0","39.4","1.4","10.4","3.4","-","4.3","10.3",
"전규모(상용근로자 10인 이상)","환경정화및복원업","기타노동비용[천원]","천원","","","","-","-","-",".8","2.7","-","0","1.2",
"전규모(상용근로자 10인 이상)","F. 건설업(41~42)","노동비용총액[천원]","천원","5362.9","5050.3","4928.1","4728.6","4625.1","4589.8","4401.3","4250.9","3962.7","3710","3810.9",
"전규모(상용근로자 10인 이상)","F. 건설업(41~42)","직접노동비용(계)[천원]","천원","4205.1","4048.3","3988.2","3753.2","3670.5","3633.1","3463.5","3237.1","3063.7","2860.6","2983",
"전규모(상용근로자 10인 이상)","F. 건설업(41~42)","정액 및 초과급여[천원]","천원","3812.7","3666.2","3524.2","3356.9","3240.4","3182.3","3043.4","2847.3","2663.5","2476.9","2513.5",
"전규모(상용근로자 10인 이상)","F. 건설업(41~42)","상여금 및 성과금[천원]","천원","392.4","382.1","464","396.3","430.1","450.8","420.2","389.8","400.1","383.6","469.5",
"전규모(상용근로자 10인 이상)","F. 건설업(41~42)","간접노동비용(계)[천원]","천원","1157.8","1002","939.9","975.3","954.6","956.7","937.8","1013.8","899","849.5","827.9",
"전규모(상용근로자 10인 이상)","F. 건설업(41~42)","퇴직급여 등의 비용[천원]","천원","449.2","385.2","357.3","399.2","369.9","348.3","338.1","395.1","318.4","298.3","280",
"전규모(상용근로자 10인 이상)","F. 건설업(41~42)","현물지급비용[천원]","천원","","","","-","-","-","5","3.2","3.3","2.9","3.5",
"전규모(상용근로자 10인 이상)","F. 건설업(41~42)","법정노동비용[천원]","천원","517.2","449.7","422.9","397.7","407.2","401.6","369.9","389.6","379.5","354.5","353.3",
"전규모(상용근로자 10인 이상)","F. 건설업(41~42)","법정외 복지비용[천원]","천원","169.1","147.3","143.8","162","160.8","184.7","202.6","202.6","172.3","173.3","165.2",
"전규모(상용근로자 10인 이상)","F. 건설업(41~42)","채용관련비용(모집비)[천원]","천원","2.3","1.9","2.1","1.9","2.7","3","2.5","2.4","2.3","1.4","1.9",
"전규모(상용근로자 10인 이상)","F. 건설업(41~42)","교육훈련비용[천원]","천원","20","17.8","13.8","14.4","14.1","19","18.3","19.2","20","17","21.8",
"전규모(상용근로자 10인 이상)","F. 건설업(41~42)","기타노동비용[천원]","천원","","","","-","-","-","1.5","1.8","3.3","2.1","2.3",
"전규모(상용근로자 10인 이상)","종합건설업","노동비용총액[천원]","천원","6245","5886.1","5819.6","5610.2","5442.4","5384.9","5128.1","4898.9","4700.7","4398.7","4589",
"전규모(상용근로자 10인 이상)","종합건설업","직접노동비용(계)[천원]","천원","4707.3","4509.2","4529.8","4367.8","4250.5","4184.6","3992.8","3687.5","3581.5","3351.2","3556.1",
"전규모(상용근로자 10인 이상)","종합건설업","정액 및 초과급여[천원]","천원","4351.4","4140.3","3937.9","3845.6","3653.8","3542.7","3391.1","3162.4","3048.2","2840.5","2893.8",
"전규모(상용근로자 10인 이상)","종합건설업","상여금 및 성과금[천원]","천원","355.9","368.9","591.9","522.2","596.7","641.9","601.8","525.1","533.3","510.6","662.3",
"전규모(상용근로자 10인 이상)","종합건설업","간접노동비용(계)[천원]","천원","1537.7","1376.9","1289.8","1242.4","1191.9","1200.3","1135.2","1211.3","1119.2","1047.6","1032.9",
"전규모(상용근로자 10인 이상)","종합건설업","퇴직급여 등의 비용[천원]","천원","584.9","534.3","505.3","529.5","469.8","456.4","425.8","448.8","386.6","384.5","354.7",
"전규모(상용근로자 10인 이상)","종합건설업","현물지급비용[천원]","천원","","","","-","-","-","5.6","4","4.1","3.5","4.4",
"전규모(상용근로자 10인 이상)","종합건설업","법정노동비용[천원]","천원","726.1","627.4","571.1","502.8","505.8","508.2","482.7","517.3","505.1","464.7","459",
"전규모(상용근로자 10인 이상)","종합건설업","법정외 복지비용[천원]","천원","197.3","185","185.5","184.9","188.7","199.8","189.1","206.2","187","165.1","173.6",
"전규모(상용근로자 10인 이상)","종합건설업","채용관련비용(모집비)[천원]","천원","3","3.2","3.4","3.4","4.6","5.3","4.6","4.3","3.4","2.4","3.5",
"전규모(상용근로자 10인 이상)","종합건설업","교육훈련비용[천원]","천원","26.5","27","24.5","21.9","23","30.6","25.5","28.5","27.5","24.2","34.3",
"전규모(상용근로자 10인 이상)","종합건설업","기타노동비용[천원]","천원","","","","-","-","-","2","2.3","5.5","3.2","3.5",
"전규모(상용근로자 10인 이상)","전문직별공사업","노동비용총액[천원]","천원","4555.5","4353.9","4142.4","3985.1","3850.1","3821.1","3755","3660.6","3275.9","2972","2993.6",
"전규모(상용근로자 10인 이상)","전문직별공사업","직접노동비용(계)[천원]","천원","3745.4","3664.3","3510.9","3235","3120.5","3100","2992.7","2826.7","2581.8","2334.8","2381",
"전규모(상용근로자 10인 이상)","전문직별공사업","정액 및 초과급여[천원]","천원","3319.6","3271.2","3159.6","2944.8","2848.4","2833.8","2734.1","2560.1","2305.5","2087.3","2114",
"전규모(상용근로자 10인 이상)","전문직별공사업","상여금 및 성과금[천원]","천원","425.8","393.1","351.3","290.2","272.1","266.2","258.6","266.6","276.2","247.6","266.9",
"전규모(상용근로자 10인 이상)","전문직별공사업","간접노동비용(계)[천원]","천원","810","689.6","631.5","750.1","729.6","721.1","762.2","833.9","694.1","637.2","612.6",
"전규모(상용근로자 10인 이상)","전문직별공사업","퇴직급여 등의 비용[천원]","천원","325.1","260.9","226.9","289.4","275.2","243.8","260.1","346.1","255","205.9","201.5",
"전규모(상용근로자 10인 이상)","전문직별공사업","현물지급비용[천원]","천원","","","","-","-","-","4.6","2.5","2.5","2.3","2.6",
"전규모(상용근로자 10인 이상)","전문직별공사업","법정노동비용[천원]","천원","325.9","301.7","292.2","309.2","313.7","298.6","269.6","273.2","262.5","236.3","242.2",
"전규모(상용근로자 10인 이상)","전문직별공사업","법정외 복지비용[천원]","천원","143.2","116","107.1","142.7","134.2","170.1","214.5","199.2","158.6","182.1","156.4",
"전규모(상용근로자 10인 이상)","전문직별공사업","채용관련비용(모집비)[천원]","천원","1.7",".8","1",".7","1",".8",".5",".7","1.2",".4",".3",
"전규모(상용근로자 10인 이상)","전문직별공사업","교육훈련비용[천원]","천원","14.1","10.2","4.3","8.2","5.5","7.8","11.9","10.8","13.1","9.3","8.6",
"전규모(상용근로자 10인 이상)","전문직별공사업","기타노동비용[천원]","천원","","","","-","-","-","1.1","1.3","1.2",".9","1",
"전규모(상용근로자 10인 이상)","G. 도매및소매업(45~47)","노동비용총액[천원]","천원","5112.3","4786.5","4577.4","4434.4","4408.4","4189","4235","3962.7","3802.8","3624","3635",
"전규모(상용근로자 10인 이상)","G. 도매및소매업(45~47)","직접노동비용(계)[천원]","천원","4195.8","3935.8","3826.3","3586.9","3577.2","3354.5","3360.1","3176.6","3089.8","2896.6","2930.5",
"전규모(상용근로자 10인 이상)","G. 도매및소매업(45~47)","정액 및 초과급여[천원]","천원","3598.1","3370.2","3329.3","3141","3114.1","2890.2","2855.1","2699.1","2547.2","2373.5","2413.1",
"전규모(상용근로자 10인 이상)","G. 도매및소매업(45~47)","상여금 및 성과금[천원]","천원","597.7","565.6","497","445.9","463.1","464.3","505","477.5","542.6","523.1","517.4",
"전규모(상용근로자 10인 이상)","G. 도매및소매업(45~47)","간접노동비용(계)[천원]","천원","916.5","850.7","751","847.5","831.2","834.5","874.9","786.1","713","727.4","704.6",
"전규모(상용근로자 10인 이상)","G. 도매및소매업(45~47)","퇴직급여 등의 비용[천원]","천원","383.4","342.1","320.4","376.2","361.8","363.9","401.5","343.3","311.1","308.8","291",
"전규모(상용근로자 10인 이상)","G. 도매및소매업(45~47)","현물지급비용[천원]","천원","","","","-","-","-","4.5","3.7","3.5","3.1","3.2",
"전규모(상용근로자 10인 이상)","G. 도매및소매업(45~47)","법정노동비용[천원]","천원","333.4","309.9","289.7","285","284.1","278.7","273.2","251.8","234","226.5","225.5",
"전규모(상용근로자 10인 이상)","G. 도매및소매업(45~47)","법정외 복지비용[천원]","천원","173.1","173.1","123.6","159.3","156.4","156.4","163.3","155","136.9","161.9","154.9",
"전규모(상용근로자 10인 이상)","G. 도매및소매업(45~47)","채용관련비용(모집비)[천원]","천원","6.2","5.3","5.9","6.9","6.2","6","7.1","5.2","6","3.1","3.1",
"전규모(상용근로자 10인 이상)","G. 도매및소매업(45~47)","교육훈련비용[천원]","천원","20.4","20.3","11.5","20","22.9","29.6","21.9","22","18.2","22.2","24.7",
"전규모(상용근로자 10인 이상)","G. 도매및소매업(45~47)","기타노동비용[천원]","천원","","","","-","-","-","3.4","5.1","3.1","1.8","2.1",
"전규모(상용근로자 10인 이상)","자동차및부품판매업","노동비용총액[천원]","천원","5573.2","4900.3","5506.1","5196.9","5300.6","5107.6","4299.2","4247.1","3948.3","3870.1","4201.6",
"전규모(상용근로자 10인 이상)","자동차및부품판매업","직접노동비용(계)[천원]","천원","4688","4084.7","4801.3","4383.1","4490.3","4345.1","3614","3613.7","3313.4","3105.8","3460",
"전규모(상용근로자 10인 이상)","자동차및부품판매업","정액 및 초과급여[천원]","천원","3417.9","3149.5","3879.2","3547.6","3490","3294.9","2920.4","3008.4","3133.7","2906.2","2954.9",
"전규모(상용근로자 10인 이상)","자동차및부품판매업","상여금 및 성과금[천원]","천원","1270.1","935.3","922.1","835.6","1000.3","1050.2","693.6","605.4","179.7","199.6","505.1",
"전규모(상용근로자 10인 이상)","자동차및부품판매업","간접노동비용(계)[천원]","천원","885.2","815.5","704.8","813.8","810.2","762.5","685.3","633.4","634.8","764.3","741.6",
"전규모(상용근로자 10인 이상)","자동차및부품판매업","퇴직급여 등의 비용[천원]","천원","355.7","372.6","339.6","392.6","352.6","314.7","294.2","235.9","235","242.7","248",
"전규모(상용근로자 10인 이상)","자동차및부품판매업","현물지급비용[천원]","천원","","","","-","-","-","3.2","1.4","0",".7","0",
"전규모(상용근로자 10인 이상)","자동차및부품판매업","법정노동비용[천원]","천원","342.9","312.3","272.8","333","338","333.6","282.9","270.4","254.9","246.7","237.7",
"전규모(상용근로자 10인 이상)","자동차및부품판매업","법정외 복지비용[천원]","천원","158.7","106","79.5","80.4","113.9","103","95.6","120.3","130.4","258.2","207.4",
"전규모(상용근로자 10인 이상)","자동차및부품판매업","채용관련비용(모집비)[천원]","천원","5.5","7.4","2","2.4","2.2","2.6","3.6","1.6","9.3","2.3","13.4",
"전규모(상용근로자 10인 이상)","자동차및부품판매업","교육훈련비용[천원]","천원","22.4","17.2","10.9","5.3","3.5","8.6","5.3","3.7","4.7","13.8","35.1",
"전규모(상용근로자 10인 이상)","자동차및부품판매업","기타노동비용[천원]","천원","","","","-","-","-",".4",".1",".5","0","0",
"전규모(상용근로자 10인 이상)","도매및상품중개업","노동비용총액[천원]","천원","5631.9","5310.1","4974.3","4853.7","4818.2","4617.3","4611.5","4245.1","3895.6","3728.8","3747.3",
"전규모(상용근로자 10인 이상)","도매및상품중개업","직접노동비용(계)[천원]","천원","4651.3","4411.1","4189.5","3934.8","3917.7","3700.7","3668.9","3401.3","3163.5","2991.3","3040",
"전규모(상용근로자 10인 이상)","도매및상품중개업","정액 및 초과급여[천원]","천원","4002.8","3771.3","3668.7","3492.5","3456","3232.1","3154.6","2957.4","2665.6","2499.5","2563.1",
"전규모(상용근로자 10인 이상)","도매및상품중개업","상여금 및 성과금[천원]","천원","648.5","639.7","520.8","442.3","461.8","468.7","514.3","443.9","497.9","491.7","476.9",
"전규모(상용근로자 10인 이상)","도매및상품중개업","간접노동비용(계)[천원]","천원","980.6","899","784.8","918.9","900.5","916.6","942.6","843.8","732","737.5","707.3",
"전규모(상용근로자 10인 이상)","도매및상품중개업","퇴직급여 등의 비용[천원]","천원","421.3","357.9","347.2","427","410.3","409.9","439.3","370.9","314.8","315.1","294.6",
"전규모(상용근로자 10인 이상)","도매및상품중개업","현물지급비용[천원]","천원","","","","-","-","-","3.5","3.1","3.1","3.5","1.9",
"전규모(상용근로자 10인 이상)","도매및상품중개업","법정노동비용[천원]","천원","354.6","327.9","304.2","301.7","300.3","302.7","292.9","266","244.2","231.1","232.1",
"전규모(상용근로자 10인 이상)","도매및상품중개업","법정외 복지비용[천원]","천원","176","186.8","118.3","160.2","156.1","163.4","171.1","168.3","142.5","160.8","152.4",
"전규모(상용근로자 10인 이상)","도매및상품중개업","채용관련비용(모집비)[천원]","천원","6.1","5.1","6.6","7.7","7.2","6.8","8.7","6.2","5.9","3.1","3.1",
"전규모(상용근로자 10인 이상)","도매및상품중개업","교육훈련비용[천원]","천원","22.7","21.3","8.5","22.3","26.6","33.8","24.1","23.2","20","21.9","21.7",
"전규모(상용근로자 10인 이상)","도매및상품중개업","기타노동비용[천원]","천원","","","","-","-","-","2.8","6.2","1.5","2","1.6",
"전규모(상용근로자 10인 이상)","소매업;자동차제외","노동비용총액[천원]","천원","3783.9","3718.8","3716.1","3586.4","3466.8","3429.7","3462.4","3371.9","3595.4","3371.4","3343.2",
"전규모(상용근로자 10인 이상)","소매업;자동차제외","직접노동비용(계)[천원]","천원","3019.1","2961.9","3023.6","2871.2","2771.6","2728","2703.4","2686.1","2915","2669.5","2647.7",
"전규모(상용근로자 10인 이상)","소매업;자동차제외","정액 및 초과급여[천원]","천원","2638.4","2584.5","2621.6","2447.5","2378.1","2301.1","2238.8","2154","2245.2","2052.9","2040.4",
"전규모(상용근로자 10인 이상)","소매업;자동차제외","상여금 및 성과금[천원]","천원","380.8","377.4","402","423.7","393.5","427","464.6","532.2","669.9","616.6","607.2",
"전규모(상용근로자 10인 이상)","소매업;자동차제외","간접노동비용(계)[천원]","천원","764.8","756.9","692.5","715.2","695.2","701.7","759","685.7","680.4","701.9","695.5",
"전규모(상용근로자 10인 이상)","소매업;자동차제외","퇴직급여 등의 비용[천원]","천원","295.1","307","267.3","279.3","265.7","289.9","336.8","298.6","310.5","299.5","286.6",
"전규모(상용근로자 10인 이상)","소매업;자동차제외","현물지급비용[천원]","천원","","","","-","-","-","6.5","5.1","4.6","2.4","6.6",
"전규모(상용근로자 10인 이상)","소매업;자동차제외","법정노동비용[천원]","천원","280.5","273.3","264.2","250","244.2","236","232","221.6","210.8","214.7","210",
"전규모(상용근로자 10인 이상)","소매업;자동차제외","법정외 복지비용[천원]","천원","168.2","152.5","138.8","163.5","162.6","147.5","155.1","132","125.9","157.3","156.2",
"전규모(상용근로자 10인 이상)","소매업;자동차제외","채용관련비용(모집비)[천원]","천원","6.7","5.5","5","5.6","4.7","4.7","4.3","3.5","5.8","3","2.3",
"전규모(상용근로자 10인 이상)","소매업;자동차제외","교육훈련비용[천원]","천원","14.5","18.6","17.3","16.7","18","23.6","19.5","21.4","15.9","23.6","30.5",
"전규모(상용근로자 10인 이상)","소매업;자동차제외","기타노동비용[천원]","천원","","","","-","-","-","4.8","3.5","6.7","1.4","3.5",
"전규모(상용근로자 10인 이상)","H. 운수업(49~52)","노동비용총액[천원]","천원","4136.5","3889.3","3770.6","3548.9","3481.7","3358","3398.7","3219.6","2952","2723.2","2702.7",
"전규모(상용근로자 10인 이상)","H. 운수업(49~52)","직접노동비용(계)[천원]","천원","3362","3142.1","3046.2","2866.7","2803.8","2701.4","2662.9","2501.1","2355.8","2148.7","2120.7",
"전규모(상용근로자 10인 이상)","H. 운수업(49~52)","정액 및 초과급여[천원]","천원","2838.3","2652.3","2595.5","2420","2370.7","2241.1","2208.2","2060.7","1923","1757.8","1708.2",
"전규모(상용근로자 10인 이상)","H. 운수업(49~52)","상여금 및 성과금[천원]","천원","523.7","489.7","450.7","446.7","433.1","460.3","454.7","440.4","432.9","390.9","412.5",
"전규모(상용근로자 10인 이상)","H. 운수업(49~52)","간접노동비용(계)[천원]","천원","774.5","747.2","724.4","682.2","677.9","656.6","735.8","718.5","596.2","574.5","582",
"전규모(상용근로자 10인 이상)","H. 운수업(49~52)","퇴직급여 등의 비용[천원]","천원","283.1","307.2","288","284.9","277.3","263.3","338.9","353.5","254.3","251.2","253.7",
"전규모(상용근로자 10인 이상)","H. 운수업(49~52)","현물지급비용[천원]","천원","","","","-","-","-","1.9","2.3","1",".8","1.3",
"전규모(상용근로자 10인 이상)","H. 운수업(49~52)","법정노동비용[천원]","천원","292.6","271","267.8","248.1","244.2","234.4","229","211.4","191.6","183.3","180.7",
"전규모(상용근로자 10인 이상)","H. 운수업(49~52)","법정외 복지비용[천원]","천원","182.2","150.5","156.5","138.4","145.9","146.9","152.9","139.8","135.7","124.6","128.2",
"전규모(상용근로자 10인 이상)","H. 운수업(49~52)","채용관련비용(모집비)[천원]","천원","2","1.8","1.6","1.6","1.5","1.8",".9",".7","1",".8","1",
"전규모(상용근로자 10인 이상)","H. 운수업(49~52)","교육훈련비용[천원]","천원","14.6","16.6","10.5","9.2","8.9","10.2","9.5","9.1","10.6","12","15.2",
"전규모(상용근로자 10인 이상)","H. 운수업(49~52)","기타노동비용[천원]","천원","","","","-","-","-","2.7","1.7","2","1.9","1.9",
"전규모(상용근로자 10인 이상)","육상운송및파이프라인운송업","노동비용총액[천원]","천원","3245.5","3051.9","3017","2747.2","2662.3","2524.9","2495.3","2405.4","2201.2","2045","1971.8",
"전규모(상용근로자 10인 이상)","육상운송및파이프라인운송업","직접노동비용(계)[천원]","천원","2678.4","2497.6","2466.6","2209.3","2166.9","2048.7","2004.5","1933.9","1772.4","1607.4","1541.8",
"전규모(상용근로자 10인 이상)","육상운송및파이프라인운송업","정액 및 초과급여[천원]","천원","2317.4","2172.6","2143.9","1943.6","1911.4","1781.7","1749.8","1680.9","1484.4","1351.2","1295.7",
"전규모(상용근로자 10인 이상)","육상운송및파이프라인운송업","상여금 및 성과금[천원]","천원","361","325","322.6","265.7","255.4","267","254.8","253","288","256.3","246",
"전규모(상용근로자 10인 이상)","육상운송및파이프라인운송업","간접노동비용(계)[천원]","천원","567.1","554.4","550.5","537.9","495.4","476.2","490.7","471.5","428.8","437.5","430",
"전규모(상용근로자 10인 이상)","육상운송및파이프라인운송업","퇴직급여 등의 비용[천원]","천원","200.7","236.3","216.8","246.6","197.3","194.1","206.4","205.1","188.7","194.4","188.2",
"전규모(상용근로자 10인 이상)","육상운송및파이프라인운송업","현물지급비용[천원]","천원","","","","-","-","-","1.4","2.1","1.1",".9","1.7",
"전규모(상용근로자 10인 이상)","육상운송및파이프라인운송업","법정노동비용[천원]","천원","239.7","216.7","224.3","199","202.3","189.3","181.6","173","154.5","146.9","143.8",
"전규모(상용근로자 10인 이상)","육상운송및파이프라인운송업","법정외 복지비용[천원]","천원","117.5","93.7","103.2","87.2","90.6","85.6","96.6","87.3","79.9","89.5","91.1",
"전규모(상용근로자 10인 이상)","육상운송및파이프라인운송업","채용관련비용(모집비)[천원]","천원","1.9","1.8","1.6","1.1","1.3",".8",".5",".4",".6",".3",".5",
"전규모(상용근로자 10인 이상)","육상운송및파이프라인운송업","교육훈련비용[천원]","천원","7.3","5.8","4.5","4","3.9","6.5","3.5","2.4","3.1","3.6","3.6",
"전규모(상용근로자 10인 이상)","육상운송및파이프라인운송업","기타노동비용[천원]","천원","","","","-","-","-",".8","1.2",".8","1.8","1.1",
"전규모(상용근로자 10인 이상)","수상운송업","노동비용총액[천원]","천원","6177.7","5773.9","5544.2","5787.9","6621.1","6377.2","6958.3","6363.3","5873.4","5117.6","4850.3",
"전규모(상용근로자 10인 이상)","수상운송업","직접노동비용(계)[천원]","천원","5045.5","4671","4527.2","4766.6","4876","5092.9","5209.8","4896.7","4465","3883.2","3781.9",
"전규모(상용근로자 10인 이상)","수상운송업","정액 및 초과급여[천원]","천원","4699.3","4270.6","4170.3","4241.4","4220.7","4288.6","4208.7","3834.1","3850","3349.5","3017.6",
"전규모(상용근로자 10인 이상)","수상운송업","상여금 및 성과금[천원]","천원","346.2","400.4","356.9","525.2","655.3","804.2","1001.1","1062.5","615","533.8","764.3",
"전규모(상용근로자 10인 이상)","수상운송업","간접노동비용(계)[천원]","천원","1132.3","1102.9","1016.9","1021.3","1745.1","1284.3","1748.5","1466.6","1408.4","1234.4","1068.4",
"전규모(상용근로자 10인 이상)","수상운송업","퇴직급여 등의 비용[천원]","천원","519.4","544.4","488.4","417.6","1105.6","512.6","777.3","653.7","633.7","676.2","466.3",
"전규모(상용근로자 10인 이상)","수상운송업","현물지급비용[천원]","천원","","","","-","-","-",".8","1.5","1.3","0","0",
"전규모(상용근로자 10인 이상)","수상운송업","법정노동비용[천원]","천원","348.7","318.1","321","312.5","320.5","326.3","327.3","315.9","283.7","257.2","246.4",
"전규모(상용근로자 10인 이상)","수상운송업","법정외 복지비용[천원]","천원","243.4","226.8","192.2","263.2","291.1","410.6","563.3","437.6","406","272.1","301.2",
"전규모(상용근로자 10인 이상)","수상운송업","채용관련비용(모집비)[천원]","천원","2.6","1.2","1.2","1.2",".9","5.8","3.8","1.8","4.2","1.6","1.8",
"전규모(상용근로자 10인 이상)","수상운송업","교육훈련비용[천원]","천원","18.1","12.5","14.1","26.9","27","29.1","60.6","44.5","65.9","21.4","46.6",
"전규모(상용근로자 10인 이상)","수상운송업","기타노동비용[천원]","천원","","","","-","-","-","15.3","11.6","13.7","5.8","6.1",
"전규모(상용근로자 10인 이상)","항공운송업","노동비용총액[천원]","천원","7247.1","7008.2","6762.1","6698.7","6273.2","5998.9","5868.2","6042.8","6798","5837.6","5593.8",
"전규모(상용근로자 10인 이상)","항공운송업","직접노동비용(계)[천원]","천원","5753.9","5477.7","5448.5","5476.4","5087.4","4964.1","4819.9","4863","5657.5","4813.8","4389.1",
"전규모(상용근로자 10인 이상)","항공운송업","정액 및 초과급여[천원]","천원","4116.2","3885.8","3928.9","3842.3","3606.3","3434.9","3433.5","3563.4","3918.2","3361.1","3007.3",
"전규모(상용근로자 10인 이상)","항공운송업","상여금 및 성과금[천원]","천원","1637.7","1591.9","1519.6","1634.1","1481.1","1529.3","1386.4","1299.6","1739.3","1452.7","1381.9",
"전규모(상용근로자 10인 이상)","항공운송업","간접노동비용(계)[천원]","천원","1493.1","1530.5","1313.5","1222.2","1185.8","1034.7","1048.3","1179.8","1140.5","1023.8","1204.6",
"전규모(상용근로자 10인 이상)","항공운송업","퇴직급여 등의 비용[천원]","천원","420.5","462.3","356.6","306.8","367.6","254.8","312.9","381.9","252.6","200.2","426",
"전규모(상용근로자 10인 이상)","항공운송업","현물지급비용[천원]","천원","","","","-","-","-","0","0","0","0","0",
"전규모(상용근로자 10인 이상)","항공운송업","법정노동비용[천원]","천원","501.7","520.8","459.4","491.8","414.6","386.6","375.6","364.5","392.7","380.4","349.5",
"전규모(상용근로자 10인 이상)","항공운송업","법정외 복지비용[천원]","천원","490","427.6","438.1","389","375","364.4","321.4","365.2","425.3","345.8","316.2",
"전규모(상용근로자 10인 이상)","항공운송업","채용관련비용(모집비)[천원]","천원","2.8","2.5","2","3.1","2.5","2.6","2.3","2.2","4.1","2.7","2.9",
"전규모(상용근로자 10인 이상)","항공운송업","교육훈련비용[천원]","천원","78.3","117.2","57.4","31.5","26.1","26.3","36","65.9","64.1","92.8","103.2",
"전규모(상용근로자 10인 이상)","항공운송업","기타노동비용[천원]","천원","","","","-","-","-","0","0","1.6","1.8","6.8",
"전규모(상용근로자 10인 이상)","창고및운송관련서비스업","노동비용총액[천원]","천원","5015.7","4862.6","4625.3","4519.3","4270.7","4349.6","4488","4503.9","3871.6","3522.9","3467.2",
"전규모(상용근로자 10인 이상)","창고및운송관련서비스업","직접노동비용(계)[천원]","천원","4008.5","3901.9","3648.8","3641.8","3476.6","3399.9","3340.1","3194.2","3001.6","2773.9","2748.5",
"전규모(상용근로자 10인 이상)","창고및운송관련서비스업","정액 및 초과급여[천원]","천원","3431.8","3325.4","3174.5","3046.8","2906.2","2777.3","2713","2511.2","2480.9","2293","2257.7",
"전규모(상용근로자 10인 이상)","창고및운송관련서비스업","상여금 및 성과금[천원]","천원","576.7","576.5","474.3","595","570.4","622.6","627.1","683","520.7","481","490.9",
"전규모(상용근로자 10인 이상)","창고및운송관련서비스업","간접노동비용(계)[천원]","천원","1007.2","960.8","976.5","877.5","794.1","949.6","1147.9","1309.7","870","749","718.6",
"전규모(상용근로자 10인 이상)","창고및운송관련서비스업","퇴직급여 등의 비용[천원]","천원","417","417.9","435.8","367","277.5","429.8","665.8","840.3","427.1","369.5","354.7",
"전규모(상용근로자 10인 이상)","창고및운송관련서비스업","현물지급비용[천원]","천원","","","","-","-","-","4.6","3.9","1.2",".8","1",
"전규모(상용근로자 10인 이상)","창고및운송관련서비스업","법정노동비용[천원]","천원","349.1","329.7","319.2","305.2","297.7","304.4","306.5","275.8","252.6","232.6","222.7",
"전규모(상용근로자 10인 이상)","창고및운송관련서비스업","법정외 복지비용[천원]","천원","231.1","200.3","209","188.4","202.9","199.9","158.9","182.1","182.2","132","127.9",
"전규모(상용근로자 10인 이상)","창고및운송관련서비스업","채용관련비용(모집비)[천원]","천원","1.5","1.8","1.3","2.4","1.8","3.6",".6",".7",".4","1.8","1.7",
"전규모(상용근로자 10인 이상)","창고및운송관련서비스업","교육훈련비용[천원]","천원","8.5","11","11.1","14.4","14.2","11.9","5.2","4.8","3.6","11.3","9.5",
"전규모(상용근로자 10인 이상)","창고및운송관련서비스업","기타노동비용[천원]","천원","","","","-","-","-","6.3","2.1","3","1","1.2",
"전규모(상용근로자 10인 이상)","I. 숙박및음식점업(55~56)","노동비용총액[천원]","천원","3352.5","3175.8","3151.9","3077.9","3057.6","2970","2797.4","2848.1","2738.4","2623.1","2596.4",
"전규모(상용근로자 10인 이상)","I. 숙박및음식점업(55~56)","직접노동비용(계)[천원]","천원","2736.4","2644.4","2539.3","2444","2426.4","2299.2","2108.8","2083.6","2117.9","2053.2","2031.7",
"전규모(상용근로자 10인 이상)","I. 숙박및음식점업(55~56)","정액 및 초과급여[천원]","천원","2366.5","2274.8","2160.9","2064.1","1971.8","1853.6","1748.8","1717.5","1762.6","1710.6","1702.8",
"전규모(상용근로자 10인 이상)","I. 숙박및음식점업(55~56)","상여금 및 성과금[천원]","천원","369.9","369.6","378.4","379.9","454.6","445.7","360","366.1","355.2","342.6","328.9",
"전규모(상용근로자 10인 이상)","I. 숙박및음식점업(55~56)","간접노동비용(계)[천원]","천원","616.1","531.4","612.6","633.9","631.2","670.8","688.5","764.6","620.5","569.9","564.7",
"전규모(상용근로자 10인 이상)","I. 숙박및음식점업(55~56)","퇴직급여 등의 비용[천원]","천원","255.2","208.9","242.6","253.3","257.6","291","344.4","420.9","274.8","258.3","259.5",
"전규모(상용근로자 10인 이상)","I. 숙박및음식점업(55~56)","현물지급비용[천원]","천원","","","","-","-","-","16.3","11.5","3.1","2.1","1.2",
"전규모(상용근로자 10인 이상)","I. 숙박및음식점업(55~56)","법정노동비용[천원]","천원","226.7","206.4","216.8","223.2","220.2","216.9","181.6","176.8","173.4","170.1","166.2",
"전규모(상용근로자 10인 이상)","I. 숙박및음식점업(55~56)","법정외 복지비용[천원]","천원","118.5","100.8","136.2","140.9","136.4","140.7","124.3","129.7","134.2","115.7","116.1",
"전규모(상용근로자 10인 이상)","I. 숙박및음식점업(55~56)","채용관련비용(모집비)[천원]","천원","4.5","3.3","3.2","2.8","3.3","6.2","2.9","3","2.7","2.5","3.2",
"전규모(상용근로자 10인 이상)","I. 숙박및음식점업(55~56)","교육훈련비용[천원]","천원","11.3","11.9","13.8","13.7","13.7","15.9","16.5","18.6","27.6","19.8","16.6",
"전규모(상용근로자 10인 이상)","I. 숙박및음식점업(55~56)","기타노동비용[천원]","천원","","","","-","-","-","2.6","4","4.7","1.5","2.1",
"전규모(상용근로자 10인 이상)","숙박업","노동비용총액[천원]","천원","4258.2","4208.3","4066.4","3870","3810.4","4021.1","4220.6","4129.1","3809.5","3418.1","3217.6",
"전규모(상용근로자 10인 이상)","숙박업","직접노동비용(계)[천원]","천원","3260.1","3256.2","3160.1","3025.3","3021.2","2970.5","3077.4","2937.8","2798.6","2600.2","2440.8",
"전규모(상용근로자 10인 이상)","숙박업","정액 및 초과급여[천원]","천원","2673.5","2563.6","2419","2340.2","2252.5","2208.3","2355","2259.7","2232.1","2081.1","1944.9",
"전규모(상용근로자 10인 이상)","숙박업","상여금 및 성과금[천원]","천원","586.6","692.6","741.1","685.2","768.6","762.3","722.4","678","566.6","519.1","495.9",
"전규모(상용근로자 10인 이상)","숙박업","간접노동비용(계)[천원]","천원","998.1","952.1","906.3","844.7","789.3","1050.6","1143.2","1191.3","1010.9","817.9","776.8",
"전규모(상용근로자 10인 이상)","숙박업","퇴직급여 등의 비용[천원]","천원","392.7","385.2","341.8","327.1","284.3","447.2","616.3","652.3","439.8","385.3","379.5",
"전규모(상용근로자 10인 이상)","숙박업","현물지급비용[천원]","천원","","","","-","-","-","12","5.7","3","1.3",".8",
"전규모(상용근로자 10인 이상)","숙박업","법정노동비용[천원]","천원","306.1","292","284.3","268.9","256.6","285","247.7","245.5","241.4","214.6","207.6",
"전규모(상용근로자 10인 이상)","숙박업","법정외 복지비용[천원]","천원","267.5","247.6","253.9","222.2","221.9","279.7","240.9","245.6","256.8","184.3","161.8",
"전규모(상용근로자 10인 이상)","숙박업","채용관련비용(모집비)[천원]","천원","10.4","3.2","4.9","3.1","3.3","4.8","2.2","3.1","2.3","2.8","3.5",
"전규모(상용근로자 10인 이상)","숙박업","교육훈련비용[천원]","천원","21.4","24.1","21.4","23.3","23.2","34","21.8","30.5","56.4","27.6","21.6",
"전규모(상용근로자 10인 이상)","숙박업","기타노동비용[천원]","천원","","","","-","-","-","2.3","8.7","11.3","1.9","2",
"전규모(상용근로자 10인 이상)","음식점및주점업","노동비용총액[천원]","천원","3081.6","2933.9","2843.5","2688.4","2645","2460.1","2220.8","2251.6","2134.1","1981.5","2057.9",
"전규모(상용근로자 10인 이상)","음식점및주점업","직접노동비용(계)[천원]","천원","2579.7","2501.1","2329.9","2158.2","2100.5","1973.6","1716.4","1685.8","1733.8","1611.7","1677.1",
"전규모(상용근로자 10인 이상)","음식점및주점업","정액 및 초과급여[천원]","천원","2274.7","2207.2","2073.8","1928.4","1818","1681.5","1503.2","1464.9","1497.8","1411.6","1492.9",
"전규모(상용근로자 10인 이상)","음식점및주점업","상여금 및 성과금[천원]","천원","305.1","293.9","256.1","229.9","282.5","292.1","213.2","220.8","236","200.1","184.1",
"전규모(상용근로자 10인 이상)","음식점및주점업","간접노동비용(계)[천원]","천원","501.9","432.8","513.6","530.2","544.5","486.5","504.3","565.9","400.3","369.8","380.8",
"전규모(상용근로자 10인 이상)","음식점및주점업","퇴직급여 등의 비용[천원]","천원","214","167.6","209.2","216.9","243","215.2","234.2","313.2","181.7","155.8","155.5",
"전규모(상용근로자 10인 이상)","음식점및주점업","현물지급비용[천원]","천원","","","","-","-","-","18","14.2","3.1","2.8","1.6",
"전규모(상용근로자 10인 이상)","음식점및주점업","법정노동비용[천원]","천원","202.9","186.4","194.1","200.7","200.3","183.9","154.7","144.8","135.1","134.2","130.2",
"전규모(상용근로자 10인 이상)","음식점및주점업","법정외 복지비용[천원]","천원","73.9","66.4","96.5","101","89.5","73.3","77","75.8","65.1","60.3","76.4",
"전규모(상용근로자 10인 이상)","음식점및주점업","채용관련비용(모집비)[천원]","천원","2.7","3.3","2.6","2.6","3.3","6.9","3.2","3","2.8","2.2","2.8",
"전규모(상용근로자 10인 이상)","음식점및주점업","교육훈련비용[천원]","천원","8.3","9.1","11.2","9","8.5","7.2","14.4","13.1","11.4","13.4","12.2",
"전규모(상용근로자 10인 이상)","음식점및주점업","기타노동비용[천원]","천원","","","","-","-","-","2.7","1.8","1.1","1.2","2.1",
"전규모(상용근로자 10인 이상)","J. 출판,영상,방송통신및정보서비스업(58~63)","노동비용총액[천원]","천원","5687.3","5484.7","5285","5141.6","5090.2","5088.6","4827.6","4520.9","4266.5","3905.1","3858.7",
"전규모(상용근로자 10인 이상)","J. 출판,영상,방송통신및정보서비스업(58~63)","직접노동비용(계)[천원]","천원","4580.8","4455","4332.7","4184.1","4084.1","4017.8","3852.8","3643.5","3496.1","3191.8","3131.1",
"전규모(상용근로자 10인 이상)","J. 출판,영상,방송통신및정보서비스업(58~63)","정액 및 초과급여[천원]","천원","3945","3825.2","3732.9","3645.6","3530.9","3446.1","3234","3051.3","2985.6","2746.9","2709.4",
"전규모(상용근로자 10인 이상)","J. 출판,영상,방송통신및정보서비스업(58~63)","상여금 및 성과금[천원]","천원","635.8","629.8","599.8","538.6","553.2","571.7","618.8","592.2","510.5","444.9","421.7",
"전규모(상용근로자 10인 이상)","J. 출판,영상,방송통신및정보서비스업(58~63)","간접노동비용(계)[천원]","천원","1106.5","1029.7","952.3","957.5","1006.1","1070.8","974.8","877.3","770.4","713.4","727.6",
"전규모(상용근로자 10인 이상)","J. 출판,영상,방송통신및정보서비스업(58~63)","퇴직급여 등의 비용[천원]","천원","442.6","393.8","377.4","369.2","390.4","450.2","413.6","370.8","317.4","291.3","282.7",
"전규모(상용근로자 10인 이상)","J. 출판,영상,방송통신및정보서비스업(58~63)","현물지급비용[천원]","천원","","","","-","-","-","1.3","2.7","1.1","1.7","1.1",
"전규모(상용근로자 10인 이상)","J. 출판,영상,방송통신및정보서비스업(58~63)","법정노동비용[천원]","천원","396.9","373.1","345.6","345.9","344.8","340","307.3","275.7","266.3","246.9","241.3",
"전규모(상용근로자 10인 이상)","J. 출판,영상,방송통신및정보서비스업(58~63)","법정외 복지비용[천원]","천원","217.9","209","178.4","190.6","209.4","219.1","194.4","175.7","132.9","131.5","148",
"전규모(상용근로자 10인 이상)","J. 출판,영상,방송통신및정보서비스업(58~63)","채용관련비용(모집비)[천원]","천원","7.7","9.2","8","7.1","8","8","5.7","6.1","8","3.9","5.4",
"전규모(상용근로자 10인 이상)","J. 출판,영상,방송통신및정보서비스업(58~63)","교육훈련비용[천원]","천원","41.3","44.5","42.9","44.7","53.6","53.4","42.8","39.8","36.9","31","41.3",
"전규모(상용근로자 10인 이상)","J. 출판,영상,방송통신및정보서비스업(58~63)","기타노동비용[천원]","천원","","","","-","-","-","9.8","6.4","7.8","7","7.7",
"전규모(상용근로자 10인 이상)","출판업","노동비용총액[천원]","천원","5143.1","4848.3","4663.6","4657","4582.5","4580.8","4089.7","3868","3531.6","3373.2","3222.3",
"전규모(상용근로자 10인 이상)","출판업","직접노동비용(계)[천원]","천원","4213.5","4017.1","3854","3810.6","3685","3659.2","3355.2","3213.4","2920.7","2799.8","2682",
"전규모(상용근로자 10인 이상)","출판업","정액 및 초과급여[천원]","천원","3813.2","3652.1","3419.9","3424.7","3319.3","3265.8","2950","2764","2633.4","2501.4","2429.5",
"전규모(상용근로자 10인 이상)","출판업","상여금 및 성과금[천원]","천원","400.3","365.1","434.1","385.9","365.6","393.4","405.1","449.4","287.3","298.4","252.5",
"전규모(상용근로자 10인 이상)","출판업","간접노동비용(계)[천원]","천원","929.6","831.1","809.5","846.4","897.6","921.6","734.5","654.6","610.9","573.4","540.3",
"전규모(상용근로자 10인 이상)","출판업","퇴직급여 등의 비용[천원]","천원","415.8","352.7","370.7","339.3","396.4","424.8","318","283.4","249.6","248.9","216.3",
"전규모(상용근로자 10인 이상)","출판업","현물지급비용[천원]","천원","","","","-","-","-","1","2.7","1.4","2.3","1.6",
"전규모(상용근로자 10인 이상)","출판업","법정노동비용[천원]","천원","358.6","329","305.2","317.4","312.9","301.9","265","236.5","226.9","211.8","207.1",
"전규모(상용근로자 10인 이상)","출판업","법정외 복지비용[천원]","천원","133.7","127.5","106.2","158.1","155.1","144.8","114.9","113.6","107.5","97.9","94",
"전규모(상용근로자 10인 이상)","출판업","채용관련비용(모집비)[천원]","천원","5.7","8.5","7.7","5.4","5.4","8.3","4","2.7","8.3","1.4","2.9",
"전규모(상용근로자 10인 이상)","출판업","교육훈련비용[천원]","천원","15.9","13.5","19.6","26.2","27.7","41.8","22.4","15","15.1","10.4","18.1",
"전규모(상용근로자 10인 이상)","출판업","기타노동비용[천원]","천원","","","","-","-","-","9.4",".7","2.2",".7",".3",
"전규모(상용근로자 10인 이상)","영상·오디오기록물제작및배급업","노동비용총액[천원]","천원","4845.6","4559.6","4489.5","4365.4","4216.7","4326.4","3523","3411","-","2284.2","2519",
"전규모(상용근로자 10인 이상)","영상·오디오기록물제작및배급업","직접노동비용(계)[천원]","천원","4034.6","3779.9","3645.5","3644.1","3532","3567.9","2954.5","2844.8","-","1973.2","2161.4",
"전규모(상용근로자 10인 이상)","영상·오디오기록물제작및배급업","정액 및 초과급여[천원]","천원","3719.9","3421.1","3292.1","3312.2","3185.7","3146.6","2794.1","2705","-","1937.2","2131.3",
"전규모(상용근로자 10인 이상)","영상·오디오기록물제작및배급업","상여금 및 성과금[천원]","천원","314.7","358.8","353.4","331.9","346.3","421.3","160.4","139.8","-","36","30.1",
"전규모(상용근로자 10인 이상)","영상·오디오기록물제작및배급업","간접노동비용(계)[천원]","천원","811","779.6","844","721.3","684.7","758.5","568.5","566.2","-","311.1","357.6",
"전규모(상용근로자 10인 이상)","영상·오디오기록물제작및배급업","퇴직급여 등의 비용[천원]","천원","317.4","260.9","386.8","243.8","229.2","255.6","178.8","181.7","-","102.4","122.9",
"전규모(상용근로자 10인 이상)","영상·오디오기록물제작및배급업","현물지급비용[천원]","천원","","","","-","-","-","1.6","4.1","-",".8","1.6",
"전규모(상용근로자 10인 이상)","영상·오디오기록물제작및배급업","법정노동비용[천원]","천원","303.4","286.8","305.4","310.4","306.4","349.5","229.9","210","-","173.8","185.9",
"전규모(상용근로자 10인 이상)","영상·오디오기록물제작및배급업","법정외 복지비용[천원]","천원","172.2","211.6","136.5","129.2","114.5","115.9","127.9","109.6","-","33","47.1",
"전규모(상용근로자 10인 이상)","영상·오디오기록물제작및배급업","채용관련비용(모집비)[천원]","천원","4.3","5.7","3.3","9.2","7.5","7.9","24.1","54.1","-","0",".1",
"전규모(상용근로자 10인 이상)","영상·오디오기록물제작및배급업","교육훈련비용[천원]","천원","13.6","14.6","11.9","28.7","27.1","29.6","6.1","6.6","-","1","0",
"전규모(상용근로자 10인 이상)","영상·오디오기록물제작및배급업","기타노동비용[천원]","천원","","","","-","-","-","0","0","-","0","0",
"전규모(상용근로자 10인 이상)","방송업","노동비용총액[천원]","천원","7132.7","6709.1","6628.4","6734.5","6523.5","7478.1","6694.2","6785.3","5122.1","4845.4","5013.6",
"전규모(상용근로자 10인 이상)","방송업","직접노동비용(계)[천원]","천원","5556.9","5331.4","5277.3","5506.9","5335.9","5304.4","5244","5149.9","4091.5","3936.5","4020.2",
"전규모(상용근로자 10인 이상)","방송업","정액 및 초과급여[천원]","천원","4432.7","4265.3","4235.3","4296.9","4167.8","4051.6","3744.9","3502.4","3241.5","3083.3","3122.4",
"전규모(상용근로자 10인 이상)","방송업","상여금 및 성과금[천원]","천원","1124.2","1066.1","1042","1210","1168.1","1252.8","1499.1","1647.5","850","853.2","897.8",
"전규모(상용근로자 10인 이상)","방송업","간접노동비용(계)[천원]","천원","1575.8","1377.8","1351.1","1227.6","1187.6","2173.7","1450.1","1635.4","1030.5","908.9","993.4",
"전규모(상용근로자 10인 이상)","방송업","퇴직급여 등의 비용[천원]","천원","604.5","555.2","494.8","493.7","484.1","1440.6","619.3","819.3","358","404.1","457.3",
"전규모(상용근로자 10인 이상)","방송업","현물지급비용[천원]","천원","","","","-","-","-","2.1","3",".5","1.2",".9",
"전규모(상용근로자 10인 이상)","방송업","법정노동비용[천원]","천원","486.2","466.8","452.6","432.9","429.4","412.9","445.6","367.8","325.3","307.8","315.6",
"전규모(상용근로자 10인 이상)","방송업","법정외 복지비용[천원]","천원","418.9","307.1","341.5","245.1","230.9","295.2","321.7","382","308.5","158.6","174.4",
"전규모(상용근로자 10인 이상)","방송업","채용관련비용(모집비)[천원]","천원","12.5","10","15.3","8.3","6.1","4.7","11.4","7.5","5.7","2.8","3.1",
"전규모(상용근로자 10인 이상)","방송업","교육훈련비용[천원]","천원","53.7","38.7","47","47.6","37.1","20.3","49.6","54.8","29.6","29.7","34.5",
"전규모(상용근로자 10인 이상)","방송업","기타노동비용[천원]","천원","","","","-","-","-",".5","1.1","3.1","4.7","7.7",
"전규모(상용근로자 10인 이상)","통신업","노동비용총액[천원]","천원","7347.4","7212.2","7012.4","6969.5","6788.6","6562","6742.6","5957.9","5447.7","5308.8","6305.7",
"전규모(상용근로자 10인 이상)","통신업","직접노동비용(계)[천원]","천원","5662.5","5565.3","5492.8","5351","5122.6","4961.2","5055.8","4559.9","4331.3","4144.8","4525.4",
"전규모(상용근로자 10인 이상)","통신업","정액 및 초과급여[천원]","천원","4261.2","4115","4206.5","4164.3","3949.3","3864.9","3811.6","3563.8","3280.5","3063.7","3465.1",
"전규모(상용근로자 10인 이상)","통신업","상여금 및 성과금[천원]","천원","1401.3","1450.3","1286.3","1186.7","1173.2","1096.4","1244.2","996.1","1050.8","1081.1","1060.3",
"전규모(상용근로자 10인 이상)","통신업","간접노동비용(계)[천원]","천원","1684.9","1646.9","1519.7","1618.6","1666","1600.8","1686.8","1398","1116.4","1164","1780.3",
"전규모(상용근로자 10인 이상)","통신업","퇴직급여 등의 비용[천원]","천원","492.9","533.7","519.5","508.8","490.4","436.3","640.5","518.4","464.3","426.4","795.6",
"전규모(상용근로자 10인 이상)","통신업","현물지급비용[천원]","천원","","","","-","-","-",".1",".1","0","0",".4",
"전규모(상용근로자 10인 이상)","통신업","법정노동비용[천원]","천원","544","506.6","468.8","465.7","460.6","449.5","435.9","379.1","350.1","359.6","366.2",
"전규모(상용근로자 10인 이상)","통신업","법정외 복지비용[천원]","천원","482","446.9","384.8","487.2","539.2","570.8","460.2","334.3","180.2","156.2","338.2",
"전규모(상용근로자 10인 이상)","통신업","채용관련비용(모집비)[천원]","천원","14","11","12.2","9.5","14.4","6.8","6.2","8.5","11.2","10.3","11.2",
"전규모(상용근로자 10인 이상)","통신업","교육훈련비용[천원]","천원","152","148.8","134.4","147.3","161.4","137.4","122","124.1","81.1","135.3","176.9",
"전규모(상용근로자 10인 이상)","통신업","기타노동비용[천원]","천원","","","","-","-","-","21.9","33.5","29.6","76.2","91.7",
"전규모(상용근로자 10인 이상)","컴퓨터프로그래밍,시스템통합및관리업","노동비용총액[천원]","천원","5872.1","5644.2","5427.9","5143.9","4956.2","4898.7","4836.5","4596.1","4708.9","4779.3","4730.7",
"전규모(상용근로자 10인 이상)","컴퓨터프로그래밍,시스템통합및관리업","직접노동비용(계)[천원]","천원","4675.2","4609","4560.2","4278","4123.4","4003.1","3900.3","3711.8","3951.1","3873.6","3870.3",
"전규모(상용근로자 10인 이상)","컴퓨터프로그래밍,시스템통합및관리업","정액 및 초과급여[천원]","천원","3984.1","3970.5","4102.8","3851.4","3701.9","3618.8","3448.4","3328","3554.3","3398.8","3396",
"전규모(상용근로자 10인 이상)","컴퓨터프로그래밍,시스템통합및관리업","상여금 및 성과금[천원]","천원","691","638.5","457.4","426.6","421.5","384.3","451.9","383.8","396.8","474.9","474.3",
"전규모(상용근로자 10인 이상)","컴퓨터프로그래밍,시스템통합및관리업","간접노동비용(계)[천원]","천원","1196.9","1035.2","867.6","865.9","832.8","895.7","936.2","884.3","757.8","905.7","860.4",
"전규모(상용근로자 10인 이상)","컴퓨터프로그래밍,시스템통합및관리업","퇴직급여 등의 비용[천원]","천원","493.2","365.3","300.9","345.5","325.8","381.2","467","398.8","344.7","358.7","271.8",
"전규모(상용근로자 10인 이상)","컴퓨터프로그래밍,시스템통합및관리업","현물지급비용[천원]","천원","","","","-","-","-","3.7","5.9","1.4","1.4",".3",
"전규모(상용근로자 10인 이상)","컴퓨터프로그래밍,시스템통합및관리업","법정노동비용[천원]","천원","404","379.8","340.6","344.6","334.6","327.1","294.9","279.5","269.4","301.2","295",
"전규모(상용근로자 10인 이상)","컴퓨터프로그래밍,시스템통합및관리업","법정외 복지비용[천원]","천원","244.1","224.6","178.2","121.8","113.5","149.2","130.3","154.2","83","181.3","208.2",
"전규모(상용근로자 10인 이상)","컴퓨터프로그래밍,시스템통합및관리업","채용관련비용(모집비)[천원]","천원","9.2","9.4","5.9","9.9","9.9","7.4","5.8","7","6.5","9.1","11.9",
"전규모(상용근로자 10인 이상)","컴퓨터프로그래밍,시스템통합및관리업","교육훈련비용[천원]","천원","46.5","56.1","42.1","44","49","30.7","29.1","37.8","51.3","53.7","71.8",
"전규모(상용근로자 10인 이상)","컴퓨터프로그래밍,시스템통합및관리업","기타노동비용[천원]","천원","","","","-","-","-","5.3","1.2","1.6",".3","1.3",
"전규모(상용근로자 10인 이상)","정보서비스업","노동비용총액[천원]","천원","5636.7","5397.1","5132.1","5124.3","4858.4","5295","4781.8","4407.5","4061.4","4285.8","4217.8",
"전규모(상용근로자 10인 이상)","정보서비스업","직접노동비용(계)[천원]","천원","4673.1","4383.2","4266.6","4184.6","4023.2","4244.4","3871.1","3601.5","3364.3","3436.1","3395.7",
"전규모(상용근로자 10인 이상)","정보서비스업","정액 및 초과급여[천원]","천원","4019.7","3790.6","3603.3","3534.8","3374.1","3298.3","3194.3","2988","2837.7","2819.7","2614.6",
"전규모(상용근로자 10인 이상)","정보서비스업","상여금 및 성과금[천원]","천원","653.4","592.6","663.3","649.8","649.1","946.1","676.7","613.5","526.5","616.5","781.1",
"전규모(상용근로자 10인 이상)","정보서비스업","간접노동비용(계)[천원]","천원","963.6","1013.9","865.5","939.6","835.2","1050.7","910.7","806","697.1","849.7","822.2",
"전규모(상용근로자 10인 이상)","정보서비스업","퇴직급여 등의 비용[천원]","천원","379","455.6","314.7","420.8","340.3","425.9","380.1","322.3","256.9","284.1","216.5",
"전규모(상용근로자 10인 이상)","정보서비스업","현물지급비용[천원]","천원","","","","-","-","-","0",".3","1.8",".2",".2",
"전규모(상용근로자 10인 이상)","정보서비스업","법정노동비용[천원]","천원","385.5","364.5","341.2","328.2","310.2","372.5","274","262.7","240.6","247.9","232",
"전규모(상용근로자 10인 이상)","정보서비스업","법정외 복지비용[천원]","천원","173.5","157.2","168.8","163.6","157.1","197.4","211.8","182.9","161.8","271.2","305.5",
"전규모(상용근로자 10인 이상)","정보서비스업","채용관련비용(모집비)[천원]","천원","6.3","11.6","7.3","5.6","6.3","11.8","6.7","6.3","3.2","7.2","11.3",
"전규모(상용근로자 10인 이상)","정보서비스업","교육훈련비용[천원]","천원","19.2","25","33.6","21.5","21.3","43.1","35.5","27.6","28.2","39.1","56.5",
"전규모(상용근로자 10인 이상)","정보서비스업","기타노동비용[천원]","천원","","","","-","-","-","2.6","3.8","4.6","0",".1",
"전규모(상용근로자 10인 이상)","K. 금융및보험업(64~66)","노동비용총액[천원]","천원","8773.2","8668.9","8427.3","7937.8","7548.2","7525.2","7565.1","7280.3","7138.6","6796.7","6801.4",
"전규모(상용근로자 10인 이상)","K. 금융및보험업(64~66)","직접노동비용(계)[천원]","천원","6842.4","6510.8","6529.5","6178.6","5828.1","5818.5","5773.2","5572.5","5586.7","5294.9","5255.6",
"전규모(상용근로자 10인 이상)","K. 금융및보험업(64~66)","정액 및 초과급여[천원]","천원","4663.9","4512.2","4541.9","4402.5","4234.3","4193.5","4069.5","3837.9","3771.5","3615.1","3573.9",
"전규모(상용근로자 10인 이상)","K. 금융및보험업(64~66)","상여금 및 성과금[천원]","천원","2178.5","1998.7","1987.6","1776","1593.8","1625","1703.7","1734.6","1815.1","1679.8","1681.7",
"전규모(상용근로자 10인 이상)","K. 금융및보험업(64~66)","간접노동비용(계)[천원]","천원","1930.9","2158.1","1897.7","1759.3","1720.1","1706.7","1791.9","1707.8","1552","1501.8","1545.8",
"전규모(상용근로자 10인 이상)","K. 금융및보험업(64~66)","퇴직급여 등의 비용[천원]","천원","857.1","1156.9","956.7","842","849.2","780.8","915.1","889","801.1","789.6","774.9",
"전규모(상용근로자 10인 이상)","K. 금융및보험업(64~66)","현물지급비용[천원]","천원","","","","-","-","-","2.7","4.6","1.4","1.6","1.8",
"전규모(상용근로자 10인 이상)","K. 금융및보험업(64~66)","법정노동비용[천원]","천원","556.8","519.9","500.4","457.3","441","458.3","407.8","396.3","391.6","382.9","374",
"전규모(상용근로자 10인 이상)","K. 금융및보험업(64~66)","법정외 복지비용[천원]","천원","442.2","411.3","370.7","390.4","358.8","391.6","361.5","324.3","275.6","238.5","288",
"전규모(상용근로자 10인 이상)","K. 금융및보험업(64~66)","채용관련비용(모집비)[천원]","천원","8.9","7.2","5.9","6.2","7","7.1","8.1","7.5","5.9","7.1","9.1",
"전규모(상용근로자 10인 이상)","K. 금융및보험업(64~66)","교육훈련비용[천원]","천원","65.8","62.8","64.1","63.4","64.1","68.9","87.2","77.6","68.4","68.2","84.7",
"전규모(상용근로자 10인 이상)","K. 금융및보험업(64~66)","기타노동비용[천원]","천원","","","","-","-","-","9.4","8.5","8","14","13.3",
"전규모(상용근로자 10인 이상)","금융업","노동비용총액[천원]","천원","9229.4","9279.4","8777.7","8331.6","7932.4","7840.2","7759.1","7221.2","6952.7","6758","6915.3",
"전규모(상용근로자 10인 이상)","금융업","직접노동비용(계)[천원]","천원","6844.1","6528.7","6534.3","6313.5","6032.2","6011.7","5849.8","5333.5","5281.6","5148.2","5217.1",
"전규모(상용근로자 10인 이상)","금융업","정액 및 초과급여[천원]","천원","4795.7","4600.3","4652.4","4578.1","4365.1","4347.5","4063.3","3804.6","3657.1","3571","3586.5",
"전규모(상용근로자 10인 이상)","금융업","상여금 및 성과금[천원]","천원","2048.4","1928.3","1881.9","1735.4","1667","1664.2","1786.5","1528.9","1624.5","1577.2","1630.6",
"전규모(상용근로자 10인 이상)","금융업","간접노동비용(계)[천원]","천원","2385.3","2750.8","2243.5","2018.1","1900.2","1828.5","1909.3","1887.8","1671","1609.8","1698.1",
"전규모(상용근로자 10인 이상)","금융업","퇴직급여 등의 비용[천원]","천원","1140","1677.5","1233.6","984.6","941.6","790.8","947.8","1020.4","909.1","889.3","856.6",
"전규모(상용근로자 10인 이상)","금융업","현물지급비용[천원]","천원","","","","-","-","-","1.8","5",".6",".5",".8",
"전규모(상용근로자 10인 이상)","금융업","법정노동비용[천원]","천원","599.6","546.2","515.5","471.6","458.1","471","400.4","391.3","387.2","376.4","379.1",
"전규모(상용근로자 10인 이상)","금융업","법정외 복지비용[천원]","천원","564.7","456.6","432.6","490.5","429.6","493.4","460.3","369.5","289.9","253.6","342",
"전규모(상용근로자 10인 이상)","금융업","채용관련비용(모집비)[천원]","천원","8.7","6.2","4.9","5.6","6.1","5.3","6.2","4.9","3.9","5.1","7.2",
"전규모(상용근로자 10인 이상)","금융업","교육훈련비용[천원]","천원","72.4","64.2","56.9","65.7","64.8","68","82.9","85.7","70.4","67.1","94.3",
"전규모(상용근로자 10인 이상)","금융업","기타노동비용[천원]","천원","","","","-","-","-","9.8","11","9.9","17.9","18.1",
"전규모(상용근로자 10인 이상)","보험및연금업","노동비용총액[천원]","천원","8383.9","8254.5","8029.3","7368.1","7142.1","7106.5","7057.8","7366.3","6684.2","6043.8","5851.6",
"전규모(상용근로자 10인 이상)","보험및연금업","직접노동비용(계)[천원]","천원","6637.9","6441.8","6263","5675.2","5485.7","5441.2","5450.5","5776.3","5296.9","4725.6","4588.5",
"전규모(상용근로자 10인 이상)","보험및연금업","정액 및 초과급여[천원]","천원","4725.4","4667.9","4377.6","4160.2","4054.3","3892.5","3883.8","3818.5","3594.3","3378.1","3243.5",
"전규모(상용근로자 10인 이상)","보험및연금업","상여금 및 성과금[천원]","천원","1912.6","1773.8","1885.4","1515","1431.4","1548.8","1566.7","1957.8","1702.6","1347.5","1345",
"전규모(상용근로자 10인 이상)","보험및연금업","간접노동비용(계)[천원]","천원","1746","1812.7","1766.2","1692.9","1656.4","1665.2","1607.2","1590","1387.3","1318.2","1263.2",
"전규모(상용근로자 10인 이상)","보험및연금업","퇴직급여 등의 비용[천원]","천원","720.5","683.1","771.2","794.9","775.2","796.3","794.2","794.9","649.9","638","608.2",
"전규모(상용근로자 10인 이상)","보험및연금업","현물지급비용[천원]","천원","","","","-","-","-","4.7","4.4","1.6","2.1","2.2",
"전규모(상용근로자 10인 이상)","보험및연금업","법정노동비용[천원]","천원","565.7","544","524.6","463.5","436.5","461.6","415","415.4","390.1","379.8","349",
"전규모(상용근로자 10인 이상)","보험및연금업","법정외 복지비용[천원]","천원","367.4","500.3","356.3","339","347.6","304.6","262.6","285.1","256.9","210.4","215.6",
"전규모(상용근로자 10인 이상)","보험및연금업","채용관련비용(모집비)[천원]","천원","12.6","10.8","9.4","9.5","12.3","10.5","12.7","13.3","8.7","10.5","9.6",
"전규모(상용근로자 10인 이상)","보험및연금업","교육훈련비용[천원]","천원","79.8","74.5","104.7","86","84.8","92.2","108.9","71.6","72.7","67.2","71.9",
"전규모(상용근로자 10인 이상)","보험및연금업","기타노동비용[천원]","천원","","","","-","-","-","9.3","5.3","7.4","10.2","6.7",
"전규모(상용근로자 10인 이상)","금융및보험관련서비스업","노동비용총액[천원]","천원","8372.3","7856.7","8067.2","7556.5","7099.1","7094.2","7600.8","7347.3","8069.1","7698.9","7472.5",
"전규모(상용근로자 10인 이상)","금융및보험관련서비스업","직접노동비용(계)[천원]","천원","6968.9","6532.8","6782.7","6319.2","5716.2","5668.4","5902.7","5982.4","6668.2","6297.2","6040.5",
"전규모(상용근로자 10인 이상)","금융및보험관련서비스업","정액 및 초과급여[천원]","천원","4438.2","4221.7","4466.9","4222.3","4123.2","4074.3","4259","3940.7","4244","3986.4","3878.8",
"전규모(상용근로자 10인 이상)","금융및보험관련서비스업","상여금 및 성과금[천원]","천원","2530.8","2311.1","2315.8","2096.9","1593.1","1594.1","1643.7","2041.6","2424.2","2310.9","2161.7",
"전규모(상용근로자 10인 이상)","금융및보험관련서비스업","간접노동비용(계)[천원]","천원","1403.4","1323.9","1284.5","1237.3","1382.8","1425.8","1698.1","1364.9","1400.9","1401.7","1432",
"전규모(상용근로자 10인 이상)","금융및보험관련서비스업","퇴직급여 등의 비용[천원]","천원","542.3","561","544.9","563.7","717.4","740","954.3","646.3","665.8","678.3","729.4",
"전규모(상용근로자 10인 이상)","금융및보험관련서비스업","현물지급비용[천원]","천원","","","","-","-","-","2.9","3.9","3.3","4","4.2",
"전규모(상용근로자 10인 이상)","금융및보험관련서비스업","법정노동비용[천원]","천원","490.6","451.2","444","419.7","407.3","421.8","418.1","390.9","404.4","403.7","386.2",
"전규모(상용근로자 10인 이상)","금융및보험관련서비스업","법정외 복지비용[천원]","천원","315.7","254.8","251.9","211.1","212.5","206.6","229.5","247.3","256.3","227.3","219.1",
"전규모(상용근로자 10인 이상)","금융및보험관련서비스업","채용관련비용(모집비)[천원]","천원","7","6.1","4.6","4.7","3.7","8.5","8.2","8.5","8.4","9.1","13.6",
"전규모(상용근로자 10인 이상)","금융및보험관련서비스업","교육훈련비용[천원]","천원","47.8","50.7","39.2","38.2","41.9","48.9","76.5","62.6","59","72.1","72.3",
"전규모(상용근로자 10인 이상)","금융및보험관련서비스업","기타노동비용[천원]","천원","","","","-","-","-","8.5","5.4","3.7","7.2","7.2",
"전규모(상용근로자 10인 이상)","L. 부동산업및임대업(68~69)","노동비용총액[천원]","천원","3811.5","3600","3374.8","3259.6","3072.8","2996","2966.6","2971.1","3015.2","2917.7","2888",
"전규모(상용근로자 10인 이상)","L. 부동산업및임대업(68~69)","직접노동비용(계)[천원]","천원","3097.4","2962.3","2790.5","2721.5","2576.6","2494.7","2474.1","2429","2422.7","2303.8","2308.9",
"전규모(상용근로자 10인 이상)","L. 부동산업및임대업(68~69)","정액 및 초과급여[천원]","천원","2709.6","2606.2","2459","2413.4","2319.3","2225.9","2181.1","2148.6","2101.1","2009.1","2001.3",
"전규모(상용근로자 10인 이상)","L. 부동산업및임대업(68~69)","상여금 및 성과금[천원]","천원","387.8","356.2","331.6","308.1","257.3","268.9","293","280.5","321.6","294.8","307.6",
"전규모(상용근로자 10인 이상)","L. 부동산업및임대업(68~69)","간접노동비용(계)[천원]","천원","714.1","637.7","584.3","538.1","496.2","501.2","492.5","542.1","592.5","613.9","579.1",
"전규모(상용근로자 10인 이상)","L. 부동산업및임대업(68~69)","퇴직급여 등의 비용[천원]","천원","324.1","300.1","267.2","246.1","202.1","220.2","214.7","269.8","286.7","296.4","276",
"전규모(상용근로자 10인 이상)","L. 부동산업및임대업(68~69)","현물지급비용[천원]","천원","","","","-","-","-","3","2.3","2.3","2","1.5",
"전규모(상용근로자 10인 이상)","L. 부동산업및임대업(68~69)","법정노동비용[천원]","천원","264","234.4","223.2","206.2","204.7","196.1","191","185.7","210.1","205.3","201.2",
"전규모(상용근로자 10인 이상)","L. 부동산업및임대업(68~69)","법정외 복지비용[천원]","천원","106.7","89.6","82.5","75.4","79.3","73.5","74.1","74","84.9","100.4","89.1",
"전규모(상용근로자 10인 이상)","L. 부동산업및임대업(68~69)","채용관련비용(모집비)[천원]","천원","6.5","4.2","2.7","1.1","1.3","1.4",".7",".8",".7",".7",".6",
"전규모(상용근로자 10인 이상)","L. 부동산업및임대업(68~69)","교육훈련비용[천원]","천원","12.8","9.5","8.7","9.3","8.9","10.1","7.7","8.8","6.9","7.5","9.7",
"전규모(상용근로자 10인 이상)","L. 부동산업및임대업(68~69)","기타노동비용[천원]","천원","","","","-","-","-","1.3",".7",".9","1.6","1",
"전규모(상용근로자 10인 이상)","부동산업","노동비용총액[천원]","천원","3761.5","3554.8","3304.3","3182.2","2986.8","2899.8","2877.9","2845.7","2926.2","2781.1","2743.4",
"전규모(상용근로자 10인 이상)","부동산업","직접노동비용(계)[천원]","천원","3058.3","2924.9","2732.4","2663.7","2503.2","2421.2","2412","2352.3","2364.7","2212.6","2210.3",
"전규모(상용근로자 10인 이상)","부동산업","정액 및 초과급여[천원]","천원","2652.1","2554.6","2394.3","2347.6","2245.9","2156.5","2119.1","2080.1","2028.9","1912","1907.9",
"전규모(상용근로자 10인 이상)","부동산업","상여금 및 성과금[천원]","천원","406.1","370.3","338.1","316.1","257.3","264.7","293","272.2","335.7","300.7","302.4",
"전규모(상용근로자 10인 이상)","부동산업","간접노동비용(계)[천원]","천원","703.3","629.9","571.9","518.5","483.5","478.6","465.8","493.3","561.6","568.5","533.1",
"전규모(상용근로자 10인 이상)","부동산업","퇴직급여 등의 비용[천원]","천원","327.3","305.4","269.7","241.4","202.7","212.3","205.4","240.4","265.1","273.5","247.9",
"전규모(상용근로자 10인 이상)","부동산업","현물지급비용[천원]","천원","","","","-","-","-","2.5","1.7","1.7","2.2","1.8",
"전규모(상용근로자 10인 이상)","부동산업","법정노동비용[천원]","천원","256.9","226.2","215.9","198.3","198","188.1","184.7","177.8","206.7","199.6","192.9",
"전규모(상용근로자 10인 이상)","부동산업","법정외 복지비용[천원]","천원","100.1","84.8","75.4","68.6","73.2","67.5","63.7","64.1","79.5","83.3","81.3",
"전규모(상용근로자 10인 이상)","부동산업","채용관련비용(모집비)[천원]","천원","6.7","4.3","2.8","1.1","1.4","1.3",".7",".7",".6",".7",".6",
"전규모(상용근로자 10인 이상)","부동산업","교육훈련비용[천원]","천원","12.3","9.1","8.1","9.1","8.2","9.5","7.7","7.9","7","7.4","7.7",
"전규모(상용근로자 10인 이상)","부동산업","기타노동비용[천원]","천원","","","","-","-","-","1.2",".7","1","1.8","1.1",
"전규모(상용근로자 10인 이상)","임대업;부동산제외","노동비용총액[천원]","천원","4194.4","3929.2","3942.8","3934.2","3813.3","3806.9","3740.7","3903.8","3674.2","4024.3","3963.9",
"전규모(상용근로자 10인 이상)","임대업;부동산제외","직접노동비용(계)[천원]","천원","3397.3","3234.3","3258.4","3225.2","3208.2","3115.2","3015.4","2999.5","2852.4","3043","3042.2",
"전규모(상용근로자 10인 이상)","임대업;부동산제외","정액 및 초과급여[천원]","천원","3149.7","2981.1","2979.4","2986.3","2951","2810.9","2722.3","2657.8","2634.9","2796","2695.9",
"전규모(상용근로자 10인 이상)","임대업;부동산제외","상여금 및 성과금[천원]","천원","247.6","253.3","279","238.9","257.1","304.3","293.2","341.6","217.5","247","346.3",
"전규모(상용근로자 10인 이상)","임대업;부동산제외","간접노동비용(계)[천원]","천원","797.1","694.9","684.4","709","605.1","691.7","725.3","904.4","821.8","981.3","921.7",
"전규모(상용근로자 10인 이상)","임대업;부동산제외","퇴직급여 등의 비용[천원]","천원","300.3","261","247","287.2","197","287.1","296.6","488.3","445.9","482","485.1",
"전규모(상용근로자 10인 이상)","임대업;부동산제외","현물지급비용[천원]","천원","","","","-","-","-","7","6.5","7.1","0","0",
"전규모(상용근로자 10인 이상)","임대업;부동산제외","법정노동비용[천원]","천원","317.8","294","282.7","275.3","261.8","263.2","245.8","244.5","235.4","251.7","263.4",
"전규모(상용근로자 10인 이상)","임대업;부동산제외","법정외 복지비용[천원]","천원","157.3","124.6","139.4","134.8","131.4","123.9","165.4","147.5","124.8","239.2","147.1",
"전규모(상용근로자 10인 이상)","임대업;부동산제외","채용관련비용(모집비)[천원]","천원","5.1","2.8","2","1.1",".6","2.1",".6","1.4","1.6",".5",".8",
"전규모(상용근로자 10인 이상)","임대업;부동산제외","교육훈련비용[천원]","천원","16.6","12.4","13.3","10.6","14.4","15.4","7.3","15.7","6.3","8","25",
"전규모(상용근로자 10인 이상)","임대업;부동산제외","기타노동비용[천원]","천원","","","","-","-","-","2.5",".5",".7","0",".4",
"전규모(상용근로자 10인 이상)","M. 전문,과학및기술서비스업(70~73)","노동비용총액[천원]","천원","5382.8","5009.9","4894.7","4925.2","4773.4","4518.1","4375.4","4160.1","4080.9","4026.9","4101.5",
"전규모(상용근로자 10인 이상)","M. 전문,과학및기술서비스업(70~73)","직접노동비용(계)[천원]","천원","4391.8","4177.7","4135.6","4039","3939.5","3738.2","3623.6","3382.2","3270.2","3124.9","3167.6",
"전규모(상용근로자 10인 이상)","M. 전문,과학및기술서비스업(70~73)","정액 및 초과급여[천원]","천원","3817","3684.2","3597.1","3526.8","3414.7","3280.3","3093.4","2831.2","2502.1","2383.9","2436.8",
"전규모(상용근로자 10인 이상)","M. 전문,과학및기술서비스업(70~73)","상여금 및 성과금[천원]","천원","574.8","493.4","538.6","512.2","524.8","457.9","530.2","551","768.2","740.9","730.8",
"전규모(상용근로자 10인 이상)","M. 전문,과학및기술서비스업(70~73)","간접노동비용(계)[천원]","천원","990.9","832.2","759","886.2","833.9","779.9","751.8","777.9","810.7","902","933.9",
"전규모(상용근로자 10인 이상)","M. 전문,과학및기술서비스업(70~73)","퇴직급여 등의 비용[천원]","천원","454.8","333.3","301.9","415.1","359.8","329.8","308.5","358.2","429.9","441.1","442.7",
"전규모(상용근로자 10인 이상)","M. 전문,과학및기술서비스업(70~73)","현물지급비용[천원]","천원","","","","-","-","-","1.5","2.7",".8","5.4","8.3",
"전규모(상용근로자 10인 이상)","M. 전문,과학및기술서비스업(70~73)","법정노동비용[천원]","천원","346.5","323.1","300.6","310.9","306.9","290.1","275","262.9","246.1","241","248.4",
"전규모(상용근로자 10인 이상)","M. 전문,과학및기술서비스업(70~73)","법정외 복지비용[천원]","천원","153.6","141.1","137.7","126.8","135.9","135.3","140.9","132.6","110.7","174.9","181.6",
"전규모(상용근로자 10인 이상)","M. 전문,과학및기술서비스업(70~73)","채용관련비용(모집비)[천원]","천원","7","5.9","3.8","6.2","5.8","4.7","5.2","5.2","3.7","3.7","4.3",
"전규모(상용근로자 10인 이상)","M. 전문,과학및기술서비스업(70~73)","교육훈련비용[천원]","천원","29","28.9","15","27.2","25.6","19.9","18.4","15.1","18.4","33.5","43.8",
"전규모(상용근로자 10인 이상)","M. 전문,과학및기술서비스업(70~73)","기타노동비용[천원]","천원","","","","-","-","-","2.2","1.1","1.1","2.5","4.7",
"전규모(상용근로자 10인 이상)","연구개발업","노동비용총액[천원]","천원","5753.6","5411","6179.7","6283.6","6130.3","6039.1","5143.9","5404.5","4437.2","4043.1","4407.6",
"전규모(상용근로자 10인 이상)","연구개발업","직접노동비용(계)[천원]","천원","4714.7","4411.9","5357.6","5116.8","4978.6","4915.6","4209.8","4143.7","3546","3220.7","3606",
"전규모(상용근로자 10인 이상)","연구개발업","정액 및 초과급여[천원]","천원","3890.9","3705.2","4623.3","4510.8","4388.2","4339.3","3920.8","3764.9","3228","3006.7","3024",
"전규모(상용근로자 10인 이상)","연구개발업","상여금 및 성과금[천원]","천원","823.8","706.7","734.3","606","590.5","576.3","288.9","378.7","318","214","582",
"전규모(상용근로자 10인 이상)","연구개발업","간접노동비용(계)[천원]","천원","1038.9","999.1","822.1","1166.8","1151.6","1123.5","934.2","1260.9","891.2","822.4","801.6",
"전규모(상용근로자 10인 이상)","연구개발업","퇴직급여 등의 비용[천원]","천원","422","385.9","402.3","544.2","543.1","430.9","380.4","712.8","420.8","370.8","380.1",
"전규모(상용근로자 10인 이상)","연구개발업","현물지급비용[천원]","천원","","","","-","-","-","0","15.6","0","2.9","2.7",
"전규모(상용근로자 10인 이상)","연구개발업","법정노동비용[천원]","천원","384.5","362.6","302.4","369.7","358.6","361.2","315.9","304.2","300.8","284.2","306.8",
"전규모(상용근로자 10인 이상)","연구개발업","법정외 복지비용[천원]","천원","184.1","196.9","100.9","206.7","205.7","257.2","135.3","121.8","107.4","148","95.6",
"전규모(상용근로자 10인 이상)","연구개발업","채용관련비용(모집비)[천원]","천원","13.8","17.8","5.5","12.1","11.1","25","46.8","70.2","16.2",".4","3",
"전규모(상용근로자 10인 이상)","연구개발업","교육훈련비용[천원]","천원","34.5","35.9","11","34.1","33.2","49.2","55.8","34.6","46","11.3","13.4",
"전규모(상용근로자 10인 이상)","연구개발업","기타노동비용[천원]","천원","","","","-","-","-","0","1.6","0","4.7","0",
"전규모(상용근로자 10인 이상)","전문서비스업","노동비용총액[천원]","천원","6218.5","5783.3","5332.9","5553.2","5389.9","5142.6","5095","4707.6","4564.9","4198.2","4416.1",
"전규모(상용근로자 10인 이상)","전문서비스업","직접노동비용(계)[천원]","천원","4953.9","4812.4","4532.2","4490.3","4357.9","4153.3","4193.1","3826.6","3609.7","3185.5","3303.3",
"전규모(상용근로자 10인 이상)","전문서비스업","정액 및 초과급여[천원]","천원","4129.7","4101","3744.7","3777.7","3623.6","3497.1","3228.8","2766.2","2246.9","2248.3","2330.1",
"전규모(상용근로자 10인 이상)","전문서비스업","상여금 및 성과금[천원]","천원","824.2","711.4","787.5","712.6","734.2","656.2","964.2","1060.4","1362.8","937.2","973.3",
"전규모(상용근로자 10인 이상)","전문서비스업","간접노동비용(계)[천원]","천원","1264.6","970.9","800.7","1062.9","1032.1","989.3","901.9","881","955.3","1012.7","1112.8",
"전규모(상용근로자 10인 이상)","전문서비스업","퇴직급여 등의 비용[천원]","천원","625.1","365.1","311.6","513.8","447.2","439.5","389.1","410.2","561.3","506.5","552.8",
"전규모(상용근로자 10인 이상)","전문서비스업","현물지급비용[천원]","천원","","","","-","-","-","2.3","2.8","1.4","7.5","11.8",
"전규모(상용근로자 10인 이상)","전문서비스업","법정노동비용[천원]","천원","380.2","354","287.9","342.4","340","315.6","298.4","284","245.6","248.3","263.4",
"전규모(상용근로자 10인 이상)","전문서비스업","법정외 복지비용[천원]","천원","203.6","193.1","175.1","147.8","186.7","194.4","169.5","155.3","112.5","200.4","212.8",
"전규모(상용근로자 10인 이상)","전문서비스업","채용관련비용(모집비)[천원]","천원","11.6","9.7","6.6","11.3","11.4","8.9","6.1","4.7","6.6","5.2","6.4",
"전규모(상용근로자 10인 이상)","전문서비스업","교육훈련비용[천원]","천원","44.1","48.9","19.5","47.6","46.7","31","30.8","22.8","27.9","42.3","60.1",
"전규모(상용근로자 10인 이상)","전문서비스업","기타노동비용[천원]","천원","","","","-","-","-","5.8","1.3","0","2.6","5.5",
"전규모(상용근로자 10인 이상)","건축기술,엔지니어링및기타과학기술서비스업","노동비용총액[천원]","천원","4631.3","4506.5","4439.4","4294.1","4243","4147.7","3977.5","3880.4","3806.5","3623.6","3517.3",
"전규모(상용근로자 10인 이상)","건축기술,엔지니어링및기타과학기술서비스업","직접노동비용(계)[천원]","천원","3890.6","3776.8","3714.9","3578.4","3576.9","3484.3","3310","3168","3076","2969","2895.5",
"전규모(상용근로자 10인 이상)","건축기술,엔지니어링및기타과학기술서비스업","정액 및 초과급여[천원]","천원","3565.9","3442.4","3399.3","3247.1","3204.3","3123.8","2979.3","2814.2","2584.7","2651.1","2590.8",
"전규모(상용근로자 10인 이상)","건축기술,엔지니어링및기타과학기술서비스업","상여금 및 성과금[천원]","천원","324.7","334.4","315.6","331.4","372.6","360.5","330.7","353.7","491.3","318","304.6",
"전규모(상용근로자 10인 이상)","건축기술,엔지니어링및기타과학기술서비스업","간접노동비용(계)[천원]","천원","740.7","729.8","724.5","715.6","666.1","663.4","667.5","712.5","730.5","654.6","621.8",
"전규모(상용근로자 10인 이상)","건축기술,엔지니어링및기타과학기술서비스업","퇴직급여 등의 비용[천원]","천원","305.8","310.9","285.8","324","282.2","274.9","264.5","318.3","362.6","299.3","255.5",
"전규모(상용근로자 10인 이상)","건축기술,엔지니어링및기타과학기술서비스업","현물지급비용[천원]","천원","","","","-","-","-","1.3","1.8",".5",".8","1.6",
"전규모(상용근로자 10인 이상)","건축기술,엔지니어링및기타과학기술서비스업","법정노동비용[천원]","천원","313.3","301.1","313.6","281","281.5","275.8","261.8","253.7","242.6","221.3","218.3",
"전규모(상용근로자 10인 이상)","건축기술,엔지니어링및기타과학기술서비스업","법정외 복지비용[천원]","천원","104.5","100.4","111.6","100.7","91.4","98.3","128.3","125.7","110","115.1","125.2",
"전규모(상용근로자 10인 이상)","건축기술,엔지니어링및기타과학기술서비스업","채용관련비용(모집비)[천원]","천원","2","2","1.4","1","1.1","1.4","1.5",".9","1.3",".6",".7",
"전규모(상용근로자 10인 이상)","건축기술,엔지니어링및기타과학기술서비스업","교육훈련비용[천원]","천원","15.1","15.3","12.1","8.8","9.8","13","9.5","11","11.6","15.2","17",
"전규모(상용근로자 10인 이상)","건축기술,엔지니어링및기타과학기술서비스업","기타노동비용[천원]","천원","","","","-","-","-",".5","1.1","1.7","2.2","3.5",
"전규모(상용근로자 10인 이상)","기타전문,과학및기술서비스업","노동비용총액[천원]","천원","3754.5","3620.8","3620.2","3625.6","3593.3","3493.3","3361.9","3133.6","-","4072.4","3737.4",
"전규모(상용근로자 10인 이상)","기타전문,과학및기술서비스업","직접노동비용(계)[천원]","천원","3111.2","3018.5","3015.1","3072.2","3014","2970","2831.2","2656","-","3387","3081.2",
"전규모(상용근로자 10인 이상)","기타전문,과학및기술서비스업","정액 및 초과급여[천원]","천원","2915.8","2834.4","2833.5","2824.5","2767.2","2704","2577.1","2382.5","-","2833.6","2685.8",
"전규모(상용근로자 10인 이상)","기타전문,과학및기술서비스업","상여금 및 성과금[천원]","천원","195.5","184.1","181.6","247.7","246.8","266","254.1","273.5","-","553.4","395.4",
"전규모(상용근로자 10인 이상)","기타전문,과학및기술서비스업","간접노동비용(계)[천원]","천원","643.3","602.2","605.1","553.4","579.4","523.3","530.7","477.6","-","685.4","656.3",
"전규모(상용근로자 10인 이상)","기타전문,과학및기술서비스업","퇴직급여 등의 비용[천원]","천원","257.2","240.1","243","206.7","240.3","194.8","207","183.8","-","213.8","108.8",
"전규모(상용근로자 10인 이상)","기타전문,과학및기술서비스업","현물지급비용[천원]","천원","","","","-","-","-",".6","1.6","-","0","26.3",
"전규모(상용근로자 10인 이상)","기타전문,과학및기술서비스업","법정노동비용[천원]","천원","279.6","255.8","273.9","234.6","225.5","223.1","223.6","200.5","-","241.8","223.6",
"전규모(상용근로자 10인 이상)","기타전문,과학및기술서비스업","법정외 복지비용[천원]","천원","99.4","96.8","82.5","107.6","108.3","101.5","96.4","88.6","-","227.2","288.2",
"전규모(상용근로자 10인 이상)","기타전문,과학및기술서비스업","채용관련비용(모집비)[천원]","천원","2","2.2",".4","1",".5",".5",".6",".3","-",".7",".2",
"전규모(상용근로자 10인 이상)","기타전문,과학및기술서비스업","교육훈련비용[천원]","천원","4.9","7.3","5.3","3.5","4.8","3.4","2.2","2.6","-","1.9","2.9",
"전규모(상용근로자 10인 이상)","기타전문,과학및기술서비스업","기타노동비용[천원]","천원","","","","-","-","-",".2",".1","-","0","6.4",
"전규모(상용근로자 10인 이상)","N. 사업시설관리및사업지원서비스업(74~75)","노동비용총액[천원]","천원","2553.6","2363.7","2346.7","2296.6","2263.4","2148.2","2115.4","1958","2017.8","1900.2","1858.8",
"전규모(상용근로자 10인 이상)","N. 사업시설관리및사업지원서비스업(74~75)","직접노동비용(계)[천원]","천원","2132.8","1993.7","1976.4","1922.7","1886.7","1808.9","1750.3","1633.4","1685.1","1582.5","1549.8",
"전규모(상용근로자 10인 이상)","N. 사업시설관리및사업지원서비스업(74~75)","정액 및 초과급여[천원]","천원","2006.1","1861.6","1817.1","1760.4","1720.3","1651.4","1577.6","1481.8","1542.2","1444.2","1411.7",
"전규모(상용근로자 10인 이상)","N. 사업시설관리및사업지원서비스업(74~75)","상여금 및 성과금[천원]","천원","126.6","132.1","159.3","162.3","166.3","157.5","172.8","151.6","142.9","138.3","138",
"전규모(상용근로자 10인 이상)","N. 사업시설관리및사업지원서비스업(74~75)","간접노동비용(계)[천원]","천원","420.8","370","370.3","373.9","376.7","339.3","365.1","324.6","332.7","317.7","309",
"전규모(상용근로자 10인 이상)","N. 사업시설관리및사업지원서비스업(74~75)","퇴직급여 등의 비용[천원]","천원","193.9","155.6","161.4","156.9","148.6","135.5","155.2","138.7","145.7","136.2","126.9",
"전규모(상용근로자 10인 이상)","N. 사업시설관리및사업지원서비스업(74~75)","현물지급비용[천원]","천원","","","","-","-","-","1.8","2.2","1.8","2.5","2.1",
"전규모(상용근로자 10인 이상)","N. 사업시설관리및사업지원서비스업(74~75)","법정노동비용[천원]","천원","178.8","167.2","161.4","163.9","166.1","152.8","150.5","134.6","138.8","133.2","129.3",
"전규모(상용근로자 10인 이상)","N. 사업시설관리및사업지원서비스업(74~75)","법정외 복지비용[천원]","천원","39.8","39.1","41","45.7","54","44.3","48.5","40.3","37.6","36.9","42.4",
"전규모(상용근로자 10인 이상)","N. 사업시설관리및사업지원서비스업(74~75)","채용관련비용(모집비)[천원]","천원","3.6","3.8","2.8","3.7","3.6","2.9","2.4","1.8","3.1","1.7","1.3",
"전규모(상용근로자 10인 이상)","N. 사업시설관리및사업지원서비스업(74~75)","교육훈련비용[천원]","천원","4.7","4.2","3.7","3.7","4.4","3.8","5.3","5.7","5","5.5","5.5",
"전규모(상용근로자 10인 이상)","N. 사업시설관리및사업지원서비스업(74~75)","기타노동비용[천원]","천원","","","","-","-","-","1.3","1.3",".6","1.8","1.5",
"전규모(상용근로자 10인 이상)","사업시설관리및조경서비스업","노동비용총액[천원]","천원","2393","2191","2173.6","2156.2","2135.5","2020.8","1972.8","1766.3","1908.4","1780.4","1818.2",
"전규모(상용근로자 10인 이상)","사업시설관리및조경서비스업","직접노동비용(계)[천원]","천원","2007.3","1850.6","1853.2","1824.2","1804.5","1705.2","1634.2","1477.2","1600.5","1492.7","1513.4",
"전규모(상용근로자 10인 이상)","사업시설관리및조경서비스업","정액 및 초과급여[천원]","천원","1902.1","1755.5","1738.3","1695.2","1678.8","1577.1","1514.4","1397.6","1457.9","1352.5","1366.6",
"전규모(상용근로자 10인 이상)","사업시설관리및조경서비스업","상여금 및 성과금[천원]","천원","105.2","95.1","114.9","129","125.7","128.1","119.7","79.6","142.6","140.3","146.8",
"전규모(상용근로자 10인 이상)","사업시설관리및조경서비스업","간접노동비용(계)[천원]","천원","385.7","340.4","320.4","332","331","315.7","338.6","289.2","307.9","287.6","304.8",
"전규모(상용근로자 10인 이상)","사업시설관리및조경서비스업","퇴직급여 등의 비용[천원]","천원","189.1","156.3","132.3","132.6","117.5","124","142","116.1","127.8","115.6","118",
"전규모(상용근로자 10인 이상)","사업시설관리및조경서비스업","현물지급비용[천원]","천원","","","","-","-","-","1.5","4","2","4.5","3.3",
"전규모(상용근로자 10인 이상)","사업시설관리및조경서비스업","법정노동비용[천원]","천원","163.3","149.8","150.1","150.4","153.6","142.7","141.7","121.7","131.4","128.1","131.4",
"전규모(상용근로자 10인 이상)","사업시설관리및조경서비스업","법정외 복지비용[천원]","천원","30.1","30.2","33.5","45.2","55.4","45.7","46.3","41.3","41.1","33.9","44.7",
"전규모(상용근로자 10인 이상)","사업시설관리및조경서비스업","채용관련비용(모집비)[천원]","천원",".8","1",".8",".9","1.2","1.1",".9",".8",".6",".5",".6",
"전규모(상용근로자 10인 이상)","사업시설관리및조경서비스업","교육훈련비용[천원]","천원","2.4","3","3.7","2.8","3.3","2.1","4.7","3.8","4","2.9","5.3",
"전규모(상용근로자 10인 이상)","사업시설관리및조경서비스업","기타노동비용[천원]","천원","","","","-","-","-","1.4","1.5","1","2.2","1.5",
"전규모(상용근로자 10인 이상)","사업지원서비스업","노동비용총액[천원]","천원","2601.6","2420.9","2411.4","2343.3","2310.6","2191","2164.1","2018.7","2059.7","1942.8","1872.6",
"전규모(상용근로자 10인 이상)","사업지원서비스업","직접노동비용(계)[천원]","천원","2170.3","2041.1","2022.4","1955.4","1917","1843.8","1790","1682.9","1717.5","1614.4","1562.2",
"전규모(상용근로자 10인 이상)","사업지원서비스업","정액 및 초과급여[천원]","천원","2037.2","1896.7","1846.5","1782.1","1735.6","1676.4","1599.1","1508.6","1574.5","1476.8","1427.1",
"전규모(상용근로자 10인 이상)","사업지원서비스업","상여금 및 성과금[천원]","천원","133.1","144.4","175.9","173.3","181.3","167.4","190.9","174.4","143","137.6","135",
"전규모(상용근로자 10인 이상)","사업지원서비스업","간접노동비용(계)[천원]","천원","431.3","379.9","388.9","387.8","393.6","347.2","374.1","335.8","342.2","328.4","310.5",
"전규모(상용근로자 10인 이상)","사업지원서비스업","퇴직급여 등의 비용[천원]","천원","195.3","155.4","172.2","164.9","160.1","139.4","159.7","145.8","152.6","143.5","130",
"전규모(상용근로자 10인 이상)","사업지원서비스업","현물지급비용[천원]","천원","","","","-","-","-","1.8","1.6","1.7","1.8","1.7",
"전규모(상용근로자 10인 이상)","사업지원서비스업","법정노동비용[천원]","천원","183.4","173","165.7","168.3","170.7","156.2","153.5","138.7","141.7","135.1","128.7",
"전규모(상용근로자 10인 이상)","사업지원서비스업","법정외 복지비용[천원]","천원","42.7","42","43.8","45.8","53.5","43.8","49.2","40","36.3","37.9","41.6",
"전규모(상용근로자 10인 이상)","사업지원서비스업","채용관련비용(모집비)[천원]","천원","4.4","4.8","3.6","4.7","4.5","3.5","3","2.1","4","2.1","1.5",
"전규모(상용근로자 10인 이상)","사업지원서비스업","교육훈련비용[천원]","천원","5.4","4.7","3.6","4","4.8","4.3","5.5","6.3","5.4","6.4","5.5",
"전규모(상용근로자 10인 이상)","사업지원서비스업","기타노동비용[천원]","천원","","","","-","-","-","1.3","1.2",".5","1.6","1.5",
"전규모(상용근로자 10인 이상)","R. 예술,스포츠및여가관련서비스업(90~91)","노동비용총액[천원]","천원","4973.5","4687.8","4462.8","4308.3","4333.1","4284.9","4231.4","3844.7","3701","3670.7","3688.3",
"전규모(상용근로자 10인 이상)","R. 예술,스포츠및여가관련서비스업(90~91)","직접노동비용(계)[천원]","천원","3888.7","3704.8","3544.8","3419.5","3386.1","3362.9","3301.1","2983","2875.5","2812.6","2827.8",
"전규모(상용근로자 10인 이상)","R. 예술,스포츠및여가관련서비스업(90~91)","정액 및 초과급여[천원]","천원","3468.5","3312","3150.3","2895.1","2784.5","2741.9","2635.4","2449.2","2340.6","2299.1","2301",
"전규모(상용근로자 10인 이상)","R. 예술,스포츠및여가관련서비스업(90~91)","상여금 및 성과금[천원]","천원","420.2","392.8","394.6","524.4","601.6","621","665.7","533.8","534.9","513.6","526.8",
"전규모(상용근로자 10인 이상)","R. 예술,스포츠및여가관련서비스업(90~91)","간접노동비용(계)[천원]","천원","1084.7","983.1","917.9","888.8","947","922","930.3","861.7","825.5","858","860.5",
"전규모(상용근로자 10인 이상)","R. 예술,스포츠및여가관련서비스업(90~91)","퇴직급여 등의 비용[천원]","천원","419.2","360.1","340","326.4","357.7","326.6","337","348.4","308.5","314.2","287.3",
"전규모(상용근로자 10인 이상)","R. 예술,스포츠및여가관련서비스업(90~91)","현물지급비용[천원]","천원","","","","-","-","-","4.6","2.6","2.6","11.6","14.8",
"전규모(상용근로자 10인 이상)","R. 예술,스포츠및여가관련서비스업(90~91)","법정노동비용[천원]","천원","340.3","321.5","302","285.2","290.7","293.6","260.1","238.9","231.5","232.3","232.3",
"전규모(상용근로자 10인 이상)","R. 예술,스포츠및여가관련서비스업(90~91)","법정외 복지비용[천원]","천원","307.3","287.9","259.4","245.7","263.7","269.1","294.6","243.2","249","264.2","278.5",
"전규모(상용근로자 10인 이상)","R. 예술,스포츠및여가관련서비스업(90~91)","채용관련비용(모집비)[천원]","천원","2.7","3.5","1.8","3.8","4.1","4.4","1.2","1.5","1.9","2.4","3.5",
"전규모(상용근로자 10인 이상)","R. 예술,스포츠및여가관련서비스업(90~91)","교육훈련비용[천원]","천원","15.3","10.2","14.8","27.6","30.8","28.3","26.3","19.2","27.7","24","27.5",
"전규모(상용근로자 10인 이상)","R. 예술,스포츠및여가관련서비스업(90~91)","기타노동비용[천원]","천원","","","","-","-","-","6.5","8","4.2","9.3","16.5",
"전규모(상용근로자 10인 이상)","창작,예술및여가관련서비스업","노동비용총액[천원]","천원","3924.3","3825.9","3580.4","3670.1","3555.3","3742.6","3796.3","3645.6","3834.7","4101.5","4313.6",
"전규모(상용근로자 10인 이상)","창작,예술및여가관련서비스업","직접노동비용(계)[천원]","천원","3175.5","3125.9","3000.5","3031.1","2987.8","2968.5","3058.5","2856.4","3175.3","3270.4","3470.7",
"전규모(상용근로자 10인 이상)","창작,예술및여가관련서비스업","정액 및 초과급여[천원]","천원","2985.9","2920.1","2858","2911.4","2871","2856.7","2835.1","2561.8","2500.1","2575.1","2611.3",
"전규모(상용근로자 10인 이상)","창작,예술및여가관련서비스업","상여금 및 성과금[천원]","천원","189.5","205.9","142.6","119.7","116.8","111.8","223.4","294.6","675.2","695.3","859.5",
"전규모(상용근로자 10인 이상)","창작,예술및여가관련서비스업","간접노동비용(계)[천원]","천원","748.8","699.9","579.8","639","567.5","774.2","737.8","789.1","659.4","831.1","842.9",
"전규모(상용근로자 10인 이상)","창작,예술및여가관련서비스업","퇴직급여 등의 비용[천원]","천원","259.7","236.9","200.4","215.4","147.1","289","310.3","338.9","250.7","274.3","220.6",
"전규모(상용근로자 10인 이상)","창작,예술및여가관련서비스업","현물지급비용[천원]","천원","","","","-","-","-","7.4","5","0","45","49.8",
"전규모(상용근로자 10인 이상)","창작,예술및여가관련서비스업","법정노동비용[천원]","천원","272.2","257.3","240.8","247.9","241.1","277.3","252.5","217.3","251.6","270.7","274.7",
"전규모(상용근로자 10인 이상)","창작,예술및여가관련서비스업","법정외 복지비용[천원]","천원","209.3","200.5","131.7","169.3","174","200.7","145","186.3","155.7","175.2","222",
"전규모(상용근로자 10인 이상)","창작,예술및여가관련서비스업","채용관련비용(모집비)[천원]","천원",".7","1.6","1.6","1.1","2.2","1.3","2.8","2.2",".5","7.2","5.8",
"전규모(상용근로자 10인 이상)","창작,예술및여가관련서비스업","교육훈련비용[천원]","천원","6.9","3.6","5.3","5.4","3.1","5.8","17.4","14.7",".8","36.1","49",
"전규모(상용근로자 10인 이상)","창작,예술및여가관련서비스업","기타노동비용[천원]","천원","","","","-","-","-","2.4","24.8","0","22.6","21",
"전규모(상용근로자 10인 이상)","스포츠및오락관련서비스업","노동비용총액[천원]","천원","5129.8","4822.2","4585.7","4380.2","4413.5","4338.2","4276.1","3868","3687.2","3563.8","3556.9",
"전규모(상용근로자 10인 이상)","스포츠및오락관련서비스업","직접노동비용(계)[천원]","천원","3995","3795","3620.7","3463.2","3427.3","3401.7","3326.1","2997.8","2844.5","2699.1","2692.7",
"전규모(상용근로자 10인 이상)","스포츠및오락관련서비스업","정액 및 초과급여[천원]","천원","3540.4","3373.1","3191","2893.3","2775.5","2730.7","2614.8","2436","2324.1","2230.6","2235.8",
"전규모(상용근로자 10인 이상)","스포츠및오락관련서비스업","상여금 및 성과금[천원]","천원","454.6","421.9","429.7","570","651.7","671","711.2","561.8","520.4","468.5","456.9",
"전규모(상용근로자 10인 이상)","스포츠및오락관련서비스업","간접노동비용(계)[천원]","천원","1134.8","1027.2","965","916.9","986.2","936.5","950.1","870.2","842.6","864.7","864.2",
"전규모(상용근로자 10인 이상)","스포츠및오락관련서비스업","퇴직급여 등의 비용[천원]","천원","442.9","379.3","359.4","338.9","379.5","330.3","339.7","349.5","314.5","324.2","301.4",
"전규모(상용근로자 10인 이상)","스포츠및오락관련서비스업","현물지급비용[천원]","천원","","","","-","-","-","4.3","2.3","2.9","3.3","7.5",
"전규모(상용근로자 10인 이상)","스포츠및오락관련서비스업","법정노동비용[천원]","천원","350.5","331.4","310.5","289.5","295.8","295.1","260.9","241.4","229.4","222.7","223.4",
"전규모(상용근로자 10인 이상)","스포츠및오락관련서비스업","법정외 복지비용[천원]","천원","321.9","301.5","277.2","254.4","273","275.9","310.1","249.9","258.7","286.2","290.3",
"전규모(상용근로자 10인 이상)","스포츠및오락관련서비스업","채용관련비용(모집비)[천원]","천원","3","3.8","1.9","4.1","4.3","4.7","1","1.5","2","1.3","3.1",
"전규모(상용근로자 10인 이상)","스포츠및오락관련서비스업","교육훈련비용[천원]","천원","16.5","11.2","16.1","30.1","33.7","30.5","27.2","19.7","30.4","21","23",
"전규모(상용근로자 10인 이상)","스포츠및오락관련서비스업","기타노동비용[천원]","천원","","","","-","-","-","6.9","6","4.7","6","15.6",
"전규모(상용근로자 10인 이상)","S. 협회및단체,수리및기타개인서비스업(94~96)","노동비용총액[천원]","천원","4305.5","4019.3","3779.8","3517","3415.4","3447.4","3524.5","3195.9","2711.7","2529.6","2545.2",
"전규모(상용근로자 10인 이상)","S. 협회및단체,수리및기타개인서비스업(94~96)","직접노동비용(계)[천원]","천원","3555","3317.1","3090.9","2873.1","2804.4","2800.6","2742.1","2505.8","2190","2047.1","2060.7",
"전규모(상용근로자 10인 이상)","S. 협회및단체,수리및기타개인서비스업(94~96)","정액 및 초과급여[천원]","천원","3258.1","3052.3","2834","2587.8","2519.1","2513.3","2392.3","2232.4","2021.8","1900.8","1921.6",
"전규모(상용근로자 10인 이상)","S. 협회및단체,수리및기타개인서비스업(94~96)","상여금 및 성과금[천원]","천원","296.9","264.8","256.9","285.3","285.4","287.4","349.8","273.4","168.2","146.2","139.2",
"전규모(상용근로자 10인 이상)","S. 협회및단체,수리및기타개인서비스업(94~96)","간접노동비용(계)[천원]","천원","750.5","702.2","688.9","644","611","646.8","782.5","690","521.8","482.5","484.5",
"전규모(상용근로자 10인 이상)","S. 협회및단체,수리및기타개인서비스업(94~96)","퇴직급여 등의 비용[천원]","천원","318.9","279.8","282.5","260.7","233.4","240.3","393.1","323.2","192.2","177.9","179.7",
"전규모(상용근로자 10인 이상)","S. 협회및단체,수리및기타개인서비스업(94~96)","현물지급비용[천원]","천원","","","","-","-","-","2.9","2.4",".8",".5",".6",
"전규모(상용근로자 10인 이상)","S. 협회및단체,수리및기타개인서비스업(94~96)","법정노동비용[천원]","천원","297.8","284.9","281.7","252","247.5","239.5","228.5","214.9","199.2","183.2","183.5",
"전규모(상용근로자 10인 이상)","S. 협회및단체,수리및기타개인서비스업(94~96)","법정외 복지비용[천원]","천원","122.6","128.5","118","123.3","122.3","129.9","143.5","134.8","118.2","111.7","114.7",
"전규모(상용근로자 10인 이상)","S. 협회및단체,수리및기타개인서비스업(94~96)","채용관련비용(모집비)[천원]","천원","2.5","2.3","1.3","1.8","1.8","1.1","1.7","1.2",".9",".4",".5",
"전규모(상용근로자 10인 이상)","S. 협회및단체,수리및기타개인서비스업(94~96)","교육훈련비용[천원]","천원","8.7","6.7","5.4","6.3","6.1","36","10.5","12.5","9.3","8.2","4.6",
"전규모(상용근로자 10인 이상)","S. 협회및단체,수리및기타개인서비스업(94~96)","기타노동비용[천원]","천원","","","","-","-","-","2.3","1","1",".7",".9",
"전규모(상용근로자 10인 이상)","협회및단체","노동비용총액[천원]","천원","-","-","-","-","-","-","-","-","-","-","-",
"전규모(상용근로자 10인 이상)","협회및단체","직접노동비용(계)[천원]","천원","-","-","-","-","-","-","-","-","-","-","-",
"전규모(상용근로자 10인 이상)","협회및단체","정액 및 초과급여[천원]","천원","-","-","-","-","-","-","-","-","-","-","-",
"전규모(상용근로자 10인 이상)","협회및단체","상여금 및 성과금[천원]","천원","-","-","-","-","-","-","-","-","-","-","-",
"전규모(상용근로자 10인 이상)","협회및단체","간접노동비용(계)[천원]","천원","-","-","-","-","-","-","-","-","-","-","-",
"전규모(상용근로자 10인 이상)","협회및단체","퇴직급여 등의 비용[천원]","천원","-","-","-","-","-","-","-","-","-","-","-",
"전규모(상용근로자 10인 이상)","협회및단체","현물지급비용[천원]","천원","","","","-","-","-","-","-","-","-","-",
"전규모(상용근로자 10인 이상)","협회및단체","법정노동비용[천원]","천원","-","-","-","-","-","-","-","-","-","-","-",
"전규모(상용근로자 10인 이상)","협회및단체","법정외 복지비용[천원]","천원","-","-","-","-","-","-","-","-","-","-","-",
"전규모(상용근로자 10인 이상)","협회및단체","채용관련비용(모집비)[천원]","천원","-","-","-","-","-","-","-","-","-","-","-",
"전규모(상용근로자 10인 이상)","협회및단체","교육훈련비용[천원]","천원","-","-","-","-","-","-","-","-","-","-","-",
"전규모(상용근로자 10인 이상)","협회및단체","기타노동비용[천원]","천원","","","","-","-","-","-","-","-","-","-",
"전규모(상용근로자 10인 이상)","수리업","노동비용총액[천원]","천원","4773.2","4366.8","4051.6","3708.1","3609.2","3629","3725.9","3381.2","2810.6","2616.7","2655.7",
"전규모(상용근로자 10인 이상)","수리업","직접노동비용(계)[천원]","천원","3912.5","3561.8","3299","3004.4","2937.7","2920.7","2866.2","2600.9","2241.2","2107.1","2132.7",
"전규모(상용근로자 10인 이상)","수리업","정액 및 초과급여[천원]","천원","3558","3257.7","2992.2","2678.3","2609.8","2597.4","2467.8","2292.7","2050.7","1943.1","1974.4",
"전규모(상용근로자 10인 이상)","수리업","상여금 및 성과금[천원]","천원","354.5","304.1","306.8","326","327.9","323.4","398.3","308.2","190.5","164.1","158.3",
"전규모(상용근로자 10인 이상)","수리업","간접노동비용(계)[천원]","천원","860.7","805","752.6","703.7","671.5","708.3","859.8","780.3","569.4","509.6","523",
"전규모(상용근로자 10인 이상)","수리업","퇴직급여 등의 비용[천원]","천원","370.2","325.1","288.8","295.2","268","264.3","444.8","383.1","213.5","195.4","201.6",
"전규모(상용근로자 10인 이상)","수리업","현물지급비용[천원]","천원","","","","-","-","-","2.5","2.4",".8",".6",".8",
"전규모(상용근로자 10인 이상)","수리업","법정노동비용[천원]","천원","334","315.6","311.9","268.9","264.3","256.9","244.8","232.6","214.7","193.6","196.1",
"전규모(상용근로자 10인 이상)","수리업","법정외 복지비용[천원]","천원","144.6","156.7","144","132.3","131.4","141.7","151.9","145.6","128.2","115","119",
"전규모(상용근로자 10인 이상)","수리업","채용관련비용(모집비)[천원]","천원","2.8","1","1.4",".8",".8",".9",".6",".4",".5",".4",".2",
"전규모(상용근로자 10인 이상)","수리업","교육훈련비용[천원]","천원","9.1","6.6","6.6","6.5","7","44.5","12.3","14.9","10.5","4","4.4",
"전규모(상용근로자 10인 이상)","수리업","기타노동비용[천원]","천원","","","","-","-","-","2.9","1.2","1.3",".6",".9",
"전규모(상용근로자 10인 이상)","기타개인서비스업","노동비용총액[천원]","천원","2886.1","2966.6","2969.2","2839.7","2753.9","2820.6","2747.1","2543.6","2347.8","2137.7","2158.5",
"전규모(상용근로자 10인 이상)","기타개인서비스업","직접노동비용(계)[천원]","천원","2469.8","2575.8","2470.4","2407.4","2349.6","2386.1","2263.1","2171.2","2001.4","1776.8","1809",
"전규모(상용근로자 10인 이상)","기타개인서비스업","정액 및 초과급여[천원]","천원","2347.9","2429.8","2362.3","2266.6","2209.3","2223","2100.7","2020.1","1915.3","1711","1736.7",
"전규모(상용근로자 10인 이상)","기타개인서비스업","상여금 및 성과금[천원]","천원","121.9","146","108.1","140.9","140.2","163.1","162.3","151","86.2","65.8","72.3",
"전규모(상용근로자 10인 이상)","기타개인서비스업","간접노동비용(계)[천원]","천원","416.3","390.8","498.7","432.2","404.3","434.4","484","372.4","346.3","360.9","349.5",
"전규모(상용근로자 10인 이상)","기타개인서비스업","퇴직급여 등의 비용[천원]","천원","163.1","142.7","263.6","138","115.2","157.2","193.5","112.4","113.9","99.3","102.9",
"전규모(상용근로자 10인 이상)","기타개인서비스업","현물지급비용[천원]","천원","","","","-","-","-","4.2","2.6","1","0","0",
"전규모(상용근로자 10인 이상)","기타개인서비스업","법정노동비용[천원]","천원","188.1","191.9","191.8","192","190","179.3","165.6","152.4","142.3","136.4","139.5",
"전규모(상용근로자 10인 이상)","기타개인서비스업","법정외 복지비용[천원]","천원","56","43","40.7","91.2","91.1","89.4","111.2","96.8","81.6","96.9","99.7",
"전규모(상용근로자 10인 이상)","기타개인서비스업","채용관련비용(모집비)[천원]","천원","1.7","6.2",".9","5.3","5.2","1.7","6","4","2.4",".2","1.6",
"전규모(상용근로자 10인 이상)","기타개인서비스업","교육훈련비용[천원]","천원","7.4","7","1.7","5.6","2.8","6.8","3.4","4","5","27.2","5.1",
"전규모(상용근로자 10인 이상)","기타개인서비스업","기타노동비용[천원]","천원","","","","-","-","-","0",".2","0","1",".7",
"상용근로자 30인 이상","전체","노동비용총액[천원]","천원","5429.3","5254.4","5169.4","5054.4","4938","4799.7","4753.8","4591.5","4256","4080.2","4070.8",
"상용근로자 30인 이상","전체","직접노동비용(계)[천원]","천원","4298.8","4135.6","4084.7","3977.4","3839.1","3757.1","3655.3","3507.3","3331.5","3161.4","3158.3",
"상용근로자 30인 이상","전체","정액 및 초과급여[천원]","천원","3424.3","3269.9","3210.3","3139.1","3015.9","2895.5","2811","2680.4","2531.3","2398","2392.1",
"상용근로자 30인 이상","전체","상여금 및 성과금[천원]","천원","874.5","865.7","874.5","838.4","823.2","861.6","844.3","826.9","800.2","763.4","766.3",
"상용근로자 30인 이상","전체","간접노동비용(계)[천원]","천원","1130.5","1118.8","1084.7","1076.9","1098.8","1042.7","1098.5","1084.2","924.6","918.7","912.5",
"상용근로자 30인 이상","전체","퇴직급여 등의 비용[천원]","천원","480.7","497.9","489.9","478.5","509.6","458","526.4","535.8","424.3","410.9","401.3",
"상용근로자 30인 이상","전체","현물지급비용[천원]","천원","","","","-","-","-","4.2","4.4","2.9","3.4","3.5",
"상용근로자 30인 이상","전체","법정노동비용[천원]","천원","376.3","356.7","345.2","335.2","329.1","322.8","311.3","293.2","278.3","270.3","267.7",
"상용근로자 30인 이상","전체","법정외 복지비용[천원]","천원","240.6","231.1","218.5","229.4","225.1","225.9","211.7","207.6","179.5","194.5","194.2",
"상용근로자 30인 이상","전체","채용관련비용(모집비)[천원]","천원","6.2","6.2","5.9","5.5","5.8","6.2","5.7","5","5.6","3.8","3.8",
"상용근로자 30인 이상","전체","교육훈련비용[천원]","천원","26.6","26.9","25.2","28.4","29.2","29.8","32.6","32.2","28.5","29.1","34.2",
"상용근로자 30인 이상","전체","기타노동비용[천원]","천원","","","","-","-","-","6.5","6.1","5.5","6.8","7.9",
"상용근로자 30인 이상","B. 광업(05~08)","노동비용총액[천원]","천원","5507.4","5679.2","5723.1","5456.7","5405.4","5368.7","5313.3","4894.2","4053.1","3799.9","3711.4",
"상용근로자 30인 이상","B. 광업(05~08)","직접노동비용(계)[천원]","천원","4354","4187.4","4171.7","3920.7","3921.9","3874.3","3735.5","3534.9","3066.2","2875.4","2836.2",
"상용근로자 30인 이상","B. 광업(05~08)","정액 및 초과급여[천원]","천원","3683.2","3522.3","3346.6","3112.2","2998.3","2988.1","2888.9","2783.5","2639","2456","2449.6",
"상용근로자 30인 이상","B. 광업(05~08)","상여금 및 성과금[천원]","천원","670.9","665.1","825","808.5","923.6","886.2","846.7","751.5","427.3","419.4","386.6",
"상용근로자 30인 이상","B. 광업(05~08)","간접노동비용(계)[천원]","천원","1153.4","1491.8","1551.4","1536","1483.5","1494.4","1577.8","1359.3","986.9","924.5","875.2",
"상용근로자 30인 이상","B. 광업(05~08)","퇴직급여 등의 비용[천원]","천원","441.1","528.1","541.5","598.8","521","552.8","553.4","451.9","296.8","304.1","278.1",
"상용근로자 30인 이상","B. 광업(05~08)","현물지급비용[천원]","천원","","","","-","-","-","4.6","1.7","1","1.2","1.5",
"상용근로자 30인 이상","B. 광업(05~08)","법정노동비용[천원]","천원","490.2","704.5","764.3","746.9","744","712","801.1","662.3","517","451","443.6",
"상용근로자 30인 이상","B. 광업(05~08)","법정외 복지비용[천원]","천원","220.4","253.6","242.9","188.1","215.7","227.3","215.8","240.5","169","166.6","149.1",
"상용근로자 30인 이상","B. 광업(05~08)","채용관련비용(모집비)[천원]","천원",".3",".1",".2",".1",".4",".1",".3",".3",".1","0",".5",
"상용근로자 30인 이상","B. 광업(05~08)","교육훈련비용[천원]","천원","1.5","5.5","2.5","2.1","2.5","2.3","1.7","1.6","1.3",".8","1.4",
"상용근로자 30인 이상","B. 광업(05~08)","기타노동비용[천원]","천원","","","","-","-","-","1","1.1","1.7",".9","1",
"상용근로자 30인 이상","석탄,원유및천연가스광업","노동비용총액[천원]","천원","7182.1","7565.4","7545.7","7902.3","7380.1","7421.9","7115.6","6304.1","4835.7","4924.5","5314.7",
"상용근로자 30인 이상","석탄,원유및천연가스광업","직접노동비용(계)[천원]","천원","5609.6","5121.3","5129.8","5015.8","4843.1","4806.8","4351.6","4096.7","3396.1","3240","3287.2",
"상용근로자 30인 이상","석탄,원유및천연가스광업","정액 및 초과급여[천원]","천원","3774.8","3365.3","3354.8","3374","3275.7","3261","2925.3","2655.3","2721.8","2563.2","2434.3",
"상용근로자 30인 이상","석탄,원유및천연가스광업","상여금 및 성과금[천원]","천원","1834.8","1756","1775","1641.7","1567.4","1545.7","1426.3","1441.4","674.3","676.8","852.9",
"상용근로자 30인 이상","석탄,원유및천연가스광업","간접노동비용(계)[천원]","천원","1572.5","2444","2415.9","2886.5","2537","2615.1","2764","2207.4","1439.6","1684.5","2027.6",
"상용근로자 30인 이상","석탄,원유및천연가스광업","퇴직급여 등의 비용[천원]","천원","834.3","879.3","843.9","901.4","732.6","859","860.2","536.8","217.8","196","238.2",
"상용근로자 30인 이상","석탄,원유및천연가스광업","현물지급비용[천원]","천원","","","","-","-","-","6.8","3.4","3.2","3","5.5",
"상용근로자 30인 이상","석탄,원유및천연가스광업","법정노동비용[천원]","천원","620.4","1400.9","1411.2","1857.4","1584.7","1572.9","1719","1410.2","1136.2","1377.7","1732.8",
"상용근로자 30인 이상","석탄,원유및천연가스광업","법정외 복지비용[천원]","천원","117.1","162.3","159.4","126","215.4","178.7","175","253.6","78.9","104","38.7",
"상용근로자 30인 이상","석탄,원유및천연가스광업","채용관련비용(모집비)[천원]","천원",".2",".3",".3",".4","1.3","0","0",".6","0",".4","3.1",
"상용근로자 30인 이상","석탄,원유및천연가스광업","교육훈련비용[천원]","천원",".3","1.2","1.2","1.3","3.1","4.6","1.9","1.7","1.9","0",".3",
"상용근로자 30인 이상","석탄,원유및천연가스광업","기타노동비용[천원]","천원","","","","-","-","-","1.1","1.1","1.5","3.4","8.9",
"상용근로자 30인 이상","금속광업","노동비용총액[천원]","천원","4689.6","4583.6","3967.9","4504.3","4853.3","4751.2","4692.6","4542.1","3202.4","3141.1","3497.5",
"상용근로자 30인 이상","금속광업","직접노동비용(계)[천원]","천원","3624.6","3853.5","3324.3","3380.5","3826.7","3630.5","3546.1","3259","2484.5","2285","2472.4",
"상용근로자 30인 이상","금속광업","정액 및 초과급여[천원]","천원","3436.6","3717.5","3130.8","3093.3","3233.5","3139.5","3104.4","2672.1","2241.5","2054.2","2217.9",
"상용근로자 30인 이상","금속광업","상여금 및 성과금[천원]","천원","188","136.1","193.5","287.2","593.1","491.1","441.6","587","243","230.8","254.5",
"상용근로자 30인 이상","금속광업","간접노동비용(계)[천원]","천원","1065","730","643.6","1123.8","1026.6","1120.7","1146.6","1283.1","717.9","856.1","1025.1",
"상용근로자 30인 이상","금속광업","퇴직급여 등의 비용[천원]","천원","360","88.6","162.4","460.7","295.5","264.8","234.8","385.7","206.9","189.2","191.7",
"상용근로자 30인 이상","금속광업","현물지급비용[천원]","천원","","","","-","-","-","0","0","0","0","0",
"상용근로자 30인 이상","금속광업","법정노동비용[천원]","천원","516.4","451.2","375.2","472","520.8","645.2","733.4","751.7","405.8","543","635.2",
"상용근로자 30인 이상","금속광업","법정외 복지비용[천원]","천원","186","190","105.8","191","210.2","210.5","178","145.7","105.2","123.9","198.2",
"상용근로자 30인 이상","금속광업","채용관련비용(모집비)[천원]","천원","0","0","0","0","-","0","0","0","0","0","0",
"상용근로자 30인 이상","금속광업","교육훈련비용[천원]","천원","2.5",".3",".1",".1",".2",".1",".3","0","0","0","0",
"상용근로자 30인 이상","금속광업","기타노동비용[천원]","천원","","","","-","-","-","0","0","0","0","0",
"상용근로자 30인 이상","비금속광물광업;연료용제외","노동비용총액[천원]","천원","5070.8","5167.8","5045.6","4822.2","4700.1","4739.9","4530.5","4369.3","3794.5","3654","3517.3",
"상용근로자 30인 이상","비금속광물광업;연료용제외","직접노동비용(계)[천원]","천원","4033.9","3918","3811.3","3641.7","3584.3","3584.6","3466.9","3332.5","2963.3","2838.7","2790.3",
"상용근로자 30인 이상","비금속광물광업;연료용제외","정액 및 초과급여[천원]","천원","3671.9","3556.9","3355.3","3040.4","2882.7","2878.7","2862.6","2838.2","2620","2451.7","2458.1",
"상용근로자 30인 이상","비금속광물광업;연료용제외","상여금 및 성과금[천원]","천원","362","361.1","456","601.3","701.6","706","604.3","494.2","343.3","387","332.1",
"상용근로자 30인 이상","비금속광물광업;연료용제외","간접노동비용(계)[천원]","천원","1036.8","1249.7","1234.3","1180.5","1115.8","1155.3","1063.6","1036.9","831.1","815.3","727",
"상용근로자 30인 이상","비금속광물광업;연료용제외","퇴직급여 등의 비용[천원]","천원","331.6","451.1","434.1","521.2","454.1","480.7","429.9","422.6","327.7","323.1","285.6",
"상용근로자 30인 이상","비금속광물광업;연료용제외","현물지급비용[천원]","천원","","","","-","-","-","3.8","1.2",".3",".9","1",
"상용근로자 30인 이상","비금속광물광업;연료용제외","법정노동비용[천원]","천원","450.5","503.9","510.7","451.6","443.1","427.2","391","370.2","296.9","312.8","277.1",
"상용근로자 30인 이상","비금속광물광업;연료용제외","법정외 복지비용[천원]","천원","252.6","287.4","286.2","205.2","216.1","245.7","235.8","240.1","203.2","177","161.5",
"상용근로자 30인 이상","비금속광물광업;연료용제외","채용관련비용(모집비)[천원]","천원",".3","0",".1",".1",".1",".1",".5",".2",".2","0",".1",
"상용근로자 30인 이상","비금속광물광업;연료용제외","교육훈련비용[천원]","천원","1.7","7.3","3.3","2.4","2.4","1.7","1.6","1.6","1.1",".9","1.6",
"상용근로자 30인 이상","비금속광물광업;연료용제외","기타노동비용[천원]","천원","","","","-","-","-","1","1.1","1.8",".5","0",
"상용근로자 30인 이상","광업지원서비스업","노동비용총액[천원]","천원","-","-","-","-","-","-","-","-","-","-","-",
"상용근로자 30인 이상","광업지원서비스업","직접노동비용(계)[천원]","천원","-","-","-","-","-","-","-","-","-","-","-",
"상용근로자 30인 이상","광업지원서비스업","정액 및 초과급여[천원]","천원","-","-","-","-","-","-","-","-","-","-","-",
"상용근로자 30인 이상","광업지원서비스업","상여금 및 성과금[천원]","천원","-","-","-","-","-","-","-","-","-","-","-",
"상용근로자 30인 이상","광업지원서비스업","간접노동비용(계)[천원]","천원","-","-","-","-","-","-","-","-","-","-","-",
"상용근로자 30인 이상","광업지원서비스업","퇴직급여 등의 비용[천원]","천원","-","-","-","-","-","-","-","-","-","-","-",
"상용근로자 30인 이상","광업지원서비스업","현물지급비용[천원]","천원","","","","-","-","-","-","-","-","-","-",
"상용근로자 30인 이상","광업지원서비스업","법정노동비용[천원]","천원","-","-","-","-","-","-","-","-","-","-","-",
"상용근로자 30인 이상","광업지원서비스업","법정외 복지비용[천원]","천원","-","-","-","-","-","-","-","-","-","-","-",
"상용근로자 30인 이상","광업지원서비스업","채용관련비용(모집비)[천원]","천원","-","-","-","-","-","-","-","-","-","-","-",
"상용근로자 30인 이상","광업지원서비스업","교육훈련비용[천원]","천원","-","-","-","-","-","-","-","-","-","-","-",
"상용근로자 30인 이상","광업지원서비스업","기타노동비용[천원]","천원","","","","-","-","-","-","-","-","-","-",
"상용근로자 30인 이상","C. 제조업(10~33)","노동비용총액[천원]","천원","6331.3","6095.9","6030.7","5771.6","5723.1","5548.2","5441.1","5216.4","4744.6","4530.1","4458.3",
"상용근로자 30인 이상","C. 제조업(10~33)","직접노동비용(계)[천원]","천원","4938.2","4723.2","4644.9","4451.3","4319.5","4278.7","4091.5","3897.8","3648","3453","3413.6",
"상용근로자 30인 이상","C. 제조업(10~33)","정액 및 초과급여[천원]","천원","3683.3","3507.2","3421.4","3310","3163.9","3066.3","2956.3","2817.9","2626.9","2500.1","2482.6",
"상용근로자 30인 이상","C. 제조업(10~33)","상여금 및 성과금[천원]","천원","1254.9","1216","1223.6","1141.3","1155.5","1212.4","1135.2","1079.9","1021.1","952.9","931",
"상용근로자 30인 이상","C. 제조업(10~33)","간접노동비용(계)[천원]","천원","1393.2","1372.7","1385.8","1320.3","1403.6","1269.5","1349.7","1318.6","1096.6","1077.1","1044.8",
"상용근로자 30인 이상","C. 제조업(10~33)","퇴직급여 등의 비용[천원]","천원","595.7","624.4","644.6","600.2","694.3","570","666.5","672.5","507.2","474.2","461.3",
"상용근로자 30인 이상","C. 제조업(10~33)","현물지급비용[천원]","천원","","","","-","-","-","5.3","6","3.9","4.2","3.9",
"상용근로자 30인 이상","C. 제조업(10~33)","법정노동비용[천원]","천원","425.8","404.2","399.1","376.6","369.2","363.1","356.2","326.7","308.9","299.4","292.1",
"상용근로자 30인 이상","C. 제조업(10~33)","법정외 복지비용[천원]","천원","337.3","310.1","306.4","307.1","302.7","298","268.5","263.1","230.2","255.1","239",
"상용근로자 30인 이상","C. 제조업(10~33)","채용관련비용(모집비)[천원]","천원","6.8","7.4","7.7","5.7","6.5","7.5","6.9","5.9","6.9","4.6","3.8",
"상용근로자 30인 이상","C. 제조업(10~33)","교육훈련비용[천원]","천원","27.5","26.6","28","30.6","31","30.9","37.2","36","31.7","30.1","33.6",
"상용근로자 30인 이상","C. 제조업(10~33)","기타노동비용[천원]","천원","","","","-","-","-","9.1","8.4","7.7","9.6","11",
"상용근로자 30인 이상","식료품제조업","노동비용총액[천원]","천원","4575.3","4742","4478.4","4037.4","4086.4","4103","4068","4038.4","4028.3","3811.9","3664.9",
"상용근로자 30인 이상","식료품제조업","직접노동비용(계)[천원]","천원","3561.9","3596.3","3424.1","3116.4","3105.6","3145.7","3110.2","2948.1","2894.7","2760.8","2641.3",
"상용근로자 30인 이상","식료품제조업","정액 및 초과급여[천원]","천원","3046","3079.9","2878.6","2578.8","2499.9","2507","2471.6","2322.6","2201.5","2135.5","2053.6",
"상용근로자 30인 이상","식료품제조업","상여금 및 성과금[천원]","천원","515.9","516.4","545.5","537.7","605.7","638.7","638.7","625.5","693.2","625.3","587.8",
"상용근로자 30인 이상","식료품제조업","간접노동비용(계)[천원]","천원","1013.4","1145.7","1054.2","921","980.8","957.2","957.7","1090.3","1133.6","1051.1","1023.6",
"상용근로자 30인 이상","식료품제조업","퇴직급여 등의 비용[천원]","천원","431.9","570.2","438.1","387.4","488.2","449.8","424.2","584","600.5","516.4","509.9",
"상용근로자 30인 이상","식료품제조업","현물지급비용[천원]","천원","","","","-","-","-","5.9","4.9","5.1","5.7","4.3",
"상용근로자 30인 이상","식료품제조업","법정노동비용[천원]","천원","325.9","309.4","309.5","273.9","260.3","262.7","273.1","250.5","255.9","235.5","225.6",
"상용근로자 30인 이상","식료품제조업","법정외 복지비용[천원]","천원","221.8","237.4","253.6","227.3","202.8","204.7","211","210.8","241.6","238.6","226.5",
"상용근로자 30인 이상","식료품제조업","채용관련비용(모집비)[천원]","천원","6.1","4.6","7.9","4.4","5.1","10.5","4.6","4.3","2.3","2.5","3.5",
"상용근로자 30인 이상","식료품제조업","교육훈련비용[천원]","천원","27.7","24","45","28.1","24.5","29.5","30.2","26.4","23.9","42.2","45.1",
"상용근로자 30인 이상","식료품제조업","기타노동비용[천원]","천원","","","","-","-","-","8.9","9.3","4.1","10.2","8.8",
"상용근로자 30인 이상","음료제조업","노동비용총액[천원]","천원","6253.6","6491.5","5974.2","5800.7","5608.3","5609.5","5455","4901.7","4365","4064.1","3975.9",
"상용근로자 30인 이상","음료제조업","직접노동비용(계)[천원]","천원","5009.5","4903.1","4634.9","4523","4445.2","4285.1","4118.9","3819.7","3337.1","3114.8","3077.5",
"상용근로자 30인 이상","음료제조업","정액 및 초과급여[천원]","천원","3748.6","3675.4","3402.1","3285.3","3116.7","3065.3","2974.9","2826.9","2408.1","2250.5","2247.7",
"상용근로자 30인 이상","음료제조업","상여금 및 성과금[천원]","천원","1260.9","1227.7","1232.8","1237.6","1328.5","1219.8","1144","992.8","929.1","864.3","829.8",
"상용근로자 30인 이상","음료제조업","간접노동비용(계)[천원]","천원","1244.1","1588.4","1339.3","1277.8","1163.1","1324.4","1336.1","1082","1027.8","949.3","898.4",
"상용근로자 30인 이상","음료제조업","퇴직급여 등의 비용[천원]","천원","445","539.5","657.2","559.1","466","599.7","682.4","495.5","477.5","422.3","398.2",
"상용근로자 30인 이상","음료제조업","현물지급비용[천원]","천원","","","","-","-","-","13.9","13.2","5.5","8.4","9.6",
"상용근로자 30인 이상","음료제조업","법정노동비용[천원]","천원","425.2","389.8","395.4","404.8","396.8","381.7","348.3","336.1","309.8","285.7","283.3",
"상용근로자 30인 이상","음료제조업","법정외 복지비용[천원]","천원","346.3","471.1","256.5","289.4","281.5","317.2","257.6","199.7","212.6","213.2","188.9",
"상용근로자 30인 이상","음료제조업","채용관련비용(모집비)[천원]","천원","12.8","6.2","8.5","6.4","5.9","9.2","4.3","9.4","4","1.7","2.6",
"상용근로자 30인 이상","음료제조업","교육훈련비용[천원]","천원","14.7","181.8","21.7","18.1","12.9","16.5","20.2","20","17.4","12.1","10.3",
"상용근로자 30인 이상","음료제조업","기타노동비용[천원]","천원","","","","-","-","-","9.4","7.9","1","5.8","5.5",
"상용근로자 30인 이상","담배제조업","노동비용총액[천원]","천원","8151.6","7973.9","8106.4","7743.7","7259.5","7341.4","7563.6","6716.2","6957.5","6768.2","7377.7",
"상용근로자 30인 이상","담배제조업","직접노동비용(계)[천원]","천원","6257.2","5978.5","6213.7","6064.7","5759.5","5784.3","5865.3","5375.3","4689.7","4699.4","4767.8",
"상용근로자 30인 이상","담배제조업","정액 및 초과급여[천원]","천원","4577.7","4386.5","4486.2","4510.6","4155.6","3951.2","3941.9","3657","3257.7","3199.6","3344.9",
"상용근로자 30인 이상","담배제조업","상여금 및 성과금[천원]","천원","1679.6","1592","1727.6","1554.1","1603.9","1833.1","1923.4","1718.3","1432.1","1499.8","1423",
"상용근로자 30인 이상","담배제조업","간접노동비용(계)[천원]","천원","1894.4","1995.4","1892.7","1679","1500","1557.1","1698.3","1340.8","2267.8","2068.8","2609.9",
"상용근로자 30인 이상","담배제조업","퇴직급여 등의 비용[천원]","천원","893.3","1036","953.2","812.5","688.8","657.1","839.1","596.9","1351.1","1296.8","1976.6",
"상용근로자 30인 이상","담배제조업","현물지급비용[천원]","천원","","","","-","-","-","0","0","0","0","0",
"상용근로자 30인 이상","담배제조업","법정노동비용[천원]","천원","591.6","529.7","529.4","506.8","487.8","530.6","510.3","392.4","390.3","353.7","352.3",
"상용근로자 30인 이상","담배제조업","법정외 복지비용[천원]","천원","306.5","342.6","326.7","255.8","237.3","269.5","241.4","232.9","325.2","263.8","129.5",
"상용근로자 30인 이상","담배제조업","채용관련비용(모집비)[천원]","천원","9.3","10.7","10.2","8.5","1.7","6.7","9","14","12.7","36.1","11.9",
"상용근로자 30인 이상","담배제조업","교육훈련비용[천원]","천원","93.7","76.4","73.1","95.4","84.4","93.3","98.6","104.7","188.5","118.4","139.6",
"상용근로자 30인 이상","담배제조업","기타노동비용[천원]","천원","","","","-","-","-","0","0","0","0","0",
"상용근로자 30인 이상","섬유제품제조업;의복제외","노동비용총액[천원]","천원","4013.4","3866.4","3639.7","4015.9","3906.1","3807.6","3891.5","4026.6","3514.1","3351.2","3221.2",
"상용근로자 30인 이상","섬유제품제조업;의복제외","직접노동비용(계)[천원]","천원","3215.1","3081","2987.8","3280.4","3178.9","3039","3069.8","3125.9","2810.4","2653.4","2591.3",
"상용근로자 30인 이상","섬유제품제조업;의복제외","정액 및 초과급여[천원]","천원","3000.6","2861.3","2585.5","2872.8","2800","2661.4","2683.6","2662.5","2323.3","2144.4","2063.9",
"상용근로자 30인 이상","섬유제품제조업;의복제외","상여금 및 성과금[천원]","천원","214.5","219.7","402.4","407.6","379","377.6","386.3","463.4","487","509.1","527.4",
"상용근로자 30인 이상","섬유제품제조업;의복제외","간접노동비용(계)[천원]","천원","798.3","785.4","651.9","735.6","727.2","768.6","821.6","900.7","703.8","697.8","629.9",
"상용근로자 30인 이상","섬유제품제조업;의복제외","퇴직급여 등의 비용[천원]","천원","335.1","356.6","218.1","237.1","262.2","294.7","330.7","387.2","285.8","273.9","240.4",
"상용근로자 30인 이상","섬유제품제조업;의복제외","현물지급비용[천원]","천원","","","","-","-","-","11.8",".1",".3",".3","0",
"상용근로자 30인 이상","섬유제품제조업;의복제외","법정노동비용[천원]","천원","282","270.4","246.7","290.5","275.4","284.3","285","273.2","235.4","231.2","208.1",
"상용근로자 30인 이상","섬유제품제조업;의복제외","법정외 복지비용[천원]","천원","173.4","146.8","184.9","197.2","176.7","171.9","162.8","193.5","147","162.5","145.7",
"상용근로자 30인 이상","섬유제품제조업;의복제외","채용관련비용(모집비)[천원]","천원","2.3","1.6","1","1.9","2","2.7","4.6","5.6","5","6.5","4.6",
"상용근로자 30인 이상","섬유제품제조업;의복제외","교육훈련비용[천원]","천원","5.4","10","1.1","8.8","10.9","15","23.4","24.8","21.7","19.6","21",
"상용근로자 30인 이상","섬유제품제조업;의복제외","기타노동비용[천원]","천원","","","","-","-","-","3.4","16.3","8.6","3.9","10",
"상용근로자 30인 이상","의복,의복액세서리및모피제품제조업","노동비용총액[천원]","천원","3954.5","4018.5","3814.2","4083.8","3878.7","3706.8","3599.2","3330.4","2922","2726.5","2823.7",
"상용근로자 30인 이상","의복,의복액세서리및모피제품제조업","직접노동비용(계)[천원]","천원","3249.4","3307.3","3172.2","3270.2","3119.4","2980.7","2843.3","2680","2357.8","2197.9","2324.6",
"상용근로자 30인 이상","의복,의복액세서리및모피제품제조업","정액 및 초과급여[천원]","천원","3020.9","3041.3","2975.6","3008.4","2881.7","2748.6","2641.6","2412","2192.4","2051","2180.5",
"상용근로자 30인 이상","의복,의복액세서리및모피제품제조업","상여금 및 성과금[천원]","천원","228.5","266","196.5","261.8","237.7","232.1","201.7","268","165.3","146.8","144.1",
"상용근로자 30인 이상","의복,의복액세서리및모피제품제조업","간접노동비용(계)[천원]","천원","705","711.2","642.1","813.6","759.3","726.1","755.9","650.4","564.3","528.6","499.1",
"상용근로자 30인 이상","의복,의복액세서리및모피제품제조업","퇴직급여 등의 비용[천원]","천원","299.7","327.9","278.8","372.2","330.6","348.8","433.2","315.4","315.7","277.5","258.8",
"상용근로자 30인 이상","의복,의복액세서리및모피제품제조업","현물지급비용[천원]","천원","","","","-","-","-","5.5","6.9",".8",".1","0",
"상용근로자 30인 이상","의복,의복액세서리및모피제품제조업","법정노동비용[천원]","천원","299.7","278","275.6","285","273.8","257.6","234.7","215.4","185.3","179.1","188",
"상용근로자 30인 이상","의복,의복액세서리및모피제품제조업","법정외 복지비용[천원]","천원","87.7","89.6","71.7","137.1","127.7","89.6","60.1","104.7","54.1","65","43.5",
"상용근로자 30인 이상","의복,의복액세서리및모피제품제조업","채용관련비용(모집비)[천원]","천원","5.4","6","2.8","4.8","6.6","4","5.7","1","1.2","1.5",".6",
"상용근로자 30인 이상","의복,의복액세서리및모피제품제조업","교육훈련비용[천원]","천원","12.5","9.8","13.1","14.5","20.6","26","16.8","6.9","7.2","3.5","6",
"상용근로자 30인 이상","의복,의복액세서리및모피제품제조업","기타노동비용[천원]","천원","","","","-","-","-","0","0","0","1.9","2.3",
"상용근로자 30인 이상","가죽,가방및신발제조업","노동비용총액[천원]","천원","3468.7","3615.9","3456.5","3682.7","3628.1","3444.9","2687.3","2738.5","2924.3","3129.9","2905.1",
"상용근로자 30인 이상","가죽,가방및신발제조업","직접노동비용(계)[천원]","천원","2733.6","2947.6","2825.6","2910.6","2880.2","2757.9","2192.9","2201.1","2275.7","2286","2202",
"상용근로자 30인 이상","가죽,가방및신발제조업","정액 및 초과급여[천원]","천원","2557.7","2721.2","2524.7","2596.1","2534.5","2389.7","1924.8","2024.9","1991.3","1973.1","1870.7",
"상용근로자 30인 이상","가죽,가방및신발제조업","상여금 및 성과금[천원]","천원","175.9","226.4","300.9","314.5","345.7","368.1","268.1","176.2","284.3","312.9","331.2",
"상용근로자 30인 이상","가죽,가방및신발제조업","간접노동비용(계)[천원]","천원","735.1","668.3","630.9","772.1","747.9","687","494.4","537.4","648.7","843.9","703.1",
"상용근로자 30인 이상","가죽,가방및신발제조업","퇴직급여 등의 비용[천원]","천원","349.6","330.3","221","334","288.1","193","214.4","280.9","405.4","502.3","389.6",
"상용근로자 30인 이상","가죽,가방및신발제조업","현물지급비용[천원]","천원","","","","-","-","-","0","0","0","0","0",
"상용근로자 30인 이상","가죽,가방및신발제조업","법정노동비용[천원]","천원","257.1","251.2","244.2","244.8","251.4","257.5","181.6","182.9","188.8","207.1","186",
"상용근로자 30인 이상","가죽,가방및신발제조업","법정외 복지비용[천원]","천원","124.3","81.9","160.9","186.7","195.6","225","80.5","73.7","54.4","129","124.7",
"상용근로자 30인 이상","가죽,가방및신발제조업","채용관련비용(모집비)[천원]","천원",".7","2","1.7",".5","3.9","1.6",".3","0","0","0",".2",
"상용근로자 30인 이상","가죽,가방및신발제조업","교육훈련비용[천원]","천원","3.4","2.9","3","6.1","9","9.8","17.6","0","0","4.6","2",
"상용근로자 30인 이상","가죽,가방및신발제조업","기타노동비용[천원]","천원","","","","-","-","-",".2","0","0",".8",".6",
"상용근로자 30인 이상","목재및나무제품제조업;가구제외","노동비용총액[천원]","천원","4742.9","4512.2","4554.5","4376.4","4164.6","3667.1","3542.6","3141.7","2994.8","2578.6","2640.8",
"상용근로자 30인 이상","목재및나무제품제조업;가구제외","직접노동비용(계)[천원]","천원","3669.7","3593.6","3442.9","3498","3258.7","2819.8","2785.7","2396.1","2247.5","2147.5","2139.8",
"상용근로자 30인 이상","목재및나무제품제조업;가구제외","정액 및 초과급여[천원]","천원","3150.9","3093.6","3057.6","3233.1","2722.3","2489.9","2602.3","2231.6","2054","1904.1","1871.9",
"상용근로자 30인 이상","목재및나무제품제조업;가구제외","상여금 및 성과금[천원]","천원","518.8","499.9","385.3","264.8","536.4","329.8","183.4","164.5","193.5","243.4","267.9",
"상용근로자 30인 이상","목재및나무제품제조업;가구제외","간접노동비용(계)[천원]","천원","1073.1","918.6","1111.7","878.4","905.9","847.4","756.9","745.6","747.3","431.1","501",
"상용근로자 30인 이상","목재및나무제품제조업;가구제외","퇴직급여 등의 비용[천원]","천원","310.1","327.3","486.6","216.8","191.2","173.9","272.4","245.9","215.1","65.4","135.3",
"상용근로자 30인 이상","목재및나무제품제조업;가구제외","현물지급비용[천원]","천원","","","","-","-","-","5.5","11.6","1.1","2.5",".8",
"상용근로자 30인 이상","목재및나무제품제조업;가구제외","법정노동비용[천원]","천원","410.1","369.9","402.6","437","431.1","361.5","242.4","209.8","253.4","239.7","227.5",
"상용근로자 30인 이상","목재및나무제품제조업;가구제외","법정외 복지비용[천원]","천원","334.4","203.9","202.8","214.1","273.5","304.1","225.3","269.1","257.7","121.8","136.6",
"상용근로자 30인 이상","목재및나무제품제조업;가구제외","채용관련비용(모집비)[천원]","천원","4.7","3.4","4.3","1.8","3.4","3.3","2.8","1.8","9.2",".2",".1",
"상용근로자 30인 이상","목재및나무제품제조업;가구제외","교육훈련비용[천원]","천원","13.8","14.1","15.4","8.7","6.7","4.6","6.6","7.3","5.9","1.5",".7",
"상용근로자 30인 이상","목재및나무제품제조업;가구제외","기타노동비용[천원]","천원","","","","-","-","-","1.9",".1","5.1","0","0",
"상용근로자 30인 이상","펄프,종이및종이제품제조업","노동비용총액[천원]","천원","6119.1","5879.7","5621.9","5655.4","5289.9","5567.2","5366","5373.6","4222.8","3891","3736.2",
"상용근로자 30인 이상","펄프,종이및종이제품제조업","직접노동비용(계)[천원]","천원","4884.3","4831.9","4651.8","4588.6","4321.4","4351","4270.1","3906.3","3089.5","2936.7","2907.2",
"상용근로자 30인 이상","펄프,종이및종이제품제조업","정액 및 초과급여[천원]","천원","3697.2","3869.3","3617.8","3591.3","3381.3","3225.2","2919.2","2701.5","2502.3","2357.8","2391.8",
"상용근로자 30인 이상","펄프,종이및종이제품제조업","상여금 및 성과금[천원]","천원","1187.1","962.7","1034","997.3","940.1","1125.8","1350.8","1204.8","587.2","578.9","515.3",
"상용근로자 30인 이상","펄프,종이및종이제품제조업","간접노동비용(계)[천원]","천원","1234.7","1047.8","970.1","1066.8","968.5","1216.2","1095.9","1467.3","1133.3","954.3","829",
"상용근로자 30인 이상","펄프,종이및종이제품제조업","퇴직급여 등의 비용[천원]","천원","527.3","468.8","391.5","408","338.1","439","418.1","751.6","515.5","429.4","354.8",
"상용근로자 30인 이상","펄프,종이및종이제품제조업","현물지급비용[천원]","천원","","","","-","-","-","2.9","6.7","1.2","3.6",".8",
"상용근로자 30인 이상","펄프,종이및종이제품제조업","법정노동비용[천원]","천원","348.7","322.4","340.8","361.3","342.6","352.1","380.8","374.7","300.7","269.7","271.1",
"상용근로자 30인 이상","펄프,종이및종이제품제조업","법정외 복지비용[천원]","천원","349.1","246.6","226.4","282.6","272.2","411.8","262.9","301.9","279","235.5","182.1",
"상용근로자 30인 이상","펄프,종이및종이제품제조업","채용관련비용(모집비)[천원]","천원",".9","2.2","1.6",".8","1.4","1.8","2.5",".6","1.7",".4","5.9",
"상용근로자 30인 이상","펄프,종이및종이제품제조업","교육훈련비용[천원]","천원","8.7","7.8","9.8","14.1","14.1","11.5","22.3","12.5","18.9","13.2","11.7",
"상용근로자 30인 이상","펄프,종이및종이제품제조업","기타노동비용[천원]","천원","","","","-","-","-","6.4","19.3","16.3","2.6","2.6",
"상용근로자 30인 이상","인쇄및기록매체복제업","노동비용총액[천원]","천원","4553.8","4132.4","4006.4","3689.8","3514.6","3610.1","3559.5","3553.8","2919.6","2610.6","2563.7",
"상용근로자 30인 이상","인쇄및기록매체복제업","직접노동비용(계)[천원]","천원","3734.5","3431.4","3340.4","3022.8","2965.9","3036.1","2956.3","2868.8","2340.8","2143.4","2068.3",
"상용근로자 30인 이상","인쇄및기록매체복제업","정액 및 초과급여[천원]","천원","3359.5","3108.7","2938.7","2819.3","2700.2","2632.5","2566","2442.3","2109.3","1935.9","1915.6",
"상용근로자 30인 이상","인쇄및기록매체복제업","상여금 및 성과금[천원]","천원","375","322.8","401.7","203.5","265.6","403.6","390.2","426.5","231.5","207.5","152.7",
"상용근로자 30인 이상","인쇄및기록매체복제업","간접노동비용(계)[천원]","천원","819.3","701","666","667.1","548.7","574","603.2","685.1","578.9","467.2","495.4",
"상용근로자 30인 이상","인쇄및기록매체복제업","퇴직급여 등의 비용[천원]","천원","336.9","252.3","246.8","294.9","170.2","202.6","205.2","172.2","186.6","170.2","184.2",
"상용근로자 30인 이상","인쇄및기록매체복제업","현물지급비용[천원]","천원","","","","-","-","-","0","0","0",".4",".5",
"상용근로자 30인 이상","인쇄및기록매체복제업","법정노동비용[천원]","천원","302.9","281.2","273.2","234.5","238.8","224.1","254.2","239.5","213.3","170.7","176.9",
"상용근로자 30인 이상","인쇄및기록매체복제업","법정외 복지비용[천원]","천원","177.4","162.7","142.1","136.5","139.6","147.3","140.2","271.4","177.8","124.4","130.8",
"상용근로자 30인 이상","인쇄및기록매체복제업","채용관련비용(모집비)[천원]","천원",".1","2.2",".1","0","-","0",".7","1",".3",".2",".3",
"상용근로자 30인 이상","인쇄및기록매체복제업","교육훈련비용[천원]","천원","2","2.5","3.8","1.3",".1","0","2.9",".9",".8",".2",".8",
"상용근로자 30인 이상","인쇄및기록매체복제업","기타노동비용[천원]","천원","","","","-","-","-","0","0","0","1.1","1.9",
"상용근로자 30인 이상","코크스,연탄및석유정제품제조업","노동비용총액[천원]","천원","13062.8","12464.7","11779","10260.6","9660.4","10348.3","10234.5","17146.3","9084.2","8795.3","8552.3",
"상용근로자 30인 이상","코크스,연탄및석유정제품제조업","직접노동비용(계)[천원]","천원","9970.8","9214","8595.3","7707.8","7187","7557.1","7480.1","8338.8","6059.5","5869.2","5791.2",
"상용근로자 30인 이상","코크스,연탄및석유정제품제조업","정액 및 초과급여[천원]","천원","5328.6","5246.3","4834.4","4809.4","4498.9","4776.6","4614.3","4409.4","3979.5","3888.1","3752.9",
"상용근로자 30인 이상","코크스,연탄및석유정제품제조업","상여금 및 성과금[천원]","천원","4642.2","3967.7","3760.9","2898.4","2688.1","2780.5","2865.8","3929.5","2079.9","1981.2","2038.3",
"상용근로자 30인 이상","코크스,연탄및석유정제품제조업","간접노동비용(계)[천원]","천원","3092","3250.8","3183.7","2552.8","2473.5","2791.3","2754.5","8807.4","3024.8","2926","2761.1",
"상용근로자 30인 이상","코크스,연탄및석유정제품제조업","퇴직급여 등의 비용[천원]","천원","1211.1","1562.8","1462.5","942.8","1102","1411.5","1262.5","7433.9","1731.5","1690.1","1518.8",
"상용근로자 30인 이상","코크스,연탄및석유정제품제조업","현물지급비용[천원]","천원","","","","-","-","-","0","0","33.1","32.3","37.3",
"상용근로자 30인 이상","코크스,연탄및석유정제품제조업","법정노동비용[천원]","천원","795.3","748.9","652.8","595.3","569.2","607.4","658.2","613.2","600.7","623.6","635.9",
"상용근로자 30인 이상","코크스,연탄및석유정제품제조업","법정외 복지비용[천원]","천원","973","831.6","983.8","834.4","616.9","536.3","441.1","534","425.8","387.1","347.4",
"상용근로자 30인 이상","코크스,연탄및석유정제품제조업","채용관련비용(모집비)[천원]","천원","10.5","9.4","10.8","11.9","14.1","18.8","29.2","6.6","20.6","5.9","13.7",
"상용근로자 30인 이상","코크스,연탄및석유정제품제조업","교육훈련비용[천원]","천원","102.2","98.1","73.8","168.4","171.2","217.2","348.4","203.4","193.7","165.6","193.9",
"상용근로자 30인 이상","코크스,연탄및석유정제품제조업","기타노동비용[천원]","천원","","","","-","-","-","15.1","16.3","19.4","21.4","14",
"상용근로자 30인 이상","화학물질및화학제품제조업;의약품제외","노동비용총액[천원]","천원","7922.7","7295.7","6994.4","6416.7","6153.8","6015.8","5738.6","5834.1","5817.5","5871.2","5761",
"상용근로자 30인 이상","화학물질및화학제품제조업;의약품제외","직접노동비용(계)[천원]","천원","5585.8","5361.3","5375.3","4867.4","4664.5","4475.2","4347.6","4373.2","4358.5","4294.1","4193.1",
"상용근로자 30인 이상","화학물질및화학제품제조업;의약품제외","정액 및 초과급여[천원]","천원","4233.4","3931.5","3933.2","3625.4","3438.7","3243","3125.3","3117.1","3053.3","2998.4","2950.8",
"상용근로자 30인 이상","화학물질및화학제품제조업;의약품제외","상여금 및 성과금[천원]","천원","1352.4","1429.8","1442.1","1242","1225.8","1232.2","1222.4","1256.1","1305.2","1295.7","1242.3",
"상용근로자 30인 이상","화학물질및화학제품제조업;의약품제외","간접노동비용(계)[천원]","천원","2337","1934.4","1619.1","1549.2","1489.4","1540.6","1390.9","1460.9","1459","1577.2","1567.9",
"상용근로자 30인 이상","화학물질및화학제품제조업;의약품제외","퇴직급여 등의 비용[천원]","천원","1295.8","1021.1","646.3","687.2","655.9","729.9","573.8","617.9","714.4","765.1","810.8",
"상용근로자 30인 이상","화학물질및화학제품제조업;의약품제외","현물지급비용[천원]","천원","","","","-","-","-","10.2","10.9","9.9","8.5","4.2",
"상용근로자 30인 이상","화학물질및화학제품제조업;의약품제외","법정노동비용[천원]","천원","499.2","459.9","465.3","403.4","402.7","383.6","358.1","370.9","345.4","339.9","326.4",
"상용근로자 30인 이상","화학물질및화학제품제조업;의약품제외","법정외 복지비용[천원]","천원","479.3","402.2","445.8","403.2","370.2","366.9","376.4","382.5","300.2","387.1","352",
"상용근로자 30인 이상","화학물질및화학제품제조업;의약품제외","채용관련비용(모집비)[천원]","천원","7.7","4.9","8.4","6","7.3","7.2","5.5","5.2","9.7","5.7","5.7",
"상용근로자 30인 이상","화학물질및화학제품제조업;의약품제외","교육훈련비용[천원]","천원","54.8","46.3","53.2","49.4","53.3","53","57.1","60.5","68.3","51.4","55.3",
"상용근로자 30인 이상","화학물질및화학제품제조업;의약품제외","기타노동비용[천원]","천원","","","","-","-","-","9.9","13","11.1","19.4","13.5",
"상용근로자 30인 이상","의료용물질및의약품제조업","노동비용총액[천원]","천원","5911.3","5519.3","5472.3","5660.8","5483.8","5343.1","5103.4","4915","4699.2","4491.4","4522.6",
"상용근로자 30인 이상","의료용물질및의약품제조업","직접노동비용(계)[천원]","천원","4630.9","4446.2","4338.5","4440.4","4243.3","4148.3","3904.1","3743.5","3599.2","3402.5","3408.3",
"상용근로자 30인 이상","의료용물질및의약품제조업","정액 및 초과급여[천원]","천원","3851.5","3623.3","3320","3340.8","3196.3","3181.8","2832.4","2794.4","2629.9","2498.9","2517.3",
"상용근로자 30인 이상","의료용물질및의약품제조업","상여금 및 성과금[천원]","천원","779.4","823","1018.5","1099.6","1047","966.5","1071.7","949.1","969.3","903.6","890.9",
"상용근로자 30인 이상","의료용물질및의약품제조업","간접노동비용(계)[천원]","천원","1280.4","1073.1","1133.7","1220.5","1240.5","1194.9","1199.2","1171.5","1100","1088.9","1114.3",
"상용근로자 30인 이상","의료용물질및의약품제조업","퇴직급여 등의 비용[천원]","천원","555.8","441.6","555.6","603.4","604.6","572","636.7","598.9","579.2","505","602",
"상용근로자 30인 이상","의료용물질및의약품제조업","현물지급비용[천원]","천원","","","","-","-","-","1.1","3","4","3.6","7.3",
"상용근로자 30인 이상","의료용물질및의약품제조업","법정노동비용[천원]","천원","408.6","372.8","375.5","369","363.4","336","328.6","301.6","291.9","290.3","260.8",
"상용근로자 30인 이상","의료용물질및의약품제조업","법정외 복지비용[천원]","천원","259.2","203.1","162.7","180.4","193","213.1","165.7","202.4","165","187.1","159.1",
"상용근로자 30인 이상","의료용물질및의약품제조업","채용관련비용(모집비)[천원]","천원","25.6","25","15.4","7.3","7.2","6.1","4.3","6.7","4.9","9.3","5.9",
"상용근로자 30인 이상","의료용물질및의약품제조업","교육훈련비용[천원]","천원","31.2","30.5","24.4","60.4","72.3","67.7","61.6","56.3","49.7","50.4","46.2",
"상용근로자 30인 이상","의료용물질및의약품제조업","기타노동비용[천원]","천원","","","","-","-","-","1.2","2.5","5.4","43.2","33",
"상용근로자 30인 이상","고무제품및플라스틱제품제조업","노동비용총액[천원]","천원","5074.9","4967.1","5054.2","4571.4","4389.2","4333.4","4381.4","3906.7","3720.7","3656.6","3565.1",
"상용근로자 30인 이상","고무제품및플라스틱제품제조업","직접노동비용(계)[천원]","천원","4066","4058.2","4117.2","3485.9","3395.4","3420.1","3217.7","2989.5","2896","2748.7","2772.6",
"상용근로자 30인 이상","고무제품및플라스틱제품제조업","정액 및 초과급여[천원]","천원","3425","3298.7","3163.3","2785.7","2718.4","2800.7","2592.9","2422.2","2295.5","2193.6","2173.2",
"상용근로자 30인 이상","고무제품및플라스틱제품제조업","상여금 및 성과금[천원]","천원","640.9","759.5","953.9","700.1","677","619.4","624.9","567.3","600.5","555.2","599.4",
"상용근로자 30인 이상","고무제품및플라스틱제품제조업","간접노동비용(계)[천원]","천원","1009","908.9","936.9","1085.5","993.8","913.3","1163.7","917.2","824.7","907.9","792.5",
"상용근로자 30인 이상","고무제품및플라스틱제품제조업","퇴직급여 등의 비용[천원]","천원","402.1","336.5","358.5","515.4","424.9","362.1","593.4","396.5","347.5","438","368.5",
"상용근로자 30인 이상","고무제품및플라스틱제품제조업","현물지급비용[천원]","천원","","","","-","-","-","4.6","4.8","4.3","3.4","3",
"상용근로자 30인 이상","고무제품및플라스틱제품제조업","법정노동비용[천원]","천원","389","372.1","352.3","329.9","321.3","312.7","279.9","263.3","253.5","244.9","246.1",
"상용근로자 30인 이상","고무제품및플라스틱제품제조업","법정외 복지비용[천원]","천원","203.4","184.6","207.4","223.8","232.1","219.5","238","223.5","191.8","193.9","155.1",
"상용근로자 30인 이상","고무제품및플라스틱제품제조업","채용관련비용(모집비)[천원]","천원","2","4.6","3.3","4.7","4.7","5.6","8","5.1","7.2","2.1",".8",
"상용근로자 30인 이상","고무제품및플라스틱제품제조업","교육훈련비용[천원]","천원","12.4","11.1","15.4","11.8","10.7","13.5","24.5","21.1","17.8","18.3","14.3",
"상용근로자 30인 이상","고무제품및플라스틱제품제조업","기타노동비용[천원]","천원","","","","-","-","-","15.3","2.9","2.6","7.2","4.7",
"상용근로자 30인 이상","비금속광물제품제조업","노동비용총액[천원]","천원","5947.9","5967.9","5748.3","5698.8","5378.8","5617.3","5349","4823.6","4508.8","4241.5","4158.3",
"상용근로자 30인 이상","비금속광물제품제조업","직접노동비용(계)[천원]","천원","4614.8","4600.5","4495.8","4417.1","4079.4","4149.8","4030.5","3701.7","3089","2973.3","2909.7",
"상용근로자 30인 이상","비금속광물제품제조업","정액 및 초과급여[천원]","천원","3684.3","3544.9","3622.2","3304.8","3016.6","3023.8","2926.3","2730.2","2259.5","2163.4","2182",
"상용근로자 30인 이상","비금속광물제품제조업","상여금 및 성과금[천원]","천원","930.5","1055.6","873.6","1112.3","1062.8","1126","1104.2","971.4","829.5","809.9","727.8",
"상용근로자 30인 이상","비금속광물제품제조업","간접노동비용(계)[천원]","천원","1333.1","1367.4","1252.6","1281.6","1299.5","1467.5","1318.5","1121.9","1419.7","1268.2","1248.5",
"상용근로자 30인 이상","비금속광물제품제조업","퇴직급여 등의 비용[천원]","천원","603.7","662.3","581.8","554.4","576.9","683.9","603.1","510.1","734.6","679.1","714.2",
"상용근로자 30인 이상","비금속광물제품제조업","현물지급비용[천원]","천원","","","","-","-","-","4.3","3.3","4.6","4.5","5.6",
"상용근로자 30인 이상","비금속광물제품제조업","법정노동비용[천원]","천원","414.9","404.4","422.7","396.2","398.1","401.8","364.3","332.9","323.1","276.8","269.6",
"상용근로자 30인 이상","비금속광물제품제조업","법정외 복지비용[천원]","천원","298.6","286.6","234.5","305.9","297.6","349.9","302","245.7","325.8","277","232.7",
"상용근로자 30인 이상","비금속광물제품제조업","채용관련비용(모집비)[천원]","천원","1.3","2.1","2.7","1.8","1.8","3.2","3.2","2.3","2","1.6","1.9",
"상용근로자 30인 이상","비금속광물제품제조업","교육훈련비용[천원]","천원","14.7","12","10.8","23.4","25.1","28.7","31.6","21","24.3","23.8","19.8",
"상용근로자 30인 이상","비금속광물제품제조업","기타노동비용[천원]","천원","","","","-","-","-","10","6.6","5.5","5.5","4.8",
"상용근로자 30인 이상","1차금속제조업","노동비용총액[천원]","천원","6961.2","6439.4","6343.3","6237.6","5978.4","5867.2","6108.1","6432.7","5446.7","5221.5","5334.2",
"상용근로자 30인 이상","1차금속제조업","직접노동비용(계)[천원]","천원","5367.3","4995.4","4851.3","4675.8","4606.9","4470.8","4467.9","4249.8","4100","3810.2","3959",
"상용근로자 30인 이상","1차금속제조업","정액 및 초과급여[천원]","천원","3990.6","3690.8","3495.4","3526.6","3397.1","3292.4","3116.7","2990","2837.9","2629","2588.4",
"상용근로자 30인 이상","1차금속제조업","상여금 및 성과금[천원]","천원","1376.7","1304.7","1356","1149.2","1209.8","1178.4","1351.2","1259.7","1262.1","1181.2","1370.6",
"상용근로자 30인 이상","1차금속제조업","간접노동비용(계)[천원]","천원","1593.9","1444","1492","1561.8","1371.5","1396.4","1640.1","2182.9","1346.7","1411.4","1375.2",
"상용근로자 30인 이상","1차금속제조업","퇴직급여 등의 비용[천원]","천원","669.1","517.6","610.5","705.5","538.9","601","786.8","1361.2","589.1","637.6","605.1",
"상용근로자 30인 이상","1차금속제조업","현물지급비용[천원]","천원","","","","-","-","-","4","1.7",".8","1.3","2.5",
"상용근로자 30인 이상","1차금속제조업","법정노동비용[천원]","천원","468.2","459.2","448.2","436.4","422.5","413.1","421.4","395.1","360.4","356","346.7",
"상용근로자 30인 이상","1차금속제조업","법정외 복지비용[천원]","천원","411","416.9","401.2","381.8","378.1","345.5","367.6","368","342.6","351.1","364.7",
"상용근로자 30인 이상","1차금속제조업","채용관련비용(모집비)[천원]","천원","9.1","3.6","3","2.7","1.5","4","3.2","1.7","1.6","1.9","2.6",
"상용근로자 30인 이상","1차금속제조업","교육훈련비용[천원]","천원","36.4","46.7","29.2","35.3","30.5","32.8","39.9","42.8","39.8","46.9","41.4",
"상용근로자 30인 이상","1차금속제조업","기타노동비용[천원]","천원","","","","-","-","-","17.1","12.5","12.5","16.6","12.1",
"상용근로자 30인 이상","금속가공제품제조업;기계및가구제외","노동비용총액[천원]","천원","4807.7","4751","4933.5","4281.9","4089.2","4126.1","3726.3","3612.6","3349.4","3398.9","3490.8",
"상용근로자 30인 이상","금속가공제품제조업;기계및가구제외","직접노동비용(계)[천원]","천원","3861.3","3818.3","3786.1","3392.1","3207.4","3193.8","2863.5","2770.8","2594.1","2593.4","2644.2",
"상용근로자 30인 이상","금속가공제품제조업;기계및가구제외","정액 및 초과급여[천원]","천원","3309.9","3256.5","3205.2","2833.3","2661.6","2641.1","2395","2308","2173","2134","2166.6",
"상용근로자 30인 이상","금속가공제품제조업;기계및가구제외","상여금 및 성과금[천원]","천원","551.4","561.7","580.9","558.9","545.8","552.7","468.5","462.7","421","459.4","477.6",
"상용근로자 30인 이상","금속가공제품제조업;기계및가구제외","간접노동비용(계)[천원]","천원","946.4","932.8","1147.4","889.8","881.8","932.3","862.8","841.8","755.4","805.5","846.6",
"상용근로자 30인 이상","금속가공제품제조업;기계및가구제외","퇴직급여 등의 비용[천원]","천원","397.5","338","439.8","317","329.3","338.1","343.1","361.8","317.7","328.7","378.1",
"상용근로자 30인 이상","금속가공제품제조업;기계및가구제외","현물지급비용[천원]","천원","","","","-","-","-","3.4","6.3","2.8","2.6","2.6",
"상용근로자 30인 이상","금속가공제품제조업;기계및가구제외","법정노동비용[천원]","천원","327.9","343.7","397.7","321.3","309.8","314.6","275.3","256.8","245.8","252.8","247.8",
"상용근로자 30인 이상","금속가공제품제조업;기계및가구제외","법정외 복지비용[천원]","천원","210.9","244.7","289.9","239.7","233.7","267.5","227.8","204","173.6","194.5","193.5",
"상용근로자 30인 이상","금속가공제품제조업;기계및가구제외","채용관련비용(모집비)[천원]","천원","3.4",".4","3.3","2.1","2","3.1",".9",".9","1.9","2.5","3",
"상용근로자 30인 이상","금속가공제품제조업;기계및가구제외","교육훈련비용[천원]","천원","6.6","5.9","16.6","9.8","7","9","9.2","9.6","10.1","19","16.7",
"상용근로자 30인 이상","금속가공제품제조업;기계및가구제외","기타노동비용[천원]","천원","","","","-","-","-","3.1","2.3","3.4","5.2","4.9",
"상용근로자 30인 이상","전자부품,컴퓨터,영상,음향및통신장비제조업","노동비용총액[천원]","천원","8365.4","8160.4","7630.1","7001.5","7270.7","6669.8","6366.7","5738.3","5030.8","4761.3","4566.3",
"상용근로자 30인 이상","전자부품,컴퓨터,영상,음향및통신장비제조업","직접노동비용(계)[천원]","천원","6590.4","6159.8","5483.4","5181.5","4913.2","5025.9","4620.9","4259.3","3983.3","3762.3","3608.7",
"상용근로자 30인 이상","전자부품,컴퓨터,영상,음향및통신장비제조업","정액 및 초과급여[천원]","천원","4184.2","3905.5","3816.2","3613.7","3394.9","3263.7","3152.9","2964.6","2780.9","2666.9","2620.9",
"상용근로자 30인 이상","전자부품,컴퓨터,영상,음향및통신장비제조업","상여금 및 성과금[천원]","천원","2406.2","2254.2","1667.2","1567.8","1518.3","1762.1","1468.1","1294.7","1202.5","1095.4","987.8",
"상용근로자 30인 이상","전자부품,컴퓨터,영상,음향및통신장비제조업","간접노동비용(계)[천원]","천원","1774.9","2000.7","2146.8","1820.1","2357.6","1643.9","1745.8","1479","1047.5","999","957.5",
"상용근로자 30인 이상","전자부품,컴퓨터,영상,음향및통신장비제조업","퇴직급여 등의 비용[천원]","천원","748.7","1078","1250.4","1006.3","1559","873.1","1030.4","849.2","481.5","405.5","372.6",
"상용근로자 30인 이상","전자부품,컴퓨터,영상,음향및통신장비제조업","현물지급비용[천원]","천원","","","","-","-","-","2.3","1.9","1",".7","1.6",
"상용근로자 30인 이상","전자부품,컴퓨터,영상,음향및통신장비제조업","법정노동비용[천원]","천원","513.1","465.4","434","397.7","376.9","373","370.8","318","282.3","286.4","271.7",
"상용근로자 30인 이상","전자부품,컴퓨터,영상,음향및통신장비제조업","법정외 복지비용[천원]","천원","436.5","381.2","394.6","344.6","353.2","332.2","257.4","229.9","204.2","246.6","244",
"상용근로자 30인 이상","전자부품,컴퓨터,영상,음향및통신장비제조업","채용관련비용(모집비)[천원]","천원","18.4","24.6","14.5","13.5","15","16.1","17.4","14.5","20.5","11.9","7.5",
"상용근로자 30인 이상","전자부품,컴퓨터,영상,음향및통신장비제조업","교육훈련비용[천원]","천원","58.3","51.5","53.1","58","53.5","49.6","58.5","57.8","50","43.9","55",
"상용근로자 30인 이상","전자부품,컴퓨터,영상,음향및통신장비제조업","기타노동비용[천원]","천원","","","","-","-","-","9.1","7.7","7.8","4.1","5.2",
"상용근로자 30인 이상","의료,정밀,광학기기및시계제조업","노동비용총액[천원]","천원","4777.6","4337.2","4064.6","3742.7","3714.1","3585.1","3838","3927.6","3478.9","3382.7","3404.4",
"상용근로자 30인 이상","의료,정밀,광학기기및시계제조업","직접노동비용(계)[천원]","천원","3770.6","3498.1","3376.9","3106.7","3097","3023.4","3173.3","3187.4","2840.1","2566.7","2653.3",
"상용근로자 30인 이상","의료,정밀,광학기기및시계제조업","정액 및 초과급여[천원]","천원","3458.8","3165.7","2895.8","2687.1","2676","2568.7","2712.1","2666.3","2354.5","2143","2222.7",
"상용근로자 30인 이상","의료,정밀,광학기기및시계제조업","상여금 및 성과금[천원]","천원","311.8","332.4","481.1","419.6","421","454.7","461.3","521.1","485.5","423.7","430.7",
"상용근로자 30인 이상","의료,정밀,광학기기및시계제조업","간접노동비용(계)[천원]","천원","1007","839.1","687.6","635.9","617.1","561.7","664.6","740.2","638.9","816.1","751.1",
"상용근로자 30인 이상","의료,정밀,광학기기및시계제조업","퇴직급여 등의 비용[천원]","천원","456.7","339","267.5","226.8","225.7","182.3","212.6","355.3","264.2","287","281.9",
"상용근로자 30인 이상","의료,정밀,광학기기및시계제조업","현물지급비용[천원]","천원","","","","-","-","-","1.6",".7","1.2",".3","2.1",
"상용근로자 30인 이상","의료,정밀,광학기기및시계제조업","법정노동비용[천원]","천원","330.4","291.5","275.2","242.9","242.5","235.9","266.5","250.4","217","205.2","208.9",
"상용근로자 30인 이상","의료,정밀,광학기기및시계제조업","법정외 복지비용[천원]","천원","201.6","193.1","130.7","154.3","136.3","132","170.2","114.5","129.8","284.8","215.5",
"상용근로자 30인 이상","의료,정밀,광학기기및시계제조업","채용관련비용(모집비)[천원]","천원","4.9","4.8","4.8","1.7","1.8","1.9",".5",".5","3.5","7.4","6.3",
"상용근로자 30인 이상","의료,정밀,광학기기및시계제조업","교육훈련비용[천원]","천원","13.3","10.7","9.4","10.3","10.8","9.6","12","18","18.1","28.8","29.9",
"상용근로자 30인 이상","의료,정밀,광학기기및시계제조업","기타노동비용[천원]","천원","","","","-","-","-","1.3",".7","5","2.5","6.3",
"상용근로자 30인 이상","전기장비제조업","노동비용총액[천원]","천원","5294.1","5098.6","4651.8","4711.5","4459.5","4370.8","4086.8","4064.3","4112.5","3768.2","3832.7",
"상용근로자 30인 이상","전기장비제조업","직접노동비용(계)[천원]","천원","4232.8","4021.9","3781.2","3734","3552.8","3447.1","3150.9","3135.8","3032","2889.2","2948",
"상용근로자 30인 이상","전기장비제조업","정액 및 초과급여[천원]","천원","3559.9","3247.6","3012.6","3097.7","2874.9","2700","2652.7","2590.8","2364","2252.5","2216.7",
"상용근로자 30인 이상","전기장비제조업","상여금 및 성과금[천원]","천원","672.9","774.3","768.7","636.3","677.9","747.1","498.2","545","668","636.8","731.3",
"상용근로자 30인 이상","전기장비제조업","간접노동비용(계)[천원]","천원","1061.3","1076.7","870.6","977.4","906.7","923.7","935.9","928.6","1080.5","879","884.7",
"상용근로자 30인 이상","전기장비제조업","퇴직급여 등의 비용[천원]","천원","396","446","362.7","396.7","346.8","355.5","407.1","395.8","572.7","445.3","461.1",
"상용근로자 30인 이상","전기장비제조업","현물지급비용[천원]","천원","","","","-","-","-","4.9","9.7","3.1","1","1.2",
"상용근로자 30인 이상","전기장비제조업","법정노동비용[천원]","천원","354.4","336.9","301.7","321.6","313.8","307.8","273.7","264.6","264.4","236.6","235.7",
"상용근로자 30인 이상","전기장비제조업","법정외 복지비용[천원]","천원","284.5","270.7","191.1","228","215.6","240.2","215.7","220","201.6","173.9","159.7",
"상용근로자 30인 이상","전기장비제조업","채용관련비용(모집비)[천원]","천원","2.7","4.3","7.5","5.2","5.3","3","3","2.5","2.7","2","2.5",
"상용근로자 30인 이상","전기장비제조업","교육훈련비용[천원]","천원","23.5","18.9","7.6","26","25.1","17.1","24","30.9","30.9","17.2","21.4",
"상용근로자 30인 이상","전기장비제조업","기타노동비용[천원]","천원","","","","-","-","-","7.6","5","5.1","3","3",
"상용근로자 30인 이상","기타기계및장비제조업","노동비용총액[천원]","천원","5011.4","5012","4949.6","5030.7","4876.2","4846.4","4988.4","4806.9","4203.5","3941.1","4056.4",
"상용근로자 30인 이상","기타기계및장비제조업","직접노동비용(계)[천원]","천원","3941.3","4033.4","3953.6","4004.1","3901","3847.7","3827.8","3702.5","3300","3022.4","3094.7",
"상용근로자 30인 이상","기타기계및장비제조업","정액 및 초과급여[천원]","천원","3419.1","3353.5","3200","3230.7","3106.7","3068.5","2901","2820.4","2641.1","2468.9","2427.5",
"상용근로자 30인 이상","기타기계및장비제조업","상여금 및 성과금[천원]","천원","522.2","679.8","753.6","773.5","794.3","779.1","926.8","882.1","658.9","553.5","667.2",
"상용근로자 30인 이상","기타기계및장비제조업","간접노동비용(계)[천원]","천원","1070.2","978.6","996","1026.6","975.2","998.7","1160.6","1104.5","903.4","918.7","961.7",
"상용근로자 30인 이상","기타기계및장비제조업","퇴직급여 등의 비용[천원]","천원","480.8","409.3","470.2","404.4","379.2","398.3","516.3","465.2","363.5","413.4","459.1",
"상용근로자 30인 이상","기타기계및장비제조업","현물지급비용[천원]","천원","","","","-","-","-","3.4","5.1","2.5","2.4","1.1",
"상용근로자 30인 이상","기타기계및장비제조업","법정노동비용[천원]","천원","373.8","360.6","346","344.9","324.1","336.9","337.1","314.4","286.4","271.6","262.4",
"상용근로자 30인 이상","기타기계및장비제조업","법정외 복지비용[천원]","천원","202.5","199.1","163.2","254.6","247.4","233.3","269.2","266.4","211.7","205.1","207.3",
"상용근로자 30인 이상","기타기계및장비제조업","채용관련비용(모집비)[천원]","천원","2.6","1.7","2.9","5.6","6.2","8.9","3.3","8.3","6.2","2","3.2",
"상용근로자 30인 이상","기타기계및장비제조업","교육훈련비용[천원]","천원","10.4","7.9","13.7","17.1","18.3","21.4","26.1","36.1","28.5","19","21.7",
"상용근로자 30인 이상","기타기계및장비제조업","기타노동비용[천원]","천원","","","","-","-","-","5.1","9.1","4.6","5","6.8",
"상용근로자 30인 이상","자동차및트레일러제조업","노동비용총액[천원]","천원","7234.2","6662.3","6976.6","6759.7","6740.5","6628.1","6624.4","6089.2","5500.4","5256.5","5099.4",
"상용근로자 30인 이상","자동차및트레일러제조업","직접노동비용(계)[천원]","천원","5660.1","5226.4","5602.2","5361","5365.8","5216.8","4988.1","4656.6","4356.2","4115.2","4031",
"상용근로자 30인 이상","자동차및트레일러제조업","정액 및 초과급여[천원]","천원","3723.2","3542.8","3509.4","3537.3","3433.8","3265.7","3265.4","3086.7","2818.5","2660.3","2662.5",
"상용근로자 30인 이상","자동차및트레일러제조업","상여금 및 성과금[천원]","천원","1936.9","1683.6","2092.8","1823.7","1931.9","1951.1","1722.7","1569.8","1537.7","1454.9","1368.5",
"상용근로자 30인 이상","자동차및트레일러제조업","간접노동비용(계)[천원]","천원","1574.1","1435.9","1374.4","1398.7","1374.8","1411.3","1636.3","1432.7","1144.2","1141.3","1068.4",
"상용근로자 30인 이상","자동차및트레일러제조업","퇴직급여 등의 비용[천원]","천원","624.2","579.2","528","548.6","506.3","559","838.4","672.2","529.8","461.9","405.3",
"상용근로자 30인 이상","자동차및트레일러제조업","현물지급비용[천원]","천원","","","","-","-","-","10.8","15.1","7.9","9.4","11.1",
"상용근로자 30인 이상","자동차및트레일러제조업","법정노동비용[천원]","천원","484.4","470.2","459.6","450.2","463.5","439.7","436.3","393.7","377.3","367.4","366.7",
"상용근로자 30인 이상","자동차및트레일러제조업","법정외 복지비용[천원]","천원","444.2","366.8","356.3","379.4","383.7","390.6","297.7","311.7","201.4","283.9","258.4",
"상용근로자 30인 이상","자동차및트레일러제조업","채용관련비용(모집비)[천원]","천원","1.8","2.2","11.4","2.1","2.2","3.2","5.4","2.5","1.5",".7",".6",
"상용근로자 30인 이상","자동차및트레일러제조업","교육훈련비용[천원]","천원","19.6","17.4","19.1","18.4","19.2","18.8","32.1","24.8","14.6","11.1","10.5",
"상용근로자 30인 이상","자동차및트레일러제조업","기타노동비용[천원]","천원","","","","-","-","-","15.6","12.5","11.6","6.8","15.9",
"상용근로자 30인 이상","기타운송장비제조업","노동비용총액[천원]","천원","6594.5","6199.3","6411.6","6622.8","6382.7","6496.2","6569.7","6808.5","6298.7","5828.4","5916.1",
"상용근로자 30인 이상","기타운송장비제조업","직접노동비용(계)[천원]","천원","5063.5","4599.5","4740.5","5026.5","4829.9","4934.3","4990.7","5161.8","4733.5","4346.8","4363.8",
"상용근로자 30인 이상","기타운송장비제조업","정액 및 초과급여[천원]","천원","3708.5","3425.9","3617.1","3589.8","3435.2","3353.4","3270.2","3151.3","3019.4","2830.9","2903.9",
"상용근로자 30인 이상","기타운송장비제조업","상여금 및 성과금[천원]","천원","1355.1","1173.6","1123.4","1436.8","1394.7","1580.8","1720.5","2010.5","1714","1516","1459.9",
"상용근로자 30인 이상","기타운송장비제조업","간접노동비용(계)[천원]","천원","1530.9","1599.8","1671","1596.2","1552.9","1561.9","1579","1646.6","1565.3","1481.6","1552.3",
"상용근로자 30인 이상","기타운송장비제조업","퇴직급여 등의 비용[천원]","천원","536","623.4","752.7","706.2","638","667.6","614.2","725.9","625.8","547.5","568.2",
"상용근로자 30인 이상","기타운송장비제조업","현물지급비용[천원]","천원","","","","-","-","-","4.4","5.4","4.6","9.5",".9",
"상용근로자 30인 이상","기타운송장비제조업","법정노동비용[천원]","천원","472.3","457.5","477.7","450.2","463","471.3","488.4","458.5","464.5","449.4","469",
"상용근로자 30인 이상","기타운송장비제조업","법정외 복지비용[천원]","천원","507.3","502.1","422.3","413.4","411.9","390","430.9","410.1","433.4","415.1","420.7",
"상용근로자 30인 이상","기타운송장비제조업","채용관련비용(모집비)[천원]","천원","1.6",".9","1.6","3.9","6.4","5.3","3.6","2.8","1.9","1.7","2.7",
"상용근로자 30인 이상","기타운송장비제조업","교육훈련비용[천원]","천원","13.7","16","16.8","22.4","33.5","27.8","30.8","35.4","22.2","25.5","43.4",
"상용근로자 30인 이상","기타운송장비제조업","기타노동비용[천원]","천원","","","","-","-","-","6.7","8.5","12.8","32.8","47.4",
"상용근로자 30인 이상","가구제조업","노동비용총액[천원]","천원","5141.8","5045","4470.9","4472.2","4513.3","4676.8","4000.7","4478.1","3313","3087.9","3150.9",
"상용근로자 30인 이상","가구제조업","직접노동비용(계)[천원]","천원","4015.3","3950.4","3589.1","3619.4","3626.6","3574.2","3083.8","2858.2","2652","2465.1","2497.9",
"상용근로자 30인 이상","가구제조업","정액 및 초과급여[천원]","천원","3378.9","3118.9","2908.3","2981.7","2961.2","2984.9","2766.8","2439.3","2052.1","1937.3","1957.4",
"상용근로자 30인 이상","가구제조업","상여금 및 성과금[천원]","천원","636.4","831.5","680.8","637.7","665.3","589.3","317","418.9","599.9","527.7","540.5",
"상용근로자 30인 이상","가구제조업","간접노동비용(계)[천원]","천원","1126.5","1094.6","881.8","852.8","886.7","1102.7","916.9","1619.9","661","622.8","653",
"상용근로자 30인 이상","가구제조업","퇴직급여 등의 비용[천원]","천원","451.9","433.1","376.9","331.6","377.7","483.6","444.3","1206.3","266.3","231.8","270.9",
"상용근로자 30인 이상","가구제조업","현물지급비용[천원]","천원","","","","-","-","-",".1","0","3.1","1.8","2.6",
"상용근로자 30인 이상","가구제조업","법정노동비용[천원]","천원","392.7","373.3","317.7","335.9","329.3","398.1","335.4","283.3","269.9","226.2","230.4",
"상용근로자 30인 이상","가구제조업","법정외 복지비용[천원]","천원","262.9","263","151.7","174","168.5","212","124.9","124","118.5","154.5","136",
"상용근로자 30인 이상","가구제조업","채용관련비용(모집비)[천원]","천원","4.7","3.4","7","1.3","1.3","1.1",".2",".2",".2",".5",".4",
"상용근로자 30인 이상","가구제조업","교육훈련비용[천원]","천원","14.4","21.7","28.6","10.1","9.9","7.8","10","3.1","2.9","5.2","10.7",
"상용근로자 30인 이상","가구제조업","기타노동비용[천원]","천원","","","","-","-","-","2","3.1",".1","2.9","2",
"상용근로자 30인 이상","기타제품제조업","노동비용총액[천원]","천원","3870.2","4172.4","4020.2","3745.3","3675.3","3621.9","3267.2","3280.2","3104.4","2538.9","2367.9",
"상용근로자 30인 이상","기타제품제조업","직접노동비용(계)[천원]","천원","3121.1","3364.6","3207.6","3092.7","2978.8","3030.8","2592.2","2534.6","2321.3","2042.3","1930.7",
"상용근로자 30인 이상","기타제품제조업","정액 및 초과급여[천원]","천원","2849.9","2937","2839.9","2790.4","2672.3","2695.6","2397.2","2388.6","1986.5","1847.7","1728.5",
"상용근로자 30인 이상","기타제품제조업","상여금 및 성과금[천원]","천원","271.2","427.6","367.7","302.3","306.6","335.2","195","146","334.8","194.6","202.2",
"상용근로자 30인 이상","기타제품제조업","간접노동비용(계)[천원]","천원","749.2","807.8","812.6","652.6","696.5","591","675","745.6","783.1","496.6","437.2",
"상용근로자 30인 이상","기타제품제조업","퇴직급여 등의 비용[천원]","천원","322.4","356.8","320.6","189.6","222.3","113","181.5","239.1","250.5","233.5","198.2",
"상용근로자 30인 이상","기타제품제조업","현물지급비용[천원]","천원","","","","-","-","-","3.2","3.6","5.1","0","0",
"상용근로자 30인 이상","기타제품제조업","법정노동비용[천원]","천원","290","293","302","267","259.3","254.7","230.1","263","213.8","178","142",
"상용근로자 30인 이상","기타제품제조업","법정외 복지비용[천원]","천원","129.3","148.9","184.4","188.4","206.4","215.8","246.5","237","306.5","83.3","96.2",
"상용근로자 30인 이상","기타제품제조업","채용관련비용(모집비)[천원]","천원","2.7","3.7","1.5","1.1","1.3","1.3","6.5",".4","0","0","0",
"상용근로자 30인 이상","기타제품제조업","교육훈련비용[천원]","천원","4.8","5.4","4.1","6.4","7.1","6.3",".9","1.3","3.1","1.8",".8",
"상용근로자 30인 이상","기타제품제조업","기타노동비용[천원]","천원","","","","-","-","-","6.3","1.2","4.1","0","0",
"상용근로자 30인 이상","D. 전기,가스,증기및수도사업(35~36)","노동비용총액[천원]","천원","8841.5","8765.3","8705.9","8119.5","7743.1","7794.1","7659.1","7962","7195.5","6810.6","6866.8",
"상용근로자 30인 이상","D. 전기,가스,증기및수도사업(35~36)","직접노동비용(계)[천원]","천원","6889.6","6679.2","6942","6502.8","6242.9","6176.9","5842.3","5814.6","5979.9","5592.4","5552.4",
"상용근로자 30인 이상","D. 전기,가스,증기및수도사업(35~36)","정액 및 초과급여[천원]","천원","5193.7","5018.7","5079.7","4804.1","4677","4551.9","4253.3","4108.9","4383.8","4142.3","4124.4",
"상용근로자 30인 이상","D. 전기,가스,증기및수도사업(35~36)","상여금 및 성과금[천원]","천원","1695.9","1660.5","1862.3","1698.6","1566","1625","1589","1705.6","1596.1","1450.1","1428",
"상용근로자 30인 이상","D. 전기,가스,증기및수도사업(35~36)","간접노동비용(계)[천원]","천원","1951.8","2086.2","1763.9","1616.7","1500.2","1617.2","1816.8","2147.4","1215.6","1218.2","1314.4",
"상용근로자 30인 이상","D. 전기,가스,증기및수도사업(35~36)","퇴직급여 등의 비용[천원]","천원","713.9","826.1","821.8","669.8","621.5","668.6","952.3","1198.9","422.6","391.9","376.6",
"상용근로자 30인 이상","D. 전기,가스,증기및수도사업(35~36)","현물지급비용[천원]","천원","","","","-","-","-","1.1",".6","1.5",".8","1",
"상용근로자 30인 이상","D. 전기,가스,증기및수도사업(35~36)","법정노동비용[천원]","천원","560","534.8","497.4","484.8","479.1","473.5","426.8","425.1","398.7","382.2","378.9",
"상용근로자 30인 이상","D. 전기,가스,증기및수도사업(35~36)","법정외 복지비용[천원]","천원","519.3","564.9","290.5","308.5","242.7","289.4","292.7","362.4","272.5","284.4","387.7",
"상용근로자 30인 이상","D. 전기,가스,증기및수도사업(35~36)","채용관련비용(모집비)[천원]","천원","10.7","11.7","8.7","9.5","9.7","7","7.9","5.3","1.4","2.5","2.7",
"상용근로자 30인 이상","D. 전기,가스,증기및수도사업(35~36)","교육훈련비용[천원]","천원","147.9","148.7","145.5","144.2","147.2","178.6","125.1","147.9","112.2","143.3","158.8",
"상용근로자 30인 이상","D. 전기,가스,증기및수도사업(35~36)","기타노동비용[천원]","천원","","","","-","-","-","10.8","7.3","6.7","13","8.8",
"상용근로자 30인 이상","전기,가스,증기및공기조절공급업","노동비용총액[천원]","천원","8838.1","8765.4","8704.6","8119.2","7742.5","7793.9","7660.3","7965.9","7195.5","6807.1","6866.2",
"상용근로자 30인 이상","전기,가스,증기및공기조절공급업","직접노동비용(계)[천원]","천원","6885.8","6675.6","6940.8","6502.1","6241.9","6175.8","5841.9","5815.2","5979.9","5591.4","5551.3",
"상용근로자 30인 이상","전기,가스,증기및공기조절공급업","정액 및 초과급여[천원]","천원","5190","5015.2","5078.9","4803.7","4676.4","4551.5","4253","4109.9","4383.8","4142.3","4124.2",
"상용근로자 30인 이상","전기,가스,증기및공기조절공급업","상여금 및 성과금[천원]","천원","1695.8","1660.5","1861.9","1698.4","1565.4","1624.3","1588.9","1705.3","1596.1","1449.1","1427.1",
"상용근로자 30인 이상","전기,가스,증기및공기조절공급업","간접노동비용(계)[천원]","천원","1952.3","2089.8","1763.8","1617.1","1500.6","1618.2","1818.3","2150.7","1215.6","1215.7","1315",
"상용근로자 30인 이상","전기,가스,증기및공기조절공급업","퇴직급여 등의 비용[천원]","천원","713.9","828","822.2","670.7","622.6","669.9","954.2","1201.8","422.6","389.8","377.1",
"상용근로자 30인 이상","전기,가스,증기및공기조절공급업","현물지급비용[천원]","천원","","","","-","-","-","1.1",".6","1.5",".8","1",
"상용근로자 30인 이상","전기,가스,증기및공기조절공급업","법정노동비용[천원]","천원","560.3","534.9","497.2","484.9","479.1","473.7","426.9","425.1","398.7","382.2","378.8",
"상용근로자 30인 이상","전기,가스,증기및공기조절공급업","법정외 복지비용[천원]","천원","519.1","566","290","307.6","241.8","288.6","292.1","362.5","272.5","284","387.7",
"상용근로자 30인 이상","전기,가스,증기및공기조절공급업","채용관련비용(모집비)[천원]","천원","10.8","11.7","8.7","9.5","9.7","7","8","5.3","1.4","2.5","2.7",
"상용근로자 30인 이상","전기,가스,증기및공기조절공급업","교육훈련비용[천원]","천원","148.3","149","145.6","144.3","147.5","178.9","125.2","148.1","112.2","143.4","158.9",
"상용근로자 30인 이상","전기,가스,증기및공기조절공급업","기타노동비용[천원]","천원","","","","-","-","-","10.8","7.3","6.7","13","8.8",
"상용근로자 30인 이상","수도사업","노동비용총액[천원]","천원","9603.6","8754.7","10197.8","8272.4","7988.5","7861.7","7260.8","6561.1","-","9062.8","7212.1",
"상용근로자 30인 이상","수도사업","직접노동비용(계)[천원]","천원","7761.4","7447.6","8397.5","6803.6","6655.3","6590.5","5979.2","5582.2","-","6242.4","6272.4",
"상용근로자 30인 이상","수도사업","정액 및 초과급여[천원]","천원","6042.2","5779.7","6059.5","5013.8","4873.3","4706.5","4358.6","3764.4","-","4181.6","4248.4",
"상용근로자 30인 이상","수도사업","상여금 및 성과금[천원]","천원","1719.2","1667.9","2338","1789.8","1782","1884","1620.7","1817.9","-","2060.8","2023.9",
"상용근로자 30인 이상","수도사업","간접노동비용(계)[천원]","천원","1842.1","1307.1","1800.3","1468.8","1333.2","1271.2","1281.5","978.9","-","2820.4","939.7",
"상용근로자 30인 이상","수도사업","퇴직급여 등의 비용[천원]","천원","724.8","408.8","319.4","239.1","212.5","198.2","290.6","150.1","-","1781","0",
"상용근로자 30인 이상","수도사업","현물지급비용[천원]","천원","","","","-","-","-","0","0","-","33.5","16.7",
"상용근로자 30인 이상","수도사업","법정노동비용[천원]","천원","501.8","502.4","646.3","473.9","468.9","421.8","403.5","427.8","-","403.6","406.3",
"상용근로자 30인 이상","수도사업","법정외 복지비용[천원]","천원","569.5","322.3","792.1","686.2","593.7","563.8","505.3","327.2","-","542.2","435",
"상용근로자 30인 이상","수도사업","채용관련비용(모집비)[천원]","천원",".5",".6",".5","1.2","1.3","1.5","1.2","1.2","-","1.1","0",
"상용근로자 30인 이상","수도사업","교육훈련비용[천원]","천원","45.6","73","42","68.4","56.8","86","81","72.5","-","54.7","65.7",
"상용근로자 30인 이상","수도사업","기타노동비용[천원]","천원","","","","-","-","-","0","0","-","4.2","16.1",
"상용근로자 30인 이상","E. 하수·폐기물처리,원료재생및환경복원업(37~39)","노동비용총액[천원]","천원","4651.1","4293.8","4139.4","4076.3","3869.5","3745","3575.9","3368.6","3216.6","3142","3046.6",
"상용근로자 30인 이상","E. 하수·폐기물처리,원료재생및환경복원업(37~39)","직접노동비용(계)[천원]","천원","3662.5","3509.8","3427.4","3288.8","3183.1","3053.2","2880.5","2700.4","2596.7","2507.9","2453.6",
"상용근로자 30인 이상","E. 하수·폐기물처리,원료재생및환경복원업(37~39)","정액 및 초과급여[천원]","천원","3312","3211","3006.6","2866","2752","2633.9","2509.1","2375.3","2216.5","2139","2099.1",
"상용근로자 30인 이상","E. 하수·폐기물처리,원료재생및환경복원업(37~39)","상여금 및 성과금[천원]","천원","350.5","298.8","420.8","422.7","431.1","419.4","371.4","325","380.2","369","354.5",
"상용근로자 30인 이상","E. 하수·폐기물처리,원료재생및환경복원업(37~39)","간접노동비용(계)[천원]","천원","988.6","784","712","787.5","686.4","691.8","695.4","668.3","620","634.1","593",
"상용근로자 30인 이상","E. 하수·폐기물처리,원료재생및환경복원업(37~39)","퇴직급여 등의 비용[천원]","천원","469.6","304.2","265.2","330.5","233.5","231.8","278.6","248.3","240.7","233.7","174.1",
"상용근로자 30인 이상","E. 하수·폐기물처리,원료재생및환경복원업(37~39)","현물지급비용[천원]","천원","","","","-","-","-","3.1",".9",".9","1.4",".6",
"상용근로자 30인 이상","E. 하수·폐기물처리,원료재생및환경복원업(37~39)","법정노동비용[천원]","천원","326.7","302.5","301.8","295.5","295.3","296.9","271.8","255.7","250.5","247.9","246.7",
"상용근로자 30인 이상","E. 하수·폐기물처리,원료재생및환경복원업(37~39)","법정외 복지비용[천원]","천원","187.8","173.1","140.9","156.3","152.5","158.2","133.6","148.6","120.7","140.9","161.2",
"상용근로자 30인 이상","E. 하수·폐기물처리,원료재생및환경복원업(37~39)","채용관련비용(모집비)[천원]","천원",".6",".9",".4",".4",".5",".7",".6",".3",".1",".2",".2",
"상용근로자 30인 이상","E. 하수·폐기물처리,원료재생및환경복원업(37~39)","교육훈련비용[천원]","천원","3.9","3.3","3.7","4.8","4.6","4.1","5.6","7.7","3.8","5.5","6.9",
"상용근로자 30인 이상","E. 하수·폐기물처리,원료재생및환경복원업(37~39)","기타노동비용[천원]","천원","","","","-","-","-","2.1","6.7","3.2","4.5","3.3",
"상용근로자 30인 이상","하수,폐수및분뇨처리업","노동비용총액[천원]","천원","4831.3","4302.6","4229.9","4415.3","4270.9","4184.6","4152","3680","3517.6","3561.3","3972.2",
"상용근로자 30인 이상","하수,폐수및분뇨처리업","직접노동비용(계)[천원]","천원","3689.2","3422","3492.2","3612.1","3531.4","3425.2","3348.6","2969.6","2790.3","2720.7","3111.4",
"상용근로자 30인 이상","하수,폐수및분뇨처리업","정액 및 초과급여[천원]","천원","3302.1","3122.4","3120.9","3000.3","2976.8","2867.7","2724.1","2552.1","2505.8","2377","2465.3",
"상용근로자 30인 이상","하수,폐수및분뇨처리업","상여금 및 성과금[천원]","천원","387.2","299.6","371.3","611.8","554.6","557.5","624.6","417.5","284.5","343.7","646.1",
"상용근로자 30인 이상","하수,폐수및분뇨처리업","간접노동비용(계)[천원]","천원","1142","880.6","737.6","803.2","739.4","759.4","803.4","710.4","727.3","840.6","860.9",
"상용근로자 30인 이상","하수,폐수및분뇨처리업","퇴직급여 등의 비용[천원]","천원","555.3","364.6","253.2","293.1","248.5","255.9","344.8","275.4","307.8","288","281.6",
"상용근로자 30인 이상","하수,폐수및분뇨처리업","현물지급비용[천원]","천원","","","","-","-","-","0","0","0","4.1","2.5",
"상용근로자 30인 이상","하수,폐수및분뇨처리업","법정노동비용[천원]","천원","370.9","331.6","359.5","304.5","304.5","318.7","293.1","277.2","275","277.2","313.6",
"상용근로자 30인 이상","하수,폐수및분뇨처리업","법정외 복지비용[천원]","천원","199.8","172","108.5","193.2","173.2","171.5","150.4","147.1","138","248.6","234.2",
"상용근로자 30인 이상","하수,폐수및분뇨처리업","채용관련비용(모집비)[천원]","천원","1",".6",".4",".4",".3",".9","1.5",".1",".1",".5",".2",
"상용근로자 30인 이상","하수,폐수및분뇨처리업","교육훈련비용[천원]","천원","15.1","11.8","16","11.9","13","12.5","13.6","10.6","6.5","13.9","21.3",
"상용근로자 30인 이상","하수,폐수및분뇨처리업","기타노동비용[천원]","천원","","","","-","-","-","0","0","0","8.3","7.6",
"상용근로자 30인 이상","폐기물수집운반,처리및원료재생업","노동비용총액[천원]","천원","4616.6","4290","4113.7","3975.6","3757.3","3625.9","3411.5","3276.1","3150.4","3053.3","2881.8",
"상용근로자 30인 이상","폐기물수집운반,처리및원료재생업","직접노동비용(계)[천원]","천원","3652.3","3531.7","3408.8","3192.8","3085.7","2952.4","2747","2618.9","2554.1","2462.5","2334.9",
"상용근로자 30인 이상","폐기물수집운반,처리및원료재생업","정액 및 초과급여[천원]","천원","3309","3232.6","2975","2826.2","2689.1","2570.5","2441.8","2319.2","2152.8","2092.7","2032.8",
"상용근로자 30인 이상","폐기물수집운반,처리및원료재생업","상여금 및 성과금[천원]","천원","343.3","299.1","433.9","366.6","396.6","382","305.2","299.7","401.3","369.8","302.1",
"상용근로자 30인 이상","폐기물수집운반,처리및원료재생업","간접노동비용(계)[천원]","천원","964.2","758.3","704.9","782.8","671.5","673.4","664.5","657.2","596.3","590.8","546.8",
"상용근로자 30인 이상","폐기물수집운반,처리및원료재생업","퇴직급여 등의 비용[천원]","천원","457.7","288.5","268.1","341.6","229.3","225.3","261.6","241.4","226","223.3","154.3",
"상용근로자 30인 이상","폐기물수집운반,처리및원료재생업","현물지급비용[천원]","천원","","","","-","-","-","4","1.2","1.1",".7",".3",
"상용근로자 30인 이상","폐기물수집운반,처리및원료재생업","법정노동비용[천원]","천원","318.3","294.6","287.8","292.8","292.7","291","265.9","249.3","245.1","241.8","235",
"상용근로자 30인 이상","폐기물수집운반,처리및원료재생업","법정외 복지비용[천원]","천원","186.1","173.3","147.8","145.3","146.7","154.6","126.8","149.4","116.9","117.3","150.4",
"상용근로자 30인 이상","폐기물수집운반,처리및원료재생업","채용관련비용(모집비)[천원]","천원",".5","1.1",".4",".4",".5",".7",".3",".3",".2",".1",".1",
"상용근로자 30인 이상","폐기물수집운반,처리및원료재생업","교육훈련비용[천원]","천원","1.6",".9",".8","2.7","2.3","1.8","3.2","6.9","3.2","3.7","4.2",
"상용근로자 30인 이상","폐기물수집운반,처리및원료재생업","기타노동비용[천원]","천원","","","","-","-","-","2.6","8.6","3.9","3.8","2.5",
"상용근로자 30인 이상","환경정화및복원업","노동비용총액[천원]","천원","4569.8","4399.7","4518.6","-","-","-","4121.6","3801.6","-","3024.8","2878.5",
"상용근로자 30인 이상","환경정화및복원업","직접노동비용(계)[천원]","천원","3921.8","3707.1","3715.9","-","-","-","3320.8","3268.5","-","2459.8","2399",
"상용근로자 30인 이상","환경정화및복원업","정액 및 초과급여[천원]","천원","3578.5","3446","3423.1","-","-","-","3185.2","3102.6","-","1952.3","2077.3",
"상용근로자 30인 이상","환경정화및복원업","상여금 및 성과금[천원]","천원","343.3","261.1","292.8","-","-","-","135.6","165.9","-","507.5","321.7",
"상용근로자 30인 이상","환경정화및복원업","간접노동비용(계)[천원]","천원","647.9","692.6","802.7","-","-","-","800.8","533.1","-","565","479.5",
"상용근로자 30인 이상","환경정화및복원업","퇴직급여 등의 비용[천원]","천원","191.3","218.6","248.8","-","-","-","193","131.9","-","186.4","183.6",
"상용근로자 30인 이상","환경정화및복원업","현물지급비용[천원]","천원","","","","-","-","-","0","0","-","4.2","2.7",
"상용근로자 30인 이상","환경정화및복원업","법정노동비용[천원]","천원","304","284.2","353.4","-","-","-","281.8","280.3","-","237.2","224.2",
"상용근로자 30인 이상","환경정화및복원업","법정외 복지비용[천원]","천원","148.1","183","187.7","-","-","-","303.2","100.1","-","132.3","56.5",
"상용근로자 30인 이상","환경정화및복원업","채용관련비용(모집비)[천원]","천원","0","0","0","-","-","-","1.5","6.9","-",".1",".1",
"상용근로자 30인 이상","환경정화및복원업","교육훈련비용[천원]","천원","4.6","6.9","12.8","-","-","-","19.6","7.6","-","4.9","11.1",
"상용근로자 30인 이상","환경정화및복원업","기타노동비용[천원]","천원","","","","-","-","-","1.7","6.2","-","0","1.3",
"상용근로자 30인 이상","F. 건설업(41~42)","노동비용총액[천원]","천원","6413.6","6045.2","5814.8","5648.9","5588.9","5539.8","5417.2","5229.9","4757.1","4486.7","4743.3",
"상용근로자 30인 이상","F. 건설업(41~42)","직접노동비용(계)[천원]","천원","4895.1","4704.1","4585.9","4461.9","4367.1","4324.7","4223","3890.4","3620.6","3418.4","3655.2",
"상용근로자 30인 이상","F. 건설업(41~42)","정액 및 초과급여[천원]","천원","4350.6","4148.7","3914.5","3919.9","3761.6","3693.6","3621","3325.8","3053.2","2864.5","2943.1",
"상용근로자 30인 이상","F. 건설업(41~42)","상여금 및 성과금[천원]","천원","544.5","555.4","671.4","542","605.5","631.1","602","564.6","567.4","553.9","712.1",
"상용근로자 30인 이상","F. 건설업(41~42)","간접노동비용(계)[천원]","천원","1518.4","1341.1","1228.9","1186.9","1221.8","1215.1","1194.2","1339.5","1136.5","1068.3","1088.2",
"상용근로자 30인 이상","F. 건설업(41~42)","퇴직급여 등의 비용[천원]","천원","624.9","561.1","501.1","479.5","493","471","473","563.7","417.2","388.7","395.9",
"상용근로자 30인 이상","F. 건설업(41~42)","현물지급비용[천원]","천원","","","","-","-","-","5.8","4.2","3.7","3.7","5.1",
"상용근로자 30인 이상","F. 건설업(41~42)","법정노동비용[천원]","천원","659.1","562.5","513","482.8","497.5","500.9","464.5","485.7","469.4","440.5","453.3",
"상용근로자 30인 이상","F. 건설업(41~42)","법정외 복지비용[천원]","천원","202.7","187.8","189.3","200.9","206.3","211.6","216.7","248.8","207.7","203.7","192.6",
"상용근로자 30인 이상","F. 건설업(41~42)","채용관련비용(모집비)[천원]","천원","3.2","2.2","3.5","3.3","4.2","4.7","3.9","3.9","3.5","2.4","3.2",
"상용근로자 30인 이상","F. 건설업(41~42)","교육훈련비용[천원]","천원","28.4","27.4","22","20.4","20.9","26.9","28","30.5","30.3","25.8","34.3",
"상용근로자 30인 이상","F. 건설업(41~42)","기타노동비용[천원]","천원","","","","-","-","-","2.2","2.7","4.8","3.4","3.7",
"상용근로자 30인 이상","종합건설업","노동비용총액[천원]","천원","7260.1","7113","6902.3","6511.4","6416","6343.3","6244.5","5918.7","5553.9","5087.5","5492.4",
"상용근로자 30인 이상","종합건설업","직접노동비용(계)[천원]","천원","5366","5319.6","5283.1","5072.2","4962.6","4875.5","4812.3","4394.9","4179.7","3885.4","4203.5",
"상용근로자 30인 이상","종합건설업","정액 및 초과급여[천원]","천원","4906.9","4809","4494","4400","4181","4053.6","4000","3682.2","3480.4","3227.9","3310.8",
"상용근로자 30인 이상","종합건설업","상여금 및 성과금[천원]","천원","459.1","510.6","789.1","672.2","781.6","821.9","812.4","712.7","699.3","657.5","892.7",
"상용근로자 30인 이상","종합건설업","간접노동비용(계)[천원]","천원","1894.1","1793.5","1619.2","1439.1","1453.4","1467.8","1432.2","1523.8","1374.2","1202.1","1288.9",
"상용근로자 30인 이상","종합건설업","퇴직급여 등의 비용[천원]","천원","743.4","732.1","661","583.1","597","568.1","552.8","582.4","489.8","433.2","460.3",
"상용근로자 30인 이상","종합건설업","현물지급비용[천원]","천원","","","","-","-","-","7.6","5.3","5.3","3.9","6.2",
"상용근로자 30인 이상","종합건설업","법정노동비용[천원]","천원","881.2","775.9","673","587.4","590.9","621.4","598.9","629","603.6","539.6","559.5",
"상용근로자 30인 이상","종합건설업","법정외 복지비용[천원]","천원","230.8","245.2","246.4","234.7","229.2","230.8","227","257.2","226.2","184.5","205",
"상용근로자 30인 이상","종합건설업","채용관련비용(모집비)[천원]","천원","3.3","3.1","4.7","5","6.2","7.3","6.6","6.1","4.8","3.3","4.9",
"상용근로자 30인 이상","종합건설업","교육훈련비용[천원]","천원","35.4","37.2","34.1","28.9","29.9","40.2","36.3","40.4","37.3","33.2","48.3",
"상용근로자 30인 이상","종합건설업","기타노동비용[천원]","천원","","","","-","-","-","2.9","3.3","7.3","4.4","4.8",
"상용근로자 30인 이상","전문직별공사업","노동비용총액[천원]","천원","5297.7","4888.7","4467","4659.6","4469.5","4487","4457.7","4372.7","3726.5","3479.6","3535.5",
"상용근로자 30인 이상","전문직별공사업","직접노동비용(계)[천원]","천원","4274.5","4037.5","3721.8","3761.9","3561","3602.9","3539.5","3262.5","2897.4","2635.6","2771",
"상용근로자 30인 이상","전문직별공사업","정액 및 초과급여[천원]","천원","3617.3","3433.5","3196.3","3369.3","3194","3221.8","3181.5","2882.3","2500.7","2255.4","2350.2",
"상용근로자 30인 이상","전문직별공사업","상여금 및 성과금[천원]","천원","657.2","604","525.5","392.7","367","381.1","358","380.2","396.7","380.3","420.8",
"상용근로자 30인 이상","전문직별공사업","간접노동비용(계)[천원]","천원","1023.3","851.2","745.1","897.7","908.4","884.1","918.2","1110.2","829","844","764.5",
"상용근로자 30인 이상","전문직별공사업","퇴직급여 등의 비용[천원]","천원","468.8","376","303","360.7","352.1","343.7","380.6","540.3","323.3","314.2","292.3",
"상용근로자 30인 이상","전문직별공사업","현물지급비용[천원]","천원","","","","-","-","-","3.7","2.9","1.6","3.5","3.4",
"상용근로자 30인 이상","전문직별공사업","법정노동비용[천원]","천원","366.3","331.3","314.7","362.7","371.1","343.1","308.6","307.3","295.8","274.5","282.2",
"상용근로자 30인 이상","전문직별공사업","법정외 복지비용[천원]","천원","165.8","125.7","118.5","162.2","175.2","186.5","204.7","238.3","183.7","236.1","172.5",
"상용근로자 30인 이상","전문직별공사업","채용관련비용(모집비)[천원]","천원","3.1","1.3","2","1.3","1.5","1.3",".7","1.1","1.9",".8",".6",
"상용근로자 30인 이상","전문직별공사업","교육훈련비용[천원]","천원","19.3","16.8","7.1","10.7","8.6","9.5","18.4","18.2","21.2","13.4","11.6",
"상용근로자 30인 이상","전문직별공사업","기타노동비용[천원]","천원","","","","-","-","-","1.4","2","1.6","1.6","1.9",
"상용근로자 30인 이상","G. 도매및소매업(45~47)","노동비용총액[천원]","천원","5207.1","4796.8","4558.7","4647.7","4679","4489.5","4577.2","4213.4","4167.1","3890.2","3882.4",
"상용근로자 30인 이상","G. 도매및소매업(45~47)","직접노동비용(계)[천원]","천원","4213","3837.6","3748.6","3727.3","3777.8","3546.1","3578.9","3331.9","3333.4","3049","3083.5",
"상용근로자 30인 이상","G. 도매및소매업(45~47)","정액 및 초과급여[천원]","천원","3516.5","3207.2","3208.4","3177","3254.2","2967.2","2970.9","2751.7","2675.3","2423.1","2465.3",
"상용근로자 30인 이상","G. 도매및소매업(45~47)","상여금 및 성과금[천원]","천원","696.5","630.4","540.1","550.3","523.6","578.9","608","580.2","658.1","625.9","618.2",
"상용근로자 30인 이상","G. 도매및소매업(45~47)","간접노동비용(계)[천원]","천원","994.2","959.2","810.1","920.4","901.2","943.4","998.2","881.4","833.7","841.1","798.9",
"상용근로자 30인 이상","G. 도매및소매업(45~47)","퇴직급여 등의 비용[천원]","천원","409.1","395.8","360.3","406.3","382.4","432.3","481.3","403.5","392.1","390.1","344.7",
"상용근로자 30인 이상","G. 도매및소매업(45~47)","현물지급비용[천원]","천원","","","","-","-","-","5.1","3.5","3.8","3.1","3.7",
"상용근로자 30인 이상","G. 도매및소매업(45~47)","법정노동비용[천원]","천원","351.3","333.2","299.9","301.9","305.9","298","290.5","265.2","249.5","241.6","241.6",
"상용근로자 30인 이상","G. 도매및소매업(45~47)","법정외 복지비용[천원]","천원","201","197.5","127.9","176.1","171.7","167.8","175","163.3","149.8","170.3","168.2",
"상용근로자 30인 이상","G. 도매및소매업(45~47)","채용관련비용(모집비)[천원]","천원","7.8","6.6","7.1","9.2","8.7","8","10.2","7.2","8.7","4","3.8",
"상용근로자 30인 이상","G. 도매및소매업(45~47)","교육훈련비용[천원]","천원","25","26.1","14.9","27","32.5","37.2","31.4","31.2","25.2","29.8","33.8",
"상용근로자 30인 이상","G. 도매및소매업(45~47)","기타노동비용[천원]","천원","","","","-","-","-","4.7","7.5","4.6","2.1","3",
"상용근로자 30인 이상","자동차및부품판매업","노동비용총액[천원]","천원","5847.4","5031.2","5658.8","5196.9","5674.7","5107.6","4825.1","4777.4","4384.6","4609.5","5135.8",
"상용근로자 30인 이상","자동차및부품판매업","직접노동비용(계)[천원]","천원","4923.2","4219.1","4974.9","4383.1","4924.7","4345.1","4037.4","4143.3","3757.3","3686.6","4121.8",
"상용근로자 30인 이상","자동차및부품판매업","정액 및 초과급여[천원]","천원","3379.6","3013.3","3859","3547.6","3676","3294.9","3230.3","3377.5","3483.5","3448.1","3662.8",
"상용근로자 30인 이상","자동차및부품판매업","상여금 및 성과금[천원]","천원","1543.6","1205.8","1115.9","835.6","1248.8","1050.2","807.1","765.8","273.8","238.5","459",
"상용근로자 30인 이상","자동차및부품판매업","간접노동비용(계)[천원]","천원","924.1","812.1","683.9","813.8","750","762.5","787.7","634.1","627.4","922.9","1014",
"상용근로자 30인 이상","자동차및부품판매업","퇴직급여 등의 비용[천원]","천원","367.9","360.6","332.1","392.6","354","314.7","352.6","201.4","209.8","296.8","355.7",
"상용근로자 30인 이상","자동차및부품판매업","현물지급비용[천원]","천원","","","","-","-","-","4.8","2.1","0","1.1","0",
"상용근로자 30인 이상","자동차및부품판매업","법정노동비용[천원]","천원","362.7","319.6","277.5","333","329","333.6","318.7","316.8","298.6","295.4","299.2",
"상용근로자 30인 이상","자동차및부품판매업","법정외 복지비용[천원]","천원","159.5","101.1","58.3","80.4","57.4","103","104","107.4","98.1","308.6","276.8",
"상용근로자 30인 이상","자동차및부품판매업","채용관련비용(모집비)[천원]","천원","5.6","9.8","1.7","2.4","3.9","2.6","1.6",".7","13.8",".3","23.1",
"상용근로자 30인 이상","자동차및부품판매업","교육훈련비용[천원]","천원","28.5","20.9","14.3","5.3","5.8","8.6","5.4","5.7","6.5","20.7","59.2",
"상용근로자 30인 이상","자동차및부품판매업","기타노동비용[천원]","천원","","","","-","-","-",".6","0",".7","0","0",
"상용근로자 30인 이상","도매및상품중개업","노동비용총액[천원]","천원","5788.8","5392.3","4964.9","5391.9","5442.5","5369.2","5260.9","4745","4377.6","4088.1","4067",
"상용근로자 30인 이상","도매및상품중개업","직접노동비용(계)[천원]","천원","4699.7","4327.4","4096.5","4338.4","4421.7","4236.8","4113.7","3725.2","3474.5","3201.2","3252.5",
"상용근로자 30인 이상","도매및상품중개업","정액 및 초과급여[천원]","천원","3932.5","3597.2","3538.2","3755.5","3891.6","3589.4","3467.1","3159.2","2871.2","2604","2663.7",
"상용근로자 30인 이상","도매및상품중개업","상여금 및 성과금[천원]","천원","767.1","730.1","558.3","582.9","530","647.3","646.6","566","603.2","597.3","588.8",
"상용근로자 30인 이상","도매및상품중개업","간접노동비용(계)[천원]","천원","1089.1","1064.9","868.4","1053.5","1020.8","1132.4","1147.2","1019.7","903.2","886.8","814.4",
"상용근로자 30인 이상","도매및상품중개업","퇴직급여 등의 비용[천원]","천원","461.4","436.4","409.5","491.7","445","545.1","567","481.4","430.5","428.4","358.6",
"상용근로자 30인 이상","도매및상품중개업","현물지급비용[천원]","천원","","","","-","-","-","3.9","3.2","2.8","3.4","1.1",
"상용근로자 30인 이상","도매및상품중개업","법정노동비용[천원]","천원","378.5","365.7","317.9","336.6","342.7","346.2","321.6","290.6","265.6","250.5","252.9",
"상용근로자 30인 이상","도매및상품중개업","법정외 복지비용[천원]","천원","213.1","227","121.6","179.4","180.6","181.8","197.6","187.9","161.7","165.9","163.8",
"상용근로자 30인 이상","도매및상품중개업","채용관련비용(모집비)[천원]","천원","8","6.9","8.3","11.9","11.2","10.7","14.1","10","9.7","4.4","3.9",
"상용근로자 30인 이상","도매및상품중개업","교육훈련비용[천원]","천원","28.1","28.9","11.1","33.9","41.4","48.6","38.8","36.4","30.4","31.9","31.7",
"상용근로자 30인 이상","도매및상품중개업","기타노동비용[천원]","천원","","","","-","-","-","4.2","10.2","2.4","2.4","2.5",
"상용근로자 30인 이상","소매업;자동차제외","노동비용총액[천원]","천원","3862.4","3798","3856.8","3570.1","3430.7","3409.2","3539.1","3408.9","3832.8","3531.5","3520",
"상용근로자 30인 이상","소매업;자동차제외","직접노동비용(계)[천원]","천원","3064.5","2998.9","3117.2","2824","2696","2679.1","2742.5","2707.3","3089.6","2768.7","2757.7",
"상용근로자 30인 이상","소매업;자동차제외","정액 및 초과급여[천원]","천원","2633.7","2584.5","2664.6","2344.3","2250.7","2209.7","2210.2","2120.6","2321","2075.6","2084.1",
"상용근로자 30인 이상","소매업;자동차제외","상여금 및 성과금[천원]","천원","430.8","414.4","452.6","479.7","445.3","469.4","532.2","586.6","768.6","693.1","673.5",
"상용근로자 30인 이상","소매업;자동차제외","간접노동비용(계)[천원]","천원","797.9","799.1","739.6","746.1","734.7","730.1","796.6","701.6","743.2","762.8","762.3",
"상용근로자 30인 이상","소매업;자동차제외","퇴직급여 등의 비용[천원]","천원","301.5","332.3","292.6","289.4","290.6","305.7","366","306.9","346.9","333.3","322.1",
"상용근로자 30인 이상","소매업;자동차제외","현물지급비용[천원]","천원","","","","-","-","-","6.8","3.9","5.5","2.8","7.9",
"상용근로자 30인 이상","소매업;자동차제외","법정노동비용[천원]","천원","290.8","281.2","276.3","251.2","248.2","238.7","241.9","224.9","221.6","224.5","220.5",
"상용근로자 30인 이상","소매업;자동차제외","법정외 복지비용[천원]","천원","180.3","157.7","144.4","180","169.2","155.1","148","132.4","135.5","170","169.4",
"상용근로자 30인 이상","소매업;자동차제외","채용관련비용(모집비)[천원]","천원","7.7","5.8","5.9","6.1","5.3","5.1","5.1","3.7","6.7","3.6","2.6",
"상용근로자 30인 이상","소매업;자동차제외","교육훈련비용[천원]","천원","17.7","22.1","20.6","19.5","21.4","25.5","22.9","25.6","18.8","27","35.8",
"상용근로자 30인 이상","소매업;자동차제외","기타노동비용[천원]","천원","","","","-","-","-","5.8","4.2","8.1","1.7","4.1",
"상용근로자 30인 이상","H. 운수업(49~52)","노동비용총액[천원]","천원","4215.5","3958.7","3821.6","3626.3","3569.3","3402.1","3445.3","3251","2997.5","2759.4","2716.7",
"상용근로자 30인 이상","H. 운수업(49~52)","직접노동비용(계)[천원]","천원","3411.6","3179.2","3077.9","2924.2","2863","2727.1","2688.8","2513.4","2385.8","2169","2126",
"상용근로자 30인 이상","H. 운수업(49~52)","정액 및 초과급여[천원]","천원","2844.1","2645.1","2594","2441.9","2395.4","2238.3","2208.8","2056.5","1929.9","1751.9","1689.4",
"상용근로자 30인 이상","H. 운수업(49~52)","상여금 및 성과금[천원]","천원","567.5","534","484","482.3","467.6","488.8","480","456.9","456","417.1","436.6",
"상용근로자 30인 이상","H. 운수업(49~52)","간접노동비용(계)[천원]","천원","803.8","779.5","743.6","702","706.4","675","756.5","737.6","611.7","590.5","590.7",
"상용근로자 30인 이상","H. 운수업(49~52)","퇴직급여 등의 비용[천원]","천원","293.9","322.9","294.3","294.2","292","273.6","354","365.6","264.2","262","258.7",
"상용근로자 30인 이상","H. 운수업(49~52)","현물지급비용[천원]","천원","","","","-","-","-","1.9","2.1","1.1",".8","1.4",
"상용근로자 30인 이상","H. 운수업(49~52)","법정노동비용[천원]","천원","299.9","277.1","271.5","251.9","249.5","236.1","231.2","213.2","193.5","186","182",
"상용근로자 30인 이상","H. 운수업(49~52)","법정외 복지비용[천원]","천원","191.8","158.9","164.5","144.1","153.5","152.3","155.7","144.3","138.6","125.8","128.9",
"상용근로자 30인 이상","H. 운수업(49~52)","채용관련비용(모집비)[천원]","천원","2.1","2","1.7","1.6","1.6","1.9",".9",".7","1",".8","1.1",
"상용근로자 30인 이상","H. 운수업(49~52)","교육훈련비용[천원]","천원","16.2","18.6","11.6","10.1","9.7","11.1","10.1","9.8","11.3","13.1","16.6",
"상용근로자 30인 이상","H. 운수업(49~52)","기타노동비용[천원]","천원","","","","-","-","-","2.8","1.9","1.9","2","2.1",
"상용근로자 30인 이상","육상운송및파이프라인운송업","노동비용총액[천원]","천원","3320.4","3108.8","3082.2","2821.2","2734.7","2575.4","2545.5","2442.8","2232.6","2074.6","1999.3",
"상용근로자 30인 이상","육상운송및파이프라인운송업","직접노동비용(계)[천원]","천원","2733.1","2537.7","2512.7","2263.2","2220.6","2084.4","2041.7","1963.4","1796.4","1625.9","1558.3",
"상용근로자 30인 이상","육상운송및파이프라인운송업","정액 및 초과급여[천원]","천원","2347.7","2191.6","2170.6","1984.3","1951.3","1805.1","1772.8","1698.4","1496.4","1358.6","1302.1",
"상용근로자 30인 이상","육상운송및파이프라인운송업","상여금 및 성과금[천원]","천원","385.4","346.1","342.2","278.9","269.4","279.3","268.9","265","300","267.2","256.3",
"상용근로자 30인 이상","육상운송및파이프라인운송업","간접노동비용(계)[천원]","천원","587.2","571.1","569.4","558","514","491.1","503.8","479.5","436.2","448.8","441",
"상용근로자 30인 이상","육상운송및파이프라인운송업","퇴직급여 등의 비용[천원]","천원","208.9","245.1","227.6","258.8","207.4","203.1","215.1","209.6","194.5","202.4","196.5",
"상용근로자 30인 이상","육상운송및파이프라인운송업","현물지급비용[천원]","천원","","","","-","-","-","1.4","1.8","1.1",".9","1.7",
"상용근로자 30인 이상","육상운송및파이프라인운송업","법정노동비용[천원]","천원","247.1","221.6","228.9","204.5","207.3","192.8","184.8","175.3","156.1","148.9","145.6",
"상용근로자 30인 이상","육상운송및파이프라인운송업","법정외 복지비용[천원]","천원","121.3","96.3","106.3","89.5","93.8","87.5","97.7","88.7","80.1","90.7","91.7",
"상용근로자 30인 이상","육상운송및파이프라인운송업","채용관련비용(모집비)[천원]","천원","2","1.9","1.8","1.1","1.3",".8",".5",".5",".6",".3",".6",
"상용근로자 30인 이상","육상운송및파이프라인운송업","교육훈련비용[천원]","천원","7.9","6.3","4.9","4.1","4.1","6.9","3.5","2.4","3.1","3.8","3.8",
"상용근로자 30인 이상","육상운송및파이프라인운송업","기타노동비용[천원]","천원","","","","-","-","-",".8","1.2",".8","1.8","1.2",
"상용근로자 30인 이상","수상운송업","노동비용총액[천원]","천원","6459.8","6104.9","5852.8","6294.7","7204.4","6714.5","7413.9","6820.9","6146.7","5434.7","5109.8",
"상용근로자 30인 이상","수상운송업","직접노동비용(계)[천원]","천원","5254.8","4932","4771.9","5140.2","5236.2","5361","5495.6","5200.4","4661.4","4099.7","3988.9",
"상용근로자 30인 이상","수상운송업","정액 및 초과급여[천원]","천원","4876.4","4512.1","4413.7","4533","4509.9","4483.1","4390.4","4039.5","3998.3","3513.9","3146.5",
"상용근로자 30인 이상","수상운송업","상여금 및 성과금[천원]","천원","378.4","420","358.2","607.1","726.3","877.9","1105.2","1160.9","663.2","585.8","842.4",
"상용근로자 30인 이상","수상운송업","간접노동비용(계)[천원]","천원","1205","1172.9","1080.9","1154.5","1968.3","1353.5","1918.2","1620.5","1485.3","1335","1120.9",
"상용근로자 30인 이상","수상운송업","퇴직급여 등의 비용[천원]","천원","563.8","601.4","526.1","469.8","1263","544.1","847.6","715.7","645.9","757.1","504.8",
"상용근로자 30인 이상","수상운송업","현물지급비용[천원]","천원","","","","-","-","-",".9","1.9","1.5","0","0",
"상용근로자 30인 이상","수상운송업","법정노동비용[천원]","천원","361.8","332.7","329.2","336.5","342.9","335.1","340.4","331.5","292.3","270.6","256.2",
"상용근로자 30인 이상","수상운송업","법정외 복지비용[천원]","천원","256.1","222.7","208","313","330.2","433.5","637.8","501.2","449.8","274.3","298.6",
"상용근로자 30인 이상","수상운송업","채용관련비용(모집비)[천원]","천원","3","1.4","1.5","1.4","1.1","6.8","4.4","2.2","4.8","1.8","2.1",
"상용근로자 30인 이상","수상운송업","교육훈련비용[천원]","천원","20.3","14.7","16.1","33.8","31.1","33.9","69.5","53.8","75.3","24.6","52.4",
"상용근로자 30인 이상","수상운송업","기타노동비용[천원]","천원","","","","-","-","-","17.7","14.2","15.7","6.7","6.8",
"상용근로자 30인 이상","항공운송업","노동비용총액[천원]","천원","7264.1","7029.9","6774.6","6698.7","6273.2","5998.9","5868.2","6042.8","6798","5837.6","5593.8",
"상용근로자 30인 이상","항공운송업","직접노동비용(계)[천원]","천원","5766.4","5490.8","5456.1","5476.4","5087.4","4964.1","4819.9","4863","5657.5","4813.8","4389.1",
"상용근로자 30인 이상","항공운송업","정액 및 초과급여[천원]","천원","4120.4","3888.6","3928.3","3842.3","3606.3","3434.9","3433.5","3563.4","3918.2","3361.1","3007.3",
"상용근로자 30인 이상","항공운송업","상여금 및 성과금[천원]","천원","1646","1602.1","1527.8","1634.1","1481.1","1529.3","1386.4","1299.6","1739.3","1452.7","1381.9",
"상용근로자 30인 이상","항공운송업","간접노동비용(계)[천원]","천원","1497.7","1539.1","1318.5","1222.2","1185.8","1034.7","1048.3","1179.8","1140.5","1023.8","1204.6",
"상용근로자 30인 이상","항공운송업","퇴직급여 등의 비용[천원]","천원","421.5","465","358.1","306.8","367.6","254.8","312.9","381.9","252.6","200.2","426",
"상용근로자 30인 이상","항공운송업","현물지급비용[천원]","천원","","","","-","-","-","0","0","0","0","0",
"상용근로자 30인 이상","항공운송업","법정노동비용[천원]","천원","502.9","522.9","460.2","491.8","414.6","386.6","375.6","364.5","392.7","380.4","349.5",
"상용근로자 30인 이상","항공운송업","법정외 복지비용[천원]","천원","491.8","430.6","440.4","389","375","364.4","321.4","365.2","425.3","345.8","316.2",
"상용근로자 30인 이상","항공운송업","채용관련비용(모집비)[천원]","천원","2.8","2.5","2","3.1","2.5","2.6","2.3","2.2","4.1","2.7","2.9",
"상용근로자 30인 이상","항공운송업","교육훈련비용[천원]","천원","78.7","118.1","57.8","31.5","26.1","26.3","36","65.9","64.1","92.8","103.2",
"상용근로자 30인 이상","항공운송업","기타노동비용[천원]","천원","","","","-","-","-","0","0","1.6","1.8","6.8",
"상용근로자 30인 이상","창고및운송관련서비스업","노동비용총액[천원]","천원","5197.2","5092","4724.9","4724.2","4432","4491","4630.5","4703.5","4127.8","3669.2","3504.4",
"상용근로자 30인 이상","창고및운송관련서비스업","직접노동비용(계)[천원]","천원","4095.9","4011.2","3690.3","3808.3","3590.2","3452.5","3372.5","3210.6","3135.3","2854.3","2770.2",
"상용근로자 30인 이상","창고및운송관련서비스업","정액 및 초과급여[천원]","천원","3422","3309","3148.5","3097.3","2905.3","2729.4","2672.4","2457.9","2537.4","2270.1","2197.5",
"상용근로자 30인 이상","창고및운송관련서비스업","상여금 및 성과금[천원]","천원","673.9","702.2","541.8","711","684.9","723.1","700.1","752.7","597.9","584.3","572.7",
"상용근로자 30인 이상","창고및운송관련서비스업","간접노동비용(계)[천원]","천원","1101.3","1080.8","1034.6","915.8","841.8","1038.5","1258","1492.9","992.5","814.9","734.2",
"상용근로자 30인 이상","창고및운송관련서비스업","퇴직급여 등의 비용[천원]","천원","462.9","482","455.4","382.7","286.8","483.7","774.1","995.8","521.5","419","363",
"상용근로자 30인 이상","창고및운송관련서비스업","현물지급비용[천원]","천원","","","","-","-","-","5.2","4.5","1.3",".9",".9",
"상용근로자 30인 이상","창고및운송관련서비스업","법정노동비용[천원]","천원","362.5","344.7","326.3","306.3","307.7","309.5","314.8","284.6","265.4","244.4","227.2",
"상용근로자 30인 이상","창고및운송관련서비스업","법정외 복지비용[천원]","천원","263.6","237.8","237.7","205.9","227.9","227.1","151.2","199.8","197","132.7","127.9",
"상용근로자 30인 이상","창고및운송관련서비스업","채용관련비용(모집비)[천원]","천원","1.9","2.2","1.4","2.7","2.3","4.4",".6",".7",".4","2.2","2.1",
"상용근로자 30인 이상","창고및운송관련서비스업","교육훈련비용[천원]","천원","10.5","14","13.8","18.2","17.1","13.8","4.7","5","3.7","14.5","11.4",
"상용근로자 30인 이상","창고및운송관련서비스업","기타노동비용[천원]","천원","","","","-","-","-","7.4","2.6","3.2","1.2","1.6",
"상용근로자 30인 이상","I. 숙박및음식점업(55~56)","노동비용총액[천원]","천원","3375.3","3221.8","3238.1","3145.1","3137.3","3013.3","2855.2","2930.8","2785.2","2685.9","2669.6",
"상용근로자 30인 이상","I. 숙박및음식점업(55~56)","직접노동비용(계)[천원]","천원","2746.7","2673.2","2586.2","2482.2","2484.4","2324.1","2129.3","2114.2","2139","2086.9","2068.5",
"상용근로자 30인 이상","I. 숙박및음식점업(55~56)","정액 및 초과급여[천원]","천원","2327.3","2260.7","2151.3","2057.6","1970.4","1836.7","1741.7","1716.3","1759.9","1712.5","1707.8",
"상용근로자 30인 이상","I. 숙박및음식점업(55~56)","상여금 및 성과금[천원]","천원","419.4","412.5","434.9","424.5","513.9","487.4","387.7","397.9","379.1","374.4","360.7",
"상용근로자 30인 이상","I. 숙박및음식점업(55~56)","간접노동비용(계)[천원]","천원","628.7","548.6","651.9","663","652.9","689.2","725.9","816.5","646.2","599","601",
"상용근로자 30인 이상","I. 숙박및음식점업(55~56)","퇴직급여 등의 비용[천원]","천원","264.4","221.6","263.6","263.2","265.1","294.8","366.7","455.9","289.3","274.9","283.6",
"상용근로자 30인 이상","I. 숙박및음식점업(55~56)","현물지급비용[천원]","천원","","","","-","-","-","17.5","12.4","3.3","2.4","1.3",
"상용근로자 30인 이상","I. 숙박및음식점업(55~56)","법정노동비용[천원]","천원","229.5","207.3","222.6","227.3","225","220.2","184.4","180.8","176.2","174","169.6",
"상용근로자 30인 이상","I. 숙박및음식점업(55~56)","법정외 복지비용[천원]","천원","117.7","103","146.6","153.9","143.6","149.6","133.4","139.3","139.7","121.6","122.4",
"상용근로자 30인 이상","I. 숙박및음식점업(55~56)","채용관련비용(모집비)[천원]","천원","4.6","3.2","3.2","3","3.5","6.8","3","3.2","2.8","2.5","3.4",
"상용근로자 30인 이상","I. 숙박및음식점업(55~56)","교육훈련비용[천원]","천원","12.4","13.5","16","15.6","15.7","17.8","18","20.5","29.8","21.9","18.5",
"상용근로자 30인 이상","I. 숙박및음식점업(55~56)","기타노동비용[천원]","천원","","","","-","-","-","2.8","4.4","5.1","1.7","2.2",
"상용근로자 30인 이상","숙박업","노동비용총액[천원]","천원","4399.2","4424.1","4266.9","3958.1","3907.1","4140.2","4340","4244.6","3907.5","3496.4","3291",
"상용근로자 30인 이상","숙박업","직접노동비용(계)[천원]","천원","3349.6","3403.3","3309.3","3079.9","3093.7","3044.2","3149.7","2996.6","2855.4","2650.2","2482.9",
"상용근로자 30인 이상","숙박업","정액 및 초과급여[천원]","천원","2693.2","2613.8","2478.1","2349.7","2288","2229.4","2382.8","2281.5","2258.1","2099","1957.5",
"상용근로자 30인 이상","숙박업","상여금 및 성과금[천원]","천원","656.4","789.5","831.2","730.2","805.7","814.7","766.9","715.1","597.3","551.2","525.4",
"상용근로자 30인 이상","숙박업","간접노동비용(계)[천원]","천원","1049.6","1020.8","957.6","878.2","813.4","1096","1190.3","1247.9","1052.1","846.2","808.1",
"상용근로자 30인 이상","숙박업","퇴직급여 등의 비용[천원]","천원","405.5","412.8","357.1","342","297.4","471.6","642.6","689.2","460.3","400.7","400.2",
"상용근로자 30인 이상","숙박업","현물지급비용[천원]","천원","","","","-","-","-","12.7","6","3.2","1.4",".8",
"상용근로자 30인 이상","숙박업","법정노동비용[천원]","천원","319.6","307.1","298.7","276.6","262.2","292","254.3","251.3","247.5","219.3","211.9",
"상용근로자 30인 이상","숙박업","법정외 복지비용[천원]","천원","289","269.8","272.3","231.3","225.8","291.1","252.8","256.7","266.6","190.8","166.6",
"상용근로자 30인 이상","숙박업","채용관련비용(모집비)[천원]","천원","11.6","3.5","5.4","3.3","3.2","5.1","2.3","3.1","2.4","2.8","3.6",
"상용근로자 30인 이상","숙박업","교육훈련비용[천원]","천원","23.9","27.6","24.1","25","24.8","36.4","23.2","32.4","60.1","29.3","23",
"상용근로자 30인 이상","숙박업","기타노동비용[천원]","천원","","","","-","-","-","2.4","9.3","12","1.9","2",
"상용근로자 30인 이상","음식점및주점업","노동비용총액[천원]","천원","3060.9","2939.3","2877","2700.9","2659.6","2428.7","2229.9","2287.7","2139.1","1973.8","2085.5",
"상용근로자 30인 이상","음식점및주점업","직접노동비용(계)[천원]","천원","2561.5","2501.6","2332.4","2155.5","2106.2","1950.5","1699.6","1682.3","1726.5","1591.9","1679",
"상용근로자 30인 이상","음식점및주점업","정액 및 초과급여[천원]","천원","2214.9","2177.7","2036.6","1898","1773.3","1632.9","1471.7","1439.7","1473","1372.8","1473.1",
"상용근로자 30인 이상","음식점및주점업","상여금 및 성과금[천원]","천원","346.6","324","295.8","257.5","332.9","317.6","228","242.6","253.5","219","206",
"상용근로자 30인 이상","음식점및주점업","간접노동비용(계)[천원]","천원","499.4","437.7","544.6","545.3","553.4","478.2","530.3","605.4","412.5","381.9","406.4",
"상용근로자 30인 이상","음식점및주점업","퇴직급여 등의 비용[천원]","천원","221.1","176.7","230.8","220.1","245.1","203.1","250.5","341.7","190.9","164.4","174.1",
"상용근로자 30인 이상","음식점및주점업","현물지급비용[천원]","천원","","","","-","-","-","19.5","15.6","3.3","3.2","1.8",
"상용근로자 30인 이상","음식점및주점업","법정노동비용[천원]","천원","201.8","183.8","195.9","200.3","202","183","155","146.3","135.1","134.2","129.8",
"상용근로자 30인 이상","음식점및주점업","법정외 복지비용[천원]","천원","65.2","63.8","102.4","111.7","92.6","76.2","83.1","81.8","66.7","60.9","80.9",
"상용근로자 30인 이상","음식점및주점업","채용관련비용(모집비)[천원]","천원","2.5","3.1","2.4","2.8","3.6","7.7","3.3","3.2","3","2.3","3.2",
"상용근로자 30인 이상","음식점및주점업","교육훈련비용[천원]","천원","8.8","10.1","13.1","10.5","10","8.2","15.9","14.7","12.4","15.5","14.2",
"상용근로자 30인 이상","음식점및주점업","기타노동비용[천원]","천원","","","","-","-","-","3","2","1.2","1.4","2.4",
"상용근로자 30인 이상","J. 출판,영상,방송통신및정보서비스업(58~63)","노동비용총액[천원]","천원","5906.4","5730.1","5528.4","5481.5","5434.7","5426.9","5150","4802.8","4467.9","4158.7","4156.6",
"상용근로자 30인 이상","J. 출판,영상,방송통신및정보서비스업(58~63)","직접노동비용(계)[천원]","천원","4719.1","4618.6","4504.2","4451.5","4330.9","4238.4","4065.3","3841","3641.2","3376.8","3345.4",
"상용근로자 30인 이상","J. 출판,영상,방송통신및정보서비스업(58~63)","정액 및 초과급여[천원]","천원","3996.8","3909.4","3824.3","3813.7","3691.1","3574.7","3343.5","3161.8","3066.5","2846.1","2840.1",
"상용근로자 30인 이상","J. 출판,영상,방송통신및정보서비스업(58~63)","상여금 및 성과금[천원]","천원","722.2","709.3","679.9","637.8","639.9","663.7","721.8","679.2","574.7","530.6","505.3",
"상용근로자 30인 이상","J. 출판,영상,방송통신및정보서비스업(58~63)","간접노동비용(계)[천원]","천원","1187.4","1111.5","1024.1","1030","1103.8","1188.4","1084.7","961.9","826.7","782","811.2",
"상용근로자 30인 이상","J. 출판,영상,방송통신및정보서비스업(58~63)","퇴직급여 등의 비용[천원]","천원","470.8","424.2","402.5","382","433.6","513.8","469.9","417.6","344.4","325.2","326",
"상용근로자 30인 이상","J. 출판,영상,방송통신및정보서비스업(58~63)","현물지급비용[천원]","천원","","","","-","-","-","1.2","1.9",".9","1.6",".9",
"상용근로자 30인 이상","J. 출판,영상,방송통신및정보서비스업(58~63)","법정노동비용[천원]","천원","415.3","390.8","360.8","369.5","366","357.3","325.8","290.6","277.8","262.1","257.4",
"상용근로자 30인 이상","J. 출판,영상,방송통신및정보서비스업(58~63)","법정외 복지비용[천원]","천원","243.8","234","200.5","217.1","232","245","218.5","189.9","143.2","141.1","157.8",
"상용근로자 30인 이상","J. 출판,영상,방송통신및정보서비스업(58~63)","채용관련비용(모집비)[천원]","천원","8.8","10.2","9.4","8.1","9.2","9.2","6.9","7.3","9.2","4.9","6.9",
"상용근로자 30인 이상","J. 출판,영상,방송통신및정보서비스업(58~63)","교육훈련비용[천원]","천원","48.6","52.3","51","53.3","63","63.1","50.8","47.1","42.1","38.3","52.3",
"상용근로자 30인 이상","J. 출판,영상,방송통신및정보서비스업(58~63)","기타노동비용[천원]","천원","","","","-","-","-","11.7","7.6","9","8.9","10",
"상용근로자 30인 이상","출판업","노동비용총액[천원]","천원","5237","4982.9","4803.9","4984.1","4884.6","4851.6","4256","4033.1","3644.2","3466","3317.1",
"상용근로자 30인 이상","출판업","직접노동비용(계)[천원]","천원","4248.9","4089.5","3942","4084.7","3893.7","3812.9","3448.5","3331.5","2988.4","2869.7","2753.7",
"상용근로자 30인 이상","출판업","정액 및 초과급여[천원]","천원","3804.6","3686.7","3468.8","3606.9","3457.8","3349.3","2975.4","2818.3","2663.4","2526.4","2473.8",
"상용근로자 30인 이상","출판업","상여금 및 성과금[천원]","천원","444.3","402.8","473.2","477.8","435.9","463.6","473.1","513.3","325","343.3","279.9",
"상용근로자 30인 이상","출판업","간접노동비용(계)[천원]","천원","988.1","893.4","861.9","899.4","991","1038.7","807.6","701.6","655.8","596.3","563.4",
"상용근로자 30인 이상","출판업","퇴직급여 등의 비용[천원]","천원","445.3","384.2","400.7","332.3","446.9","497.5","362.7","323","274.6","267.2","238.8",
"상용근로자 30인 이상","출판업","현물지급비용[천원]","천원","","","","-","-","-",".8",".7","1.1","2","1.2",
"상용근로자 30인 이상","출판업","법정노동비용[천원]","천원","370","339.6","313","341.6","331.3","316.3","276.1","244.7","233.9","217.8","213.9",
"상용근로자 30인 이상","출판업","법정외 복지비용[천원]","천원","147.1","143.6","115.1","186.8","172.5","163.9","124","111.2","116.2","94.8","82.6",
"상용근로자 30인 이상","출판업","채용관련비용(모집비)[천원]","천원","6.7","9.8","9.6","6.3","6.6","10","4.9","3.3","10.1","1.8","3.9",
"상용근로자 30인 이상","출판업","교육훈련비용[천원]","천원","19","16.1","23.5","32.4","33.7","51.1","27.4","17.9","17.4","12","22.8",
"상용근로자 30인 이상","출판업","기타노동비용[천원]","천원","","","","-","-","-","11.6",".8","2.6",".8",".3",
"상용근로자 30인 이상","영상·오디오기록물제작및배급업","노동비용총액[천원]","천원","5299.1","4818.5","4693.7","4786.9","4577.5","4901.1","4531.6","4302.5","-","1887.2","2425",
"상용근로자 30인 이상","영상·오디오기록물제작및배급업","직접노동비용(계)[천원]","천원","4352.5","3971.1","3781.2","3904.8","3777.1","3989.2","3784.7","3511.4","-","1512.6","2033.3",
"상용근로자 30인 이상","영상·오디오기록물제작및배급업","정액 및 초과급여[천원]","천원","3912.7","3549","3330.7","3357.8","3228.1","3373.9","3497.7","3251","-","1512.6","2033.3",
"상용근로자 30인 이상","영상·오디오기록물제작및배급업","상여금 및 성과금[천원]","천원","439.8","422","450.5","547","549","615.2","287","260.4","-","0","0",
"상용근로자 30인 이상","영상·오디오기록물제작및배급업","간접노동비용(계)[천원]","천원","946.6","847.4","912.5","882.1","800.4","912","746.9","791.1","-","374.6","391.7",
"상용근로자 30인 이상","영상·오디오기록물제작및배급업","퇴직급여 등의 비용[천원]","천원","389.5","261.1","418.7","298.7","272.1","328.3","277.7","229","-","192","211.7",
"상용근로자 30인 이상","영상·오디오기록물제작및배급업","현물지급비용[천원]","천원","","","","-","-","-","2","7.5","-","0","0",
"상용근로자 30인 이상","영상·오디오기록물제작및배급업","법정노동비용[천원]","천원","330","306","308.2","346.3","333.5","407.1","257.2","249.6","-","182.7","179.9",
"상용근로자 30인 이상","영상·오디오기록물제작및배급업","법정외 복지비용[천원]","천원","203.3","254.5","165.3","182.9","146.9","132.9","145.5","169.7","-","0","0",
"상용근로자 30인 이상","영상·오디오기록물제작및배급업","채용관련비용(모집비)[천원]","천원","6.5","4.8","4.1","11.9","8.9","5.8","52.4","121.1","-","0","0",
"상용근로자 30인 이상","영상·오디오기록물제작및배급업","교육훈련비용[천원]","천원","17.3","21.1","16.1","42.1","39.1","37.7","12.1","14.1","-","0","0",
"상용근로자 30인 이상","영상·오디오기록물제작및배급업","기타노동비용[천원]","천원","","","","-","-","-","0","0","-","0","0",
"상용근로자 30인 이상","방송업","노동비용총액[천원]","천원","7264.5","6801.4","6874.5","6734.5","6523.5","7771.9","6997.8","7123.3","5307.5","5095.8","5256.6",
"상용근로자 30인 이상","방송업","직접노동비용(계)[천원]","천원","5647.4","5395.6","5465","5506.9","5335.9","5495.2","5464.2","5362.7","4243.5","4126.6","4198.8",
"상용근로자 30인 이상","방송업","정액 및 초과급여[천원]","천원","4473.8","4301.5","4347.3","4296.9","4167.8","4177.8","3851.3","3592.1","3350.7","3189.1","3214.9",
"상용근로자 30인 이상","방송업","상여금 및 성과금[천원]","천원","1173.7","1094.1","1117.7","1210","1168.1","1317.5","1612.9","1770.7","892.8","937.5","983.9",
"상용근로자 30인 이상","방송업","간접노동비용(계)[천원]","천원","1617","1405.8","1409.5","1227.6","1187.6","2276.7","1533.5","1760.6","1064","969.2","1057.8",
"상용근로자 30인 이상","방송업","퇴직급여 등의 비용[천원]","천원","614.9","562.4","513.6","493.7","484.1","1562.2","659.4","893.5","341","442.4","498.9",
"상용근로자 30인 이상","방송업","현물지급비용[천원]","천원","","","","-","-","-","1.8","2.9",".2","1.2",".9",
"상용근로자 30인 이상","방송업","법정노동비용[천원]","천원","495.6","474.7","468.5","432.9","429.4","416.2","465.5","381.2","340.7","322","330.5",
"상용근로자 30인 이상","방송업","법정외 복지비용[천원]","천원","437.3","317.7","359.9","245.1","230.9","270.4","341.2","413.4","339.5","163.5","179.8",
"상용근로자 30인 이상","방송업","채용관련비용(모집비)[천원]","천원","13.2","10.3","16.7","8.3","6.1","5.2","12.5","8.3","6.3","3.1","3.3",
"상용근로자 30인 이상","방송업","교육훈련비용[천원]","천원","56.1","40.7","50.8","47.6","37.1","22.7","52.5","60","32.8","31.8","35.7",
"상용근로자 30인 이상","방송업","기타노동비용[천원]","천원","","","","-","-","-",".6","1.2","3.4","5.3","8.6",
"상용근로자 30인 이상","통신업","노동비용총액[천원]","천원","7402.4","7299.2","7094.1","7103.4","6881.9","6659.3","6884.3","6077.2","5524.4","5734.3","6820.5",
"상용근로자 30인 이상","통신업","직접노동비용(계)[천원]","천원","5700.1","5626","5550.8","5441.4","5180.8","5025.8","5155.2","4644","4389.7","4457.1","4834.7",
"상용근로자 30인 이상","통신업","정액 및 초과급여[천원]","천원","4279.4","4145.9","4234.6","4218","3981.5","3894","3869.3","3614","3314","3240.4","3669.7",
"상용근로자 30인 이상","통신업","상여금 및 성과금[천원]","천원","1420.7","1480","1316.2","1223.4","1199.2","1131.8","1286","1030","1075.7","1216.7","1164.9",
"상용근로자 30인 이상","통신업","간접노동비용(계)[천원]","천원","1702.3","1673.2","1543.4","1662","1701.1","1633.5","1729","1433.2","1134.7","1277.2","1985.8",
"상용근로자 30인 이상","통신업","퇴직급여 등의 비용[천원]","천원","496.9","541.1","523.9","523.4","500.2","438.2","660.2","530","471.4","468.7","887.8",
"상용근로자 30인 이상","통신업","현물지급비용[천원]","천원","","","","-","-","-",".1",".1","0","0",".4",
"상용근로자 30인 이상","통신업","법정노동비용[천원]","천원","548.4","512.7","474.4","473.9","467.1","456.7","444.2","385.7","354.1","387.7","394.7",
"상용근로자 30인 이상","통신업","법정외 복지비용[천원]","천원","488.7","456.2","394.5","502.6","553.3","589.7","469.5","345.7","184.4","168.8","382.4",
"상용근로자 30인 이상","통신업","채용관련비용(모집비)[천원]","천원","14","11","12.3","9.9","14.8","7","6.4","8.8","11.4","11.8","12.8",
"상용근로자 30인 이상","통신업","교육훈련비용[천원]","천원","154.3","152.2","138.2","152.2","165.6","141.9","126.1","128.3","83.1","153.7","202.7",
"상용근로자 30인 이상","통신업","기타노동비용[천원]","천원","","","","-","-","-","22.6","34.7","30.3","86.6","105.1",
"상용근로자 30인 이상","컴퓨터프로그래밍,시스템통합및관리업","노동비용총액[천원]","천원","6137.3","5884.8","5621.8","5363.7","5285.4","5292.3","5231.6","4880.2","4918.9","5210.3","5160.1",
"상용근로자 30인 이상","컴퓨터프로그래밍,시스템통합및관리업","직접노동비용(계)[천원]","천원","4855.5","4779.1","4699.4","4468.1","4388.6","4314.5","4170.7","3910.7","4114.2","4190","4216.6",
"상용근로자 30인 이상","컴퓨터프로그래밍,시스템통합및관리업","정액 및 초과급여[천원]","천원","4067.1","4076","4179.9","3996.6","3919.8","3883.4","3624.1","3459.5","3661.9","3618.3","3645.8",
"상용근로자 30인 이상","컴퓨터프로그래밍,시스템통합및관리업","상여금 및 성과금[천원]","천원","788.5","703.2","519.5","471.5","468.8","431.2","546.6","451.2","452.3","571.7","570.8",
"상용근로자 30인 이상","컴퓨터프로그래밍,시스템통합및관리업","간접노동비용(계)[천원]","천원","1281.8","1105.6","922.4","895.6","896.9","977.8","1060.9","969.5","804.7","1020.3","943.5",
"상용근로자 30인 이상","컴퓨터프로그래밍,시스템통합및관리업","퇴직급여 등의 비용[천원]","천원","517.3","390.2","313","352.2","367.3","441.1","544.1","446.8","378","408.5","303.1",
"상용근로자 30인 이상","컴퓨터프로그래밍,시스템통합및관리업","현물지급비용[천원]","천원","","","","-","-","-","4.2","6.7","1.4","1.8",".4",
"상용근로자 30인 이상","컴퓨터프로그래밍,시스템통합및관리업","법정노동비용[천원]","천원","423.1","395.3","354","362.3","354.2","348.8","311.6","292.7","278","325.4","316.2",
"상용근로자 30인 이상","컴퓨터프로그래밍,시스템통합및관리업","법정외 복지비용[천원]","천원","276.5","246.4","199.3","119.5","107.3","143.9","152.8","168.8","80.2","205.4","222.6",
"상용근로자 30인 이상","컴퓨터프로그래밍,시스템통합및관리업","채용관련비용(모집비)[천원]","천원","10.3","10.2","6.8","10.9","11.2","8.9","7.1","8.3","7.4","11.7","14",
"상용근로자 30인 이상","컴퓨터프로그래밍,시스템통합및관리업","교육훈련비용[천원]","천원","54.5","63.6","49.3","50.6","57","35.1","34.8","44.8","57.9","67.2","85.7",
"상용근로자 30인 이상","컴퓨터프로그래밍,시스템통합및관리업","기타노동비용[천원]","천원","","","","-","-","-","6.4","1.4","1.8",".3","1.5",
"상용근로자 30인 이상","정보서비스업","노동비용총액[천원]","천원","5932","5699.7","5474.3","5507.7","5398.8","5668.4","5105.3","4772.6","4402.5","4459.8","4484.9",
"상용근로자 30인 이상","정보서비스업","직접노동비용(계)[천원]","천원","4914.6","4617.9","4540","4447.7","4440.4","4519.2","4112.5","3891","3622","3543.1","3572.1",
"상용근로자 30인 이상","정보서비스업","정액 및 초과급여[천원]","천원","4170.5","3937.3","3747.3","3681.7","3649.3","3388.5","3345.3","3186.8","3007.6","2865","2658.4",
"상용근로자 30인 이상","정보서비스업","상여금 및 성과금[천원]","천원","744.1","680.5","792.7","766","791.1","1130.6","767.2","704.2","614.5","678.1","913.7",
"상용근로자 30인 이상","정보서비스업","간접노동비용(계)[천원]","천원","1017.4","1081.8","934.4","1060","958.4","1149.3","992.8","881.6","780.5","916.7","912.8",
"상용근로자 30인 이상","정보서비스업","퇴직급여 등의 비용[천원]","천원","403.6","494.1","345.2","486.9","392.8","482","408.8","353.9","291.4","307.2","242.2",
"상용근로자 30인 이상","정보서비스업","현물지급비용[천원]","천원","","","","-","-","-","0",".4","2.2","0","0",
"상용근로자 30인 이상","정보서비스업","법정노동비용[천원]","천원","403.1","383.2","360.6","349.1","340.5","365.8","292","282.7","257","257.1","240.2",
"상용근로자 30인 이상","정보서비스업","법정외 복지비용[천원]","천원","182.1","163.9","182.5","192.8","191.5","235.9","241","200.1","187.7","300","351.5",
"상용근로자 30인 이상","정보서비스업","채용관련비용(모집비)[천원]","천원","6.8","12","7.3","5.9","7.6","14","7.9","7.5","3.8","8.1","13.3",
"상용근로자 30인 이상","정보서비스업","교육훈련비용[천원]","천원","21.6","28.7","38.8","25.4","26","51.6","40","32.5","33.1","44.3","65.8",
"상용근로자 30인 이상","정보서비스업","기타노동비용[천원]","천원","","","","-","-","-","3","4.5","5.4","0","0",
"상용근로자 30인 이상","K. 금융및보험업(64~66)","노동비용총액[천원]","천원","8821.9","8707.4","8482.4","7956.6","7590.3","7560.4","7600.4","7322.1","7195.4","6854.3","6856.6",
"상용근로자 30인 이상","K. 금융및보험업(64~66)","직접노동비용(계)[천원]","천원","6859.5","6509.9","6553.5","6172.9","5848.3","5830.7","5781.2","5593.6","5622.9","5331.8","5288.1",
"상용근로자 30인 이상","K. 금융및보험업(64~66)","정액 및 초과급여[천원]","천원","4653.9","4479","4559.3","4400.6","4246.8","4192.5","4051.1","3827","3775.4","3621","3574",
"상용근로자 30인 이상","K. 금융및보험업(64~66)","상여금 및 성과금[천원]","천원","2205.6","2030.9","1994.2","1772.3","1601.5","1638.1","1730.1","1766.5","1847.5","1710.8","1714.1",
"상용근로자 30인 이상","K. 금융및보험업(64~66)","간접노동비용(계)[천원]","천원","1962.4","2197.5","1928.9","1783.7","1741.9","1729.7","1819.2","1728.5","1572.5","1522.6","1568.5",
"상용근로자 30인 이상","K. 금융및보험업(64~66)","퇴직급여 등의 비용[천원]","천원","871","1181","974.8","853.6","860.9","791.7","930.7","902","814.9","804.4","789.3",
"상용근로자 30인 이상","K. 금융및보험업(64~66)","현물지급비용[천원]","천원","","","","-","-","-","2.7","4.6","1.4","1.6","1.9",
"상용근로자 30인 이상","K. 금융및보험업(64~66)","법정노동비용[천원]","천원","563.5","525.6","505.1","461","444","461.9","410.8","399","394.1","386.2","377.5",
"상용근로자 30인 이상","K. 금융및보험업(64~66)","법정외 복지비용[천원]","천원","451.3","419.6","377.3","398.1","364.5","398.6","368","327.8","278.4","239.6","291.3",
"상용근로자 30인 이상","K. 금융및보험업(64~66)","채용관련비용(모집비)[천원]","천원","9.1","7.1","6","6.2","7.2","7.2","8.3","7.6","6","7.3","9.1",
"상용근로자 30인 이상","K. 금융및보험업(64~66)","교육훈련비용[천원]","천원","67.6","64.1","65.7","64.8","65.3","70.3","89.4","78.9","69.6","69.3","85.9",
"상용근로자 30인 이상","K. 금융및보험업(64~66)","기타노동비용[천원]","천원","","","","-","-","-","9.2","8.6","8.2","14.3","13.6",
"상용근로자 30인 이상","금융업","노동비용총액[천원]","천원","9312.9","9333","8821","8335.6","7952.1","7853.7","7765.1","7226.1","6974.4","6780.2","6950",
"상용근로자 30인 이상","금융업","직접노동비용(계)[천원]","천원","6892.2","6547.2","6553.7","6303","6041.4","6011.8","5839.7","5328.1","5289.8","5154.8","5233.2",
"상용근로자 30인 이상","금융업","정액 및 초과급여[천원]","천원","4820.2","4595","4663.7","4570","4375.4","4335.6","4030.7","3781.5","3645.8","3560.8","3582.5",
"상용근로자 30인 이상","금융업","상여금 및 성과금[천원]","천원","2071.9","1952.2","1890","1733","1666","1676.2","1809","1546.6","1644","1594","1650.7",
"상용근로자 30인 이상","금융업","간접노동비용(계)[천원]","천원","2420.7","2785.7","2267.3","2032.6","1910.6","1841.9","1925.4","1898","1684.7","1625.3","1716.7",
"상용근로자 30인 이상","금융업","퇴직급여 등의 비용[천원]","천원","1158.2","1704.2","1248.5","989.6","947.1","795.8","955.7","1025.6","918.8","899.5","866",
"상용근로자 30인 이상","금융업","현물지급비용[천원]","천원","","","","-","-","-","1.9","5",".6",".5",".8",
"상용근로자 30인 이상","금융업","법정노동비용[천원]","천원","604.3","549","518.1","473.3","459.1","473.1","401.5","392.1","388.2","377.8","381.6",
"상용근로자 30인 이상","금융업","법정외 복지비용[천원]","천원","575.8","461.9","438","497.5","433.3","498.8","466.6","372.8","292.1","256.3","347.7",
"상용근로자 30인 이상","금융업","채용관련비용(모집비)[천원]","천원","8.9","5.9","5","5.5","6.2","5.3","6.1","4.8","3.9","5.2","6.9",
"상용근로자 30인 이상","금융업","교육훈련비용[천원]","천원","73.6","64.8","57.8","66.5","65","68.8","84.2","86.7","71","67.9","95.2",
"상용근로자 30인 이상","금융업","기타노동비용[천원]","천원","","","","-","-","-","9.5","11","10","18.1","18.5",
"상용근로자 30인 이상","보험및연금업","노동비용총액[천원]","천원","8386.4","8266.5","8032.2","7370.9","7147.5","7108.7","7059.4","7368.8","6697.4","6046.4","5851.6",
"상용근로자 30인 이상","보험및연금업","직접노동비용(계)[천원]","천원","6647.3","6449.7","6263.8","5676.4","5489.4","5441.4","5449.9","5780.6","5304.8","4727.5","4588.5",
"상용근로자 30인 이상","보험및연금업","정액 및 초과급여[천원]","천원","4729.9","4671.8","4375.3","4158.9","4055.6","3891.1","3881.3","3817.6","3594.7","3378.7","3243.5",
"상용근로자 30인 이상","보험및연금업","상여금 및 성과금[천원]","천원","1917.4","1777.9","1888.5","1517.5","1433.8","1550.3","1568.6","1962.9","1710","1348.8","1345",
"상용근로자 30인 이상","보험및연금업","간접노동비용(계)[천원]","천원","1739.1","1816.8","1768.4","1694.5","1658.1","1667.3","1609.5","1588.2","1392.6","1318.9","1263.2",
"상용근로자 30인 이상","보험및연금업","퇴직급여 등의 비용[천원]","천원","711.9","684.9","772.3","795.6","775.8","797.2","796","797.9","653","638.4","608.2",
"상용근로자 30인 이상","보험및연금업","현물지급비용[천원]","천원","","","","-","-","-","4.7","4.4","1.6","2.1","2.2",
"상용근로자 30인 이상","보험및연금업","법정노동비용[천원]","천원","566.3","544.8","524.9","463.7","436.9","462.1","415.3","415.7","390.5","380","349",
"상용근로자 30인 이상","보험및연금업","법정외 복지비용[천원]","천원","368.1","501.7","356.9","339.6","348.2","305.2","262.1","279.7","258.2","210.5","215.6",
"상용근로자 30인 이상","보험및연금업","채용관련비용(모집비)[천원]","천원","12.6","10.8","9.4","9.5","12.3","10.5","12.7","13.3","8.8","10.4","9.6",
"상용근로자 30인 이상","보험및연금업","교육훈련비용[천원]","천원","80.1","74.6","104.8","86.1","85","92.4","109.2","71.9","73.1","67.3","71.9",
"상용근로자 30인 이상","보험및연금업","기타노동비용[천원]","천원","","","","-","-","-","9.3","5.3","7.5","10.3","6.7",
"상용근로자 30인 이상","금융및보험관련서비스업","노동비용총액[천원]","천원","8393.1","7849.6","8188.7","7611.8","7209.8","7201.8","7754.4","7533","8320.9","7990.2","7703.5",
"상용근로자 30인 이상","금융및보험관련서비스업","직접노동비용(계)[천원]","천원","6953.3","6487.9","6862.3","6338.1","5778.7","5723.2","5979.9","6117.2","6870.9","6532.5","6210.2",
"상용근로자 30인 이상","금융및보험관련서비스업","정액 및 초과급여[천원]","천원","4359.5","4083.3","4517","4227.2","4148.2","4101.3","4276.9","3960.1","4320.1","4071.3","3914",
"상용근로자 30인 이상","금융및보험관련서비스업","상여금 및 성과금[천원]","천원","2593.7","2404.6","2345.3","2110.9","1630.5","1621.9","1703","2157.1","2550.8","2461.3","2296.2",
"상용근로자 30인 이상","금융및보험관련서비스업","간접노동비용(계)[천원]","천원","1439.9","1361.7","1326.4","1273.8","1431.1","1478.6","1774.5","1415.8","1450","1457.6","1493.3",
"상용근로자 30인 이상","금융및보험관련서비스업","퇴직급여 등의 비용[천원]","천원","556.3","573.3","565.3","583.9","748","774.3","1008.3","675.8","696.3","718.7","775.7",
"상용근로자 30인 이상","금융및보험관련서비스업","현물지급비용[천원]","천원","","","","-","-","-","2.9","3.8","3.4","4.3","4.6",
"상용근로자 30인 이상","금융및보험관련서비스업","법정노동비용[천원]","천원","501.8","462.9","454.1","428.8","415.9","430.2","429.1","400.7","414.1","417.3","397.4",
"상용근로자 30인 이상","금융및보험관련서비스업","법정외 복지비용[천원]","천원","324.4","265.4","260.2","216.3","218.2","213.2","234.9","255.9","261.5","224.5","218",
"상용근로자 30인 이상","금융및보험관련서비스업","채용관련비용(모집비)[천원]","천원","7","6.3","4.6","4.7","4","9.1","9","9.1","8.8","9.8","14.6",
"상용근로자 30인 이상","금융및보험관련서비스업","교육훈련비용[천원]","천원","50.4","53.8","42.2","40.1","44.9","51.7","81.9","65","61.9","75.3","75.3",
"상용근로자 30인 이상","금융및보험관련서비스업","기타노동비용[천원]","천원","","","","-","-","-","8.5","5.6","3.9","7.8","7.7",
"상용근로자 30인 이상","L. 부동산업및임대업(68~69)","노동비용총액[천원]","천원","3749.3","3579","3302","3146.1","2975.4","2849.1","2826.3","2742.7","2961","2948.7","2821",
"상용근로자 30인 이상","L. 부동산업및임대업(68~69)","직접노동비용(계)[천원]","천원","3049.2","2933.4","2709.2","2606.9","2500.3","2367.2","2374.6","2286.5","2372.1","2295.7","2226.6",
"상용근로자 30인 이상","L. 부동산업및임대업(68~69)","정액 및 초과급여[천원]","천원","2671.9","2572.8","2346.9","2296.1","2236.4","2089","2066","2011.3","2032.3","1972.8","1894.5",
"상용근로자 30인 이상","L. 부동산업및임대업(68~69)","상여금 및 성과금[천원]","천원","377.3","360.6","362.4","310.8","263.9","278.2","308.6","275.3","339.8","322.9","332.1",
"상용근로자 30인 이상","L. 부동산업및임대업(68~69)","간접노동비용(계)[천원]","천원","700.1","645.6","592.8","539.2","475.1","481.9","451.7","456.1","588.9","653","594.4",
"상용근로자 30인 이상","L. 부동산업및임대업(68~69)","퇴직급여 등의 비용[천원]","천원","307.5","289.3","271.9","258.7","184.2","212.9","195.9","207.6","295.5","318.2","294.2",
"상용근로자 30인 이상","L. 부동산업및임대업(68~69)","현물지급비용[천원]","천원","","","","-","-","-","2.1","1.8","2.6","2.2","1.7",
"상용근로자 30인 이상","L. 부동산업및임대업(68~69)","법정노동비용[천원]","천원","260.6","241.7","217.6","198.8","200.1","189.1","184.3","177.4","211.9","215.4","202.7",
"상용근로자 30인 이상","L. 부동산업및임대업(68~69)","법정외 복지비용[천원]","천원","113.7","98.6","89.8","70.2","79.8","67.4","59.2","58.1","70.8","105.1","82.4",
"상용근로자 30인 이상","L. 부동산업및임대업(68~69)","채용관련비용(모집비)[천원]","천원","7","5","3.3","1.2","1.4","1.2",".8","1",".9",".7",".7",
"상용근로자 30인 이상","L. 부동산업및임대업(68~69)","교육훈련비용[천원]","천원","11.3","11.1","10.2","10.3","9.6","11.2","8.3","9.5","6.3","9.3","11.4",
"상용근로자 30인 이상","L. 부동산업및임대업(68~69)","기타노동비용[천원]","천원","","","","-","-","-","1.2",".7","1","2.1","1.3",
"상용근로자 30인 이상","부동산업","노동비용총액[천원]","천원","3672.1","3504.2","3231.3","3070.3","2883.6","2743.2","2741.9","2589.8","2833.3","2767.8","2608.6",
"상용근로자 30인 이상","부동산업","직접노동비용(계)[천원]","천원","2994.9","2878.4","2653.2","2554","2427.9","2287.4","2311.8","2168.3","2282.3","2182.4","2080",
"상용근로자 30인 이상","부동산업","정액 및 초과급여[천원]","천원","2613.4","2516.6","2290.3","2244.3","2171.3","2021","2005.8","1909.6","1929.6","1860.4","1765.9",
"상용근로자 30인 이상","부동산업","상여금 및 성과금[천원]","천원","381.5","361.8","362.9","309.8","256.6","266.5","306","258.7","352.6","322.1","314.2",
"상용근로자 30인 이상","부동산업","간접노동비용(계)[천원]","천원","677.2","625.8","578.1","516.3","455.7","455.8","430.1","421.5","551","585.4","528.5",
"상용근로자 30인 이상","부동산업","퇴직급여 등의 비용[천원]","천원","300.7","282.5","270.6","248.3","178.6","199.8","183.3","189.3","268.4","280.8","253.6",
"상용근로자 30인 이상","부동산업","현물지급비용[천원]","천원","","","","-","-","-","2.1","1.5","1.8","2.4","1.9",
"상용근로자 30인 이상","부동산업","법정노동비용[천원]","천원","253.8","232.9","211.5","191.4","192.9","181.3","179","167.5","206.3","207.9","190.8",
"상용근로자 30인 이상","부동산업","법정외 복지비용[천원]","천원","105.7","94.7","83.3","65.8","74.3","63.5","55.8","53.8","66.8","82.4","72.1",
"상용근로자 30인 이상","부동산업","채용관련비용(모집비)[천원]","천원","6.9","5.2","3.3","1.2","1.4","1.1",".8",".9",".7",".8",".7",
"상용근로자 30인 이상","부동산업","교육훈련비용[천원]","천원","10.1","10.4","9.4","9.6","8.5","10.1","7.9","7.8","5.8","8.9","8.2",
"상용근로자 30인 이상","부동산업","기타노동비용[천원]","천원","","","","-","-","-","1.2",".7","1.1","2.3","1.4",
"상용근로자 30인 이상","임대업;부동산제외","노동비용총액[천원]","천원","4574.7","4402.3","4179.8","4242.5","4220.8","4206","4026.5","4220.5","4221","5006","5081.6",
"상용근로자 30인 이상","임대업;부동산제외","직접노동비용(계)[천원]","천원","3629.5","3538.2","3404.6","3371.4","3482.8","3389.3","3268","3429.9","3258.1","3583.7","3786.2",
"상용근로자 30인 이상","임대업;부동산제외","정액 및 초과급여[천원]","천원","3298","3191.6","3049.3","3046.2","3120.3","2960.5","2921.7","2994.3","3044.4","3251.9","3263.1",
"상용근로자 30인 이상","임대업;부동산제외","상여금 및 성과금[천원]","천원","331.5","346.6","355.3","325.3","362.5","428.8","346.4","435.5","213.7","331.8","523",
"상용근로자 30인 이상","임대업;부동산제외","간접노동비용(계)[천원]","천원","945.2","864","775.2","871","738","816.7","758.5","790.6","962.9","1422.3","1295.5",
"상용근로자 30인 이상","임대업;부동산제외","퇴직급여 등의 비용[천원]","천원","380","363.8","288","410.3","259.4","381.2","374.9","385.4","562.1","743.7","725.8",
"상용근로자 30인 이상","임대업;부동산제외","현물지급비용[천원]","천원","","","","-","-","-",".9","4.8","9.8","0","0",
"상용근로자 30인 이상","임대업;부동산제외","법정노동비용[천원]","천원","333.9","338","293","306.3","298","289.1","260.3","272.8","267.1","301","329.7",
"상용근로자 30인 이상","임대업;부동산제외","법정외 복지비용[천원]","천원","198.7","141","170.6","132.9","154.7","117.4","107.3","99.1","110.6","363.1","192.1",
"상용근로자 30인 이상","임대업;부동산제외","채용관련비용(모집비)[천원]","천원","7.7","3.2","2.9","1.5",".7","3",".8","1.9","2.5",".6","1.3",
"상용근로자 30인 이상","임대업;부동산제외","교육훈련비용[천원]","천원","24.8","18","20.7","20.1","25.2","26.1","13.7","26","10.6","13.9","46",
"상용근로자 30인 이상","임대업;부동산제외","기타노동비용[천원]","천원","","","","-","-","-",".5",".5",".2","0",".7",
"상용근로자 30인 이상","M. 전문,과학및기술서비스업(70~73)","노동비용총액[천원]","천원","5787.5","5397.3","5232.7","5284.5","5205.6","4896.1","4767.8","4483.2","4418","4172.8","4282.9",
"상용근로자 30인 이상","M. 전문,과학및기술서비스업(70~73)","직접노동비용(계)[천원]","천원","4680.5","4467.6","4399.2","4315.2","4254.8","4043.3","3944.5","3634.8","3521.3","3217.5","3282.6",
"상용근로자 30인 이상","M. 전문,과학및기술서비스업(70~73)","정액 및 초과급여[천원]","천원","4012","3899.8","3758.8","3704.1","3614.7","3496.2","3332.7","3003.1","2631.9","2409.2","2469.1",
"상용근로자 30인 이상","M. 전문,과학및기술서비스업(70~73)","상여금 및 성과금[천원]","천원","668.5","567.8","640.4","611","640.1","547.1","611.9","631.7","889.4","808.3","813.5",
"상용근로자 30인 이상","M. 전문,과학및기술서비스업(70~73)","간접노동비용(계)[천원]","천원","1107","929.7","833.5","969.3","950.8","852.9","823.3","848.4","896.8","955.2","1000.3",
"상용근로자 30인 이상","M. 전문,과학및기술서비스업(70~73)","퇴직급여 등의 비용[천원]","천원","521.4","379.4","337.4","454.7","422","362.8","352.8","406.6","497.3","475.3","484",
"상용근로자 30인 이상","M. 전문,과학및기술서비스업(70~73)","현물지급비용[천원]","천원","","","","-","-","-","1","2.1",".9","6","9.2",
"상용근로자 30인 이상","M. 전문,과학및기술서비스업(70~73)","법정노동비용[천원]","천원","370.3","346.2","318.1","335.7","333.7","313.4","298.2","281.3","260.1","247.3","258.4",
"상용근로자 30인 이상","M. 전문,과학및기술서비스업(70~73)","법정외 복지비용[천원]","천원","172.7","162","154.6","136.4","155.4","147.3","137.4","131.2","111.2","183.2","189.7",
"상용근로자 30인 이상","M. 전문,과학및기술서비스업(70~73)","채용관련비용(모집비)[천원]","천원","8.2","7.1","4.7","7.2","7.3","6.5","7.2","6.9","4.9","4.2","4.9",
"상용근로자 30인 이상","M. 전문,과학및기술서비스업(70~73)","교육훈련비용[천원]","천원","34.3","35","18.7","35.2","32.5","22.9","23.7","19","21","36.3","48.7",
"상용근로자 30인 이상","M. 전문,과학및기술서비스업(70~73)","기타노동비용[천원]","천원","","","","-","-","-","3","1.2","1.3","2.8","5.3",
"상용근로자 30인 이상","연구개발업","노동비용총액[천원]","천원","6075.2","5629.9","6577.2","7623.8","7371.6","7536.5","6627.2","6496.2","5599.9","5344.7","4901.1",
"상용근로자 30인 이상","연구개발업","직접노동비용(계)[천원]","천원","4956.9","4546.4","5767.8","6128.5","5875.2","6145.1","5450","4973.1","4488","4275.6","3826.1",
"상용근로자 30인 이상","연구개발업","정액 및 초과급여[천원]","천원","3931.4","3719.9","4885.2","5398.7","5113.2","5338.3","5061.8","4515.5","3981.6","3960.3","2956.7",
"상용근로자 30인 이상","연구개발업","상여금 및 성과금[천원]","천원","1025.5","826.5","882.7","729.8","762","806.8","388.2","457.6","506.4","315.3","869.4",
"상용근로자 30인 이상","연구개발업","간접노동비용(계)[천원]","천원","1118.3","1083.6","809.4","1495.3","1496.3","1391.4","1177.2","1523.2","1111.9","1069.1","1075",
"상용근로자 30인 이상","연구개발업","퇴직급여 등의 비용[천원]","천원","424.5","409.2","376.2","745","767","601.7","523.4","952.8","585.1","505.1","570.6",
"상용근로자 30인 이상","연구개발업","현물지급비용[천원]","천원","","","","-","-","-","0","0","0","6.1","4.6",
"상용근로자 30인 이상","연구개발업","법정노동비용[천원]","천원","401.5","377.6","308.6","435.4","430.1","436.8","398.4","348.4","378.2","362.9","325.6",
"상용근로자 30인 이상","연구개발업","법정외 복지비용[천원]","천원","227.6","231.3","108.8","247.1","243.5","260.5","114.2","84.9","94.1","160.7","147.2",
"상용근로자 30인 이상","연구개발업","채용관련비용(모집비)[천원]","천원","18.5","21.2","6.2","18.1","10.8","39.5","72.4","96.9","25.8",".9","5.1",
"상용근로자 30인 이상","연구개발업","교육훈련비용[천원]","천원","46.2","44.3","9.6","49.7","44.9","53","68.8","40.3","28.7","23.4","21.8",
"상용근로자 30인 이상","연구개발업","기타노동비용[천원]","천원","","","","-","-","-","0","0","0","9.9","0",
"상용근로자 30인 이상","전문서비스업","노동비용총액[천원]","천원","6523.2","6067.8","5604.9","5739.9","5819.8","5736","5525.8","4921.9","4968.8","4235.4","4481.9",
"상용근로자 30인 이상","전문서비스업","직접노동비용(계)[천원]","천원","5159.1","5007.4","4745.9","4624.8","4668.3","4573.4","4539.2","4009.1","3875.8","3206.2","3336.4",
"상용근로자 30인 이상","전문서비스업","정액 및 초과급여[천원]","천원","4251.9","4218.8","3832.1","3799.7","3782.9","3750.9","3397.5","2813.3","2251.7","2235","2317.2",
"상용근로자 30인 이상","전문서비스업","상여금 및 성과금[천원]","천원","907.2","788.6","913.9","825.1","885.4","822.5","1141.7","1195.8","1624.1","971.2","1019.2",
"상용근로자 30인 이상","전문서비스업","간접노동비용(계)[천원]","천원","1364.1","1060.4","859","1115.1","1151.6","1162.7","986.6","912.8","1093","1029.2","1145.5",
"상용근로자 30인 이상","전문서비스업","퇴직급여 등의 비용[천원]","천원","685.3","408","337.8","526.7","500.7","514.2","433.4","417.5","683.5","516.9","574.2",
"상용근로자 30인 이상","전문서비스업","현물지급비용[천원]","천원","","","","-","-","-","1.3","3.7","2","7.8","12.4",
"상용근로자 30인 이상","전문서비스업","법정노동비용[천원]","천원","397.6","370.1","298.6","358.7","364.4","347.5","320.8","293.2","252.7","250.2","266.6",
"상용근로자 30인 이상","전문서비스업","법정외 복지비용[천원]","천원","220","215.6","191.4","160.9","215.2","244.9","172.4","160.9","110.3","202.6","216.8",
"상용근로자 30인 이상","전문서비스업","채용관련비용(모집비)[천원]","천원","12.4","11.1","7.8","11.9","14.2","13.1","8.7","6.2","9.2","5.4","6.6",
"상용근로자 30인 이상","전문서비스업","교육훈련비용[천원]","천원","48.8","55.6","23.3","56.8","57","43","41.8","29.6","35.3","43.6","63.1",
"상용근로자 30인 이상","전문서비스업","기타노동비용[천원]","천원","","","","-","-","-","8.2","1.6","0","2.7","5.8",
"상용근로자 30인 이상","건축기술,엔지니어링및기타과학기술서비스업","노동비용총액[천원]","천원","5004.1","4884.7","4766.6","4653.7","4574.8","4403.2","4284.8","4178.4","4085.4","3953.1","3800.3",
"상용근로자 30인 이상","건축기술,엔지니어링및기타과학기술서비스업","직접노동비용(계)[천원]","천원","4171.3","4069.4","3953","3871.9","3823.8","3712.7","3562.8","3395.1","3295.7","3219.7","3139.9",
"상용근로자 30인 이상","건축기술,엔지니어링및기타과학기술서비스업","정액 및 초과급여[천원]","천원","3799.7","3697.7","3595.8","3489.9","3385.1","3296.4","3199","2992.8","2740.7","2871.8","2800.8",
"상용근로자 30인 이상","건축기술,엔지니어링및기타과학기술서비스업","상여금 및 성과금[천원]","천원","371.6","371.7","357.2","382.1","438.7","416.2","363.8","402.3","555","348","339.1",
"상용근로자 30인 이상","건축기술,엔지니어링및기타과학기술서비스업","간접노동비용(계)[천원]","천원","832.8","815.4","813.6","781.8","751","690.6","722","783.3","789.7","733.4","660.4",
"상용근로자 30인 이상","건축기술,엔지니어링및기타과학기술서비스업","퇴직급여 등의 비용[천원]","천원","358.7","357.6","331.7","360.5","332.3","285.3","303.4","369.7","402.2","353.4","273.8",
"상용근로자 30인 이상","건축기술,엔지니어링및기타과학기술서비스업","현물지급비용[천원]","천원","","","","-","-","-",".9","1.7",".5",".8","2.1",
"상용근로자 30인 이상","건축기술,엔지니어링및기타과학기술서비스업","법정노동비용[천원]","천원","339.2","326","339.8","306","304.1","292.7","281.4","273.4","257.1","234.9","237",
"상용근로자 30인 이상","건축기술,엔지니어링및기타과학기술서비스업","법정외 복지비용[천원]","천원","115.1","111.5","124.9","102.2","101.2","98.3","121.7","122.8","112.7","124.9","125.1",
"상용근로자 30인 이상","건축기술,엔지니어링및기타과학기술서비스업","채용관련비용(모집비)[천원]","천원","2.3","2.3","1.7","1.4","1.5","1.6","2","1.2","1.7",".8","1",
"상용근로자 30인 이상","건축기술,엔지니어링및기타과학기술서비스업","교육훈련비용[천원]","천원","17.5","18","15.5","11.7","11.9","12.7","11.8","13.3","13.7","15.7","17",
"상용근로자 30인 이상","건축기술,엔지니어링및기타과학기술서비스업","기타노동비용[천원]","천원","","","","-","-","-",".7","1.2","1.9","2.9","4.4",
"상용근로자 30인 이상","기타전문,과학및기술서비스업","노동비용총액[천원]","천원","3843.1","3819.5","3908.1","3622","3610.5","3418.2","3517.8","3477.6","-","3422","3523.5",
"상용근로자 30인 이상","기타전문,과학및기술서비스업","직접노동비용(계)[천원]","천원","3178.4","3148.8","3140.3","3063.5","2992.2","2864.6","2941.6","3005.7","-","2705.6","2761",
"상용근로자 30인 이상","기타전문,과학및기술서비스업","정액 및 초과급여[천원]","천원","2954.1","2946.7","2880.9","2800.6","2705.4","2566.6","2416.3","2556","-","2484.5","2604.9",
"상용근로자 30인 이상","기타전문,과학및기술서비스업","상여금 및 성과금[천원]","천원","224.3","202.1","259.4","262.8","286.8","298","525.3","449.7","-","221.1","156",
"상용근로자 30인 이상","기타전문,과학및기술서비스업","간접노동비용(계)[천원]","천원","664.7","670.7","767.8","558.6","618.3","553.6","576.2","471.9","-","716.4","762.6",
"상용근로자 30인 이상","기타전문,과학및기술서비스업","퇴직급여 등의 비용[천원]","천원","265.7","260.1","361.1","230","307","208","218.6","184.9","-","235.8","172.6",
"상용근로자 30인 이상","기타전문,과학및기술서비스업","현물지급비용[천원]","천원","","","","-","-","-","0","0","-","0","2.8",
"상용근로자 30인 이상","기타전문,과학및기술서비스업","법정노동비용[천원]","천원","288.1","273.1","284.3","237.9","226.8","240.8","224.7","208.2","-","215.3","202.2",
"상용근로자 30인 이상","기타전문,과학및기술서비스업","법정외 복지비용[천원]","천원","100.6","125.4","111.4","84.6","78.5","99.7","129.7","78.8","-","264.5","384.2",
"상용근로자 30인 이상","기타전문,과학및기술서비스업","채용관련비용(모집비)[천원]","천원","3.7","3.2",".7","1.8","-","0","0","0","-","0","0",
"상용근로자 30인 이상","기타전문,과학및기술서비스업","교육훈련비용[천원]","천원","6.5","8.9","10.3","4.3","6.1","5.1","3.3","0","-",".9",".8",
"상용근로자 30인 이상","기타전문,과학및기술서비스업","기타노동비용[천원]","천원","","","","-","-","-","0","0","-","0","0",
"상용근로자 30인 이상","N. 사업시설관리및사업지원서비스업(74~75)","노동비용총액[천원]","천원","2538.9","2359.4","2323","2289.5","2259.2","2130.3","2100.5","1938.4","2008","1892.3","1847.6",
"상용근로자 30인 이상","N. 사업시설관리및사업지원서비스업(74~75)","직접노동비용(계)[천원]","천원","2120.7","1989.1","1954.1","1918","1883.7","1793.2","1735.7","1616.1","1676.1","1575.1","1539.9",
"상용근로자 30인 이상","N. 사업시설관리및사업지원서비스업(74~75)","정액 및 초과급여[천원]","천원","1993.7","1856","1802.4","1755.8","1712.3","1633.3","1560.4","1463.2","1531.6","1435.7","1398.7",
"상용근로자 30인 이상","N. 사업시설관리및사업지원서비스업(74~75)","상여금 및 성과금[천원]","천원","127","133.1","151.6","162.2","171.4","160","175.3","152.9","144.5","139.5","141.2",
"상용근로자 30인 이상","N. 사업시설관리및사업지원서비스업(74~75)","간접노동비용(계)[천원]","천원","418.2","370.3","369","371.5","375.4","337.1","364.8","322.3","331.9","317.1","307.7",
"상용근로자 30인 이상","N. 사업시설관리및사업지원서비스업(74~75)","퇴직급여 등의 비용[천원]","천원","194.1","156.1","162.7","155.4","147.4","135.7","157.4","139.3","147.3","138","128.1",
"상용근로자 30인 이상","N. 사업시설관리및사업지원서비스업(74~75)","현물지급비용[천원]","천원","","","","-","-","-","1.7","1.7","1.9","2.6","2.2",
"상용근로자 30인 이상","N. 사업시설관리및사업지원서비스업(74~75)","법정노동비용[천원]","천원","178.1","167","160.4","163.4","166.8","152.1","149.5","133.5","138.2","132.5","128.4",
"상용근로자 30인 이상","N. 사업시설관리및사업지원서비스업(74~75)","법정외 복지비용[천원]","천원","37.5","38.8","39.1","44.9","53.1","42.5","47","38.7","35.7","34.9","40.5",
"상용근로자 30인 이상","N. 사업시설관리및사업지원서비스업(74~75)","채용관련비용(모집비)[천원]","천원","3.7","4","2.9","3.9","3.7","3","2.5","1.9","3.2","1.7","1.4",
"상용근로자 30인 이상","N. 사업시설관리및사업지원서비스업(74~75)","교육훈련비용[천원]","천원","4.8","4.4","3.8","3.9","4.5","3.8","5.4","5.9","5.2","5.7","5.7",
"상용근로자 30인 이상","N. 사업시설관리및사업지원서비스업(74~75)","기타노동비용[천원]","천원","","","","-","-","-","1.4","1.3",".6","1.8","1.6",
"상용근로자 30인 이상","사업시설관리및조경서비스업","노동비용총액[천원]","천원","2377.4","2166.5","2175.3","2158","2147.1","2010.3","1959.2","1756.9","1900.8","1768.4","1801.8",
"상용근로자 30인 이상","사업시설관리및조경서비스업","직접노동비용(계)[천원]","천원","1992.2","1828.1","1854.7","1823.2","1811.7","1695.6","1622.9","1472.6","1598.5","1484.1","1501.3",
"상용근로자 30인 이상","사업시설관리및조경서비스업","정액 및 초과급여[천원]","천원","1892.3","1738.4","1737.8","1691.7","1681.3","1564.9","1501.5","1392.7","1455.1","1344.5","1351.5",
"상용근로자 30인 이상","사업시설관리및조경서비스업","상여금 및 성과금[천원]","천원","99.9","89.7","116.9","131.5","130.4","130.7","121.3","79.9","143.4","139.7","149.9",
"상용근로자 30인 이상","사업시설관리및조경서비스업","간접노동비용(계)[천원]","천원","385.2","338.4","320.7","334.8","335.4","314.7","336.4","284.3","302.3","284.3","300.5",
"상용근로자 30인 이상","사업시설관리및조경서비스업","퇴직급여 등의 비용[천원]","천원","193.2","159.2","134.1","136.2","121.1","125.3","143.8","116.7","124.7","114.8","115.8",
"상용근로자 30인 이상","사업시설관리및조경서비스업","현물지급비용[천원]","천원","","","","-","-","-","1.3","1.8","1.9","4.7","3.4",
"상용근로자 30인 이상","사업시설관리및조경서비스업","법정노동비용[천원]","천원","162.7","147.5","151","150.8","154.8","142.5","139.6","121.2","129.8","127.2","129.8",
"상용근로자 30인 이상","사업시설관리및조경서비스업","법정외 복지비용[천원]","천원","26.3","27.8","30.8","44","54.9","43.8","44.4","38.3","40.1","32","44.1",
"상용근로자 30인 이상","사업시설관리및조경서비스업","채용관련비용(모집비)[천원]","천원",".8","1",".9",".9","1.3","1",".9",".8",".6",".5",".6",
"상용근로자 30인 이상","사업시설관리및조경서비스업","교육훈련비용[천원]","천원","2.2","3","3.9","2.9","3.4","2.2","4.8","3.9","4.1","2.9","5.3",
"상용근로자 30인 이상","사업시설관리및조경서비스업","기타노동비용[천원]","천원","","","","-","-","-","1.4","1.6","1","2.3","1.6",
"상용근로자 30인 이상","사업지원서비스업","노동비용총액[천원]","천원","2586.3","2422.3","2377.6","2332.9","2300.6","2170.8","2148.8","1995.8","2049.7","1936.5","1863.3",
"상용근로자 30인 이상","사업지원서비스업","직접노동비용(계)[천원]","천원","2158.4","2041.7","1990.8","1949.4","1910.4","1826.2","1774.3","1661.5","1706.2","1607.6","1553.1",
"상용근로자 30인 이상","사업지원서비스업","정액 및 초과급여[천원]","천원","2023.5","1894.4","1826.3","1777","1723.8","1656.4","1580.5","1485.5","1561.3","1468.2","1414.8",
"상용근로자 30인 이상","사업지원서비스업","상여금 및 성과금[천원]","천원","134.9","147.3","164.5","172.3","186.5","169.8","193.8","176","144.9","139.4","138.3",
"상용근로자 30인 이상","사업지원서비스업","간접노동비용(계)[천원]","천원","427.9","380.7","386.8","383.6","390.2","344.6","374.5","334.3","343.4","328.8","310.2",
"상용근로자 30인 이상","사업지원서비스업","퇴직급여 등의 비용[천원]","천원","194.4","155.1","173.3","161.7","157.2","139.2","162","146.4","156.1","146.3","132.3",
"상용근로자 30인 이상","사업지원서비스업","현물지급비용[천원]","천원","","","","-","-","-","1.8","1.6","1.8","1.8","1.8",
"상용근로자 30인 이상","사업지원서비스업","법정노동비용[천원]","천원","182.6","173.4","163.9","167.5","171.2","155.3","152.9","137.4","141.4","134.3","127.9",
"상용근로자 30인 이상","사업지원서비스업","법정외 복지비용[천원]","천원","40.8","42.4","42.2","45.2","52.4","42.1","47.8","38.9","33.9","35.9","39.2",
"상용근로자 30인 이상","사업지원서비스업","채용관련비용(모집비)[천원]","천원","4.5","4.9","3.7","4.9","4.5","3.6","3","2.2","4.1","2.2","1.6",
"상용근로자 30인 이상","사업지원서비스업","교육훈련비용[천원]","천원","5.6","4.8","3.8","4.2","4.9","4.4","5.6","6.5","5.6","6.7","5.8",
"상용근로자 30인 이상","사업지원서비스업","기타노동비용[천원]","천원","","","","-","-","-","1.3","1.2",".4","1.6","1.6",
"상용근로자 30인 이상","R. 예술,스포츠및여가관련서비스업(90~91)","노동비용총액[천원]","천원","5258","4825.7","4687.3","4573.4","4612.9","4538.1","4450.3","4065.5","3913.1","3847.7","3875.2",
"상용근로자 30인 이상","R. 예술,스포츠및여가관련서비스업(90~91)","직접노동비용(계)[천원]","천원","4079.1","3785.7","3694.2","3609.3","3581.2","3543","3438.7","3123.9","3006.2","2922.7","2948.6",
"상용근로자 30인 이상","R. 예술,스포츠및여가관련서비스업(90~91)","정액 및 초과급여[천원]","천원","3622.2","3390.8","3247.3","3001.5","2885.2","2840.8","2679.5","2514.4","2375.2","2334.1","2354.6",
"상용근로자 30인 이상","R. 예술,스포츠및여가관련서비스업(90~91)","상여금 및 성과금[천원]","천원","457","394.9","446.8","607.9","696.1","702.3","759.2","609.5","631","588.7","594",
"상용근로자 30인 이상","R. 예술,스포츠및여가관련서비스업(90~91)","간접노동비용(계)[천원]","천원","1178.9","1040","993.1","964.1","1031.7","995.1","1011.5","941.6","906.9","924.9","926.6",
"상용근로자 30인 이상","R. 예술,스포츠및여가관련서비스업(90~91)","퇴직급여 등의 비용[천원]","천원","434.8","377.5","367.3","352.6","392.4","354.9","368.2","386.9","350.1","352.3","317.5",
"상용근로자 30인 이상","R. 예술,스포츠및여가관련서비스업(90~91)","현물지급비용[천원]","천원","","","","-","-","-","4.9","2.4","3","13","16.4",
"상용근로자 30인 이상","R. 예술,스포츠및여가관련서비스업(90~91)","법정노동비용[천원]","천원","368.1","339.4","318.3","303.2","308.7","311.5","273.3","252.6","241.8","243.8","243.6",
"상용근로자 30인 이상","R. 예술,스포츠및여가관련서비스업(90~91)","법정외 복지비용[천원]","천원","352.8","308.1","286.8","271","289.4","290.2","325.4","265.6","272","274.9","295.4",
"상용근로자 30인 이상","R. 예술,스포츠및여가관련서비스업(90~91)","채용관련비용(모집비)[천원]","천원","3.4","2.4","2.2","4.4","4.6","5.1","1.3","1.8","2.2","2.7","3.9",
"상용근로자 30인 이상","R. 예술,스포츠및여가관련서비스업(90~91)","교육훈련비용[천원]","천원","19.8","12.6","18.5","32.9","36.7","33.4","30.8","22.7","32.8","27.4","31",
"상용근로자 30인 이상","R. 예술,스포츠및여가관련서비스업(90~91)","기타노동비용[천원]","천원","","","","-","-","-","7.6","9.6","4.9","10.7","18.7",
"상용근로자 30인 이상","창작,예술및여가관련서비스업","노동비용총액[천원]","천원","3877.2","3744.8","3337.3","4053","4003.4","4293.4","4122.1","4174.7","4522","4402.8","4618",
"상용근로자 30인 이상","창작,예술및여가관련서비스업","직접노동비용(계)[천원]","천원","3094.9","3005.6","2815.3","3328.3","3316.9","3376.2","3267.2","3170.5","3761.9","3482.8","3693",
"상용근로자 30인 이상","창작,예술및여가관련서비스업","정액 및 초과급여[천원]","천원","2958.1","2901","2723.7","3192.1","3207.7","3257","2949.2","2738.5","2731.4","2664.1","2700.2",
"상용근로자 30인 이상","창작,예술및여가관련서비스업","상여금 및 성과금[천원]","천원","136.7","104.6","91.6","136.1","109.2","119.2","318.1","432","1030.5","818.7","992.8",
"상용근로자 30인 이상","창작,예술및여가관련서비스업","간접노동비용(계)[천원]","천원","782.3","739.2","522","724.7","686.5","917.2","854.9","1004.2","760.1","920","924.9",
"상용근로자 30인 이상","창작,예술및여가관련서비스업","퇴직급여 등의 비용[천원]","천원","273.4","251.1","149.6","235.9","204","384.3","418.9","472.1","318.5","317","243.8",
"상용근로자 30인 이상","창작,예술및여가관련서비스업","현물지급비용[천원]","천원","","","","-","-","-","5.8","8.6","0","52.7","56.9",
"상용근로자 30인 이상","창작,예술및여가관련서비스업","법정노동비용[천원]","천원","279.5","259.9","220.2","271.7","263","327.5","271.2","236.2","274.9","289.5","295",
"상용근로자 30인 이상","창작,예술및여가관련서비스업","법정외 복지비용[천원]","천원","217.2","224","143.5","207.9","213.4","194.5","123.8","220.7","165.5","182.8","241.7",
"상용근로자 30인 이상","창작,예술및여가관련서비스업","채용관련비용(모집비)[천원]","천원","1.2","2.4","2.7",".2",".4","1.4","3","2.6","0","8.5","6.7",
"상용근로자 30인 이상","창작,예술및여가관련서비스업","교육훈련비용[천원]","천원","11.1","1.8","6.1","9.1","5.6","9.6","28.2","21.1","1.2","42.8","56.7",
"상용근로자 30인 이상","창작,예술및여가관련서비스업","기타노동비용[천원]","천원","","","","-","-","-","4","43","0","26.7","24.3",
"상용근로자 30인 이상","스포츠및오락관련서비스업","노동비용총액[천원]","천원","5421","4955.7","4824.1","4611.2","4649.5","4553.9","4473.9","4056.9","3866.4","3713.7","3722.4",
"상용근로자 30인 이상","스포츠및오락관련서비스업","직접노동비용(계)[천원]","천원","4195.3","3879.5","3783.2","3629.7","3597.1","3553.8","3451.1","3120.2","2948.2","2787.6","2795.5",
"상용근로자 30인 이상","스포츠및오락관련서비스업","정액 및 초과급여[천원]","천원","3700.5","3449.7","3300.4","2987.6","2865.8","2813.9","2660.1","2496.7","2347.8","2254.4","2283.5",
"상용근로자 30인 이상","스포츠및오락관련서비스업","상여금 및 성과금[천원]","천원","494.8","429.8","482.8","642.1","731.3","739.8","791","623.5","600.4","533.1","512",
"상용근로자 30인 이상","스포츠및오락관련서비스업","간접노동비용(계)[천원]","천원","1225.7","1076.2","1040.9","981.5","1052.4","1000.1","1022.8","936.7","918.1","926.1","926.9",
"상용근로자 30인 이상","스포츠및오락관련서비스업","퇴직급여 등의 비용[천원]","천원","453.9","392.7","389.4","361.1","403.7","353","364.6","380.1","352.5","360.8","332.7",
"상용근로자 30인 이상","스포츠및오락관련서비스업","현물지급비용[천원]","천원","","","","-","-","-","4.9","1.9","3.3","3.5","8.1",
"상용근로자 30인 이상","스포츠및오락관련서비스업","법정노동비용[천원]","천원","378.5","348.9","328.3","305.5","311.4","310.5","273.4","253.9","239.2","232.8","233.1",
"상용근로자 30인 이상","스포츠및오락관련서비스업","법정외 복지비용[천원]","천원","368.8","318.2","301.3","275.5","293.9","296.4","340","269.1","280.2","297.1","306.4",
"상용근로자 30인 이상","스포츠및오락관련서비스업","채용관련비용(모집비)[천원]","천원","3.7","2.5","2.2","4.7","4.9","5.3","1.2","1.7","2.4","1.3","3.3",
"상용근로자 30인 이상","스포츠및오락관련서비스업","교육훈련비용[천원]","천원","20.8","13.9","19.7","34.7","38.6","34.9","31","22.9","35.3","23.7","25.8",
"상용근로자 30인 이상","스포츠및오락관련서비스업","기타노동비용[천원]","천원","","","","-","-","-","7.8","6.9","5.3","6.8","17.5",
"상용근로자 30인 이상","S. 협회및단체,수리및기타개인서비스업(94~96)","노동비용총액[천원]","천원","4612.4","4256","3889.1","3733.1","3709","3879.8","4316.3","3758.8","3035.9","2756.1","2911.4",
"상용근로자 30인 이상","S. 협회및단체,수리및기타개인서비스업(94~96)","직접노동비용(계)[천원]","천원","3771.5","3449.8","3108.8","3017.6","2994.7","3140.2","3252.6","2880","2421.8","2210","2329.4",
"상용근로자 30인 이상","S. 협회및단체,수리및기타개인서비스업(94~96)","정액 및 초과급여[천원]","천원","3357","3075.9","2760.1","2619.2","2580.5","2691.7","2669.7","2430.6","2158.1","1982.8","2108",
"상용근로자 30인 이상","S. 협회및단체,수리및기타개인서비스업(94~96)","상여금 및 성과금[천원]","천원","414.5","373.9","348.7","398.3","414.2","448.5","582.9","449.4","263.7","227.2","221.5",
"상용근로자 30인 이상","S. 협회및단체,수리및기타개인서비스업(94~96)","간접노동비용(계)[천원]","천원","840.9","806.2","780.3","715.5","714.2","739.5","1063.7","878.8","614.1","546.1","581.9",
"상용근로자 30인 이상","S. 협회및단체,수리및기타개인서비스업(94~96)","퇴직급여 등의 비용[천원]","천원","387.3","337.3","364.2","301.6","291.2","328.4","612.8","471.3","249.9","211","230.3",
"상용근로자 30인 이상","S. 협회및단체,수리및기타개인서비스업(94~96)","현물지급비용[천원]","천원","","","","-","-","-","4.4","3.1","1.1",".6",".4",
"상용근로자 30인 이상","S. 협회및단체,수리및기타개인서비스업(94~96)","법정노동비용[천원]","천원","309.6","306.1","284.3","266.6","268.4","259.9","262.7","235.1","217.3","194.7","202.2",
"상용근로자 30인 이상","S. 협회및단체,수리및기타개인서비스업(94~96)","법정외 복지비용[천원]","천원","128.2","148.2","123","135.1","142.8","139.1","164.5","148.8","129.6","123.1","137.7",
"상용근로자 30인 이상","S. 협회및단체,수리및기타개인서비스업(94~96)","채용관련비용(모집비)[천원]","천원","3.8","3.7",".9","2.9","2.4",".9",".9",".8",".9",".6","1",
"상용근로자 30인 이상","S. 협회및단체,수리및기타개인서비스업(94~96)","교육훈련비용[천원]","천원","11.9","10.8","7.8","9.4","9.5","11.2","15.6","18","13.9","14.8","8.7",
"상용근로자 30인 이상","S. 협회및단체,수리및기타개인서비스업(94~96)","기타노동비용[천원]","천원","","","","-","-","-","2.9","1.8","1.4","1.3","1.6",
"상용근로자 30인 이상","협회및단체","노동비용총액[천원]","천원","-","-","-","-","-","-","-","-","-","-","-",
"상용근로자 30인 이상","협회및단체","직접노동비용(계)[천원]","천원","-","-","-","-","-","-","-","-","-","-","-",
"상용근로자 30인 이상","협회및단체","정액 및 초과급여[천원]","천원","-","-","-","-","-","-","-","-","-","-","-",
"상용근로자 30인 이상","협회및단체","상여금 및 성과금[천원]","천원","-","-","-","-","-","-","-","-","-","-","-",
"상용근로자 30인 이상","협회및단체","간접노동비용(계)[천원]","천원","-","-","-","-","-","-","-","-","-","-","-",
"상용근로자 30인 이상","협회및단체","퇴직급여 등의 비용[천원]","천원","-","-","-","-","-","-","-","-","-","-","-",
"상용근로자 30인 이상","협회및단체","현물지급비용[천원]","천원","","","","-","-","-","-","-","-","-","-",
"상용근로자 30인 이상","협회및단체","법정노동비용[천원]","천원","-","-","-","-","-","-","-","-","-","-","-",
"상용근로자 30인 이상","협회및단체","법정외 복지비용[천원]","천원","-","-","-","-","-","-","-","-","-","-","-",
"상용근로자 30인 이상","협회및단체","채용관련비용(모집비)[천원]","천원","-","-","-","-","-","-","-","-","-","-","-",
"상용근로자 30인 이상","협회및단체","교육훈련비용[천원]","천원","-","-","-","-","-","-","-","-","-","-","-",
"상용근로자 30인 이상","협회및단체","기타노동비용[천원]","천원","","","","-","-","-","-","-","-","-","-",
"상용근로자 30인 이상","수리업","노동비용총액[천원]","천원","5219.7","4772.2","4350.9","4002.5","3953.7","4125.4","4711.4","4086.7","3221.8","2834.8","3091.7",
"상용근로자 30인 이상","수리업","직접노동비용(계)[천원]","천원","4231.5","3842.1","3461.3","3212.1","3170","3295.9","3502.3","3061.3","2513.6","2259","2436.9",
"상용근로자 30인 이상","수리업","정액 및 초과급여[천원]","천원","3724.6","3400.1","3041.1","2752.5","2685.4","2781.7","2834.5","2553.4","2207.4","2002.8","2189.4",
"상용근로자 30인 이상","수리업","상여금 및 성과금[천원]","천원","506.9","442","420.3","459.6","484.7","514.2","667.8","507.9","306.2","256.2","247.4",
"상용근로자 30인 이상","수리업","간접노동비용(계)[천원]","천원","988.2","930.1","889.6","790.4","783.7","829.5","1209.1","1025.4","708.1","575.8","654.9",
"상용근로자 30인 이상","수리업","퇴직급여 등의 비용[천원]","천원","455.3","392.4","385.5","340.6","326","372.7","716.1","576.3","297.7","234.4","271.4",
"상용근로자 30인 이상","수리업","현물지급비용[천원]","천원","","","","-","-","-","3.6","2.8","1.3",".8",".5",
"상용근로자 30인 이상","수리업","법정노동비용[천원]","천원","356.8","345","329.4","290","289.1","282.7","285.7","256.5","241.3","203.7","218",
"상용근로자 30인 이상","수리업","법정외 복지비용[천원]","천원","156.9","180.6","163.2","148","157.2","162.1","180.9","165.6","148.8","128","155",
"상용근로자 30인 이상","수리업","채용관련비용(모집비)[천원]","천원","4.7","1.5","1.1","1.2",".5",".8",".8",".6",".9",".7",".4",
"상용근로자 30인 이상","수리업","교육훈련비용[천원]","천원","14.4","10.7","10.4","10.6","10.9","11.2","18.4","21.3","16.4","7","8",
"상용근로자 30인 이상","수리업","기타노동비용[천원]","천원","","","","-","-","-","3.6","2.2","1.8","1.2","1.6",
"상용근로자 30인 이상","기타개인서비스업","노동비용총액[천원]","천원","2835.1","2723.2","2574.3","2698.7","2841.5","3057.7","2802.2","2620.6","2435.9","2412","2221",
"상용근로자 30인 이상","기타개인서비스업","직접노동비용(계)[천원]","천원","2425.4","2284.8","2105.1","2270.7","2373.5","2619.3","2295.8","2250.5","2125.4","1995.6","1918.2",
"상용근로자 30인 이상","기타개인서비스업","정액 및 초과급여[천원]","천원","2281.2","2113.3","1960.1","2107.5","2208.9","2390.9","2038.3","2004.1","1999","1895.2","1796.2",
"상용근로자 30인 이상","기타개인서비스업","상여금 및 성과금[천원]","천원","144.2","171.5","145","163.2","164.6","228.4","257.5","246.4","126.4","100.4","122.1",
"상용근로자 30인 이상","기타개인서비스업","간접노동비용(계)[천원]","천원","409.8","438.4","469.2","428.1","468","438.4","506.4","370.1","310.5","416.4","302.8",
"상용근로자 30인 이상","기타개인서비스업","퇴직급여 등의 비용[천원]","천원","188.3","173.7","303.6","151.9","168","180.1","217","106.6","95.6","108.3","73",
"상용근로자 30인 이상","기타개인서비스업","현물지급비용[천원]","천원","","","","-","-","-","7.4","4.3",".6","0","0",
"상용근로자 30인 이상","기타개인서비스업","법정노동비용[천원]","천원","171.5","190.9","155.9","176.7","194.8","183.8","174.6","160.5","140.2","155.5","142.1",
"상용근로자 30인 이상","기타개인서비스업","법정외 복지비용[천원]","천원","44.3","52.2","8.6","85.5","91.7","62.1","101.9","90.6","67.7","101.7","71.6",
"상용근로자 30인 이상","기타개인서비스업","채용관련비용(모집비)[천원]","천원","1.1","10.3",".5","9.4","9.1","1.2","1","1.3",".7",".3","3.4",
"상용근로자 30인 이상","기타개인서비스업","교육훈련비용[천원]","천원","4.6","11.3",".6","4.6","4.4","11.1","4.5","6.3","5.6","48.8","11.1",
"상용근로자 30인 이상","기타개인서비스업","기타노동비용[천원]","천원","","","","-","-","-","0",".4","0","1.8","1.5",
"중소규모(상용근로자 10~299인)","전체","노동비용총액[천원]","천원","4279.4","4078.9","3940.4","3870.8","3683.2","3623.1","3569.7","3380.6","3121.5","2960.3","2959.7",
"중소규모(상용근로자 10~299인)","전체","직접노동비용(계)[천원]","천원","3517.2","3379.9","3273.2","3128.7","3010","2935.9","2846.8","2698.8","2510","2371.2","2368.5",
"중소규모(상용근로자 10~299인)","전체","정액 및 초과급여[천원]","천원","3165.4","3019.4","2900","2776.7","2646.2","2577","2475","2345.7","2180.4","2069.1","2062.6",
"중소규모(상용근로자 10~299인)","전체","상여금 및 성과금[천원]","천원","351.8","360.5","373.1","352","363.7","358.9","371.8","353.1","329.6","302.1","305.9",
"중소규모(상용근로자 10~299인)","전체","간접노동비용(계)[천원]","천원","762.3","699","667.3","742.1","673.2","687.1","722.9","681.8","611.6","589.1","591.2",
"중소규모(상용근로자 10~299인)","전체","퇴직급여 등의 비용[천원]","천원","320.8","278.5","269.4","323.5","264.4","268.4","300.9","288.6","251.3","231","239.8",
"중소규모(상용근로자 10~299인)","전체","현물지급비용[천원]","천원","","","","-","-","-","2.5","2.8","2","1.7","1.8",
"중소규모(상용근로자 10~299인)","전체","법정노동비용[천원]","천원","294.9","278.2","270.3","263.6","257","253.1","243","229.7","215.1","204.8","201.8",
"중소규모(상용근로자 10~299인)","전체","법정외 복지비용[천원]","천원","137.4","133.5","120","144.5","141.7","152.6","163","149.8","131.8","140.7","136.4",
"중소규모(상용근로자 10~299인)","전체","채용관련비용(모집비)[천원]","천원","2.9","2.8","2.7","2.7","2.6","3.3","2.3","1.8","1.9","1.1","1.4",
"중소규모(상용근로자 10~299인)","전체","교육훈련비용[천원]","천원","6.3","6","4.9","7.8","7.5","9.7","8.3","7.6","7.8","8.2","8.4",
"중소규모(상용근로자 10~299인)","전체","기타노동비용[천원]","천원","","","","-","-","-","2.9","1.4","1.7","1.6","1.5",
"중소규모(상용근로자 10~299인)","B. 광업(05~08)","노동비용총액[천원]","천원","5312.4","5194.4","4846","4403.6","4320.8","4402.1","4177.6","3992.3","3505.8","3354.6","3499.7",
"중소규모(상용근로자 10~299인)","B. 광업(05~08)","직접노동비용(계)[천원]","천원","4272.3","4003","3772.7","3411.3","3336.3","3365","3250.8","3082.3","2754.6","2576.9","2674.7",
"중소규모(상용근로자 10~299인)","B. 광업(05~08)","정액 및 초과급여[천원]","천원","3895.6","3681.7","3371.2","3043.7","2933.9","2921.7","2856.3","2710.8","2477","2336.9","2365.3",
"중소규모(상용근로자 10~299인)","B. 광업(05~08)","상여금 및 성과금[천원]","천원","376.7","321.3","401.5","367.6","402.3","443.3","394.6","371.4","277.6","240","309.4",
"중소규모(상용근로자 10~299인)","B. 광업(05~08)","간접노동비용(계)[천원]","천원","1040.1","1191.4","1073.3","992.3","984.5","1037.1","926.7","910.1","751.3","777.7","825",
"중소규모(상용근로자 10~299인)","B. 광업(05~08)","퇴직급여 등의 비용[천원]","천원","301.2","392.2","332.2","343.1","290.1","337.8","300.8","325.9","237.3","215.6","232.3",
"중소규모(상용근로자 10~299인)","B. 광업(05~08)","현물지급비용[천원]","천원","","","","-","-","-","3.7","2",".4",".6",".7",
"중소규모(상용근로자 10~299인)","B. 광업(05~08)","법정노동비용[천원]","천원","487.6","523.2","499.7","429.2","467.4","464.6","416.9","371.9","330.4","378.5","397.4",
"중소규모(상용근로자 10~299인)","B. 광업(05~08)","법정외 복지비용[천원]","천원","249","271.5","238.4","217.7","225.5","232.1","202","207.8","181.2","181.8","192.2",
"중소규모(상용근로자 10~299인)","B. 광업(05~08)","채용관련비용(모집비)[천원]","천원",".3",".2",".4",".1",".1",".4",".3",".2",".1",".3",".4",
"중소규모(상용근로자 10~299인)","B. 광업(05~08)","교육훈련비용[천원]","천원","2","4.3","2.6","2.2","1.4","2.3","1.2",".9",".8",".4","1.1",
"중소규모(상용근로자 10~299인)","B. 광업(05~08)","기타노동비용[천원]","천원","","","","-","-","-","1.9","1.5","1.2",".6",".9",
"중소규모(상용근로자 10~299인)","C. 제조업(10~33)","노동비용총액[천원]","천원","4428.9","4243.8","4064.3","4004.4","3883.9","3789.6","3712","3498.1","3226.7","3066.2","3084.7",
"중소규모(상용근로자 10~299인)","C. 제조업(10~33)","직접노동비용(계)[천원]","천원","3568.3","3452.7","3313.3","3179.1","3132.4","3022.4","2895.6","2746.8","2534.4","2405.7","2411",
"중소규모(상용근로자 10~299인)","C. 제조업(10~33)","정액 및 초과급여[천원]","천원","3169","3030.9","2878.1","2765.8","2684.4","2592.3","2462.9","2346.5","2190.5","2079.7","2064.9",
"중소규모(상용근로자 10~299인)","C. 제조업(10~33)","상여금 및 성과금[천원]","천원","399.3","421.8","435.2","413.3","448","430.1","432.7","400.3","344","326","346",
"중소규모(상용근로자 10~299인)","C. 제조업(10~33)","간접노동비용(계)[천원]","천원","860.6","791.1","751","825.2","751.5","767.1","816.4","751.3","692.2","660.5","673.7",
"중소규모(상용근로자 10~299인)","C. 제조업(10~33)","퇴직급여 등의 비용[천원]","천원","371.6","316.1","301.2","356","288.9","290.9","339.5","322","287.8","262.7","289.8",
"중소규모(상용근로자 10~299인)","C. 제조업(10~33)","현물지급비용[천원]","천원","","","","-","-","-","2.2","2.9","1.9","1.2","1.3",
"중소규모(상용근로자 10~299인)","C. 제조업(10~33)","법정노동비용[천원]","천원","307.4","294.1","286.7","273.5","267.4","266.9","258.1","239.1","228.3","215.2","210.3",
"중소규모(상용근로자 10~299인)","C. 제조업(10~33)","법정외 복지비용[천원]","천원","175.1","174.1","156.5","187","186.8","198.6","201.5","177.5","163.5","170.1","161.1",
"중소규모(상용근로자 10~299인)","C. 제조업(10~33)","채용관련비용(모집비)[천원]","천원","2","2.1","2.1","2","2.2","3.4","2.1","1.1","1","1","1.3",
"중소규모(상용근로자 10~299인)","C. 제조업(10~33)","교육훈련비용[천원]","천원","4.6","4.6","4.5","6.6","6.2","7.3","8.6","6.8","7.2","8.4","8.2",
"중소규모(상용근로자 10~299인)","C. 제조업(10~33)","기타노동비용[천원]","천원","","","","-","-","-","4.4","2","2.5","1.9","1.6",
"중소규모(상용근로자 10~299인)","D. 전기,가스,증기및수도사업(35~36)","노동비용총액[천원]","천원","8365","8610.7","7863.7","7098.1","6903.6","7380.1","7356.9","7019.8","6294.9","6132.3","5733.2",
"중소규모(상용근로자 10~299인)","D. 전기,가스,증기및수도사업(35~36)","직접노동비용(계)[천원]","천원","6397.5","6514.3","6071.9","5552.3","5551.2","5885.8","5492.6","5395.6","4895.7","4755.2","4396.1",
"중소규모(상용근로자 10~299인)","D. 전기,가스,증기및수도사업(35~36)","정액 및 초과급여[천원]","천원","4817.5","4999.9","4434.9","3853.6","3765.6","4073.7","3676.1","3601.5","3402.8","3251.4","3023.4",
"중소규모(상용근로자 10~299인)","D. 전기,가스,증기및수도사업(35~36)","상여금 및 성과금[천원]","천원","1580.1","1514.3","1636.9","1698.6","1785.6","1812.2","1816.5","1794.1","1492.9","1503.8","1372.7",
"중소규모(상용근로자 10~299인)","D. 전기,가스,증기및수도사업(35~36)","간접노동비용(계)[천원]","천원","1967.4","2096.4","1791.9","1545.9","1352.4","1494.3","1864.3","1624.2","1399.2","1377.2","1337",
"중소규모(상용근로자 10~299인)","D. 전기,가스,증기및수도사업(35~36)","퇴직급여 등의 비용[천원]","천원","919","1185.7","809.3","703.7","528.2","689.7","1076.6","864","633.4","691.7","604.3",
"중소규모(상용근로자 10~299인)","D. 전기,가스,증기및수도사업(35~36)","현물지급비용[천원]","천원","","","","-","-","-","2.4",".8","6","5","1.1",
"중소규모(상용근로자 10~299인)","D. 전기,가스,증기및수도사업(35~36)","법정노동비용[천원]","천원","492.4","456.7","488.2","399.4","427","434.1","396.2","399.5","360.2","323.5","335.8",
"중소규모(상용근로자 10~299인)","D. 전기,가스,증기및수도사업(35~36)","법정외 복지비용[천원]","천원","456.9","406.6","388.5","399.8","323.8","330.2","327.1","310.9","340","296.3","333.6",
"중소규모(상용근로자 10~299인)","D. 전기,가스,증기및수도사업(35~36)","채용관련비용(모집비)[천원]","천원","5.4","4.3","6.6","3.9","4.8","3.9","3.2","2.8",".9","1.1","2",
"중소규모(상용근로자 10~299인)","D. 전기,가스,증기및수도사업(35~36)","교육훈련비용[천원]","천원","93.8","43.2","99.3","39.1","68.7","36.4","53.2","43.5","48.7","51.7","46.3",
"중소규모(상용근로자 10~299인)","D. 전기,가스,증기및수도사업(35~36)","기타노동비용[천원]","천원","","","","-","-","-","5.6","2.8","10","7.8","13.8",
"중소규모(상용근로자 10~299인)","E. 하수·폐기물처리,원료재생및환경복원업(37~39)","노동비용총액[천원]","천원","4427.2","4285.4","4017.6","3764.9","3617.2","3524.3","3378.7","3197.1","2986.8","2860.3","2882.5",
"중소규모(상용근로자 10~299인)","E. 하수·폐기물처리,원료재생및환경복원업(37~39)","직접노동비용(계)[천원]","천원","3587.4","3560.6","3323","3069","2981.9","2895.2","2709.9","2586.6","2437.2","2321","2336.1",
"중소규모(상용근로자 10~299인)","E. 하수·폐기물처리,원료재생및환경복원업(37~39)","정액 및 초과급여[천원]","천원","3163.6","3137.9","2960.6","2751.5","2660.1","2563.1","2411.4","2315.3","2116.6","1997.2","2023.4",
"중소규모(상용근로자 10~299인)","E. 하수·폐기물처리,원료재생및환경복원업(37~39)","상여금 및 성과금[천원]","천원","423.8","422.6","362.3","317.5","321.8","332.1","298.5","271.3","320.6","323.8","312.6",
"중소규모(상용근로자 10~299인)","E. 하수·폐기물처리,원료재생및환경복원업(37~39)","간접노동비용(계)[천원]","천원","839.8","724.8","694.7","695.9","635.2","629.1","668.8","610.5","549.6","539.2","546.5",
"중소규모(상용근로자 10~299인)","E. 하수·폐기물처리,원료재생및환경복원업(37~39)","퇴직급여 등의 비용[천원]","천원","362.6","264.1","246.9","275.8","213.5","209.7","272.3","214.8","187.9","177.7","162.3",
"중소규모(상용근로자 10~299인)","E. 하수·폐기물처리,원료재생및환경복원업(37~39)","현물지급비용[천원]","천원","","","","-","-","-","4.4","1.9","1.4","1.1","1.6",
"중소규모(상용근로자 10~299인)","E. 하수·폐기물처리,원료재생및환경복원업(37~39)","법정노동비용[천원]","천원","308.6","291.8","287","284.6","282.5","276.9","249.8","237.9","231.7","229","237.5",
"중소규모(상용근로자 10~299인)","E. 하수·폐기물처리,원료재생및환경복원업(37~39)","법정외 복지비용[천원]","천원","165.7","166.1","157.8","132.7","135.9","139.2","135.8","145.1","115.9","126.3","139.3",
"중소규모(상용근로자 10~299인)","E. 하수·폐기물처리,원료재생및환경복원업(37~39)","채용관련비용(모집비)[천원]","천원",".5",".7",".5",".4",".9",".8","1",".4",".3",".1",".1",
"중소규모(상용근로자 10~299인)","E. 하수·폐기물처리,원료재생및환경복원업(37~39)","교육훈련비용[천원]","천원","2.5","2.1","2.4","2.4","2.3","2.6","3.7","5.1","9.3","2.8","4.1",
"중소규모(상용근로자 10~299인)","E. 하수·폐기물처리,원료재생및환경복원업(37~39)","기타노동비용[천원]","천원","","","","-","-","-","1.8","5.3","3","2.3","1.6",
"중소규모(상용근로자 10~299인)","F. 건설업(41~42)","노동비용총액[천원]","천원","4361","4135.5","3980.9","3960.5","3647.7","3589.2","3425.6","3317.8","3107.7","3008.1","3004.3",
"중소규모(상용근로자 10~299인)","F. 건설업(41~42)","직접노동비용(계)[천원]","천원","3558.7","3444.9","3330.5","3167.3","2966.5","2899.2","2722.1","2619.9","2463.9","2363.7","2398.4",
"중소규모(상용근로자 10~299인)","F. 건설업(41~42)","정액 및 초과급여[천원]","천원","3297.9","3198.1","3063.6","2915.2","2745.9","2663.2","2525.3","2418.4","2248.5","2145","2158.8",
"중소규모(상용근로자 10~299인)","F. 건설업(41~42)","상여금 및 성과금[천원]","천원","260.8","246.8","266.9","252","220.6","236","196.8","201.4","215.4","218.7","239.6",
"중소규모(상용근로자 10~299인)","F. 건설업(41~42)","간접노동비용(계)[천원]","천원","802.2","690.6","650.4","793.2","681.2","690","703.5","697.9","643.8","644.3","605.9",
"중소규모(상용근로자 10~299인)","F. 건설업(41~42)","퇴직급여 등의 비용[천원]","천원","296.3","238.2","223.4","329.4","237.6","229.8","229.7","223","227.5","215.1","188",
"중소규모(상용근로자 10~299인)","F. 건설업(41~42)","현물지급비용[천원]","천원","","","","-","-","-","3.8","1.7","2","1.8","3.7",
"중소규모(상용근로자 10~299인)","F. 건설업(41~42)","법정노동비용[천원]","천원","370.9","343.5","325.3","325.6","314.4","296.5","277.1","293.3","265","259","260.9",
"중소규모(상용근로자 10~299인)","F. 건설업(41~42)","법정외 복지비용[천원]","천원","126.3","101.4","96.3","130.9","123.5","154","186.2","174.6","141.8","160.6","146",
"중소규모(상용근로자 10~299인)","F. 건설업(41~42)","채용관련비용(모집비)[천원]","천원","1.8","1.3","1.4",".9",".9","1.5",".4",".4",".8",".6",".6",
"중소규모(상용근로자 10~299인)","F. 건설업(41~42)","교육훈련비용[천원]","천원","7","6.3","4","6.4","4.8","8.1","5","3.9","5.2","6.1","5.6",
"중소규모(상용근로자 10~299인)","F. 건설업(41~42)","기타노동비용[천원]","천원","","","","-","-","-","1.1","1.2","1.6","1","1",
"중소규모(상용근로자 10~299인)","G. 도매및소매업(45~47)","노동비용총액[천원]","천원","4852","4644.6","4526.2","4409.8","4233.9","3954","3934.1","3709.8","3415.2","3259.4","3240.1",
"중소규모(상용근로자 10~299인)","G. 도매및소매업(45~47)","직접노동비용(계)[천원]","천원","4108.7","3963.6","3867.7","3601.3","3488.2","3251.3","3169.2","3021.8","2822.6","2667.2","2681.4",
"중소규모(상용근로자 10~299인)","G. 도매및소매업(45~47)","정액 및 초과급여[천원]","천원","3711.5","3536.6","3443.2","3245.2","3099.2","2926.9","2788.1","2671.5","2442.6","2310","2348.7",
"중소규모(상용근로자 10~299인)","G. 도매및소매업(45~47)","상여금 및 성과금[천원]","천원","397.2","427","424.5","356.1","389","324.5","381.1","350.3","380","357.2","332.8",
"중소규모(상용근로자 10~299인)","G. 도매및소매업(45~47)","간접노동비용(계)[천원]","천원","743.3","681","658.5","808.5","745.7","702.7","764.9","688","592.6","592.2","558.7",
"중소규모(상용근로자 10~299인)","G. 도매및소매업(45~47)","퇴직급여 등의 비용[천원]","천원","312.7","270.9","270.6","379.5","323","288.6","346.3","284.9","236.8","227.9","213.4",
"중소규모(상용근로자 10~299인)","G. 도매및소매업(45~47)","현물지급비용[천원]","천원","","","","-","-","-","3.7","3.1","4.2","4","2",
"중소규모(상용근로자 10~299인)","G. 도매및소매업(45~47)","법정노동비용[천원]","천원","301.8","280.1","282.5","275","273.5","260.7","250.6","236.9","215.2","204.6","199.6",
"중소규모(상용근로자 10~299인)","G. 도매및소매업(45~47)","법정외 복지비용[천원]","천원","117","118","96","131.3","128.2","128.5","150.4","150.7","123.7","142.8","132.2",
"중소규모(상용근로자 10~299인)","G. 도매및소매업(45~47)","채용관련비용(모집비)[천원]","천원","5.2","3.8","6.2","6.6","4.8","4.5","4.7","3.3","3.8","2.1","2",
"중소규모(상용근로자 10~299인)","G. 도매및소매업(45~47)","교육훈련비용[천원]","천원","6.7","8.1","3.2","16.1","16.1","20.3","7.6","8.7","8.3","9.7","8.7",
"중소규모(상용근로자 10~299인)","G. 도매및소매업(45~47)","기타노동비용[천원]","천원","","","","-","-","-","1.5",".4",".6","1.1",".8",
"중소규모(상용근로자 10~299인)","H. 운수업(49~52)","노동비용총액[천원]","천원","3304.8","3161.6","3046.5","2758.2","2678","2692.6","2762","2576","2293.8","2203.1","2186.1",
"중소규모(상용근로자 10~299인)","H. 운수업(49~52)","직접노동비용(계)[천원]","천원","2733.7","2608.5","2496.2","2269","2204.2","2200","2193","2038.3","1872","1760.1","1745.2",
"중소규모(상용근로자 10~299인)","H. 운수업(49~52)","정액 및 초과급여[천원]","천원","2447","2327.7","2227.3","2028.6","1945.1","1913.9","1878.4","1738.4","1604.4","1510.5","1479.4",
"중소규모(상용근로자 10~299인)","H. 운수업(49~52)","상여금 및 성과금[천원]","천원","286.7","280.8","268.9","240.4","259.1","286.1","314.6","299.9","267.7","249.6","265.8",
"중소규모(상용근로자 10~299인)","H. 운수업(49~52)","간접노동비용(계)[천원]","천원","571.1","553.1","550.3","489.1","473.8","492.7","569","537.7","421.8","443","440.9",
"중소규모(상용근로자 10~299인)","H. 운수업(49~52)","퇴직급여 등의 비용[천원]","천원","226.4","246","238.8","204.1","187.7","206.1","270.8","268.2","175.3","190.3","187.8",
"중소규모(상용근로자 10~299인)","H. 운수업(49~52)","현물지급비용[천원]","천원","","","","-","-","-","1.8","2.5","1","1","1.6",
"중소규모(상용근로자 10~299인)","H. 운수업(49~52)","법정노동비용[천원]","천원","228.5","212.1","212.6","193.1","194.6","186.6","186.2","171.3","153.8","152.8","150.9",
"중소규모(상용근로자 10~299인)","H. 운수업(49~52)","법정외 복지비용[천원]","천원","111.4","89.8","93.9","87.2","86.8","92.9","104.5","91.9","87.1","94.7","96.1",
"중소규모(상용근로자 10~299인)","H. 운수업(49~52)","채용관련비용(모집비)[천원]","천원","1.1","1.3","1.1","1.1","1","1.4",".5",".4",".6",".5",".6",
"중소규모(상용근로자 10~299인)","H. 운수업(49~52)","교육훈련비용[천원]","천원","3.7","3.8","3.8","3.6","3.7","5.7","2.8","2.6","3.1","2.6","3.1",
"중소규모(상용근로자 10~299인)","H. 운수업(49~52)","기타노동비용[천원]","천원","","","","-","-","-","2.3",".8",".9","1.1",".7",
"중소규모(상용근로자 10~299인)","I. 숙박및음식점업(55~56)","노동비용총액[천원]","천원","3343.3","3177.2","3133.6","2807.9","2706.7","2720.4","2491.4","2329.8","2406.9","2388.5","2516.4",
"중소규모(상용근로자 10~299인)","I. 숙박및음식점업(55~56)","직접노동비용(계)[천원]","천원","2760.5","2672.9","2568.5","2285.2","2181.3","2202.7","2033.6","1898.2","1983.1","1963.7","2062.9",
"중소규모(상용근로자 10~299인)","I. 숙박및음식점업(55~56)","정액 및 초과급여[천원]","천원","2676.2","2549.3","2379","2120.3","1990.6","1995.4","1890.4","1767.2","1827.5","1800.7","1919.8",
"중소규모(상용근로자 10~299인)","I. 숙박및음식점업(55~56)","상여금 및 성과금[천원]","천원","84.2","123.7","189.4","164.9","190.7","207.3","143.2","131","155.6","162.9","143.2",
"중소규모(상용근로자 10~299인)","I. 숙박및음식점업(55~56)","간접노동비용(계)[천원]","천원","582.8","504.2","565.1","522.8","525.4","517.7","457.8","431.6","423.8","424.8","453.5",
"중소규모(상용근로자 10~299인)","I. 숙박및음식점업(55~56)","퇴직급여 등의 비용[천원]","천원","221.6","185.1","224","215.3","218.6","210.6","186","168.9","156.6","163.8","182.4",
"중소규모(상용근로자 10~299인)","I. 숙박및음식점업(55~56)","현물지급비용[천원]","천원","","","","-","-","-","2.5","1.9","1.1","1.3","1",
"중소규모(상용근로자 10~299인)","I. 숙박및음식점업(55~56)","법정노동비용[천원]","천원","226.5","209.9","205.7","205.6","197.4","196.6","169.3","156","161.3","162.2","155",
"중소규모(상용근로자 10~299인)","I. 숙박및음식점업(55~56)","법정외 복지비용[천원]","천원","127.3","100.5","125.8","96.7","104.3","105.1","92","97.4","94.7","89.2","106.4",
"중소규모(상용근로자 10~299인)","I. 숙박및음식점업(55~56)","채용관련비용(모집비)[천원]","천원","2.6","3.5","3.7","1.9","2.4","2.1","1.6","1.9","1.6","1.2","1.4",
"중소규모(상용근로자 10~299인)","I. 숙박및음식점업(55~56)","교육훈련비용[천원]","천원","4.9","5.1","5.9","3.2","2.7","3.4","4.8","4.3","5.8","4.6","3.8",
"중소규모(상용근로자 10~299인)","I. 숙박및음식점업(55~56)","기타노동비용[천원]","천원","","","","-","-","-","1.6","1.1","2.7","2.6","3.4",
"중소규모(상용근로자 10~299인)","J. 출판,영상,방송통신및정보서비스업(58~63)","노동비용총액[천원]","천원","4649.1","4394.7","4290.9","4135.3","3953.9","4106.4","3924.3","3787.9","3453.3","3246.8","3219.4",
"중소규모(상용근로자 10~299인)","J. 출판,영상,방송통신및정보서비스업(58~63)","직접노동비용(계)[천원]","천원","3895.3","3715.9","3648.2","3440.1","3322.8","3367.5","3245.9","3103.9","2879.9","2715.7","2690.8",
"중소규모(상용근로자 10~299인)","J. 출판,영상,방송통신및정보서비스업(58~63)","정액 및 초과급여[천원]","천원","3603.2","3425.3","3324.6","3175.5","3049.2","3067.1","2944.5","2788.3","2636.3","2465.2","2435.5",
"중소규모(상용근로자 10~299인)","J. 출판,영상,방송통신및정보서비스업(58~63)","상여금 및 성과금[천원]","천원","292.2","290.6","323.6","264.6","273.6","300.3","301.4","315.6","243.6","250.6","255.3",
"중소규모(상용근로자 10~299인)","J. 출판,영상,방송통신및정보서비스업(58~63)","간접노동비용(계)[천원]","천원","753.7","678.8","642.6","695.1","631.1","739","678.5","684","573.4","531","528.6",
"중소규모(상용근로자 10~299인)","J. 출판,영상,방송통신및정보서비스업(58~63)","퇴직급여 등의 비용[천원]","천원","317.4","267.8","267.7","299","235.4","323.7","277.1","294.8","228.6","212.6","205.2",
"중소규모(상용근로자 10~299인)","J. 출판,영상,방송통신및정보서비스업(58~63)","현물지급비용[천원]","천원","","","","-","-","-","1.9","4","1.8","2.5","1.3",
"중소규모(상용근로자 10~299인)","J. 출판,영상,방송통신및정보서비스업(58~63)","법정노동비용[천원]","천원","322.2","300.2","280","282.1","275.7","282.7","248.8","228.4","212.1","204","203.4",
"중소규모(상용근로자 10~299인)","J. 출판,영상,방송통신및정보서비스업(58~63)","법정외 복지비용[천원]","천원","101.5","96.1","81.7","98.6","108.1","116.1","134.4","136.9","108.3","100.7","104",
"중소규모(상용근로자 10~299인)","J. 출판,영상,방송통신및정보서비스업(58~63)","채용관련비용(모집비)[천원]","천원","3.2","6.6","3.6","4.5","3.5","6.2","3.3","4","7.5",".8","1.6",
"중소규모(상용근로자 10~299인)","J. 출판,영상,방송통신및정보서비스업(58~63)","교육훈련비용[천원]","천원","9.4","8","9.7","10.9","8.4","10.3","12.3","15.7","13.6","10","12.2",
"중소규모(상용근로자 10~299인)","J. 출판,영상,방송통신및정보서비스업(58~63)","기타노동비용[천원]","천원","","","","-","-","-",".8",".2","1.4",".6",".9",
"중소규모(상용근로자 10~299인)","K. 금융및보험업(64~66)","노동비용총액[천원]","천원","7303.9","7403.5","6418.4","7020.1","6463","6973.2","6920.9","6749.7","7696.8","7689.8","7318.8",
"중소규모(상용근로자 10~299인)","K. 금융및보험업(64~66)","직접노동비용(계)[천원]","천원","6100.9","6144.7","5502.9","5795.9","5196","5771.2","5665.2","5536.8","6487.8","6329.2","5869.4",
"중소규모(상용근로자 10~299인)","K. 금융및보험업(64~66)","정액 및 초과급여[천원]","천원","4757.7","5003","4311.9","4476.2","3848.7","4548.2","4415.8","4165.5","4712.3","4534.7","4522.9",
"중소규모(상용근로자 10~299인)","K. 금융및보험업(64~66)","상여금 및 성과금[천원]","천원","1343.2","1141.7","1191.1","1319.7","1347.3","1223","1249.4","1371.3","1775.5","1794.5","1346.4",
"중소규모(상용근로자 10~299인)","K. 금융및보험업(64~66)","간접노동비용(계)[천원]","천원","1203","1258.7","915.5","1224.2","1267.1","1202","1255.6","1213","1209","1360.6","1449.5",
"중소규모(상용근로자 10~299인)","K. 금융및보험업(64~66)","퇴직급여 등의 비용[천원]","천원","500.6","586.1","431.6","567","636.4","559.2","615.7","553.6","594","617","687",
"중소규모(상용근로자 10~299인)","K. 금융및보험업(64~66)","현물지급비용[천원]","천원","","","","-","-","-","3.5","4.8","3.1","2.6","6.8",
"중소규모(상용근로자 10~299인)","K. 금융및보험업(64~66)","법정노동비용[천원]","천원","424.8","408.3","320.3","376","361.6","387.8","357.9","351","371.1","362.5","339.1",
"중소규모(상용근로자 10~299인)","K. 금융및보험업(64~66)","법정외 복지비용[천원]","천원","235.6","224.4","139.4","250.4","229.6","206.7","227.9","247.7","194.2","311.3","323.6",
"중소규모(상용근로자 10~299인)","K. 금융및보험업(64~66)","채용관련비용(모집비)[천원]","천원","8.8","9.6","6.3","7.4","10.1","6.1","6.8","7.3","7.7","8.9","17",
"중소규모(상용근로자 10~299인)","K. 금융및보험업(64~66)","교육훈련비용[천원]","천원","33.2","30.4","17.8","23.4","29.3","42.2","35.8","44.8","36.1","56.2","71.3",
"중소규모(상용근로자 10~299인)","K. 금융및보험업(64~66)","기타노동비용[천원]","천원","","","","-","-","-","8.1","3.8","2.8","2.1","4.6",
"중소규모(상용근로자 10~299인)","L. 부동산업및임대업(68~69)","노동비용총액[천원]","천원","4401.5","3958.9","3465.7","3303.1","3081.8","3226.1","3142","3086.9","3004.6","2732.4","2816.2",
"중소규모(상용근로자 10~299인)","L. 부동산업및임대업(68~69)","직접노동비용(계)[천원]","천원","3593.4","3319.1","2912.7","2811.7","2577.9","2670.9","2588.4","2489.5","2433.7","2233.4","2308.3",
"중소규모(상용근로자 10~299인)","L. 부동산업및임대업(68~69)","정액 및 초과급여[천원]","천원","3000.3","2825.2","2672.4","2598.3","2390.6","2465.4","2338.6","2240.9","2159.5","1997.1","2034.5",
"중소규모(상용근로자 10~299인)","L. 부동산업및임대업(68~69)","상여금 및 성과금[천원]","천원","593.2","493.9","240.3","213.4","187.2","205.5","249.8","248.6","274.3","236.3","273.8",
"중소규모(상용근로자 10~299인)","L. 부동산업및임대업(68~69)","간접노동비용(계)[천원]","천원","808.1","639.8","553","491.4","503.9","555.2","553.6","597.4","570.9","499","507.9",
"중소규모(상용근로자 10~299인)","L. 부동산업및임대업(68~69)","퇴직급여 등의 비용[천원]","천원","378.6","299","229.2","206.5","220.8","255.9","256.5","317.2","283.5","242.8","229.2",
"중소규모(상용근로자 10~299인)","L. 부동산업및임대업(68~69)","현물지급비용[천원]","천원","","","","-","-","-","3.4","2.1","2","1.3","1.6",
"중소규모(상용근로자 10~299인)","L. 부동산업및임대업(68~69)","법정노동비용[천원]","천원","293.2","236.2","234.3","203.3","205.5","202.8","199.6","188.8","185.4","156.7","172.4",
"중소규모(상용근로자 10~299인)","L. 부동산업및임대업(68~69)","법정외 복지비용[천원]","천원","109.4","87.3","78.6","75.2","70.6","88","85.9","78.8","91.6","90.3","96.2",
"중소규모(상용근로자 10~299인)","L. 부동산업및임대업(68~69)","채용관련비용(모집비)[천원]","천원","12.2","6.5","2.7",".8","1.4","1.5",".6",".9",".6",".6",".6",
"중소규모(상용근로자 10~299인)","L. 부동산업및임대업(68~69)","교육훈련비용[천원]","천원","14.7","10.8","8.2","5.5","5.6","6.9","5.9","9.1","7.1","6.3","7.4",
"중소규모(상용근로자 10~299인)","L. 부동산업및임대업(68~69)","기타노동비용[천원]","천원","","","","-","-","-","1.6",".6",".7","1",".5",
"중소규모(상용근로자 10~299인)","M. 전문,과학및기술서비스업(70~73)","노동비용총액[천원]","천원","4417.9","4238.7","4362.5","4456.8","4100.2","4284.9","4228.3","3885","3615.1","3246","3185.5",
"중소규모(상용근로자 10~299인)","M. 전문,과학및기술서비스업(70~73)","직접노동비용(계)[천원]","천원","3744.6","3615.6","3714.2","3692.5","3440.4","3556","3511.6","3192.7","2937.3","2691.1","2635.9",
"중소규모(상용근로자 10~299인)","M. 전문,과학및기술서비스업(70~73)","정액 및 초과급여[천원]","천원","3475","3349.3","3355.1","3338.7","3095.5","3146.8","3036.5","2758.9","2441.1","2432.8","2383.5",
"중소규모(상용근로자 10~299인)","M. 전문,과학및기술서비스업(70~73)","상여금 및 성과금[천원]","천원","269.6","266.3","359","353.8","345","409.3","475.1","433.8","496.2","258.4","252.3",
"중소규모(상용근로자 10~299인)","M. 전문,과학및기술서비스업(70~73)","간접노동비용(계)[천원]","천원","673.3","623.1","648.3","764.3","659.7","728.9","716.8","692.3","677.8","554.8","549.6",
"중소규모(상용근로자 10~299인)","M. 전문,과학및기술서비스업(70~73)","퇴직급여 등의 비용[천원]","천원","270.3","248.4","274.4","369.3","268.7","319.5","289.6","304.3","333.8","229.6","217",
"중소규모(상용근로자 10~299인)","M. 전문,과학및기술서비스업(70~73)","현물지급비용[천원]","천원","","","","-","-","-","1.7","3",".8",".7","2.2",
"중소규모(상용근로자 10~299인)","M. 전문,과학및기술서비스업(70~73)","법정노동비용[천원]","천원","288.4","267.1","262.4","279","268.5","270.6","258.8","242.3","226.5","205.2","199.8",
"중소규모(상용근로자 10~299인)","M. 전문,과학및기술서비스업(70~73)","법정외 복지비용[천원]","천원","96.2","91.6","99.5","100","105.1","118.3","139.5","122.6","98.9","101.9","113.5",
"중소규모(상용근로자 10~299인)","M. 전문,과학및기술서비스업(70~73)","채용관련비용(모집비)[천원]","천원","5.4","4.3","3.8","3.9","4.3","4.9","6.1","6","2.6",".8","1.1",
"중소규모(상용근로자 10~299인)","M. 전문,과학및기술서비스업(70~73)","교육훈련비용[천원]","천원","13","11.6","8.2","12.1","13.1","15.6","18.4","13.1","14.8","14","14.8",
"중소규모(상용근로자 10~299인)","M. 전문,과학및기술서비스업(70~73)","기타노동비용[천원]","천원","","","","-","-","-","2.6","1",".4","2.6","1.2",
"중소규모(상용근로자 10~299인)","N. 사업시설관리및사업지원서비스업(74~75)","노동비용총액[천원]","천원","2507.2","2316.3","2461.8","2266.3","2186.5","2175","2243.8","2076.5","1972.9","1805.3","1709",
"중소규모(상용근로자 10~299인)","N. 사업시설관리및사업지원서비스업(74~75)","직접노동비용(계)[천원]","천원","2116.2","1981.4","2085.5","1907.2","1830.6","1834.1","1869.8","1726.2","1664.4","1524.8","1447.5",
"중소규모(상용근로자 10~299인)","N. 사업시설관리및사업지원서비스업(74~75)","정액 및 초과급여[천원]","천원","1990.4","1834.7","1879.5","1747.3","1709.3","1690.2","1680.3","1550.9","1516.8","1391.4","1337.6",
"중소규모(상용근로자 10~299인)","N. 사업시설관리및사업지원서비스업(74~75)","상여금 및 성과금[천원]","천원","125.8","146.8","206.1","159.9","121.3","143.9","189.5","175.2","147.6","133.4","109.9",
"중소규모(상용근로자 10~299인)","N. 사업시설관리및사업지원서비스업(74~75)","간접노동비용(계)[천원]","천원","390.9","334.8","376.3","359.2","355.9","340.9","374","350.4","308.5","280.6","261.5",
"중소규모(상용근로자 10~299인)","N. 사업시설관리및사업지원서비스업(74~75)","퇴직급여 등의 비용[천원]","천원","178.7","130.1","163.3","150.2","145.7","127.2","153.1","147.6","116.9","102.7","96.9",
"중소규모(상용근로자 10~299인)","N. 사업시설관리및사업지원서비스업(74~75)","현물지급비용[천원]","천원","","","","-","-","-","2.2","3.4","1.4","2.6","2.3",
"중소규모(상용근로자 10~299인)","N. 사업시설관리및사업지원서비스업(74~75)","법정노동비용[천원]","천원","169.8","162.1","164.1","155.7","157.3","153.3","152.8","139","135.3","123.5","116.4",
"중소규모(상용근로자 10~299인)","N. 사업시설관리및사업지원서비스업(74~75)","법정외 복지비용[천원]","천원","37.8","37.6","45.5","49.9","48.4","55.6","61","54.1","48.6","44.5","38.5",
"중소규모(상용근로자 10~299인)","N. 사업시설관리및사업지원서비스업(74~75)","채용관련비용(모집비)[천원]","천원","2","3","1.7","2.1","2.4","2.2","1.3","1.1","2.1","1.1","1.1",
"중소규모(상용근로자 10~299인)","N. 사업시설관리및사업지원서비스업(74~75)","교육훈련비용[천원]","천원","2.6","2.1","1.6","1.3","2.1","2.6","3.1","4","3.3","4.2","4",
"중소규모(상용근로자 10~299인)","N. 사업시설관리및사업지원서비스업(74~75)","기타노동비용[천원]","천원","","","","-","-","-",".6","1.3",".9","2","2.4",
"중소규모(상용근로자 10~299인)","R. 예술,스포츠및여가관련서비스업(90~91)","노동비용총액[천원]","천원","4648.6","4290.4","3907.3","3535.8","3411.9","3349.6","3412.7","3306.8","3102","2932.7","3051.1",
"중소규모(상용근로자 10~299인)","R. 예술,스포츠및여가관련서비스업(90~91)","직접노동비용(계)[천원]","천원","3668","3424.5","3142.4","2856.9","2731","2687.4","2736.9","2594.7","2514.7","2388.3","2370.6",
"중소규모(상용근로자 10~299인)","R. 예술,스포츠및여가관련서비스업(90~91)","정액 및 초과급여[천원]","천원","3339.9","3093.3","2909.5","2646.8","2509.8","2468.4","2494.7","2360.8","2240.6","2130.6","2123",
"중소규모(상용근로자 10~299인)","R. 예술,스포츠및여가관련서비스업(90~91)","상여금 및 성과금[천원]","천원","328.1","331.3","232.8","210.1","221.1","219","242.2","233.8","274.1","257.8","247.7",
"중소규모(상용근로자 10~299인)","R. 예술,스포츠및여가관련서비스업(90~91)","간접노동비용(계)[천원]","천원","980.6","865.8","764.9","678.8","681","662.1","675.8","712.1","587.3","544.4","680.5",
"중소규모(상용근로자 10~299인)","R. 예술,스포츠및여가관련서비스업(90~91)","퇴직급여 등의 비용[천원]","천원","390.7","313.6","277.1","257.3","271.9","246.4","250","304.7","195.7","144.6","229.2",
"중소규모(상용근로자 10~299인)","R. 예술,스포츠및여가관련서비스업(90~91)","현물지급비용[천원]","천원","","","","-","-","-","4.2","3.4","3.2","4","9.5",
"중소규모(상용근로자 10~299인)","R. 예술,스포츠및여가관련서비스업(90~91)","법정노동비용[천원]","천원","309.2","284.8","264.4","236.4","235.3","232.8","220.4","208","206.5","194.7","192.9",
"중소규모(상용근로자 10~299인)","R. 예술,스포츠및여가관련서비스업(90~91)","법정외 복지비용[천원]","천원","267","258.3","215.8","179","169.1","178","186.8","183.2","157.8","183.9","219.3",
"중소규모(상용근로자 10~299인)","R. 예술,스포츠및여가관련서비스업(90~91)","채용관련비용(모집비)[천원]","천원","1.3","3.2","1.3","1.1","1.1","1.3",".9","1.5","2","1.1","1.9",
"중소규모(상용근로자 10~299인)","R. 예술,스포츠및여가관련서비스업(90~91)","교육훈련비용[천원]","천원","12.5","5.9","6.3","4.9","3.6","3.6","8.9","5.7","20","9.9","9.6",
"중소규모(상용근로자 10~299인)","R. 예술,스포츠및여가관련서비스업(90~91)","기타노동비용[천원]","천원","","","","-","-","-","4.6","5.7","2","6.3","18.1",
"중소규모(상용근로자 10~299인)","S. 협회및단체,수리및기타개인서비스업(94~96)","노동비용총액[천원]","천원","4021.8","3702.9","3616.9","3392.4","3192.8","3204.6","3000.3","2948.6","2558.5","2531.3","2490.5",
"중소규모(상용근로자 10~299인)","S. 협회및단체,수리및기타개인서비스업(94~96)","직접노동비용(계)[천원]","천원","3360.2","3090.2","3003.4","2800.4","2675.3","2648.9","2461.2","2398.4","2089.2","2060.3","2016.3",
"중소규모(상용근로자 10~299인)","S. 협회및단체,수리및기타개인서비스업(94~96)","정액 및 초과급여[천원]","천원","3151.8","2935.1","2782.9","2541.7","2447.1","2412.4","2240.3","2164.8","1947.9","1911.3","1876.4",
"중소규모(상용근로자 10~299인)","S. 협회및단체,수리및기타개인서비스업(94~96)","상여금 및 성과금[천원]","천원","208.4","155.1","220.6","258.7","228.2","236.5","221","233.6","141.2","149","139.9",
"중소규모(상용근로자 10~299인)","S. 협회및단체,수리및기타개인서비스업(94~96)","간접노동비용(계)[천원]","천원","661.6","612.7","613.4","592","517.4","555.7","539.1","550.2","469.3","471","474.2",
"중소규모(상용근로자 10~299인)","S. 협회및단체,수리및기타개인서비스업(94~96)","퇴직급여 등의 비용[천원]","천원","272.2","230.1","242","231.1","172","174.5","191.5","205.2","158.6","167.1","175.8",
"중소규모(상용근로자 10~299인)","S. 협회및단체,수리및기타개인서비스업(94~96)","현물지급비용[천원]","천원","","","","-","-","-","3","2.5",".7",".4",".6",
"중소규모(상용근로자 10~299인)","S. 협회및단체,수리및기타개인서비스업(94~96)","법정노동비용[천원]","천원","280.4","265.1","269.8","242.2","234.4","224.6","210.5","205.7","190.8","183.4","180.7",
"중소규모(상용근로자 10~299인)","S. 협회및단체,수리및기타개인서비스업(94~96)","법정외 복지비용[천원]","천원","103.2","111.5","97.2","112.3","105.2","118.4","124.8","125.7","110.9","112.2","113.1",
"중소규모(상용근로자 10~299인)","S. 협회및단체,수리및기타개인서비스업(94~96)","채용관련비용(모집비)[천원]","천원","1.5","2.1","1.2","1.9","1.9","1.1","1.7","1.1","1",".1",".5",
"중소규모(상용근로자 10~299인)","S. 협회및단체,수리및기타개인서비스업(94~96)","교육훈련비용[천원]","천원","4.3","3.9","3.2","4.6","4","37.1","5.2","9.5","6.3","7.1","2.6",
"중소규모(상용근로자 10~299인)","S. 협회및단체,수리및기타개인서비스업(94~96)","기타노동비용[천원]","천원","","","","-","-","-","2.3",".6","1",".6",".9",
"대규모(상용근로자 300인 이상)","전체","노동비용총액[천원]","천원","6316.3","6222","6251.4","5993","5907.1","5706.8","5640.1","5563.1","5168.7","4939.6","4934.8",
"대규모(상용근로자 300인 이상)","전체","직접노동비용(계)[천원]","천원","4916.7","4775.4","4819","4660.4","4479.2","4395.3","4266.2","4156","4001.1","3775.6","3783.1",
"대규모(상용근로자 300인 이상)","전체","정액 및 초과급여[천원]","천원","3649.8","3513.6","3538.9","3434.7","3309.9","3152.9","3065.9","2957.1","2818.9","2663.4","2662.9",
"대규모(상용근로자 300인 이상)","전체","상여금 및 성과금[천원]","천원","1266.9","1261.8","1280.1","1225.7","1169.3","1242.5","1200.3","1198.8","1182.2","1112.3","1120.2",
"대규모(상용근로자 300인 이상)","전체","간접노동비용(계)[천원]","천원","1399.6","1446.6","1432.5","1332.6","1427.9","1311.5","1373.8","1407.1","1167.6","1164","1151.7",
"대규모(상용근로자 300인 이상)","전체","퇴직급여 등의 비용[천원]","천원","591","665","669.9","591.5","699","592.9","684","730.1","551.5","536.5","508.6",
"대규모(상용근로자 300인 이상)","전체","현물지급비용[천원]","천원","","","","-","-","-","5.9","6","3.6","4.7","4.7",
"대규모(상용근로자 300인 이상)","전체","법정노동비용[천원]","천원","437.5","418.7","410.6","392.6","384.2","377.5","364.5","345.9","332.5","323.5","321.5",
"대규모(상용근로자 300인 이상)","전체","법정외 복지비용[천원]","천원","319.8","310.1","301.2","296.3","290.6","286.7","250.5","255","217","237.7","244.3",
"대규모(상용근로자 300인 이상)","전체","채용관련비용(모집비)[천원]","천원","8.4","8.7","8.3","7.2","8","7.9","8.1","7.5","8.4","5.9","5.5",
"대규모(상용근로자 300인 이상)","전체","교육훈련비용[천원]","천원","42.9","44.1","42.5","45","46.2","46.5","52","52.7","45.8","44.8","54.3",
"대규모(상용근로자 300인 이상)","전체","기타노동비용[천원]","천원","","","","-","-","-","9","10.1","8.7","10.9","12.8",
"대규모(상용근로자 300인 이상)","B. 광업(05~08)","노동비용총액[천원]","천원","7464.7","7568","7743.1","7307.3","6701.5","6715.5","7304.2","6550.9","4690.2","5351.7","-",
"대규모(상용근로자 300인 이상)","B. 광업(05~08)","직접노동비용(계)[천원]","천원","5687.3","5147.3","5147.3","4802.8","4486.4","4431","4376.3","4141.3","3407.1","3782.4","-",
"대규모(상용근로자 300인 이상)","B. 광업(05~08)","정액 및 초과급여[천원]","천원","3672.9","3290.3","3290.3","3273.4","3103.5","3033.2","2933.2","2648.8","2752.2","2604.5","-",
"대규모(상용근로자 300인 이상)","B. 광업(05~08)","상여금 및 성과금[천원]","천원","2014.4","1857","1857","1529.3","1382.9","1397.8","1443.1","1492.5","654.9","1177.9","-",
"대규모(상용근로자 300인 이상)","B. 광업(05~08)","간접노동비용(계)[천원]","천원","1777.3","2420.7","2595.8","2504.6","2215.2","2284.5","2927.9","2409.6","1283.1","1569.3","-",
"대규모(상용근로자 300인 이상)","B. 광업(05~08)","퇴직급여 등의 비용[천원]","천원","973.1","990.5","990.5","937.2","794.2","864.3","975.6","638.9","222.3","687.1","-",
"대규모(상용근로자 300인 이상)","B. 광업(05~08)","현물지급비용[천원]","천원","","","","-","-","-","8.4","4.2","4","0","-",
"대규모(상용근로자 300인 이상)","B. 광업(05~08)","법정노동비용[천원]","천원","669.9","1252.6","1427.6","1451.7","1231","1242.3","1768.2","1479.5","976.4","520","-",
"대규모(상용근로자 300인 이상)","B. 광업(05~08)","법정외 복지비용[천원]","천원","133.6","175.8","175.8","112.3","184.2","173.2","172.1","282.9","76.2","350.4","-",
"대규모(상용근로자 300인 이상)","B. 광업(05~08)","채용관련비용(모집비)[천원]","천원",".3",".4",".4",".3","1.1","0","0",".8","0","0","-",
"대규모(상용근로자 300인 이상)","B. 광업(05~08)","교육훈련비용[천원]","천원",".4","1.5","1.5","3.1","4.7","4.7","2.3","2","2.3","6.2","-",
"대규모(상용근로자 300인 이상)","B. 광업(05~08)","기타노동비용[천원]","천원","","","","-","-","-","1.3","1.3","1.8","5.5","-",
"대규모(상용근로자 300인 이상)","C. 제조업(10~33)","노동비용총액[천원]","천원","8224.6","7864.3","7867.5","7350.4","7345.8","7082.9","6936.2","6702.1","6034.1","5698.4","5530.8",
"대규모(상용근로자 300인 이상)","C. 제조업(10~33)","직접노동비용(계)[천원]","천원","6311.2","5927.1","5887","5610.1","5367.9","5380.3","5129.3","4881.3","4603.4","4295.9","4206.5",
"대규모(상용근로자 300인 이상)","C. 제조업(10~33)","정액 및 초과급여[천원]","천원","4189.5","3957.4","3950.9","3798.1","3594.5","3485","3381.8","3215.2","2986.7","2831.4","2807",
"대규모(상용근로자 300인 이상)","C. 제조업(10~33)","상여금 및 성과금[천원]","천원","2121.7","1969.6","1936.1","1812","1773.4","1895.3","1747.6","1666.2","1616.7","1464.5","1399.4",
"대규모(상용근로자 300인 이상)","C. 제조업(10~33)","간접노동비용(계)[천원]","천원","1913.3","1937.2","1980.5","1740.2","1977.9","1702.7","1806.9","1820.8","1430.7","1402.5","1324.3",
"대규모(상용근로자 300인 이상)","C. 제조업(10~33)","퇴직급여 등의 비용[천원]","천원","802.1","922.6","971.5","797.2","1047.5","803.5","942.9","983.9","685","631.7","573.3",
"대규모(상용근로자 300인 이상)","C. 제조업(10~33)","현물지급비용[천원]","천원","","","","-","-","-","8.4","8.8","5.7","6.7","6",
"대규모(상용근로자 300인 이상)","C. 제조업(10~33)","법정노동비용[천원]","천원","544.4","509.1","503.4","469.8","459.5","448","442.7","402.7","379.1","368.8","359.2",
"대규모(상용근로자 300인 이상)","C. 제조업(10~33)","법정외 복지비용[천원]","천원","504","444.5","442.6","411.9","407.2","388.6","326.1","338","283.1","324.9","307.9",
"대규모(상용근로자 300인 이상)","C. 제조업(10~33)","채용관련비용(모집비)[천원]","천원","11.5","12.5","12.8","8.6","10","10.4","11.2","10.3","12.3","7.6","5.8",
"대규모(상용근로자 300인 이상)","C. 제조업(10~33)","교육훈련비용[천원]","천원","51.4","48.5","50.2","52.7","53.8","52.1","62.9","62.9","53.2","46.8","53.3",
"대규모(상용근로자 300인 이상)","C. 제조업(10~33)","기타노동비용[천원]","천원","","","","-","-","-","12.7","14.3","12.2","16.1","18.8",
"대규모(상용근로자 300인 이상)","D. 전기,가스,증기및수도사업(35~36)","노동비용총액[천원]","천원","8894.4","8811.7","8755.2","8289.2","7898.5","7838.1","7650.3","8025.4","7295.5","6853.1","7008.1",
"대규모(상용근로자 300인 이상)","D. 전기,가스,증기및수도사업(35~36)","직접노동비용(계)[천원]","천원","6957.5","6733.8","7001.4","6662.1","6373.5","6207.2","5861","5819.4","6137.7","5679.3","5722.2",
"대규모(상용근로자 300인 이상)","D. 전기,가스,증기및수도사업(35~36)","정액 및 초과급여[천원]","천원","5256.4","5062.8","5130.3","4985.2","4877.2","4640.8","4327.5","4157.1","4550.6","4263.6","4312.5",
"대규모(상용근로자 300인 이상)","D. 전기,가스,증기및수도사업(35~36)","상여금 및 성과금[천원]","천원","1701.2","1671","1871.1","1676.9","1496.4","1566.4","1533.5","1662.3","1587.1","1415.7","1409.7",
"대규모(상용근로자 300인 이상)","D. 전기,가스,증기및수도사업(35~36)","간접노동비용(계)[천원]","천원","1936.8","2077.9","1753.7","1627.1","1525","1630.9","1789.3","2206","1157.8","1173.8","1285.9",
"대규모(상용근로자 300인 이상)","D. 전기,가스,증기및수도사업(35~36)","퇴직급여 등의 비용[천원]","천원","676.8","777","818.3","665.5","637.9","656.9","919.4","1237.6","369.9","332.1","318.5",
"대규모(상용근로자 300인 이상)","D. 전기,가스,증기및수도사업(35~36)","현물지급비용[천원]","천원","","","","-","-","-",".8",".6",".4","0","1",
"대규모(상용근로자 300인 이상)","D. 전기,가스,증기및수도사업(35~36)","법정노동비용[천원]","천원","568.5","543.6","496.9","499.5","489.7","480.1","429","424.7","401.5","388.5","382.8",
"대규모(상용근로자 300인 이상)","D. 전기,가스,증기및수도사업(35~36)","법정외 복지비용[천원]","천원","525.4","583.1","281","287.5","222.6","278.2","284","365.7","254.3","278.6","393",
"대규모(상용근로자 300인 이상)","D. 전기,가스,증기및수도사업(35~36)","채용관련비용(모집비)[천원]","천원","11.5","12.6","8.9","10.5","10.7","7.7","8.7","5.7","1.5","2.7","2.8",
"대규모(상용근로자 300인 이상)","D. 전기,가스,증기및수도사업(35~36)","교육훈련비용[천원]","천원","154.7","161.6","148.7","164","164.1","208.1","135.9","163.7","124.4","158","180.3",
"대규모(상용근로자 300인 이상)","D. 전기,가스,증기및수도사업(35~36)","기타노동비용[천원]","천원","","","","-","-","-","11.6","8","5.8","13.8","7.5",
"대규모(상용근로자 300인 이상)","E. 하수·폐기물처리,원료재생및환경복원업(37~39)","노동비용총액[천원]","천원","5281.3","4312.4","4119.2","4679.1","4326.4","3824.1","3624.8","3367.8","3457.4","3205.5","3359.5",
"대규모(상용근로자 300인 이상)","E. 하수·폐기물처리,원료재생및환경복원업(37~39)","직접노동비용(계)[천원]","천원","3751.1","3337.3","3403.3","3798.9","3529.5","3041.3","2885.5","2621.8","2685.9","2358.9","2472.3",
"대규모(상용근로자 300인 이상)","E. 하수·폐기물처리,원료재생및환경복원업(37~39)","정액 및 초과급여[천원]","천원","3298.8","3046.7","2976","3097.5","2997.7","2807.9","2623.5","2459.6","2497.6","2216.1","2226.8",
"대규모(상용근로자 300인 이상)","E. 하수·폐기물처리,원료재생및환경복원업(37~39)","상여금 및 성과금[천원]","천원","452.3","290.5","427.2","701.4","531.9","233.4","261.9","162.1","188.3","142.7","245.5",
"대규모(상용근로자 300인 이상)","E. 하수·폐기물처리,원료재생및환경복원업(37~39)","간접노동비용(계)[천원]","천원","1530.3","975.2","715.9","880.2","796.9","782.8","739.3","746","771.5","846.7","887.2",
"대규모(상용근로자 300인 이상)","E. 하수·폐기물처리,원료재생및환경복원업(37~39)","퇴직급여 등의 비용[천원]","천원","829.8","422","245","313.2","257.4","232.2","240","242.4","307.7","258.7","297.2",
"대규모(상용근로자 300인 이상)","E. 하수·폐기물처리,원료재생및환경복원업(37~39)","현물지급비용[천원]","천원","","","","-","-","-","0","0","0","5.5","5.4",
"대규모(상용근로자 300인 이상)","E. 하수·폐기물처리,원료재생및환경복원업(37~39)","법정노동비용[천원]","천원","439","346.7","374.1","319.6","308.1","322.1","292","279.9","285.4","264.1","268.3",
"대규모(상용근로자 300인 이상)","E. 하수·폐기물처리,원료재생및환경복원업(37~39)","법정외 복지비용[천원]","천원","237.4","189.2","75.7","230.6","213.7","215","195.3","217","176.1","296.5","295.1",
"대규모(상용근로자 300인 이상)","E. 하수·폐기물처리,원료재생및환경복원업(37~39)","채용관련비용(모집비)[천원]","천원",".7",".7",".3",".5",".3",".9",".3",".2",".1",".7",".1",
"대규모(상용근로자 300인 이상)","E. 하수·폐기물처리,원료재생및환경복원업(37~39)","교육훈련비용[천원]","천원","23.3","16.5","20.7","16.2","17.4","12.5","11.7","6.5","2.1","11.5","9.4",
"대규모(상용근로자 300인 이상)","E. 하수·폐기물처리,원료재생및환경복원업(37~39)","기타노동비용[천원]","천원","","","","-","-","-","0","0",".2","9.6","11.8",
"대규모(상용근로자 300인 이상)","F. 건설업(41~42)","노동비용총액[천원]","천원","8097.4","8029.8","8076.5","7106.5","7026.1","7151.5","7192.9","7036.1","6306.3","6014.8","6382.2",
"대규모(상용근로자 300인 이상)","F. 건설업(41~42)","직접노동비용(계)[천원]","천원","5969.2","6013.6","6174.5","5567.2","5399.7","5512.1","5584.7","5079.4","4707.8","4491.8","4846.4",
"대규모(상용근로자 300인 이상)","F. 건설업(41~42)","정액 및 초과급여[천원]","천원","5217.6","5190.7","5055.1","4724.2","4455.2","4511.2","4525.6","4127.2","3801.2","3566.6","3644.1",
"대규모(상용근로자 300인 이상)","F. 건설업(41~42)","상여금 및 성과금[천원]","천원","751.6","822.9","1119.4","843","944.6","1000.9","1059.1","952.2","906.6","925.3","1202.2",
"대규모(상용근로자 300인 이상)","F. 건설업(41~42)","간접노동비용(계)[천원]","천원","2128.2","2016.2","1902","1539.2","1626.3","1639.4","1608.2","1956.7","1598.5","1523","1535.9",
"대규모(상용근로자 300인 이상)","F. 건설업(41~42)","퇴직급여 등의 비용[천원]","천원","866.8","863.9","802.2","615.3","695","651.6","648","908.8","567.6","571.5","573.1",
"대규모(상용근로자 300인 이상)","F. 건설업(41~42)","현물지급비용[천원]","천원","","","","-","-","-","8.5","7.9","6.8","6.5","3",
"대규모(상용근로자 300인 이상)","F. 건설업(41~42)","법정노동비용[천원]","천원","916.5","795.9","747.1","621","635.1","670.7","635.3","676.9","693.2","667.8","647.7",
"대규모(상용근로자 300인 이상)","F. 건설업(41~42)","법정외 복지비용[천원]","천원","285.7","297.1","301.8","258.5","252.3","263.5","249.4","286","256","215.1","226.4",
"대규모(상용근로자 300인 이상)","F. 건설업(41~42)","채용관련비용(모집비)[천원]","천원","3.7","3.8","4.5","5","7.1","6.8","8.3","8.4","6.2","4.1","6.1",
"대규모(상용근로자 300인 이상)","F. 건설업(41~42)","교육훈련비용[천원]","천원","55.5","55.5","46.4","39.4","36.8","46.9","56.1","65","60.7","52.7","73.3",
"대규모(상용근로자 300인 이상)","F. 건설업(41~42)","기타노동비용[천원]","천원","","","","-","-","-","2.6","3.7","8","5.4","6.2",
"대규모(상용근로자 300인 이상)","G. 도매및소매업(45~47)","노동비용총액[천원]","천원","5469.1","5004.7","4669.4","4478.6","4732.4","4552.8","4805","4476.2","4598","4321.4","4447",
"대규모(상용근로자 300인 이상)","G. 도매및소매업(45~47)","직접노동비용(계)[천원]","천원","4315.3","3893.1","3751.9","3560.8","3742.5","3514.3","3721.8","3490.9","3638.1","3335.5","3442.5",
"대규모(상용근로자 300인 이상)","G. 도매및소매업(45~47)","정액 및 초과급여[천원]","천원","3442.8","3114.3","3124.4","2953.2","3141.6","2833.5","2981.9","2755.3","2761.8","2495.1","2545.6",
"대규모(상용근로자 300인 이상)","G. 도매및소매업(45~47)","상여금 및 성과금[천원]","천원","872.5","778.8","627.5","607.6","600.8","680.8","739.9","735.6","876.2","840.4","896.9",
"대규모(상용근로자 300인 이상)","G. 도매및소매업(45~47)","간접노동비용(계)[천원]","천원","1153.9","1111.5","917.6","917.7","990","1038.5","1083.3","985.3","959.9","986","1004.5",
"대규모(상용근로자 300인 이상)","G. 도매및소매업(45~47)","퇴직급여 등의 비용[천원]","천원","480.4","451.6","410","370.5","433.7","480.4","506","461.8","463.4","463.7","450.6",
"대규모(상용근로자 300인 이상)","G. 도매및소매업(45~47)","현물지급비용[천원]","천원","","","","-","-","-","5.9","5","2.1","1.3","5.8",
"대규모(상용근로자 300인 이상)","G. 도매및소매업(45~47)","법정노동비용[천원]","천원","376.7","355.6","302.6","303","303.7","306.6","316","281.9","272.8","268.5","278.8",
"대규모(상용근로자 300인 이상)","G. 도매및소매업(45~47)","법정외 복지비용[천원]","천원","250","257.8","173.2","209.9","208.6","199.5","187.7","163.9","164","198.4","201.6",
"대규모(상용근로자 300인 이상)","G. 도매및소매업(45~47)","채용관련비용(모집비)[천원]","천원","7.6","7.6","5.3","7.4","8.6","8.2","11.7","9.1","10.6","4.9","5.3",
"대규모(상용근로자 300인 이상)","G. 도매및소매업(45~47)","교육훈련비용[천원]","천원","39.1","38.9","26.5","27.1","35.4","43.8","49.1","48.9","38.7","46.1","57.6",
"대규모(상용근로자 300인 이상)","G. 도매및소매업(45~47)","기타노동비용[천원]","천원","","","","-","-","-","6.8","14.7","8.3","3.1","4.7",
"대규모(상용근로자 300인 이상)","H. 운수업(49~52)","노동비용총액[천원]","천원","6059","5673.7","5535.7","5578.1","5384.1","5045.2","4855.1","4657.8","4616.9","4299.2","4076.2",
"대규모(상용근로자 300인 이상)","H. 운수업(49~52)","직접노동비용(계)[천원]","천원","4814.4","4450.4","4386.9","4400.3","4223.1","3972.8","3737.7","3535.3","3579.6","3326.1","3119",
"대규모(상용근로자 300인 이상)","H. 운수업(49~52)","정액 및 초과급여[천원]","천원","3742.8","3448.3","3493.1","3424.4","3378","3070.8","2962.4","2780.9","2728.9","2507.2","2316.4",
"대규모(상용근로자 300인 이상)","H. 운수업(49~52)","상여금 및 성과금[천원]","천원","1071.6","1002.1","893.8","975.9","845.1","902","775.2","754.4","850.7","819","802.6",
"대규모(상용근로자 300인 이상)","H. 운수업(49~52)","간접노동비용(계)[천원]","천원","1244.6","1223.3","1148.8","1177.8","1161","1072.4","1117.4","1122.5","1037.4","973.1","957.2",
"대규모(상용근로자 300인 이상)","H. 운수업(49~52)","퇴직급여 등의 비용[천원]","천원","414.1","457.5","408","492.3","489.5","408.4","494.6","543.9","453.9","435.6","429",
"대규모(상용근로자 300인 이상)","H. 운수업(49~52)","현물지급비용[천원]","천원","","","","-","-","-","2.2","1.8","1.2",".3",".6",
"대규모(상용근로자 300인 이상)","H. 운수업(49~52)","법정노동비용[천원]","천원","440.9","415.5","402.3","389.3","361.6","355.5","327","300.9","287.4","275.7","259.8",
"대규모(상용근로자 300인 이상)","H. 운수업(49~52)","법정외 복지비용[천원]","천원","346","299.2","309.1","269.8","285.9","284","263.5","247","258.6","215","213.4",
"대규모(상용근로자 300인 이상)","H. 운수업(49~52)","채용관련비용(모집비)[천원]","천원","4","3.1","2.7","2.7","2.5","2.7","1.6","1.2","2.1","1.8","2",
"대규모(상용근로자 300인 이상)","H. 운수업(49~52)","교육훈련비용[천원]","천원","39.6","48","26.8","23.7","21.5","21.9","24.9","23.7","29.5","40.5","47.4",
"대규모(상용근로자 300인 이상)","H. 운수업(49~52)","기타노동비용[천원]","천원","","","","-","-","-","3.6","3.8","4.7","4.1","4.9",
"대규모(상용근로자 300인 이상)","I. 숙박및음식점업(55~56)","노동비용총액[천원]","천원","3357.4","3175","3163.9","3260.5","3258.5","3102.9","2939.1","3121.3","2885.2","2798.7","2659.2",
"대규모(상용근로자 300인 이상)","I. 숙박및음식점업(55~56)","직접노동비용(계)[천원]","천원","2723.4","2627.7","2520.1","2551.5","2566.7","2350.6","2143.7","2181.3","2177.6","2120.2","2007.1",
"대규모(상용근로자 300인 이상)","I. 숙박및음식점업(55~56)","정액 및 초과급여[천원]","천원","2200.4","2114","2017.6","2026","1961.1","1778","1683.3","1691.3","1733.9","1643.2","1532.3",
"대규모(상용근로자 300인 이상)","I. 숙박및음식점업(55~56)","상여금 및 성과금[천원]","천원","523","513.7","502.6","525.4","605.6","572.6","460.4","490","443.6","477","474.8",
"대규모(상용근로자 300인 이상)","I. 숙박및음식점업(55~56)","간접노동비용(계)[천원]","천원","634","547.3","643.8","709","691.8","752.3","795.4","940.1","707.7","678.5","652.1",
"대규모(상용근로자 300인 이상)","I. 숙박및음식점업(55~56)","퇴직급여 등의 비용[천원]","천원","273.2","222.8","254.8","278.9","279.9","333.8","417.7","553.8","327.2","329","320",
"대규모(상용근로자 300인 이상)","I. 숙박및음식점업(55~56)","현물지급비용[천원]","천원","","","","-","-","-","22.7","16.6","3.9","2.8","1.4",
"대규모(상용근로자 300인 이상)","I. 숙박및음식점업(55~56)","법정노동비용[천원]","천원","226.8","204.4","224.2","235.1","233.3","227.7","187.2","187.7","178.8","176","174.9",
"대규모(상용근로자 300인 이상)","I. 숙박및음식점업(55~56)","법정외 복지비용[천원]","천원","113.8","101","143","170.9","154.7","159.7","139.2","146.7","151.7","135.5","123.6",
"대규모(상용근로자 300인 이상)","I. 숙박및음식점업(55~56)","채용관련비용(모집비)[천원]","천원","5.5","3.2","2.8","3.3","3.8","8.4","3.5","3.6","3.1","3.4","4.5",
"대규모(상용근로자 300인 이상)","I. 숙박및음식점업(55~56)","교육훈련비용[천원]","천원","14.8","15.9","19","20.8","20","22.6","21.9","26.1","37.2","31.1","26.6",
"대규모(상용근로자 300인 이상)","I. 숙박및음식점업(55~56)","기타노동비용[천원]","천원","","","","-","-","-","3","5.5","5.6",".7","1",
"대규모(상용근로자 300인 이상)","J. 출판,영상,방송통신및정보서비스업(58~63)","노동비용총액[천원]","천원","6996.2","6872","6665","6591.3","6392","6352.1","5925.9","5433.1","5189.2","5196.6","5284.8",
"대규모(상용근로자 300인 이상)","J. 출판,영상,방송통신및정보서비스업(58~63)","직접노동비용(계)[천원]","천원","5445","5395.7","5282.9","5255.9","4956.2","4854.5","4590.7","4315.1","4195.2","4125.6","4113.4",
"대규모(상용근로자 300인 이상)","J. 출판,영상,방송통신및정보서비스업(58~63)","정액 및 초과급여[천원]","천원","4375.9","4334.2","4299.6","4322.7","4082.8","3933.6","3586","3378.6","3381.9","3299.6","3320.4",
"대규모(상용근로자 300인 이상)","J. 출판,영상,방송통신및정보서비스업(58~63)","상여금 및 성과금[천원]","천원","1069.1","1061.5","983.3","933.2","873.4","920.9","1004.7","936.5","813.3","826","792.9",
"대규모(상용근로자 300인 이상)","J. 출판,영상,방송통신및정보서비스업(58~63)","간접노동비용(계)[천원]","천원","1551.2","1476.3","1382.1","1335.5","1435.8","1497.6","1335.1","1118","994","1071","1171.4",
"대규모(상용근로자 300인 이상)","J. 출판,영상,방송통신및정보서비스업(58~63)","퇴직급여 등의 비용[천원]","천원","600.4","554.1","529.8","470.2","568","613","579.6","465.5","418.2","445.7","455.7",
"대규모(상용근로자 300인 이상)","J. 출판,영상,방송통신및정보서비스업(58~63)","현물지급비용[천원]","천원","","","","-","-","-",".6","1.2",".3",".3",".9",
"대규모(상용근로자 300인 이상)","J. 출판,영상,방송통신및정보서비스업(58~63)","법정노동비용[천원]","천원","491.1","465.9","436.6","437.7","424","413.7","378.4","334.6","327.7","331.1","325.8",
"대규모(상용근로자 300인 이상)","J. 출판,영상,방송통신및정보서비스업(58~63)","법정외 복지비용[천원]","천원","364.8","352.7","312.5","323.2","325.4","351.7","267.3","223.9","160.8","192.1","246.1",
"대규모(상용근로자 300인 이상)","J. 출판,영상,방송통신및정보서비스업(58~63)","채용관련비용(모집비)[천원]","천원","13.4","12.7","14.3","10.9","13.1","10.4","8.7","8.8","8.6","10","13.8",
"대규모(상용근로자 300인 이상)","J. 출판,영상,방송통신및정보서비스업(58~63)","교육훈련비용[천원]","천원","81.6","90.9","89","93.4","105.4","108.8","79.9","69.9","63.3","72.1","106.2",
"대규모(상용근로자 300인 이상)","J. 출판,영상,방송통신및정보서비스업(58~63)","기타노동비용[천원]","천원","","","","-","-","-","20.7","14","15","19.6","22.8",
"대규모(상용근로자 300인 이상)","K. 금융및보험업(64~66)","노동비용총액[천원]","천원","9032.3","8906.8","8782.5","8106.2","7742.4","7623.4","7678.2","7366.6","7055.8","6660.8","6722.6",
"대규모(상용근로자 300인 이상)","K. 금융및보험업(64~66)","직접노동비용(계)[천원]","천원","6973.1","6579.6","6711","6248.8","5941.2","5826.9","5792.1","5578.3","5452.9","5137.5","5162.1",
"대규모(상용근로자 300인 이상)","K. 금융및보험업(64~66)","정액 및 초과급여[천원]","천원","4647.3","4419.9","4582.6","4389","4303.3","4130.3","4008.7","3784.6","3631.9","3475.1","3429.5",
"대규모(상용근로자 300인 이상)","K. 금융및보험업(64~66)","상여금 및 성과금[천원]","천원","2325.7","2159.8","2128.4","1859.7","1637.9","1696.5","1783.4","1793.7","1821","1662.3","1732.7",
"대규모(상용근로자 300인 이상)","K. 금융및보험업(64~66)","간접노동비용(계)[천원]","천원","2059.2","2327.2","2071.4","1857.4","1801.2","1796.6","1886","1788.3","1602.9","1523.3","1560.5",
"대규모(상용근로자 300인 이상)","K. 금융및보험업(64~66)","퇴직급여 등의 비용[천원]","천원","920","1264.2","1049.6","892.4","887.3","820.3","967.6","943.6","831.9","815.9","788.3",
"대규모(상용근로자 300인 이상)","K. 금융및보험업(64~66)","현물지급비용[천원]","천원","","","","-","-","-","2.6","4.6","1.1","1.4","1.1",
"대규모(상용근로자 300인 이상)","K. 금융및보험업(64~66)","법정노동비용[천원]","천원","580.1","540.9","532.2","472.2","455.2","470.8","416.6","403.7","394.6","386","379.3",
"대규모(상용근로자 300인 이상)","K. 금융및보험업(64~66)","법정외 복지비용[천원]","천원","478.6","446.5","411.6","416.1","382","424.5","385","336.7","287.6","227.5","282.6",
"대규모(상용근로자 300인 이상)","K. 금융및보험업(64~66)","채용관련비용(모집비)[천원]","천원","9","6.7","5.8","6","6.5","7.3","8.4","7.5","5.6","6.9","7.9",
"대규모(상용근로자 300인 이상)","K. 금융및보험업(64~66)","교육훈련비용[천원]","천원","71.6","68.9","72.2","70.7","70.3","73.6","96.2","82.9","73.2","70","86.7",
"대규모(상용근로자 300인 이상)","K. 금융및보험업(64~66)","기타노동비용[천원]","천원","","","","-","-","-","9.6","9.3","8.8","15.8","14.6",
"대규모(상용근로자 300인 이상)","L. 부동산업및임대업(68~69)","노동비용총액[천원]","천원","3291.8","3177.9","3282.8","3212.9","3063.6","2764.7","2752.4","2738.4","3031.2","3164.8","3006.7",
"대규모(상용근로자 300인 이상)","L. 부동산업및임대업(68~69)","직접노동비용(계)[천원]","천원","2660.5","2542.7","2666.9","2624.7","2575.2","2317.7","2334.5","2307.5","2406","2397.7","2310",
"대규모(상용근로자 300인 이상)","L. 부동산업및임대업(68~69)","정액 및 초과급여[천원]","천원","2453.5","2348.6","2242.9","2215","2247.1","1985.2","1988.8","1963","2012.8","2025","1946.4",
"대규모(상용근로자 300인 이상)","L. 부동산업및임대업(68~69)","상여금 및 성과금[천원]","천원","206.9","194.1","423.9","409.7","328.1","332.5","345.7","344.5","393.2","372.7","363.5",
"대규모(상용근로자 300인 이상)","L. 부동산업및임대업(68~69)","간접노동비용(계)[천원]","천원","631.3","635.2","616","588.2","488.4","447","417.9","430.9","625.2","767.1","696.7",
"대규모(상용근로자 300인 이상)","L. 부동산업및임대업(68~69)","퇴직급여 등의 비용[천원]","천원","276.2","301.3","305.6","288.5","183.1","184.3","163.7","174.4","291.4","367.9","353.2",
"대규모(상용근로자 300인 이상)","L. 부동산업및임대업(68~69)","현물지급비용[천원]","천원","","","","-","-","-","2.4","2.6","2.8","2.8","1.4",
"대규모(상용근로자 300인 이상)","L. 부동산업및임대업(68~69)","법정노동비용[천원]","천원","238.2","232.3","212","209.3","203.8","189.3","180.5","179.6","247.3","270.2","248.7",
"대규모(상용근로자 300인 이상)","L. 부동산업및임대업(68~69)","법정외 복지비용[천원]","천원","104.3","92.3","86.4","75.7","88","58.8","59.7","64.3","74.8","113.9","77.3",
"대규모(상용근로자 300인 이상)","L. 부동산업및임대업(68~69)","채용관련비용(모집비)[천원]","천원","1.4","1.4","2.7","1.4","1.2","1.2",".7",".7",".9",".7",".7",
"대규모(상용근로자 300인 이상)","L. 부동산업및임대업(68~69)","교육훈련비용[천원]","천원","11.2","8","9.1","13.3","12.2","13.3","9.8","8.3","6.6","9","13.6",
"대규모(상용근로자 300인 이상)","L. 부동산업및임대업(68~69)","기타노동비용[천원]","천원","","","","-","-","-","1","1","1.3","2.4","1.8",
"대규모(상용근로자 300인 이상)","M. 전문,과학및기술서비스업(70~73)","노동비용총액[천원]","천원","6592.8","6226.9","6033.2","5916.8","6487.3","5355.1","4846","4943.6","5526.9","4392.7","4601.7",
"대규모(상용근로자 300인 이상)","M. 전문,과학및기술서비스업(70~73)","직접노동비용(계)[천원]","천원","5203.6","5064.6","5037.4","4772.5","5209.8","4392.2","3982.1","3921.8","4303.8","3328","3458",
"대규모(상용근로자 300인 이상)","M. 전문,과학및기술서비스업(70~73)","정액 및 초과급여[천원]","천원","4246","4212.8","4114.6","3925.1","4227.3","3759.7","3275.5","3037.1","2691.5","2361.1","2465.9",
"대규모(상용근로자 300인 이상)","M. 전문,과학및기술서비스업(70~73)","상여금 및 성과금[천원]","천원","957.6","851.8","922.7","847.5","982.5","632.4","706.6","884.7","1612.4","967","992.1",
"대규모(상용근로자 300인 이상)","M. 전문,과학및기술서비스업(70~73)","간접노동비용(계)[천원]","천원","1389.3","1162.2","995.8","1144.2","1277.5","962.9","863.9","1021.8","1223.1","1064.7","1143.7",
"대규모(상용근로자 300인 이상)","M. 전문,과학및기술서비스업(70~73)","퇴직급여 등의 비용[천원]","천원","686.2","467.2","360.7","512.1","591.7","366.9","369","511.9","728.2","540.1","566",
"대규모(상용근로자 300인 이상)","M. 전문,과학및기술서비스업(70~73)","현물지급비용[천원]","천원","","","","-","-","-","1","1.8",".9","7.6","11.6",
"대규모(상용근로자 300인 이상)","M. 전문,과학및기술서비스업(70~73)","법정노동비용[천원]","천원","419.4","411.5","382.3","378.7","404.6","360.2","326.8","321.5","306.8","257.7","275",
"대규모(상용근로자 300인 이상)","M. 전문,과학및기술서비스업(70~73)","법정외 복지비용[천원]","천원","225.6","219.1","219.2","183.5","214.2","196.5","145.2","161","147.2","209","218.8",
"대규모(상용근로자 300인 이상)","M. 전문,과학및기술서비스업(70~73)","채용관련비용(모집비)[천원]","천원","9","8.2","3.9","10.9","9.5","4.1","2.4","3.1","7.1","5.1","6",
"대규모(상용근로자 300인 이상)","M. 전문,과학및기술서비스업(70~73)","교육훈련비용[천원]","천원","49","56.2","29.7","59.2","57.5","35.1","18.5","21","29.7","42.6","59.6",
"대규모(상용근로자 300인 이상)","M. 전문,과학및기술서비스업(70~73)","기타노동비용[천원]","천원","","","","-","-","-",".9","1.5","3.1","2.5","6.7",
"대규모(상용근로자 300인 이상)","N. 사업시설관리및사업지원서비스업(74~75)","노동비용총액[천원]","천원","2576.2","2388.4","2277.2","2313","2306.6","2132.9","2044.6","1887.5","2043.5","1957.5","1957.6",
"대규모(상용근로자 300인 이상)","N. 사업시설관리및사업지원서비스업(74~75)","직접노동비용(계)[천원]","천원","2140.8","2000.1","1910.5","1931.1","1918.2","1794.5","1684.5","1578.2","1697","1617.4","1617.2",
"대규모(상용근로자 300인 이상)","N. 사업시설관리및사업지원서비스업(74~75)","정액 및 초과급여[천원]","천원","2013.8","1875.6","1779.4","1767.5","1726.5","1629.3","1520.9","1440.7","1556.7","1476.1","1460.7",
"대규모(상용근로자 300인 이상)","N. 사업시설관리및사업지원서비스업(74~75)","상여금 및 성과금[천원]","천원","127","124.5","131.1","163.6","191.7","165.2","163.6","137.5","140.2","141.2","156.5",
"대규모(상용근로자 300인 이상)","N. 사업시설관리및사업지원서비스업(74~75)","간접노동비용(계)[천원]","천원","435.4","388.3","366.7","381.9","388.4","338.4","360.1","309.2","346.5","340.1","340.4",
"대규모(상용근로자 300인 이상)","N. 사업시설관리및사업지원서비스업(74~75)","퇴직급여 등의 비용[천원]","천원","201.3","168.9","160.2","160.5","150.2","140.3","156.4","133.4","162.2","156.4","146.7",
"대규모(상용근로자 300인 이상)","N. 사업시설관리및사업지원서비스업(74~75)","현물지급비용[천원]","천원","","","","-","-","-","1.5","1.5","2.1","2.5","2",
"대규모(상용근로자 300인 이상)","N. 사업시설관리및사업지원서비스업(74~75)","법정노동비용[천원]","천원","183.2","169.9","159.8","168.3","171","152.5","149.3","132","140.8","139.1","137.9",
"대규모(상용근로자 300인 이상)","N. 사업시설관리및사업지원서비스업(74~75)","법정외 복지비용[천원]","천원","40.8","39.8","38.2","43.4","57.2","37.9","41.6","32.1","31.3","32.3","45",
"대규모(상용근로자 300인 이상)","N. 사업시설관리및사업지원서비스업(74~75)","채용관련비용(모집비)[천원]","천원","4.4","4.3","3.5","4.6","4.3","3.3","3.1","2.3","3.7","2","1.5",
"대규모(상용근로자 300인 이상)","N. 사업시설관리및사업지원서비스업(74~75)","교육훈련비용[천원]","천원","5.8","5.4","4.9","5.1","5.7","4.4","6.6","6.8","6","6.3","6.4",
"대규모(상용근로자 300인 이상)","N. 사업시설관리및사업지원서비스업(74~75)","기타노동비용[천원]","천원","","","","-","-","-","1.7","1.2",".5","1.6",".9",
"대규모(상용근로자 300인 이상)","R. 예술,스포츠및여가관련서비스업(90~91)","노동비용총액[천원]","천원","6271.6","6309","7022.9","6042.2","6241.2","6113.1","6096.4","5576.6","6195.5","5324.1","4933.1",
"대규모(상용근로자 300인 이상)","R. 예술,스포츠및여가관련서비스업(90~91)","직접노동비용(계)[천원]","천원","4770.8","4847.7","5399.8","4682.1","4743.2","4683.2","4586.4","4233.3","4378","3763.3","3720.9",
"대규모(상용근로자 300인 이상)","R. 예술,스포츠및여가관련서비스업(90~91)","정액 및 초과급여[천원]","천원","3982.3","4204","4259.9","3452.4","3353.4","3276.5","2955.9","2733.8","2756.9","2676.6","2648.9",
"대규모(상용근로자 300인 이상)","R. 예술,스포츠및여가관련서비스업(90~91)","상여금 및 성과금[천원]","천원","788.5","643.7","1140","1229.7","1389.8","1406.7","1630.5","1499.5","1621.1","1086.7","1072.1",
"대규모(상용근로자 300인 이상)","R. 예술,스포츠및여가관련서비스업(90~91)","간접노동비용(계)[천원]","천원","1500.8","1461.2","1623.1","1360.1","1498.1","1429.9","1510","1343.3","1817.5","1560.8","1212.2",
"대규모(상용근로자 300인 이상)","R. 예술,스포츠및여가관련서비스업(90~91)","퇴직급여 등의 비용[천원]","천원","533.1","549.6","629.6","481.6","535.6","483.4","535.1","489.1","778.4","694.4","400.8",
"대규모(상용근로자 300인 이상)","R. 예술,스포츠및여가관련서비스업(90~91)","현물지급비용[천원]","천원","","","","-","-","-","5.4","0",".1","28.7","25.2",
"대규모(상용근로자 300인 이상)","R. 예술,스포츠및여가관련서비스업(90~91)","법정노동비용[천원]","천원","464.7","470.8","474.9","394.8","405.4","412.2","350.4","338.2","335.9","316.4","309.5",
"대규모(상용근로자 300인 이상)","R. 예술,스포츠및여가관련서비스업(90~91)","법정외 복지비용[천원]","천원","468.4","408.5","460.4","395.4","459.7","447.3","540.3","436.6","628.9","444.1","394",
"대규모(상용근로자 300인 이상)","R. 예술,스포츠및여가관련서비스업(90~91)","채용관련비용(모집비)[천원]","천원","8.2","4.7","4.4","9.8","10.2","10.4","1.9","1.7","1.3","5.5","6.8",
"대규모(상용근로자 300인 이상)","R. 예술,스포츠및여가관련서비스업(90~91)","교육훈련비용[천원]","천원","26.4","27.6","53.8","78.4","87.2","76.7","66","62.4","59.4","55.5","62.4",
"대규모(상용근로자 300인 이상)","R. 예술,스포츠및여가관련서비스업(90~91)","기타노동비용[천원]","천원","","","","-","-","-","10.8","15.3","13.5","16.1","13.4",
"대규모(상용근로자 300인 이상)","S. 협회및단체,수리및기타개인서비스업(94~96)","노동비용총액[천원]","천원","5938.9","6081.1","5058.7","4684","5634.6","6307.3","8925.4","7693.4","5344","2492.5","3821.3",
"대규모(상용근로자 300인 이상)","S. 협회및단체,수리및기타개인서비스업(94~96)","직접노동비용(계)[천원]","천원","4676.2","4795.4","3777.4","3553.6","4091.1","4587.8","5635.4","4460.2","3921.2","1747.7","3097.7",
"대규모(상용근로자 300인 이상)","S. 협회및단체,수리및기타개인서비스업(94~96)","정액 및 초과급여[천원]","천원","3870.2","3815.5","3235.3","3019","3236.4","3701.4","3958.6","3462","3290.1","1664.9","2976.5",
"대규모(상용근로자 300인 이상)","S. 협회및단체,수리및기타개인서비스업(94~96)","상여금 및 성과금[천원]","천원","806","979.9","542.1","534.6","854.7","886.4","1676.9","998.1","631","82.7","121.2",
"대규모(상용근로자 300인 이상)","S. 협회및단체,수리및기타개인서비스업(94~96)","간접노동비용(계)[천원]","천원","1262.6","1285.7","1281.3","1130.4","1543.5","1719.5","3289.9","3233.2","1422.9","744.8","723.6",
"대규모(상용근로자 300인 이상)","S. 협회및단체,수리및기타개인서비스업(94~96)","퇴직급여 등의 비용[천원]","천원","587.9","603.9","599.8","537.8","844.8","1014.7","2469.9","2470.5","769.8","423.9","270.1",
"대규모(상용근로자 300인 이상)","S. 협회및단체,수리및기타개인서비스업(94~96)","현물지급비용[천원]","천원","","","","-","-","-",".9","2","2.7","2","0",
"대규모(상용근로자 300인 이상)","S. 협회및단체,수리및기타개인서비스업(94~96)","법정노동비용[천원]","천원","398","414.2","375.3","343.7","378.3","414.2","413.7","382.1","344.4","177.2","250.2",
"대규모(상용근로자 300인 이상)","S. 협회및단체,수리및기타개인서비스업(94~96)","법정외 복지비용[천원]","천원","234.3","239.7","281.5","226","292.8","266.3","336.9","301","244.1","101","151",
"대규모(상용근로자 300인 이상)","S. 협회및단체,수리및기타개인서비스업(94~96)","채용관련비용(모집비)[천원]","천원","8.2","3.3","1.9",".9","1",".5","1.8","2",".3","5.2","1.7",
"대규모(상용근로자 300인 이상)","S. 협회및단체,수리및기타개인서비스업(94~96)","교육훈련비용[천원]","천원","34.2","24.6","22.8","22","26.6","23.7","64.9","68","61.1","33.3","50.7",
"대규모(상용근로자 300인 이상)","S. 협회및단체,수리및기타개인서비스업(94~96)","기타노동비용[천원]","천원","","","","-","-","-","1.8","7.6",".5","2.2","0",
"상용근로자 30~299인","전체","노동비용총액[천원]","천원","4362.2","4137.1","3965.5","4010.4","3814.7","3762.5","3734.4","3510.9","3233.4","3039.3","3046.2",
"상용근로자 30~299인","전체","직접노동비용(계)[천원]","천원","3555.5","3396.8","3267.8","3217.9","3097.3","3027.3","2952.6","2785.8","2581.1","2417.6","2417.4",
"상용근로자 30~299인","전체","정액 및 초과급여[천원]","천원","3153.1","2988.4","2844.6","2810.3","2675.1","2601.3","2517.8","2372.5","2209","2076.6","2070.8",
"상용근로자 30~299인","전체","상여금 및 성과금[천원]","천원","402.4","408.4","423.2","407.6","422.2","426","434.8","413.3","372.1","341","346.6",
"상용근로자 30~299인","전체","간접노동비용(계)[천원]","천원","806.7","740.3","697.7","792.5","717.5","735.2","781.9","725.1","652.3","621.7","628.8",
"상용근로자 30~299인","전체","퇴직급여 등의 비용[천원]","천원","347.9","305","289.6","352.8","290.1","303.8","345.1","319.7","281.7","258.8","274",
"상용근로자 30~299인","전체","현물지급비용[천원]","천원","","","","-","-","-","2.3","2.6","2","1.8","2",
"상용근로자 30~299인","전체","법정노동비용[천원]","천원","302.7","285.2","272.4","271.2","265.3","260.2","250.2","234.6","217.6","205.8","203.9",
"상용근로자 30~299인","전체","법정외 복지비용[천원]","천원","145.3","139.8","126.4","155.1","149.2","156.4","167.1","154.8","137.4","142.1","134.8",
"상용근로자 30~299인","전체","채용관련비용(모집비)[천원]","천원","3.6","3.4","3.3","3.5","3.4","4.3","3","2.2","2.4","1.3","1.7",
"상용근로자 30~299인","전체","교육훈련비용[천원]","천원","7.1","7","6","9.9","9.4","10.7","10.4","9.4","9.2","10.1","10.3",
"상용근로자 30~299인","전체","기타노동비용[천원]","천원","","","","-","-","-","3.7","1.7","2","1.9","2",
"상용근로자 30~299인","B. 광업(05~08)","노동비용총액[천원]","천원","5132.5","5255.5","5128.4","4792.4","4864.4","4844.6","4663.9","4436.8","3883.6","3658.6","3711.4",
"상용근로자 30~299인","B. 광업(05~08)","직접노동비용(계)[천원]","천원","4098.6","3972.1","3884.4","3604","3686.3","3657.6","3526.5","3367.5","2975.5","2792.8","2836.2",
"상용근로자 30~299인","B. 광업(05~08)","정액 및 초과급여[천원]","천원","3685.1","3574.4","3363.2","3054.3","2954.4","2970.5","2874.4","2820.6","2608.9","2442.5","2449.6",
"상용근로자 30~299인","B. 광업(05~08)","상여금 및 성과금[천원]","천원","413.5","397.7","521.2","549.7","731.9","687.1","652.1","546.9","366.7","350.3","386.6",
"상용근로자 30~299인","B. 광업(05~08)","간접노동비용(계)[천원]","천원","1033.9","1283.5","1243.9","1188.3","1178.1","1187","1137.4","1069.3","908.1","865.8","875.2",
"상용근로자 30~299인","B. 광업(05~08)","퇴직급여 등의 비용[천원]","천원","339.1","424.4","409.3","477.3","406.9","431.6","415.7","400.3","316.6","269.2","278.1",
"상용근로자 30~299인","B. 광업(05~08)","현물지급비용[천원]","천원","","","","-","-","-","3.3","1",".2","1.3","1.5",
"상용근로자 30~299인","B. 광업(05~08)","법정노동비용[천원]","천원","455.7","581.5","568.9","493.9","540.7","505.7","485.6","436.6","394.7","444.7","443.6",
"상용근로자 30~299인","B. 광업(05~08)","법정외 복지비용[천원]","천원","237","271.1","262.7","215.4","228.9","248.3","230","228.8","193.7","149.9","149.1",
"상용근로자 30~299인","B. 광업(05~08)","채용관련비용(모집비)[천원]","천원",".3","0",".1",".1",".1",".1",".4",".2",".1",".1",".5",
"상용근로자 30~299인","B. 광업(05~08)","교육훈련비용[천원]","천원","1.7","6.4","2.9","1.7","1.5","1.3","1.5","1.4","1",".3","1.4",
"상용근로자 30~299인","B. 광업(05~08)","기타노동비용[천원]","천원","","","","-","-","-",".9","1","1.6",".5","1",
"상용근로자 30~299인","C. 제조업(10~33)","노동비용총액[천원]","천원","4596.2","4387","4180","4190","4035.1","3944.7","3878.5","3652.6","3357.8","3156.2","3198.4",
"상용근로자 30~299인","C. 제조업(10~33)","직접노동비용(계)[천원]","천원","3679.8","3559.9","3393.4","3290.4","3228.8","3127.7","3006.7","2862.6","2620.5","2461.9","2482.1",
"상용근로자 30~299인","C. 제조업(10~33)","정액 및 초과급여[천원]","천원","3219.4","3072","2887.8","2821","2716.1","2628.7","2511.6","2399.8","2239.9","2110.4","2101.4",
"상용근로자 30~299인","C. 제조업(10~33)","상여금 및 성과금[천원]","천원","460.4","487.8","505.6","469.3","512.7","499","495.1","462.8","380.6","351.4","380.6",
"상용근로자 30~299인","C. 제조업(10~33)","간접노동비용(계)[천원]","천원","916.4","827.1","786.6","899.7","806.3","817","871.8","790","737.3","694.4","716.4",
"상용근로자 30~299인","C. 제조업(10~33)","퇴직급여 등의 비용[천원]","천원","406.6","336.2","315.1","402.9","326.9","326","377.5","344.7","316","289.1","329.6",
"상용근로자 30~299인","C. 제조업(10~33)","현물지급비용[천원]","천원","","","","-","-","-","2","3.2","2","1.3","1.5",
"상용근로자 30~299인","C. 제조업(10~33)","법정노동비용[천원]","천원","317.2","302.8","294.1","283.3","275.3","274.4","265.7","246.7","233.4","217.7","213.4",
"상용근로자 30~299인","C. 제조업(10~33)","법정외 복지비용[천원]","천원","184.5","180.2","169.2","202.2","194.1","203.5","208.3","184.3","173.4","172.9","158.2",
"상용근로자 30~299인","C. 제조업(10~33)","채용관련비용(모집비)[천원]","천원","2.6","2.5","2.6","2.8","2.8","4.4","2.5","1.2","1.1","1.1","1.5",
"상용근로자 30~299인","C. 제조업(10~33)","교육훈련비용[천원]","천원","5.6","5.4","5.6","8.5","7.2","8.7","10.3","7.6","8.5","10.4","10.4",
"상용근로자 30~299인","C. 제조업(10~33)","기타노동비용[천원]","천원","","","","-","-","-","5.3","2.2","2.8","1.9","1.9",
"상용근로자 30~299인","D. 전기,가스,증기및수도사업(35~36)","노동비용총액[천원]","천원","8490.9","8395.3","8115.2","7250.2","7061.9","7584.5","7714.1","7563.4","6715.4","6561.2","6162.2",
"상용근로자 30~299인","D. 전기,가스,증기및수도사업(35~36)","직접노동비용(계)[천원]","천원","6439.7","6243.1","6229.8","5686.5","5670.4","6032.9","5725.5","5784.4","5222.4","5082.7","4705.7",
"상용근로자 30~299인","D. 전기,가스,증기및수도사업(35~36)","정액 및 초과급여[천원]","천원","4778.9","4666.7","4473.2","3876.6","3799.3","4128.4","3789.7","3806","3583","3431.4","3186.5",
"상용근로자 30~299인","D. 전기,가스,증기및수도사업(35~36)","상여금 및 성과금[천원]","천원","1660.8","1576.4","1756.6","1809.9","1871.1","1904.4","1935.8","1978.3","1639.4","1651.3","1519.2",
"상용근로자 30~299인","D. 전기,가스,증기및수도사업(35~36)","간접노동비용(계)[천원]","천원","2051.2","2152.2","1885.4","1563.7","1391.5","1551.6","1988.6","1779","1493","1478.4","1456.5",
"상용근로자 30~299인","D. 전기,가스,증기및수도사업(35~36)","퇴직급여 등의 비용[천원]","천원","959.9","1217.8","863.9","691.4","549.6","724.2","1157.9","955.4","676.1","742.6","665.8",
"상용근로자 30~299인","D. 전기,가스,증기및수도사업(35~36)","현물지급비용[천원]","천원","","","","-","-","-","2.6",".5","6.5","5.5","1.2",
"상용근로자 30~299인","D. 전기,가스,증기및수도사업(35~36)","법정노동비용[천원]","천원","504","464.8","502.7","409.8","432.7","442.3","413.3","427.4","385","345.2","359.3",
"상용근로자 30~299인","D. 전기,가스,증기및수도사업(35~36)","법정외 복지비용[천원]","천원","479.1","419.7","404.7","415.8","331","342.9","347.5","341.2","360.1","318.6","361.7",
"상용근로자 30~299인","D. 전기,가스,증기및수도사업(35~36)","채용관련비용(모집비)[천원]","천원","5.6","4.4","6.8","4.2","5.1","4","3.5","2.9","1","1.2","2.2",
"상용근로자 30~299인","D. 전기,가스,증기및수도사업(35~36)","교육훈련비용[천원]","천원","102.5","45.5","107.3","42.5","73.1","38.3","57.8","48.6","53.4","56.9","51.1",
"상용근로자 30~299인","D. 전기,가스,증기및수도사업(35~36)","기타노동비용[천원]","천원","","","","-","-","-","6","3","11","8.5","15.2",
"상용근로자 30~299인","E. 하수·폐기물처리,원료재생및환경복원업(37~39)","노동비용총액[천원]","천원","4605.4","4291","4141.6","3972","3800.4","3733.2","3569.3","3368.7","3185.7","3132.4","3023.3",
"상용근로자 30~299인","E. 하수·폐기물처리,원료재생및환경복원업(37~39)","직접노동비용(계)[천원]","천원","3656.1","3535.6","3430","3200.5","3130.7","3055","2879.8","2713.4","2585.2","2530.6","2452.2",
"상용근로자 30~299인","E. 하수·폐기물처리,원료재생및환경복원업(37~39)","정액 및 초과급여[천원]","천원","3313","3235.5","3009.9","2826","2714.8","2607.8","2493.7","2361.4","2180.4","2127.3","2089.6",
"상용근로자 30~299인","E. 하수·폐기물처리,원료재생및환경복원업(37~39)","상여금 및 성과금[천원]","천원","343.1","300.1","420.1","374.5","415.9","447.2","386.2","352","404.9","403.4","362.6",
"상용근로자 30~299인","E. 하수·폐기물처리,원료재생및환경복원업(37~39)","간접노동비용(계)[천원]","천원","949.3","755.5","711.6","771.5","669.6","678.2","689.4","655.4","600.5","601.8","571.1",
"상용근로자 30~299인","E. 하수·폐기물처리,원료재생및환경복원업(37~39)","퇴직급여 등의 비용[천원]","천원","443.5","286.6","267.4","333.5","229.9","231.8","283.8","249.3","232.1","229.9","165",
"상용근로자 30~299인","E. 하수·폐기물처리,원료재생및환경복원업(37~39)","현물지급비용[천원]","천원","","","","-","-","-","3.6","1.1","1",".8",".3",
"상용근로자 30~299인","E. 하수·폐기물처리,원료재생및환경복원업(37~39)","법정노동비용[천원]","천원","318.5","295.9","293.9","291.3","293.3","293.2","269.1","251.6","246","245.4","245.1",
"상용근로자 30~299인","E. 하수·폐기물처리,원료재생및환경복원업(37~39)","법정외 복지비용[천원]","천원","184.2","170.7","148","143.4","143.2","149.7","125.3","137.3","113.6","117.2","151.2",
"상용근로자 30~299인","E. 하수·폐기물처리,원료재생및환경복원업(37~39)","채용관련비용(모집비)[천원]","천원",".6","1",".5",".4",".5",".7",".6",".3",".2",".1",".2",
"상용근로자 30~299인","E. 하수·폐기물처리,원료재생및환경복원업(37~39)","교육훈련비용[천원]","천원","2.5","1.3","1.9","2.8","2.7","2.8","4.8","8","4","4.6","6.7",
"상용근로자 30~299인","E. 하수·폐기물처리,원료재생및환경복원업(37~39)","기타노동비용[천원]","천원","","","","-","-","-","2.3","7.8","3.6","3.7","2.6",
"상용근로자 30~299인","F. 건설업(41~42)","노동비용총액[천원]","천원","5087.2","4679.6","4323.7","4592.1","4297.9","4222.8","4062.1","3908.2","3557","3461.2","3605.1",
"상용근로자 30~299인","F. 건설업(41~42)","직접노동비용(계)[천원]","천원","4049.1","3803","3538.6","3660.5","3439.4","3354.4","3183.8","3020.3","2778.4","2698.1","2827.9",
"상용근로자 30~299인","F. 건설업(41~42)","정액 및 초과급여[천원]","천원","3667.7","3431.7","3162.5","3336.8","3138.6","3025.5","2930.7","2739.3","2473.8","2393.4","2456.2",
"상용근로자 30~299인","F. 건설업(41~42)","상여금 및 성과금[천원]","천원","381.4","371.4","376.1","323.8","300.8","329","253.1","280.9","304.6","304.7","371.7",
"상용근로자 30~299인","F. 건설업(41~42)","간접노동비용(계)[천원]","천원","1038.2","876.5","785.1","931.5","858.5","868.4","878.2","887.9","778.6","763.1","777.2",
"상용근로자 30~299인","F. 건설업(41~42)","퇴직급여 등의 비용[천원]","천원","434.5","352.8","302.6","381.1","311.5","323.4","339.5","311.1","300.7","266.1","272.9",
"상용근로자 30~299인","F. 건설업(41~42)","현물지급비용[천원]","천원","","","","-","-","-","3.7","1.6","1.2","1.9","6.6",
"상용근로자 30~299인","F. 건설업(41~42)","법정노동비용[천원]","천원","456.3","401.9","358.6","382.5","373.9","362.2","334.2","345.7","296","288","318.3",
"상용근로자 30~299인","F. 건설업(41~42)","법정외 복지비용[천원]","천원","137.4","112.6","115.1","159.2","164.9","169.2","191.8","221.6","170.3","196.2","169.1",
"상용근로자 30~299인","F. 건설업(41~42)","채용관련비용(모집비)[천원]","천원","2.9","1.2","2.8","2.1","1.6","3",".5",".6","1.4","1.2","1.2",
"상용근로자 30~299인","F. 건설업(41~42)","교육훈련비용[천원]","천원","7.1","8.1","6","6.7","6.6","10.5","6.6","5.3","6.7","7.8","7.2",
"상용근로자 30~299인","F. 건설업(41~42)","기타노동비용[천원]","천원","","","","-","-","-","2","2","2.3","2","1.9",
"상용근로자 30~299인","G. 도매및소매업(45~47)","노동비용총액[천원]","천원","4871.6","4544.2","4441.9","4826.3","4622.3","4410.5","4337.5","3959.9","3756.7","3458.5","3344.1",
"상용근로자 30~299인","G. 도매및소매업(45~47)","직접노동비용(계)[천원]","천원","4081.9","3770.2","3745.1","3903.1","3815.2","3585.8","3428.7","3178.7","3043.3","2762.4","2741.2",
"상용근로자 30~299인","G. 도매및소매업(45~47)","정액 및 초과급여[천원]","천원","3610.9","3320","3297","3413.4","3373.4","3134.1","2959.4","2748.3","2592.9","2351.1","2388.8",
"상용근로자 30~299인","G. 도매및소매업(45~47)","상여금 및 성과금[천원]","천원","471.1","450.1","448.1","489.7","441.8","451.8","469.3","430.3","450.4","411.3","352.4",
"상용근로자 30~299인","G. 도매및소매업(45~47)","간접노동비용(계)[천원]","천원","789.7","774","696.8","923.3","807.1","824.6","908.8","781.3","713.4","696.1","602.9",
"상용근로자 30~299인","G. 도매및소매업(45~47)","퇴직급여 등의 비용[천원]","천원","317.8","327.9","307.9","444.1","328.1","372.4","455.3","347.3","324.1","316.4","243.8",
"상용근로자 30~299인","G. 도매및소매업(45~47)","현물지급비용[천원]","천원","","","","-","-","-","4.2","2","5.3","4.9","1.6",
"상용근로자 30~299인","G. 도매및소매업(45~47)","법정노동비용[천원]","천원","318.8","306","297","300.8","308.3","287.2","263.8","249.1","227.4","214.8","206.1",
"상용근로자 30~299인","G. 도매및소매업(45~47)","법정외 복지비용[천원]","천원","138.2","124.2","80.2","140.4","132.7","128.2","161.6","162.8","136.3","142.2","136.4",
"상용근로자 30~299인","G. 도매및소매업(45~47)","채용관련비용(모집비)[천원]","천원","8.1","5.4","8.9","11.1","8.7","7.8","8.6","5.4","6.8","3.2","2.3",
"상용근로자 30~299인","G. 도매및소매업(45~47)","교육훈련비용[천원]","천원","6.8","10.6","2.8","27","29.4","29","12.8","14.1","12.5","13.5","11.2",
"상용근로자 30~299인","G. 도매및소매업(45~47)","기타노동비용[천원]","천원","","","","-","-","-","2.5",".6","1.1","1.1","1.5",
"상용근로자 30~299인","H. 운수업(49~52)","노동비용총액[천원]","천원","3259","3122.7","2991.1","2714.7","2667.9","2650","2723.6","2515.7","2269.7","2176.5","2123.8",
"상용근로자 30~299인","H. 운수업(49~52)","직접노동비용(계)[천원]","천원","2683.8","2559.5","2443.7","2234.8","2187.4","2156.9","2151.8","1979.2","1849.3","1730.9","1693",
"상용근로자 30~299인","H. 운수업(49~52)","정액 및 초과급여[천원]","천원","2377.9","2253.7","2158.3","1983","1907.3","1857.2","1823","1677.9","1570.8","1465.9","1415.9",
"상용근로자 30~299인","H. 운수업(49~52)","상여금 및 성과금[천원]","천원","306","305.9","285.4","251.8","280","299.7","328.8","301.4","278.5","265","277",
"상용근로자 30~299인","H. 운수업(49~52)","간접노동비용(계)[천원]","천원","575.2","563.2","547.3","479.8","480.6","493.1","571.8","536.4","420.4","445.6","430.9",
"상용근로자 30~299인","H. 운수업(49~52)","퇴직급여 등의 비용[천원]","천원","231.5","257.3","239.3","201.7","193.9","211.9","282","272.4","178.9","196.2","184.4",
"상용근로자 30~299인","H. 운수업(49~52)","현물지급비용[천원]","천원","","","","-","-","-","1.7","2.2","1","1","1.7",
"상용근로자 30~299인","H. 운수업(49~52)","법정노동비용[천원]","천원","226.7","209.6","208.1","187.8","193.9","181.5","182.1","167.3","151.3","152","148.1",
"상용근로자 30~299인","H. 운수업(49~52)","법정외 복지비용[천원]","천원","111.8","90.4","94.5","85.5","87.8","92","100.5","90.7","84.7","92","92",
"상용근로자 30~299인","H. 운수업(49~52)","채용관련비용(모집비)[천원]","천원","1.1","1.5","1.2","1.1","1.1","1.5",".6",".4",".6",".5",".7",
"상용근로자 30~299인","H. 운수업(49~52)","교육훈련비용[천원]","천원","4.1","4.3","4.2","3.8","3.8","6.2","2.5","2.5","3.1","2.7","3.2",
"상용근로자 30~299인","H. 운수업(49~52)","기타노동비용[천원]","천원","","","","-","-","-","2.4",".9",".7","1.2",".8",
"상용근로자 30~299인","I. 숙박및음식점업(55~56)","노동비용총액[천원]","천원","3428.4","3345.6","3412.3","2882.6","2798.2","2768.2","2601.8","2433.8","2484.2","2486.2","2686.8",
"상용근로자 30~299인","I. 숙박및음식점업(55~56)","직접노동비용(계)[천원]","천원","2815.4","2793.4","2741.4","2324.4","2253.9","2251.5","2086","1939.4","2022.9","2027.9","2170.6",
"상용근로자 30~299인","I. 숙박및음식점업(55~56)","정액 및 초과급여[천원]","천원","2702.7","2648.1","2465.3","2129.6","1996.6","1997.2","1918","1781.7","1837.9","1835","1999.6",
"상용근로자 30~299인","I. 숙박및음식점업(55~56)","상여금 및 성과금[천원]","천원","112.7","145.4","276.1","194.9","257.3","254.3","168.1","157.7","185","192.9","171.1",
"상용근로자 30~299인","I. 숙박및음식점업(55~56)","간접노동비용(계)[천원]","천원","613","552.2","671","558.2","544.3","516.6","515.8","494.4","461.4","458.3","516.2",
"상용근로자 30~299인","I. 숙박및음식점업(55~56)","퇴직급여 등의 비용[천원]","천원","238.6","218.6","284.2","227.3","223.7","188.1","212.5","200.7","175.6","179.3","223.1",
"상용근로자 30~299인","I. 숙박및음식점업(55~56)","현물지급비용[천원]","천원","","","","-","-","-","1.7","1.7","1.3","1.6","1.2",
"상용근로자 30~299인","I. 숙박및음식점업(55~56)","법정노동비용[천원]","천원","237.5","214.9","218.9","209.6","202","199.5","175.8","162.8","168.2","170.3","160.7",
"상용근로자 30~299인","I. 숙박및음식점업(55~56)","법정외 복지비용[천원]","천원","129.4","108.3","154.9","115.4","112.5","122","115.8","119.9","103.5","97.1","120.4",
"상용근로자 30~299인","I. 숙박및음식점업(55~56)","채용관련비용(모집비)[천원]","천원","2.2","3.3","4","2.1","2.4","2.4","1.5","2","1.7","1","1.7",
"상용근로자 30~299인","I. 숙박및음식점업(55~56)","교육훈련비용[천원]","천원","5.2","7.1","8.9","3.8","3.7","4.7","6.3","5.7","7.4","5.7","5",
"상용근로자 30~299인","I. 숙박및음식점업(55~56)","기타노동비용[천원]","천원","","","","-","-","-","2.2","1.6","3.6","3.3","4.2",
"상용근로자 30~299인","J. 출판,영상,방송통신및정보서비스업(58~63)","노동비용총액[천원]","천원","4673.6","4460.2","4334.8","4373.1","4253.9","4400.7","4231.7","4088.2","3604","3372.5","3391.8",
"상용근로자 30~299인","J. 출판,영상,방송통신및정보서비스업(58~63)","직접노동비용(계)[천원]","천원","3897.8","3754.5","3686.6","3648.3","3559.6","3555.2","3443.3","3303.4","2977.7","2809.5","2824.8",
"상용근로자 30~299인","J. 출판,영상,방송통신및정보서비스업(58~63)","정액 및 초과급여[천원]","천원","3568","3437","3325.2","3305.4","3207.8","3176.7","3056.4","2916","2688.8","2502.6","2514.5",
"상용근로자 30~299인","J. 출판,영상,방송통신및정보서비스업(58~63)","상여금 및 성과금[천원]","천원","329.8","317.5","361.4","342.9","351.8","378.5","386.9","387.3","288.9","306.9","310.3",
"상용근로자 30~299인","J. 출판,영상,방송통신및정보서비스업(58~63)","간접노동비용(계)[천원]","천원","775.7","705.7","648.2","724.9","694.2","845.5","788.4","784.8","626.3","563","567",
"상용근로자 30~299인","J. 출판,영상,방송통신및정보서비스업(58~63)","퇴직급여 등의 비용[천원]","천원","324.3","279.7","268.9","293.8","267.8","403.7","340","363.2","256.1","233.8","238",
"상용근로자 30~299인","J. 출판,영상,방송통신및정보서비스업(58~63)","현물지급비용[천원]","천원","","","","-","-","-","2","2.6","1.7","2.5",".8",
"상용근로자 30~299인","J. 출판,영상,방송통신및정보서비스업(58~63)","법정노동비용[천원]","천원","329.5","307.3","281.1","301.5","294.5","294.9","263.7","240.6","218","209.9","211.1",
"상용근로자 30~299인","J. 출판,영상,방송통신및정보서비스업(58~63)","법정외 복지비용[천원]","천원","107","101.9","82.9","111.2","116.9","126.7","160.7","151.3","122.2","102.5","97.9",
"상용근로자 30~299인","J. 출판,영상,방송통신및정보서비스업(58~63)","채용관련비용(모집비)[천원]","천원","3.6","7.4","4.2","5.2","4.5","7.9","4.7","5.6","10","1.1","2.2",
"상용근로자 30~299인","J. 출판,영상,방송통신및정보서비스업(58~63)","교육훈련비용[천원]","천원","11.3","9.4","11","13.2","10.6","12.3","16.3","21.2","16.7","12.6","15.7",
"상용근로자 30~299인","J. 출판,영상,방송통신및정보서비스업(58~63)","기타노동비용[천원]","천원","","","","-","-","-","1",".3","1.8",".7","1.3",
"상용근로자 30~299인","K. 금융및보험업(64~66)","노동비용총액[천원]","천원","7303.2","7393.2","6396.1","6922.7","6540.6","7118.7","7034.8","6979.7","8355.8","8423.7","7980.2",
"상용근로자 30~299인","K. 금융및보험업(64~66)","직접노동비용(계)[천원]","천원","6039.8","6050.3","5458.2","5648.7","5207.5","5857.1","5702","5710.9","7035.8","6907","6344.1",
"상용근로자 30~299인","K. 금융및보험업(64~66)","정액 및 초과급여[천원]","천원","4701.4","4868.8","4397.5","4480.7","3856.6","4627.9","4359.5","4153.5","4968.6","4803.3","4785.7",
"상용근로자 30~299인","K. 금융및보험업(64~66)","상여금 및 성과금[천원]","천원","1338.3","1181.5","1060.7","1168.1","1350.9","1229.2","1342.5","1557.3","2067.2","2103.7","1558.4",
"상용근로자 30~299인","K. 금융및보험업(64~66)","간접노동비용(계)[천원]","천원","1263.5","1342.9","937.9","1274","1333","1261.6","1332.7","1268.9","1320.1","1516.7","1636.1",
"상용근로자 30~299인","K. 금융및보험업(64~66)","퇴직급여 등의 비용[천원]","천원","517.6","632.3","455.1","585.4","678.9","591.2","662","582.5","673.9","711.2","797.7",
"상용근로자 30~299인","K. 금융및보험업(64~66)","현물지급비용[천원]","천원","","","","-","-","-","3.7","5.1","3.8","3.1","8.7",
"상용근로자 30~299인","K. 금융및보험업(64~66)","법정노동비용[천원]","천원","443.4","425.2","316.3","383.1","367.1","399.5","368.3","363.2","389.8","387.8","361.9",
"상용근로자 30~299인","K. 금융및보험업(64~66)","법정외 복지비용[천원]","천원","254.2","243","138.8","273.7","244","217","244.6","258.7","201.5","337.9","364.6",
"상용근로자 30~299인","K. 금융및보험업(64~66)","채용관련비용(모집비)[천원]","천원","9.8","9.5","7.1","7.7","12.1","6.6","7.5","8.2","8.9","10.8","18.8",
"상용근로자 30~299인","K. 금융및보험업(64~66)","교육훈련비용[천원]","천원","38.5","32.9","20.5","24","30.9","47.3","39.9","48.1","39.1","63.5","78.9",
"상용근로자 30~299인","K. 금융및보험업(64~66)","기타노동비용[천원]","천원","","","","-","-","-","6.7","3.1","3.1","2.4","5.6",
"상용근로자 30~299인","L. 부동산업및임대업(68~69)","노동비용총액[천원]","천원","4616","4132.1","3332.4","3049.7","2838.3","2983.9","2928.3","2746","2882.5","2678.9","2625.7",
"상용근로자 30~299인","L. 부동산업및임대업(68~69)","직접노동비용(계)[천원]","천원","3785.6","3472.2","2776.3","2581.1","2383.9","2446.1","2429.9","2270","2334.2","2168.3","2138.9",
"상용근로자 30~299인","L. 부동산업및임대업(68~69)","정액 및 초과급여[천원]","천원","3085.7","2882","2511.3","2413.2","2219.8","2254.6","2172.5","2049.2","2054.1","1907.6","1839.9",
"상용근로자 30~299인","L. 부동산업및임대업(68~69)","상여금 및 성과금[천원]","천원","699.9","590.2","265","167.9","164.1","191.5","257.3","220.8","280.1","260.7","299",
"상용근로자 30~299인","L. 부동산업및임대업(68~69)","간접노동비용(계)[천원]","천원","830.4","659.9","556.2","468.6","454.5","537.7","498.4","476","548.3","510.7","486.8",
"상용근로자 30~299인","L. 부동산업및임대업(68~69)","퇴직급여 등의 비용[천원]","천원","366.8","272.7","218.6","215.8","185.8","258.6","240.3","233.8","300","256.1","232.2",
"상용근로자 30~299인","L. 부동산업및임대업(68~69)","현물지급비용[천원]","천원","","","","-","-","-","1.6","1.2","2.3","1.4","2",
"상용근로자 30~299인","L. 부동산업및임대업(68~69)","법정노동비용[천원]","천원","303.2","254.6","226.4","183.6","194.5","188.8","189.6","175.6","172.3","147","154.4",
"상용근로자 30~299인","L. 부동산업및임대업(68~69)","법정외 복지비용[천원]","천원","131.3","107.3","95.1","62.2","67","81.1","58.3","53.2","66.3","94.1","87.7",
"상용근로자 30~299인","L. 부동산업및임대업(68~69)","채용관련비용(모집비)[천원]","천원","17.5","10","4.1","1","1.6","1.2",".9","1.2",".8",".8",".7",
"상용근로자 30~299인","L. 부동산업및임대업(68~69)","교육훈련비용[천원]","천원","11.6","15.3","12","6","5.6","7.9","6.2","10.5","5.9","9.6","9.1",
"상용근로자 30~299인","L. 부동산업및임대업(68~69)","기타노동비용[천원]","천원","","","","-","-","-","1.4",".5",".7","1.7",".8",
"상용근로자 30~299인","M. 전문,과학및기술서비스업(70~73)","노동비용총액[천원]","천원","4797.7","4581.2","4651.5","4811.1","4446.9","4694.7","4729.3","4236.5","3876.7","3443.4","3346.6",
"상용근로자 30~299인","M. 전문,과학및기술서비스업(70~73)","직접노동비용(계)[천원]","천원","4037.7","3880.2","3935.8","3972.8","3689.5","3890.1","3926","3481.1","3139.2","2851","2767.5",
"상용근로자 30~299인","M. 전문,과학및기술서비스업(70~73)","정액 및 초과급여[천원]","천원","3724.4","3592","3500.4","3538.7","3252","3380.5","3360.9","2984.9","2602.8","2568.8","2478.3",
"상용근로자 30~299인","M. 전문,과학및기술서비스업(70~73)","상여금 및 성과금[천원]","천원","313.2","288.3","435.4","434.1","437.5","509.6","565.2","496.2","536.5","282.2","289.2",
"상용근로자 30~299인","M. 전문,과학및기술서비스업(70~73)","간접노동비용(계)[천원]","천원","760","700.9","715.7","838.3","757.4","804.6","803.2","755.5","737.5","592.3","579.1",
"상용근로자 30~299인","M. 전문,과학및기술서비스업(70~73)","퇴직급여 등의 비용[천원]","천원","318.9","293.1","320.4","411.8","321.5","361","344.8","350.1","384.5","260.3","243.5",
"상용근로자 30~299인","M. 전문,과학및기술서비스업(70~73)","현물지급비용[천원]","천원","","","","-","-","-",".9","2.3","1",".7","2",
"상용근로자 30~299인","M. 전문,과학및기술서비스업(70~73)","법정노동비용[천원]","천원","310","281.9","271.5","303.6","291.7","292.8","284","259.8","237.3","212.9","209.7",
"상용근로자 30~299인","M. 전문,과학및기술서비스업(70~73)","법정외 복지비용[천원]","천원","107.7","105.8","107.7","101.1","120.7","125.8","133.6","115.2","93.7","97.6","104.3",
"상용근로자 30~299인","M. 전문,과학및기술서비스업(70~73)","채용관련비용(모집비)[천원]","천원","7.2","5.9","5.3","4.5","6","7.5","9.6","9","3.9","1.2","1.6",
"상용근로자 30~299인","M. 전문,과학및기술서비스업(70~73)","교육훈련비용[천원]","천원","16.2","14.1","10.7","17.2","17.6","17.6","26.2","17.9","16.8","15.6","16.7",
"상용근로자 30~299인","M. 전문,과학및기술서비스업(70~73)","기타노동비용[천원]","천원","","","","-","-","-","4","1.1",".3","3.9","1.3",
"상용근로자 30~299인","N. 사업시설관리및사업지원서비스업(74~75)","노동비용총액[천원]","천원","2449.6","2294.3","2411.9","2238.5","2161","2125","2219.2","2037.3","1937","1769.1","1654.9",
"상용근로자 30~299인","N. 사업시설관리및사업지원서비스업(74~75)","직접노동비용(계)[천원]","천원","2072.4","1964.6","2038.6","1889.7","1812.4","1790.6","1844.6","1689.6","1634.3","1495.3","1404.4",
"상용근로자 30~299인","N. 사업시설관리및사업지원서비스업(74~75)","정액 및 초과급여[천원]","천원","1945.6","1812.2","1847.1","1730.4","1683.1","1641.4","1644.3","1506.9","1481.2","1359.2","1290",
"상용근로자 30~299인","N. 사업시설관리및사업지원서비스업(74~75)","상여금 및 성과금[천원]","천원","126.9","152.3","191.5","159.3","129.4","149.2","200.3","182.7","153.1","136.1","114.4",
"상용근로자 30~299인","N. 사업시설관리및사업지원서비스업(74~75)","간접노동비용(계)[천원]","천원","377.1","329.8","373.4","348.8","348.6","334.4","374.6","347.7","302.7","273.7","250.5",
"상용근로자 30~299인","N. 사업시설관리및사업지원서비스업(74~75)","퇴직급여 등의 비용[천원]","천원","177.1","127.4","167.6","144.3","141.6","126.3","159.3","150.7","117.6","103.2","95.4",
"상용근로자 30~299인","N. 사업시설관리및사업지원서비스업(74~75)","현물지급비용[천원]","천원","","","","-","-","-","2.1","2.1","1.4","2.8","2.5",
"상용근로자 30~299인","N. 사업시설관리및사업지원서비스업(74~75)","법정노동비용[천원]","천원","165.8","160.4","161.5","152.7","158","151.2","150","136.5","132.9","119.9","111.7",
"상용근로자 30~299인","N. 사업시설관리및사업지원서비스업(74~75)","법정외 복지비용[천원]","천원","29.6","36.6","40.9","48.2","44.6","51.9","58.3","51.6","44.4","39.8","32.6",
"상용근로자 30~299인","N. 사업시설관리및사업지원서비스업(74~75)","채용관련비용(모집비)[천원]","천원","2","3.2","1.8","2.4","2.4","2.3","1.2","1.1","2.1","1.2","1.2",
"상용근로자 30~299인","N. 사업시설관리및사업지원서비스업(74~75)","교육훈련비용[천원]","천원","2.6","2.2","1.7","1.2","1.9","2.7","3","4.3","3.5","4.6","4.3",
"상용근로자 30~299인","N. 사업시설관리및사업지원서비스업(74~75)","기타노동비용[천원]","천원","","","","-","-","-",".7","1.5",".8","2.2","2.7",
"상용근로자 30~299인","R. 예술,스포츠및여가관련서비스업(90~91)","노동비용총액[천원]","천원","4894.9","4321.5","4000.4","3662.3","3554.8","3482","3519.9","3456.4","3226.2","3027.9","3213.1",
"상용근로자 30~299인","R. 예술,스포츠및여가관련서비스업(90~91)","직접노동비용(계)[천원]","천원","3831.3","3424.7","3192.6","2943.8","2826.2","2778.5","2790","2676.7","2593.4","2456","2465.3",
"상용근로자 30~299인","R. 예술,스포츠및여가관련서비스업(90~91)","정액 및 초과급여[천원]","천원","3493.1","3114.4","2949.6","2721.7","2580.9","2548.6","2523.3","2426","2260.3","2143.9","2170.5",
"상용근로자 30~299인","R. 예술,스포츠및여가관련서비스업(90~91)","상여금 및 성과금[천원]","천원","338.2","310.3","243","222.1","245.3","230","266.7","250.7","333.1","312.1","294.8",
"상용근로자 30~299인","R. 예술,스포츠및여가관련서비스업(90~91)","간접노동비용(계)[천원]","천원","1063.5","896.8","807.9","718.4","728.7","703.5","729.8","779.7","632.9","571.9","747.8",
"상용근로자 30~299인","R. 예술,스포츠및여가관련서비스업(90~91)","퇴직급여 등의 비용[천원]","천원","399.6","319","290.2","272.6","299.3","268.7","273.9","345.7","221.2","162.4","265.4",
"상용근로자 30~299인","R. 예술,스포츠및여가관련서비스업(90~91)","현물지급비용[천원]","천원","","","","-","-","-","4.7","3.4","3.9","4.4","11",
"상용근로자 30~299인","R. 예술,스포츠및여가관련서비스업(90~91)","법정노동비용[천원]","천원","333.4","294.7","272.3","246.3","245.8","244","229.7","218.1","213.5","203.5","202.4",
"상용근로자 30~299인","R. 예술,스포츠및여가관련서비스업(90~91)","법정외 복지비용[천원]","천원","311.4","274","235.7","193.7","178.7","184.9","204","196.6","164.6","180.9","233.7",
"상용근로자 30~299인","R. 예술,스포츠및여가관련서비스업(90~91)","채용관련비용(모집비)[천원]","천원","1.7","1.7","1.6","1","1","1.6",".9","1.8","2.5","1.2","2",
"상용근로자 30~299인","R. 예술,스포츠및여가관련서비스업(90~91)","교육훈련비용[천원]","천원","17.4","7.5","8.1","4.7","3.9","4.3","10.9","6.8","24.8","11.8","11.4",
"상용근로자 30~299인","R. 예술,스포츠및여가관련서비스업(90~91)","기타노동비용[천원]","천원","","","","-","-","-","5.7","7.3","2.3","7.7","22",
"상용근로자 30~299인","S. 협회및단체,수리및기타개인서비스업(94~96)","노동비용총액[천원]","천원","4166.4","3707.9","3602.8","3541.3","3349.4","3480.9","3447.5","3349.6","2780.5","2779.7","2829.3",
"상용근로자 30~299인","S. 협회및단체,수리및기타개인서비스업(94~96)","직접노동비용(계)[천원]","천원","3467.3","3045.7","2945.1","2909.5","2790.1","2902.4","2803.5","2715.6","2255.9","2251.4","2260.2",
"상용근로자 30~299인","S. 협회및단체,수리및기타개인서비스업(94~96)","정액 및 초과급여[천원]","천원","3184.5","2853.9","2643.7","2538.6","2458.1","2525.8","2426.8","2323.3","2032.9","2011.3","2029.7",
"상용근로자 30~299인","S. 협회및단체,수리및기타개인서비스업(94~96)","상여금 및 성과금[천원]","천원","282.9","191.9","301.4","370.9","332","376.5","376.7","392.3","223.1","240.1","230.5",
"상용근로자 30~299인","S. 협회및단체,수리및기타개인서비스업(94~96)","간접노동비용(계)[천원]","천원","699.1","662.2","657.7","631.8","559.4","578.5","644","634","524.6","528.3","569.2",
"상용근로자 30~299인","S. 협회및단체,수리및기타개인서비스업(94~96)","퇴직급여 등의 비용[천원]","천원","319.9","257.2","306.5","254","187.9","215.6","262.8","263.3","192.4","191.9","226.8",
"상용근로자 30~299인","S. 협회및단체,수리및기타개인서비스업(94~96)","현물지급비용[천원]","천원","","","","-","-","-","5","3.2",".9",".5",".5",
"상용근로자 30~299인","S. 협회및단체,수리및기타개인서비스업(94~96)","법정노동비용[천원]","천원","279.9","273.7","262","251.1","247.8","234.6","234.2","219.8","203.3","196.3","197.9",
"상용근로자 30~299인","S. 협회및단체,수리및기타개인서비스업(94~96)","법정외 복지비용[천원]","천원","92.5","120.7","84.2","116.7","114.8","118.2","132","133","117","125.1","136.5",
"상용근로자 30~299인","S. 협회및단체,수리및기타개인서비스업(94~96)","채용관련비용(모집비)[천원]","천원","2.3","3.8",".7","3.3","2.6","1",".7",".6",".9",".2",".9",
"상용근로자 30~299인","S. 협회및단체,수리및기타개인서비스업(94~96)","교육훈련비용[천원]","천원","4.4","6.7","4.2","6.8","6.3","9.1","6.2","12.8","8.6","13.1","4.9",
"상용근로자 30~299인","S. 협회및단체,수리및기타개인서비스업(94~96)","기타노동비용[천원]","천원","","","","-","-","-","3.1","1.2","1.5","1.2","1.7",
"1규모(상용근로자 10~29인)","전체","노동비용총액[천원]","천원","4104.1","3953.8","3887.7","3579.1","3393.6","3296.9","3199.7","3090.2","2860.3","2778.9","2771.1",
"1규모(상용근로자 10~29인)","전체","직접노동비용(계)[천원]","천원","3436","3343.7","3284.4","2942.4","2817.7","2722.3","2609.2","2504.8","2343.8","2264.7","2262",
"1규모(상용근로자 10~29인)","전체","정액 및 초과급여[천원]","천원","3191.5","3086.1","3016.8","2706.5","2582.7","2520.2","2378.8","2285.9","2113.7","2051.9","2044.7",
"1규모(상용근로자 10~29인)","전체","상여금 및 성과금[천원]","천원","244.5","257.6","267.6","235.9","235","202.1","230.4","218.8","230.1","212.8","217.3",
"1규모(상용근로자 10~29인)","전체","간접노동비용(계)[천원]","천원","668.1","610.1","603.3","636.7","575.8","574.6","590.5","585.4","516.5","514.3","509.1",
"1규모(상용근로자 10~29인)","전체","퇴직급여 등의 비용[천원]","천원","263.3","221.5","227","262.4","207.7","185.8","201.4","219.3","180.2","167.1","165.2",
"1규모(상용근로자 10~29인)","전체","현물지급비용[천원]","천원","","","","-","-","-","3","3.3","1.8","1.5","1.4",
"1규모(상용근로자 10~29인)","전체","법정노동비용[천원]","천원","278.5","263.3","265.9","247.6","238.8","236.7","226.8","218.7","209.4","202.6","197.2",
"1규모(상용근로자 10~29인)","전체","법정외 복지비용[천원]","천원","120.6","119.9","106.3","122.3","125.2","143.8","153.8","138.8","118.7","137.6","139.8",
"1규모(상용근로자 10~29인)","전체","채용관련비용(모집비)[천원]","천원","1.2","1.6","1.4",".9",".8",".8",".7",".8",".6",".5",".8",
"1규모(상용근로자 10~29인)","전체","교육훈련비용[천원]","천원","4.6","3.8","2.7","3.4","3.4","7.6","3.7","3.8","4.6","4","4.2",
"1규모(상용근로자 10~29인)","전체","기타노동비용[천원]","천원","","","","-","-","-","1.1",".8","1.1","1",".5",
"1규모(상용근로자 10~29인)","B. 광업(05~08)","노동비용총액[천원]","천원","5505.1","5127.1","4606.2","4066.6","3899.8","4006.9","3776.3","3559.4","3123.7","3047.2","3309.7",
"1규모(상용근로자 10~29인)","B. 광업(05~08)","직접노동비용(계)[천원]","천원","4458.4","4037.1","3677.8","3244.3","3065.2","3103.6","3023.4","2804.4","2531","2358.6","2529.7",
"1규모(상용근로자 10~29인)","B. 광업(05~08)","정액 및 초과급여[천원]","천원","4121.1","3799.9","3378","3034.6","2918.1","2878.1","2841.3","2603.9","2343.5","2230.2","2289.7",
"1규모(상용근로자 10~29인)","B. 광업(05~08)","상여금 및 성과금[천원]","천원","337.3","237.1","299.8","209.7","147.1","225.5","182.1","200.6","187.5","128.4","240",
"1규모(상용근로자 10~29인)","B. 광업(05~08)","간접노동비용(계)[천원]","천원","1046.7","1090","928.4","822.3","834.6","903.3","752.9","755","592.7","688.6","780",
"1규모(상용근로자 10~29인)","B. 광업(05~08)","퇴직급여 등의 비용[천원]","천원","260.5","356.7","266.7","226.8","199.6","254","206","253.4","157","161.5","191.2",
"1규모(상용근로자 10~29인)","B. 광업(05~08)","현물지급비용[천원]","천원","","","","-","-","-","3.9","3",".6","0","0",
"1규모(상용근로자 10~29인)","B. 광업(05~08)","법정노동비용[천원]","천원","521.7","459","440.9","373.1","410.7","427.9","360.2","308.9","265.3","311.5","355.9",
"1규모(상용근로자 10~29인)","B. 광업(05~08)","법정외 복지비용[천원]","천원","261.9","272","217.7","219.7","222.9","217.7","178.8","187.3","168.5","214","230.9",
"1규모(상용근로자 10~29인)","B. 광업(05~08)","채용관련비용(모집비)[천원]","천원",".4",".4",".7",".2",".1",".6",".3",".2","0",".5",".3",
"1규모(상용근로자 10~29인)","B. 광업(05~08)","교육훈련비용[천원]","천원","2.3","2","2.4","2.5","1.3","3.2",".9",".3",".5",".4",".9",
"1규모(상용근로자 10~29인)","B. 광업(05~08)","기타노동비용[천원]","천원","","","","-","-","-","2.7","1.9",".7",".7",".8",
"1규모(상용근로자 10~29인)","C. 제조업(10~33)","노동비용총액[천원]","천원","4024.5","3877.2","3776.4","3545.2","3483.8","3346","3231.5","3079.8","2866.3","2813.4","2781.9",
"1규모(상용근로자 10~29인)","C. 제조업(10~33)","직접노동비용(계)[천원]","천원","3298.9","3178.2","3113.9","2904","2877.2","2721.5","2575","2433.2","2297.9","2248.1","2221.7",
"1규모(상용근로자 10~29인)","C. 제조업(10~33)","정액 및 초과급여[천원]","천원","3047.2","2925.5","2854","2629.2","2600.6","2488.1","2322.3","2202.4","2054.6","1993.4","1967.7",
"1규모(상용근로자 10~29인)","C. 제조업(10~33)","상여금 및 성과금[천원]","천원","251.7","252.7","259.8","274.8","276.5","233.4","252.7","230.8","243.3","254.7","254",
"1규모(상용근로자 10~29인)","C. 제조업(10~33)","간접노동비용(계)[천원]","천원","725.6","699","662.6","641.2","606.6","624.5","656.5","646.6","568.3","565.3","560.2",
"1규모(상용근로자 10~29인)","C. 제조업(10~33)","퇴직급여 등의 비용[천원]","천원","286.9","264.6","266.6","240.2","188.4","190.6","229.9","260.6","210.1","188.7","184",
"1규모(상용근로자 10~29인)","C. 제조업(10~33)","현물지급비용[천원]","천원","","","","-","-","-","2.8","2.1","1.6",".9",".8",
"1규모(상용근로자 10~29인)","C. 제조업(10~33)","법정노동비용[천원]","천원","283.8","272","268.2","249.2","246.6","245.4","236.2","218.5","214.2","208.2","202.3",
"1규모(상용근로자 10~29인)","C. 제조업(10~33)","법정외 복지비용[천원]","천원","152.3","158.6","124.8","149.5","167.5","184.7","181.6","158.8","136.3","162.4","169",
"1규모(상용근로자 10~29인)","C. 제조업(10~33)","채용관련비용(모집비)[천원]","천원",".6","1",".9",".2",".5",".6",".8",".9",".8",".7",".9",
"1규모(상용근로자 10~29인)","C. 제조업(10~33)","교육훈련비용[천원]","천원","2.1","2.7","2","2","3.6","3.2","3.7","4.4","3.5","2.7","2.5",
"1규모(상용근로자 10~29인)","C. 제조업(10~33)","기타노동비용[천원]","천원","","","","-","-","-","1.6","1.3","1.8","1.8",".7",
"1규모(상용근로자 10~29인)","D. 전기,가스,증기및수도사업(35~36)","노동비용총액[천원]","천원","7288.3","10813.8","5839","5777.9","4802","4945.7","4007","3297.5","2568.8","2127.3","2088.1",
"1규모(상용근로자 10~29인)","D. 전기,가스,증기및수도사업(35~36)","직접노동비용(계)[천원]","천원","6036.7","9288.2","4799.8","4386.6","3968.2","4134.7","3308.2","2733.7","2000.8","1695.6","1765.9",
"1규모(상용근로자 10~29인)","D. 전기,가스,증기및수도사업(35~36)","정액 및 초과급여[천원]","천원","5147.3","8408.7","4126.6","3654","3318.3","3421.3","2610.6","2200.7","1805.8","1570.2","1637.6",
"1규모(상용근로자 10~29인)","D. 전기,가스,증기및수도사업(35~36)","상여금 및 성과금[천원]","천원","889.4","879.4","673.1","732.5","649.9","713.4","697.6","532.9","195","125.4","128.3",
"1규모(상용근로자 10~29인)","D. 전기,가스,증기및수도사업(35~36)","간접노동비용(계)[천원]","천원","1251.6","1525.6","1039.2","1391.3","833.8","811","698.8","563.9","568","431.7","322.1",
"1규모(상용근로자 10~29인)","D. 전기,가스,증기및수도사업(35~36)","퇴직급여 등의 비용[천원]","천원","568.9","857.9","369","810.1","243.5","278.4","313.8","237.8","255","216.9","82.1",
"1규모(상용근로자 10~29인)","D. 전기,가스,증기및수도사업(35~36)","현물지급비용[천원]","천원","","","","-","-","-",".2","2.3","1.4","0","0",
"1규모(상용근로자 10~29인)","D. 전기,가스,증기및수도사업(35~36)","법정노동비용[천원]","천원","393.1","373.7","372.1","309.6","351.1","336.8","235.8","209","140.8","121.3","136.7",
"1규모(상용근로자 10~29인)","D. 전기,가스,증기및수도사업(35~36)","법정외 복지비용[천원]","천원","267.5","272.2","258.1","260.7","228","179.7","135.4","103.4","161.2","88.1","95.3",
"1규모(상용근로자 10~29인)","D. 전기,가스,증기및수도사업(35~36)","채용관련비용(모집비)[천원]","천원","2.9","2.5","4.8","1.4",".8","3",".6","1.9",".5",".2",".3",
"1규모(상용근로자 10~29인)","D. 전기,가스,증기및수도사업(35~36)","교육훈련비용[천원]","천원","19.2","19.4","35.1","9.5","10.4","13.1","10.8","8.2","7.3","3.6","5.2",
"1규모(상용근로자 10~29인)","D. 전기,가스,증기및수도사업(35~36)","기타노동비용[천원]","천원","","","","-","-","-","2.1","1.3","1.8","1.6","2.6",
"1규모(상용근로자 10~29인)","E. 하수·폐기물처리,원료재생및환경복원업(37~39)","노동비용총액[천원]","천원","4173.9","4277.6","3852.7","3490.3","3362.3","3238.8","3119.4","2982.8","2733.1","2514.4","2714.1",
"1규모(상용근로자 10~29인)","E. 하수·폐기물처리,원료재생및환경복원업(37~39)","직접노동비용(계)[천원]","천원","3489.7","3595.1","3180.5","2894.6","2775","2676.7","2478.7","2428.3","2248.4","2054.7","2197.1",
"1규모(상용근로자 10~29인)","E. 하수·폐기물처리,원료재생및환경복원업(37~39)","정액 및 초과급여[천원]","천원","2951.2","3003.3","2895.1","2652.8","2584","2501.9","2299.6","2257.8","2035.2","1832","1944.2",
"1규모(상용근로자 10~29인)","E. 하수·폐기물처리,원료재생및환경복원업(37~39)","상여금 및 성과금[천원]","천원","538.5","591.7","285.5","241.8","191","174.8","179.2","170.5","213.2","222.7","252.8",
"1규모(상용근로자 10~29인)","E. 하수·폐기물처리,원료재생및환경복원업(37~39)","간접노동비용(계)[천원]","천원","684.2","682.5","672.2","595.7","587.3","562.2","640.7","554.5","484.7","459.8","517",
"1규모(상용근로자 10~29인)","E. 하수·폐기물처리,원료재생및환경복원업(37~39)","퇴직급여 등의 비용[천원]","천원","247.6","233","219.7","199.2","190.7","179.6","256.7","171.7","131.6","111.3","159",
"1규모(상용근로자 10~29인)","E. 하수·폐기물처리,원료재생및환경복원업(37~39)","현물지급비용[천원]","천원","","","","-","-","-","5.6","3","1.8","1.5","3.1",
"1규모(상용근로자 10~29인)","E. 하수·폐기물처리,원료재생및환경복원업(37~39)","법정노동비용[천원]","천원","294.4","286.2","277.9","275.8","267.5","254.5","223.5","220.8","213.5","208","228.4",
"1규모(상용근로자 10~29인)","E. 하수·폐기물처리,원료재생및환경복원업(37~39)","법정외 복지비용[천원]","천원","139.5","159.8","170.9","118.5","125.8","124.7","150.2","154.8","118.9","137.8","125.1",
"1규모(상용근로자 10~29인)","E. 하수·폐기물처리,원료재생및환경복원업(37~39)","채용관련비용(모집비)[천원]","천원",".4",".4",".5",".3","1.5",".9","1.6",".5",".4",".1",".1",
"1규모(상용근로자 10~29인)","E. 하수·폐기물처리,원료재생및환경복원업(37~39)","교육훈련비용[천원]","천원","2.4","3.2","3.2","1.9","1.8","2.4","2.1","1.5","16.1",".6",".9",
"1규모(상용근로자 10~29인)","E. 하수·폐기물처리,원료재생및환경복원업(37~39)","기타노동비용[천원]","천원","","","","-","-","-","1","2.2","2.4",".5",".3",
"1규모(상용근로자 10~29인)","F. 건설업(41~42)","노동비용총액[천원]","천원","3729.4","3697.1","3693.3","3453","3108.9","3008.9","2887.7","2819.3","2707.9","2631.5","2509.2",
"1규모(상용근로자 10~29인)","F. 건설업(41~42)","직접노동비용(계)[천원]","천원","3132.3","3156.3","3155.9","2770.9","2574.6","2482.4","2331.9","2281.8","2184","2085.8","2044.5",
"1규모(상용근로자 10~29인)","F. 건설업(41~42)","정액 및 초과급여[천원]","천원","2976.4","3009.9","2980.7","2576.5","2420.4","2331.5","2182.7","2147.5","2048","1938.7","1913.8",
"1규모(상용근로자 10~29인)","F. 건설업(41~42)","상여금 및 성과금[천원]","천원","155.9","146.4","175.2","194.4","154.2","150.9","149.2","134.3","136","147.2","130.7",
"1규모(상용근로자 10~29인)","F. 건설업(41~42)","간접노동비용(계)[천원]","천원","597.1","540.8","537.4","682","534.3","526.5","555.8","537.6","523.9","545.6","464.7",
"1규모(상용근로자 10~29인)","F. 건설업(41~42)","퇴직급여 등의 비용[천원]","천원","176.1","145.9","157","287.9","176.3","144.1","137","148.6","162.4","172.7","118.1",
"1규모(상용근로자 10~29인)","F. 건설업(41~42)","현물지급비용[천원]","천원","","","","-","-","-","3.9","1.8","2.6","1.8","1.3",
"1규모(상용근로자 10~29인)","F. 건설업(41~42)","법정노동비용[천원]","천원","296.5","296.4","297.4","279.9","265.1","236.4","229","249","237.5","234.9","213.6",
"1규모(상용근로자 10~29인)","F. 건설업(41~42)","법정외 복지비용[천원]","천원","116.7","92.3","80.5","108.1","89.2","140","181.5","134.9","116.5","131","126.9",
"1규모(상용근로자 10~29인)","F. 건설업(41~42)","채용관련비용(모집비)[천원]","천원",".8","1.5",".3","0",".4",".2",".3",".3",".3",".1",".1",
"1규모(상용근로자 10~29인)","F. 건설업(41~42)","교육훈련비용[천원]","천원","7","4.8","2.2","6.1","3.3","5.9","3.8","2.7","3.8","4.7","4.3",
"1규모(상용근로자 10~29인)","F. 건설업(41~42)","기타노동비용[천원]","천원","","","","-","-","-",".4",".4",".9",".3",".3",
"1규모(상용근로자 10~29인)","G. 도매및소매업(45~47)","노동비용총액[천원]","천원","4826.1","4760.1","4620.3","3948.4","3832.6","3464.1","3527.8","3448.6","3056.9","3041.7","3131.9",
"1규모(상용근로자 10~29인)","G. 도매및소매업(45~47)","직접노동비용(계)[천원]","천원","4144","4186.1","4004.4","3267.1","3150.4","2892.3","2907.8","2858","2591.1","2563.2","2619.2",
"1규모(상용근로자 10~29인)","G. 도매및소매업(45~47)","정액 및 초과급여[천원]","천원","3844.7","3785.8","3606.2","3059","2815.9","2704.5","2615.6","2591.3","2284.9","2265","2306.8",
"1규모(상용근로자 10~29인)","G. 도매및소매업(45~47)","상여금 및 성과금[천원]","천원","299.4","400.4","398.3","208.1","334.4","187.8","292.2","266.7","306.2","298.1","312.3",
"1규모(상용근로자 10~29인)","G. 도매및소매업(45~47)","간접노동비용(계)[천원]","천원","682","574","615.8","681.3","682.3","571.8","619.9","590.6","465.8","478.6","512.7",
"1규모(상용근로자 10~29인)","G. 도매및소매업(45~47)","퇴직급여 등의 비용[천원]","천원","305.8","205.3","229","307.9","317.8","198.7","236.5","219.8","145.3","131.1","181.8",
"1규모(상용근로자 10~29인)","G. 도매및소매업(45~47)","현물지급비용[천원]","천원","","","","-","-","-","3.2","4.2","3","3","2.4",
"1규모(상용근로자 10~29인)","G. 도매및소매업(45~47)","법정노동비용[천원]","천원","279.3","250.3","266.4","246.6","237.6","232.2","237.4","224.2","202.4","193.4","192.8",
"1규모(상용근로자 10~29인)","G. 도매및소매업(45~47)","법정외 복지비용[천원]","천원","89","110.9","113.7","121.1","123.6","128.9","139.1","138","110.5","143.5","127.8",
"1규모(상용근로자 10~29인)","G. 도매및소매업(45~47)","채용관련비용(모집비)[천원]","천원","1.4","2.1","3.2","1.7",".8","1.1",".8","1",".6","1","1.6",
"1규모(상용근로자 10~29인)","G. 도매및소매업(45~47)","교육훈련비용[천원]","천원","6.5","5.4","3.6","4.1","2.5","11","2.3","3.2","3.9","5.5","6.1",
"1규모(상용근로자 10~29인)","G. 도매및소매업(45~47)","기타노동비용[천원]","천원","","","","-","-","-",".6",".1",".1","1.1",".2",
"1규모(상용근로자 10~29인)","H. 운수업(49~52)","노동비용총액[천원]","천원","3534.4","3360.6","3352.6","2977.2","2735.3","2957.9","2986.3","2935.5","2470","2384","2576.9",
"1규모(상용근로자 10~29인)","H. 운수업(49~52)","직접노동비용(계)[천원]","천원","2983.9","2859.3","2786.2","2441.4","2300","2468.3","2433.9","2390","2038.2","1959.2","2072.9",
"1규모(상용근로자 10~29인)","H. 운수업(49~52)","정액 및 초과급여[천원]","천원","2794","2706.9","2608.4","2258.2","2160.2","2267","2202.8","2099","1850","1813.9","1877.5",
"1규모(상용근로자 10~29인)","H. 운수업(49~52)","상여금 및 성과금[천원]","천원","189.9","152.4","177.8","183.2","139.9","201.4","231.1","291","188.2","145.3","195.4",
"1규모(상용근로자 10~29인)","H. 운수업(49~52)","간접노동비용(계)[천원]","천원","550.5","501.3","566.4","535.8","435.2","489.6","552.3","545.5","431.9","424.8","504",
"1규모(상용근로자 10~29인)","H. 운수업(49~52)","퇴직급여 등의 비용[천원]","천원","200.8","187.7","236.1","215.9","152.3","170.1","204.8","243.2","148.9","150.2","209.1",
"1규모(상용근로자 10~29인)","H. 운수업(49~52)","현물지급비용[천원]","천원","","","","-","-","-","2.4","4.1",".7","1",".9",
"1규모(상용근로자 10~29인)","H. 운수업(49~52)","법정노동비용[천원]","천원","237.3","224.9","237.5","220","198.9","218.2","209.9","195.3","171.8","157.9","168.8",
"1규모(상용근로자 10~29인)","H. 운수업(49~52)","법정외 복지비용[천원]","천원","109.4","86.7","91","96.2","81.1","98.2","128.4","99","104.8","112.7","121.9",
"1규모(상용근로자 10~29인)","H. 운수업(49~52)","채용관련비용(모집비)[천원]","천원",".9",".6",".5","1.2",".4",".6",".5",".5",".3",".5",".3",
"1규모(상용근로자 10~29인)","H. 운수업(49~52)","교육훈련비용[천원]","천원","2.1","1.3","1.3","2.5","2.6","2.5","4.6","3.1","3.3","1.7","2.9",
"1규모(상용근로자 10~29인)","H. 운수업(49~52)","기타노동비용[천원]","천원","","","","-","-","-","1.7",".3","2.1",".8",".1",
"1규모(상용근로자 10~29인)","I. 숙박및음식점업(55~56)","노동비용총액[천원]","천원","3198.3","2869.7","2619.6","2669.5","2554.8","2615.8","2214.3","2051.9","2174.3","2087.5","1960.7",
"1규모(상용근로자 10~29인)","I. 숙박및음식점업(55~56)","직접노동비용(계)[천원]","천원","2666.9","2453.1","2249.7","2212.4","2060.9","2095.9","1902.1","1788.1","1863.5","1765.8","1711.7",
"1규모(상용근로자 10~29인)","I. 숙박및음식점업(55~56)","정액 및 초과급여[천원]","천원","2631.1","2369","2220","2103.1","1980.6","1991.3","1821.2","1728.3","1796.3","1695.1","1659.5",
"1규모(상용근로자 10~29인)","I. 숙박및음식점업(55~56)","상여금 및 성과금[천원]","천원","35.7","84.1","29.7","109.3","80.3","104.6","80.8","59.8","67.3","70.7","52.2",
"1규모(상용근로자 10~29인)","I. 숙박및음식점업(55~56)","간접노동비용(계)[천원]","천원","531.5","416.6","369.9","457.1","494","519.9","312.2","263.8","310.7","321.7","248.9",
"1규모(상용근로자 10~29인)","I. 숙박및음식점업(55~56)","퇴직급여 등의 비용[천원]","천원","192.6","124.1","112.9","193.1","210.3","259.6","119.6","83.9","99.7","116.2","49.7",
"1규모(상용근로자 10~29인)","I. 숙박및음식점업(55~56)","현물지급비용[천원]","천원","","","","-","-","-","4.5","2.5",".3",".2",".5",
"1규모(상용근로자 10~29인)","I. 숙박및음식점업(55~56)","법정노동비용[천원]","천원","207.8","200.8","181.4","198.2","189.8","190.1","152.8","137.8","140.4","137.3","136.6",
"1규모(상용근로자 10~29인)","I. 숙박및음식점업(55~56)","법정외 복지비용[천원]","천원","123.7","86.1","72.3","62.1","90.7","68.2","32.4","37.5","68.1","64.8","60.7",
"1규모(상용근로자 10~29인)","I. 숙박및음식점업(55~56)","채용관련비용(모집비)[천원]","천원","3.2","3.9","3.2","1.5","2.2","1.5","1.9","1.7","1.2","1.8",".7",
"1규모(상용근로자 10~29인)","I. 숙박및음식점업(55~56)","교육훈련비용[천원]","천원","4.3","1.7",".2","2.1","1",".4",".9",".4","1.1","1",".1",
"1규모(상용근로자 10~29인)","I. 숙박및음식점업(55~56)","기타노동비용[천원]","천원","","","","-","-","-",".1","0","0",".4",".8",
"1규모(상용근로자 10~29인)","J. 출판,영상,방송통신및정보서비스업(58~63)","노동비용총액[천원]","천원","4591.5","4237","4194.9","3593.1","3228.1","3417","3224.3","3057.3","3033.4","2987.9","2882.8",
"1규모(상용근로자 10~29인)","J. 출판,영상,방송통신및정보서비스업(58~63)","직접노동비용(계)[천원]","천원","3889.5","3623.1","3564.4","2965.7","2749.7","2927.7","2796.2","2618.6","2607.6","2522.7","2429.2",
"1규모(상용근로자 10~29인)","J. 출판,영상,방송통신및정보서비스업(58~63)","정액 및 초과급여[천원]","천원","3685.7","3397.3","3323.3","2879.4","2665.2","2810.5","2689.5","2477.6","2490.1","2388","2281.3",
"1규모(상용근로자 10~29인)","J. 출판,영상,방송통신및정보서비스업(58~63)","상여금 및 성과금[천원]","천원","203.8","225.8","241.1","86.3","84.5","117.2","106.7","141","117.5","134.6","148",
"1규모(상용근로자 10~29인)","J. 출판,영상,방송통신및정보서비스업(58~63)","간접노동비용(계)[천원]","천원","702","613.9","630.5","627.4","478.4","489.3","428.1","438.6","425.8","465.2","453.6",
"1규모(상용근로자 10~29인)","J. 출판,영상,방송통신및정보서비스업(58~63)","퇴직급여 등의 비용[천원]","천원","301.4","239.1","264.9","310.9","157","136.2","133.7","128.2","152.2","168.8","141",
"1규모(상용근로자 10~29인)","J. 출판,영상,방송통신및정보서비스업(58~63)","현물지급비용[천원]","천원","","","","-","-","-","1.5","7.2","2.1","2.4","2.1",
"1규모(상용근로자 10~29인)","J. 출판,영상,방송통신및정보서비스업(58~63)","법정노동비용[천원]","천원","304.9","283.3","277.7","237.9","230.1","254.1","214.9","198.6","195.9","191.9","188.4",
"1규모(상용근로자 10~29인)","J. 출판,영상,방송통신및정보서비스업(58~63)","법정외 복지비용[천원]","천원","88.3","82.2","79.1","69.9","86.8","91.3","74.5","102.1","69.6","96.9","116",
"1규모(상용근로자 10~29인)","J. 출판,영상,방송통신및정보서비스업(58~63)","채용관련비용(모집비)[천원]","천원","2.3","4.6","2.1","2.8","1.2","2.1","0",".2",".5",".1",".4",
"1규모(상용근로자 10~29인)","J. 출판,영상,방송통신및정보서비스업(58~63)","교육훈련비용[천원]","천원","5.1","4.7","6.6","5.8","3.2","5.5","3.1","2.2","5","4.8","5.4",
"1규모(상용근로자 10~29인)","J. 출판,영상,방송통신및정보서비스업(58~63)","기타노동비용[천원]","천원","","","","-","-","-",".3",".1",".4",".2",".3",
"1규모(상용근로자 10~29인)","K. 금융및보험업(64~66)","노동비용총액[천원]","천원","7306.6","7446.5","6515.7","7383.1","6132.9","6384.9","6510.5","5832","4879.5","4557.6","4921.3",
"1규모(상용근로자 10~29인)","K. 금융및보험업(64~66)","직접노동비용(계)[천원]","천원","6325.7","6539.9","5697.9","6344.5","5146.8","5423.7","5532.7","4842.2","4145.4","3863","4148.5",
"1규모(상용근로자 10~29인)","K. 금융및보험업(64~66)","정액 및 초과급여[천원]","천원","4964.4","5564.6","3938.5","4459.3","3814.9","4225.6","4618.8","4213","3617","3388.2","3570.3",
"1규모(상용근로자 10~29인)","K. 금융및보험업(64~66)","상여금 및 성과금[천원]","천원","1361.3","975.3","1759.4","1885.2","1331.8","1198","913.8","629.1","528.4","474.8","578.2",
"1규모(상용근로자 10~29인)","K. 금융및보험업(64~66)","간접노동비용(계)[천원]","천원","980.9","906.6","817.8","1038.5","986.2","961.2","977.8","989.8","734","694.6","772.8",
"1규모(상용근로자 10~29인)","K. 금융및보험업(64~66)","퇴직급여 등의 비용[천원]","천원","438.4","392.7","329.2","498.4","455.6","429.9","448.7","438","252.3","215","285.8",
"1규모(상용근로자 10~29인)","K. 금융및보험업(64~66)","현물지급비용[천원]","천원","","","","-","-","-","2.6","3.7",".4",".2",".1",
"1규모(상용근로자 10~29인)","K. 금융및보험업(64~66)","법정노동비용[천원]","천원","356.3","337.4","337.9","349.4","338.2","340.4","320.1","302.4","291","254.9","256.6",
"1규모(상용근로자 10~29인)","K. 금융및보험업(64~66)","법정외 복지비용[천원]","천원","167.3","146.5","142","163.4","168.2","164.9","167.9","204.1","162.6","198","175.2",
"1규모(상용근로자 10~29인)","K. 금융및보험업(64~66)","채용관련비용(모집비)[천원]","천원","5","9.9","2.6","6.3","1.6","4.4","4.4","3.5","2.5",".7","10.4",
"1규모(상용근로자 10~29인)","K. 금융및보험업(64~66)","교육훈련비용[천원]","천원","14","20.1","6.1","21.1","22.6","21.6","20.9","31.4","23.6","25.2","43.4",
"1규모(상용근로자 10~29인)","K. 금융및보험업(64~66)","기타노동비용[천원]","천원","","","","-","-","-","13.2","6.7","1.7",".6","1.3",
"1규모(상용근로자 10~29인)","L. 부동산업및임대업(68~69)","노동비용총액[천원]","천원","4080.9","3680.6","3687.7","3765.4","3509.4","3627.7","3453","3673.7","3181.4","2812.9","3074.8",
"1규모(상용근로자 10~29인)","L. 부동산업및임대업(68~69)","직접노동비용(계)[천원]","천원","3306.2","3073.1","3140.1","3232.5","2918.6","3043.5","2819","2867.3","2577.8","2331.5","2538.2",
"1규모(상용근로자 10~29인)","L. 부동산업및임대업(68~69)","정액 및 초과급여[천원]","천원","2872.6","2733.8","2940.9","2936","2690.8","2814.8","2580.2","2570.8","2312","2131.8","2298.8",
"1규모(상용근로자 10~29인)","L. 부동산업및임대업(68~69)","상여금 및 성과금[천원]","천원","433.6","339.3","199.2","296.4","227.9","228.7","238.8","296.5","265.8","199.7","239.5",
"1규모(상용근로자 10~29인)","L. 부동산업및임대업(68~69)","간접노동비용(계)[천원]","천원","774.8","607.5","547.6","532.9","590.8","584.2","633.9","806.5","603.6","481.4","536.6",
"1규모(상용근로자 10~29인)","L. 부동산업및임대업(68~69)","퇴직급여 등의 비용[천원]","천원","396.1","341.2","246.7","189.6","282.4","251.5","280.1","460.9","259.7","222.6","225.2",
"1규모(상용근로자 10~29인)","L. 부동산업및임대업(68~69)","현물지급비용[천원]","천원","","","","-","-","-","6.1","3.7","1.6","1.2","1.1",
"1규모(상용근로자 10~29인)","L. 부동산업및임대업(68~69)","법정노동비용[천원]","천원","278.4","206.7","247.5","239.2","225","225.9","214.2","211.4","204.4","171.2","197",
"1규모(상용근로자 10~29인)","L. 부동산업및임대업(68~69)","법정외 복지비용[천원]","천원","76.6","55.2","51.1","98.9","76.9","99.5","126","122.9","128.1","84.5","107.7",
"1규모(상용근로자 10~29인)","L. 부동산업및임대업(68~69)","채용관련비용(모집비)[천원]","천원","4.4",".9",".2",".5","1","1.9",".2",".4",".2",".4",".4",
"1규모(상용근로자 10~29인)","L. 부동산업및임대업(68~69)","교육훈련비용[천원]","천원","19.3","3.5","2.1","4.7","5.5","5.3","5.6","6.5","8.9","1.4","5",
"1규모(상용근로자 10~29인)","L. 부동산업및임대업(68~69)","기타노동비용[천원]","천원","","","","-","-","-","1.7",".6",".7",".1",".1",
"1규모(상용근로자 10~29인)","M. 전문,과학및기술서비스업(70~73)","노동비용총액[천원]","천원","3716.6","3618.6","3840.2","3851.2","3416.1","3573.7","3360.7","3216.8","3107.8","2889.4","2918.6",
"1규모(상용근로자 10~29인)","M. 전문,과학및기술서비스업(70~73)","직접노동비용(계)[천원]","천원","3203.4","3136.4","3313.6","3213.5","2949.2","2976.2","2793.8","2644.7","2545.6","2402.4","2417.7",
"1규모(상용근로자 10~29인)","M. 전문,과학및기술서비스업(70~73)","정액 및 초과급여[천원]","천원","3014.3","2909.9","3092.5","2996.8","2786.7","2741","2474.7","2329.5","2127.4","2187.1","2226.4",
"1규모(상용근로자 10~29인)","M. 전문,과학및기술서비스업(70~73)","상여금 및 성과금[천원]","천원","189","226.6","221.1","216.7","162.5","235.2","319.1","315.2","418.1","215.3","191.2",
"1규모(상용근로자 10~29인)","M. 전문,과학및기술서비스업(70~73)","간접노동비용(계)[천원]","천원","513.2","482.2","526.6","637.7","467","597.5","567","572.1","562.2","487.1","500.9",
"1규모(상용근로자 10~29인)","M. 전문,과학및기술서비스업(70~73)","퇴직급여 등의 비용[천원]","천원","180.5","167.4","191.2","296.7","164.5","247.5","194","217.2","235.6","174.2","173.1",
"1규모(상용근로자 10~29인)","M. 전문,과학및기술서비스업(70~73)","현물지급비용[천원]","천원","","","","-","-","-","3","4.3",".4",".7","2.6",
"1규모(상용근로자 10~29인)","M. 전문,과학및기술서비스업(70~73)","법정노동비용[천원]","천원","248.6","240.2","246","236.8","222.8","232.1","215.2","208.9","205.7","191.1","183.4",
"1규모(상용근로자 10~29인)","M. 전문,과학및기술서비스업(70~73)","법정외 복지비용[천원]","천원","75.1","65.9","84.8","98","74.4","105.3","149.7","136.7","109.1","109.7","128.8",
"1규모(상용근로자 10~29인)","M. 전문,과학및기술서비스업(70~73)","채용관련비용(모집비)[천원]","천원","2.1","1.5","1","2.9","1",".4",".1",".2","0",".1",".2",
"1규모(상용근로자 10~29인)","M. 전문,과학및기술서비스업(70~73)","교육훈련비용[천원]","천원","7","7.2","3.6","3.3","4.2","12.2","4.9","3.9","10.8","11.2","11.6",
"1규모(상용근로자 10~29인)","M. 전문,과학및기술서비스업(70~73)","기타노동비용[천원]","천원","","","","-","-","-","0",".9",".6",".1","1.2",
"1규모(상용근로자 10~29인)","N. 사업시설관리및사업지원서비스업(74~75)","노동비용총액[천원]","천원","2848.1","2450.6","2751","2421.2","2340.9","2479.2","2388","2329.9","2219.6","2062.6","2056",
"1규모(상용근로자 10~29인)","N. 사업시설관리및사업지원서비스업(74~75)","직접노동비용(계)[천원]","천원","2375.5","2084.8","2358","2004.5","1940.9","2098.9","2017.8","1962.3","1871.3","1733.5","1723.8",
"1규모(상용근로자 10~29인)","N. 사업시설관리및사업지원서비스업(74~75)","정액 및 초과급여[천원]","천원","2255.7","1972.3","2067.3","1841.1","1868.3","1987","1891.6","1835.4","1761.4","1619.7","1642.4",
"1규모(상용근로자 10~29인)","N. 사업시설관리및사업지원서비스업(74~75)","상여금 및 성과금[천원]","천원","119.8","112.5","290.7","163.4","72.6","111.9","126.2","126.9","109.8","113.7","81.5",
"1규모(상용근로자 10~29인)","N. 사업시설관리및사업지원서비스업(74~75)","간접노동비용(계)[천원]","천원","472.7","365.8","393.1","416.7","400","380.3","370.2","367.6","348.4","329.1","332.1",
"1규모(상용근로자 10~29인)","N. 사업시설관리및사업지원서비스업(74~75)","퇴직급여 등의 비용[천원]","천원","188.5","146.7","138.8","183.1","170.5","132.5","116.5","127.3","112.7","99.2","106.2",
"1규모(상용근로자 10~29인)","N. 사업시설관리및사업지원서비스업(74~75)","현물지급비용[천원]","천원","","","","-","-","-","2.8","11.9","1.1",".6",".8",
"1규모(상용근로자 10~29인)","N. 사업시설관리및사업지원서비스업(74~75)","법정노동비용[천원]","천원","193.2","172.2","179.3","172.3","153.1","166","169.1","154.9","152.1","149.2","146.3",
"1규모(상용근로자 10~29인)","N. 사업시설관리및사업지원서비스업(74~75)","법정외 복지비용[천원]","천원","86.6","43.9","72.4","59.1","71.1","78.3","76.5","70","77.6","77.5","76.2",
"1규모(상용근로자 10~29인)","N. 사업시설관리및사업지원서비스업(74~75)","채용관련비용(모집비)[천원]","천원","1.7","1.6","1.4",".5","2","1.3","1.9",".9","1.8",".3",".1",
"1규모(상용근로자 10~29인)","N. 사업시설관리및사업지원서비스업(74~75)","교육훈련비용[천원]","천원","2.7","1.5","1.2","1.7","3.2","2.3","3.2","2.3","2","1.5","2.2",
"1규모(상용근로자 10~29인)","N. 사업시설관리및사업지원서비스업(74~75)","기타노동비용[천원]","천원","","","","-","-","-",".4",".2","1.1",".8",".3",
"1규모(상용근로자 10~29인)","R. 예술,스포츠및여가관련서비스업(90~91)","노동비용총액[천원]","천원","4078.2","4209.9","3645.3","3213.4","2999.1","2923.1","3040.2","2804.5","2611.6","2542.4","2322.8",
"1규모(상용근로자 10~29인)","R. 예술,스포츠및여가관련서비스업(90~91)","직접노동비용(계)[천원]","천원","3289.7","3424.2","3001.2","2635.5","2456","2394.1","2552.2","2319.2","2204.3","2110.8","1945.1",
"1규모(상용근로자 10~29인)","R. 예술,스포츠및여가관련서비스업(90~91)","정액 및 초과급여[천원]","천원","2985.1","3038.6","2796.9","2455.9","2304.6","2210.3","2395.2","2142.1","2163.1","2075.8","1909.5",
"1규모(상용근로자 10~29인)","R. 예술,스포츠및여가관련서비스업(90~91)","상여금 및 성과금[천원]","천원","304.6","385.6","204.3","179.7","151.3","183.8","157","177.1","41.2","35","35.6",
"1규모(상용근로자 10~29인)","R. 예술,스포츠및여가관련서비스업(90~91)","간접노동비용(계)[천원]","천원","788.5","785.7","644.1","577.9","543.1","529","488","485.3","407.4","431.6","377.7",
"1규모(상용근로자 10~29인)","R. 예술,스포츠및여가관련서비스업(90~91)","퇴직급여 등의 비용[천원]","천원","369.9","299.7","240.3","218.2","192.4","174.6","166.9","167","95","71.6","66.8",
"1규모(상용근로자 10~29인)","R. 예술,스포츠및여가관련서비스업(90~91)","현물지급비용[천원]","천원","","","","-","-","-","2.6","3.2",".5","2.4","2.9",
"1규모(상용근로자 10~29인)","R. 예술,스포츠및여가관련서비스업(90~91)","법정노동비용[천원]","천원","252.9","259.4","242.3","211.1","204.8","196.7","188.2","174.2","178.8","158.5","149.8",
"1규모(상용근로자 10~29인)","R. 예술,스포츠및여가관련서비스업(90~91)","법정외 복지비용[천원]","천원","164.1","217.7","159.7","141.6","141.5","155.9","127.1","138","130.7","195.9","154.8",
"1규모(상용근로자 10~29인)","R. 예술,스포츠및여가관련서비스업(90~91)","채용관련비용(모집비)[천원]","천원",".4","7.1",".4","1.5","1.6",".6",".8",".5",".4",".5","1.1",
"1규모(상용근로자 10~29인)","R. 예술,스포츠및여가관련서비스업(90~91)","교육훈련비용[천원]","천원","1.1","1.8","1.3","5.5","2.7","1.2","1.8","2.2","1.2","2.2","1.6",
"1규모(상용근로자 10~29인)","R. 예술,스포츠및여가관련서비스업(90~91)","기타노동비용[천원]","천원","","","","-","-","-",".5",".3",".8",".5",".5",
"1규모(상용근로자 10~29인)","S. 협회및단체,수리및기타개인서비스업(94~96)","노동비용총액[천원]","천원","3867.2","3697.7","3632.1","3224.9","3010.7","2909.4","2525.5","2499","2312.1","2290","2183.3",
"1규모(상용근로자 10~29인)","S. 협회및단체,수리및기타개인서비스업(94~96)","직접노동비용(계)[천원]","천원","3245.7","3136.7","3066.8","2677.6","2542","2378.1","2097.9","2042.7","1904.2","1874.7","1795.2",
"1규모(상용근로자 10~29인)","S. 협회및단체,수리및기타개인서비스업(94~96)","정액 및 초과급여[천원]","천원","3116.8","3020.1","2933.8","2545.2","2434.3","2291.2","2042.3","1987.1","1853.7","1814.1","1737.4",
"1규모(상용근로자 10~29인)","S. 협회및단체,수리및기타개인서비스업(94~96)","상여금 및 성과금[천원]","천원","128.9","116.6","132.9","132.4","107.7","86.9","55.6","55.5","50.4","60.6","57.8",
"1규모(상용근로자 10~29인)","S. 협회및단체,수리및기타개인서비스업(94~96)","간접노동비용(계)[천원]","천원","621.5","561","565.4","547.2","468.7","531.3","427.6","456.3","408","415.3","388.1",
"1규모(상용근로자 10~29인)","S. 협회및단체,수리및기타개인서비스업(94~96)","퇴직급여 등의 비용[천원]","천원","221.1","201.7","172","205.3","153.6","130.6","115.9","139.9","121.2","143","129.6",
"1규모(상용근로자 10~29인)","S. 협회및단체,수리및기타개인서비스업(94~96)","현물지급비용[천원]","천원","","","","-","-","-","1","1.6",".5",".3",".8",
"1규모(상용근로자 10~29인)","S. 협회및단체,수리및기타개인서비스업(94~96)","법정노동비용[천원]","천원","281","256.1","278.2","232.3","218.7","214","185.3","189.8","176.8","171","165.1",
"1규모(상용근로자 10~29인)","S. 협회및단체,수리및기타개인서비스업(94~96)","법정외 복지비용[천원]","천원","114.7","101.8","111.3","107.3","94","118.5","117.1","117.5","104.2","99.6","91.9",
"1규모(상용근로자 10~29인)","S. 협회및단체,수리및기타개인서비스업(94~96)","채용관련비용(모집비)[천원]","천원",".6",".3","1.7",".3","1","1.3","2.8","1.7","1.1",".1","0",
"1규모(상용근로자 10~29인)","S. 협회및단체,수리및기타개인서비스업(94~96)","교육훈련비용[천원]","천원","4.1","1.1","2.1","2.1","1.4","67","4","5.7","3.7","1.3",".5",
"1규모(상용근로자 10~29인)","S. 협회및단체,수리및기타개인서비스업(94~96)","기타노동비용[천원]","천원","","","","-","-","-","1.6","0",".5",".1",".2",
"2규모(상용근로자 30~99인)","전체","노동비용총액[천원]","천원","4259.2","4040.3","3821.9","3857.9","3703.3","3662.4","3609.5","3401.6","3133.2","2915","2920.2",
"2규모(상용근로자 30~99인)","전체","직접노동비용(계)[천원]","천원","3496.7","3323.6","3175.2","3108.8","3029.2","2964.7","2887.7","2722.6","2534.2","2349","2341.9",
"2규모(상용근로자 30~99인)","전체","정액 및 초과급여[천원]","천원","3144.1","2958.1","2806","2768.6","2658.4","2597.1","2503","2352.3","2222","2069.8","2066.5",
"2규모(상용근로자 30~99인)","전체","상여금 및 성과금[천원]","천원","352.7","365.5","369.2","340.1","370.8","367.6","384.7","370.3","312.1","279.2","275.4",
"2규모(상용근로자 30~99인)","전체","간접노동비용(계)[천원]","천원","762.5","716.6","646.7","749.1","674","697.7","721.8","679","599","566","578.2",
"2규모(상용근로자 30~99인)","전체","퇴직급여 등의 비용[천원]","천원","330","300","260.7","329.9","267.1","287.2","308.8","285.7","244.8","223","242.7",
"2규모(상용근로자 30~99인)","전체","현물지급비용[천원]","천원","","","","-","-","-","2.3","2.7","2.1","2","1.8",
"2규모(상용근로자 30~99인)","전체","법정노동비용[천원]","천원","290.6","274.3","261.4","261.2","255.4","251.2","239.4","228.1","209.2","195.5","196",
"2규모(상용근로자 30~99인)","전체","법정외 복지비용[천원]","천원","134.4","133.8","118","147.4","140.5","146.7","156.1","151","132.2","136.1","128.7",
"2규모(상용근로자 30~99인)","전체","채용관련비용(모집비)[천원]","천원","2.3","2.3","2.2","3","3.1","4.4","3.8","2.3","1.8","1.1","1.3",
"2규모(상용근로자 30~99인)","전체","교육훈련비용[천원]","천원","5.1","6.2","4.3","7.6","7.9","8.2","8.4","7.2","7.4","7","5.9",
"2규모(상용근로자 30~99인)","전체","기타노동비용[천원]","천원","","","","-","-","-","2.9","2","1.5","1.3","1.9",
"2규모(상용근로자 30~99인)","B. 광업(05~08)","노동비용총액[천원]","천원","5248.3","5594.8","5147.1","4509.6","4441.8","4355.1","4316.8","4205.7","3689.7","3459.6","3516.7",
"2규모(상용근로자 30~99인)","B. 광업(05~08)","직접노동비용(계)[천원]","천원","4184.7","4236.1","3861.1","3425.1","3426.4","3375.5","3363.4","3216","2888.5","2722.5","2781.5",
"2규모(상용근로자 30~99인)","B. 광업(05~08)","정액 및 초과급여[천원]","천원","3828.5","3870.8","3476.2","3035","2907.8","2937.4","2918.8","2846.2","2603.3","2423.5","2451.5",
"2규모(상용근로자 30~99인)","B. 광업(05~08)","상여금 및 성과금[천원]","천원","356.2","365.3","384.9","390.1","518.5","438.2","444.6","369.7","285.1","299","330",
"2규모(상용근로자 30~99인)","B. 광업(05~08)","간접노동비용(계)[천원]","천원","1063.6","1358.7","1286","1084.5","1015.4","979.6","953.4","989.8","801.2","737.1","735.3",
"2규모(상용근로자 30~99인)","B. 광업(05~08)","퇴직급여 등의 비용[천원]","천원","349.6","494.7","390.2","407.3","268","261.7","352","398.6","343.5","280.7","283",
"2규모(상용근로자 30~99인)","B. 광업(05~08)","현물지급비용[천원]","천원","","","","-","-","-","4.5","1.3",".3","1","1",
"2규모(상용근로자 30~99인)","B. 광업(05~08)","법정노동비용[천원]","천원","465.4","574.1","596.1","470.1","525.6","475.8","368.2","359.8","265.6","298","287.1",
"2규모(상용근로자 30~99인)","B. 광업(05~08)","법정외 복지비용[천원]","천원","246.3","287.3","296.3","206.2","220.8","241.3","226.2","227.7","189.2","157.1","162.6",
"2규모(상용근로자 30~99인)","B. 광업(05~08)","채용관련비용(모집비)[천원]","천원",".3","0",".1",".1",".1",".1",".5",".2",".2","0",".1",
"2규모(상용근로자 30~99인)","B. 광업(05~08)","교육훈련비용[천원]","천원","1.9","2.6","3.4",".8",".9",".7","1.7","1.6","1",".4","1.6",
"2규모(상용근로자 30~99인)","B. 광업(05~08)","기타노동비용[천원]","천원","","","","-","-","-",".3",".6","1.5","0","0",
"2규모(상용근로자 30~99인)","C. 제조업(10~33)","노동비용총액[천원]","천원","4377.1","4106.1","3970","3899.4","3796.6","3743.9","3614.4","3481.5","3154.8","2908.8","2904.1",
"2규모(상용근로자 30~99인)","C. 제조업(10~33)","직접노동비용(계)[천원]","천원","3540.7","3330.3","3228.5","3072.6","3074.2","2987.6","2839.5","2746.3","2506.8","2298.5","2292.2",
"2규모(상용근로자 30~99인)","C. 제조업(10~33)","정액 및 초과급여[천원]","천원","3159.6","2936.5","2805.8","2707.2","2650.7","2577.9","2422.9","2342.1","2211.1","2029.3","2009.9",
"2규모(상용근로자 30~99인)","C. 제조업(10~33)","상여금 및 성과금[천원]","천원","381.2","393.8","422.7","365.5","423.6","409.8","416.6","404.1","295.7","269.1","282.3",
"2규모(상용근로자 30~99인)","C. 제조업(10~33)","간접노동비용(계)[천원]","천원","836.3","775.8","741.5","826.8","722.4","756.2","774.9","735.3","648","610.3","611.9",
"2규모(상용근로자 30~99인)","C. 제조업(10~33)","퇴직급여 등의 비용[천원]","천원","364.7","322.6","298","365.8","284.8","300.4","324.2","320.1","263.3","239.2","267.4",
"2규모(상용근로자 30~99인)","C. 제조업(10~33)","현물지급비용[천원]","천원","","","","-","-","-","1.9","3.4","1.9","1",".6",
"2규모(상용근로자 30~99인)","C. 제조업(10~33)","법정노동비용[천원]","천원","298.2","280.3","279.6","265.3","255.7","257.5","249.1","235","222.7","203.2","198.5",
"2규모(상용근로자 30~99인)","C. 제조업(10~33)","법정외 복지비용[천원]","천원","168.6","167.9","158.6","186.4","174.4","187.8","183.7","167.5","151.7","159.6","139.6",
"2규모(상용근로자 30~99인)","C. 제조업(10~33)","채용관련비용(모집비)[천원]","천원","1","1","2","2.2","2","4.2","3.3",".9",".8",".8",".7",
"2규모(상용근로자 30~99인)","C. 제조업(10~33)","교육훈련비용[천원]","천원","3.8","4.1","3.3","7.1","5.5","6.3","8.7","5.9","6","5.6","3.9",
"2규모(상용근로자 30~99인)","C. 제조업(10~33)","기타노동비용[천원]","천원","","","","-","-","-","4","2.5","1.6","1","1.1",
"2규모(상용근로자 30~99인)","D. 전기,가스,증기및수도사업(35~36)","노동비용총액[천원]","천원","7478.4","7395","6424.7","6451.1","6206.1","6274","5737.3","5876.7","5595.5","5521.5","5382.8",
"2규모(상용근로자 30~99인)","D. 전기,가스,증기및수도사업(35~36)","직접노동비용(계)[천원]","천원","5827.5","5742.3","5118.4","4915.4","4867.4","5074.8","4630.3","4582.3","4448.7","4288.6","4269.6",
"2규모(상용근로자 30~99인)","D. 전기,가스,증기및수도사업(35~36)","정액 및 초과급여[천원]","천원","4855.8","4777.8","4336.7","3857.9","3911.5","3901.5","3452.6","3434.2","3397.1","3281.2","3170.7",
"2규모(상용근로자 30~99인)","D. 전기,가스,증기및수도사업(35~36)","상여금 및 성과금[천원]","천원","971.7","964.5","781.7","1057.5","956","1173.3","1177.7","1148.1","1051.7","1007.4","1098.9",
"2규모(상용근로자 30~99인)","D. 전기,가스,증기및수도사업(35~36)","간접노동비용(계)[천원]","천원","1650.9","1652.7","1306.3","1535.7","1338.7","1199.3","1107","1294.4","1146.8","1232.9","1113.2",
"2규모(상용근로자 30~99인)","D. 전기,가스,증기및수도사업(35~36)","퇴직급여 등의 비용[천원]","천원","878.9","918.3","557.7","828.6","653.9","530.2","459.9","659.9","569.6","631.1","437.8",
"2규모(상용근로자 30~99인)","D. 전기,가스,증기및수도사업(35~36)","현물지급비용[천원]","천원","","","","-","-","-","2.8",".3","2","1.1",".4",
"2규모(상용근로자 30~99인)","D. 전기,가스,증기및수도사업(35~36)","법정노동비용[천원]","천원","416.3","393.1","414.7","378.6","381.3","363.9","341.1","333.9","304","284.9","323.2",
"2규모(상용근로자 30~99인)","D. 전기,가스,증기및수도사업(35~36)","법정외 복지비용[천원]","천원","330.8","309.9","302.5","291.3","244.1","264.2","263.2","253.9","230.8","263.8","282.9",
"2규모(상용근로자 30~99인)","D. 전기,가스,증기및수도사업(35~36)","채용관련비용(모집비)[천원]","천원","8.4","1.6","1.9","4.2","2.5","5.1","2.7","3.3",".5",".9","1.5",
"2규모(상용근로자 30~99인)","D. 전기,가스,증기및수도사업(35~36)","교육훈련비용[천원]","천원","16.6","29.8","29.6","32.9","57","35.7","33.7","38.9","30.2","41.5","44.5",
"2규모(상용근로자 30~99인)","D. 전기,가스,증기및수도사업(35~36)","기타노동비용[천원]","천원","","","","-","-","-","3.5","4.2","9.7","9.6","22.9",
"2규모(상용근로자 30~99인)","E. 하수·폐기물처리,원료재생및환경복원업(37~39)","노동비용총액[천원]","천원","4436.2","4098.6","3917.3","3956.7","3728.8","3608.4","3235.5","3140","3060.1","3025.6","2795.4",
"2규모(상용근로자 30~99인)","E. 하수·폐기물처리,원료재생및환경복원업(37~39)","직접노동비용(계)[천원]","천원","3527.3","3383.6","3247.1","3169.4","3070","2950.9","2617.4","2507.6","2485.4","2434.3","2236.6",
"2규모(상용근로자 30~99인)","E. 하수·폐기물처리,원료재생및환경복원업(37~39)","정액 및 초과급여[천원]","천원","3295.1","3129","2978.8","2838.2","2699.6","2606.3","2385.3","2281.1","2123.6","2070.7","1929.1",
"2규모(상용근로자 30~99인)","E. 하수·폐기물처리,원료재생및환경복원업(37~39)","상여금 및 성과금[천원]","천원","232.1","254.6","268.3","331.2","370.3","344.7","232.1","226.6","361.7","363.6","307.5",
"2규모(상용근로자 30~99인)","E. 하수·폐기물처리,원료재생및환경복원업(37~39)","간접노동비용(계)[천원]","천원","909","715","670.2","787.2","658.8","657.5","618.1","632.3","574.7","591.3","558.7",
"2규모(상용근로자 30~99인)","E. 하수·폐기물처리,원료재생및환경복원업(37~39)","퇴직급여 등의 비용[천원]","천원","438.4","268.1","224.9","354.2","220.1","216.5","234.3","236.5","230.1","231.1","172.3",
"2규모(상용근로자 30~99인)","E. 하수·폐기물처리,원료재생및환경복원업(37~39)","현물지급비용[천원]","천원","","","","-","-","-","3.7",".7",".7","0",".3",
"2규모(상용근로자 30~99인)","E. 하수·폐기물처리,원료재생및환경복원업(37~39)","법정노동비용[천원]","천원","310.9","279","276.5","287.4","289.7","283.6","253.1","237.6","234","237.9","232",
"2규모(상용근로자 30~99인)","E. 하수·폐기물처리,원료재생및환경복원업(37~39)","법정외 복지비용[천원]","천원","156.7","166","167.4","142.8","146.4","154.7","120.3","140.4","102.9","114.2","147.9",
"2규모(상용근로자 30~99인)","E. 하수·폐기물처리,원료재생및환경복원업(37~39)","채용관련비용(모집비)[천원]","천원",".6","1.2",".5",".5",".6",".7",".4",".4",".2",".1",".1",
"2규모(상용근로자 30~99인)","E. 하수·폐기물처리,원료재생및환경복원업(37~39)","교육훈련비용[천원]","천원","2.4",".8",".8","2.4","2.1","1.9","3.5","7.7","3.2","3.6","3.9",
"2규모(상용근로자 30~99인)","E. 하수·폐기물처리,원료재생및환경복원업(37~39)","기타노동비용[천원]","천원","","","","-","-","-","2.8","9.1","3.7","4.3","2.2",
"2규모(상용근로자 30~99인)","F. 건설업(41~42)","노동비용총액[천원]","천원","4794.6","4468.5","4147.6","4375.6","4043.5","3914.3","3921.8","3813","3341.4","3197.6","3411.4",
"2규모(상용근로자 30~99인)","F. 건설업(41~42)","직접노동비용(계)[천원]","천원","3957.2","3735.7","3486.7","3496","3255.4","3173.5","3144.6","2971.8","2639.9","2521.6","2682.4",
"2규모(상용근로자 30~99인)","F. 건설업(41~42)","정액 및 초과급여[천원]","천원","3577.7","3371.6","3095.3","3227.3","2979.9","2870","2935.4","2705.5","2391.2","2275","2414.4",
"2규모(상용근로자 30~99인)","F. 건설업(41~42)","상여금 및 성과금[천원]","천원","379.4","364.1","391.4","268.7","275.5","303.5","209.2","266.3","248.7","246.6","268",
"2규모(상용근로자 30~99인)","F. 건설업(41~42)","간접노동비용(계)[천원]","천원","837.4","732.8","660.8","879.6","788","740.8","777.1","841.2","701.5","676","729.1",
"2규모(상용근로자 30~99인)","F. 건설업(41~42)","퇴직급여 등의 비용[천원]","천원","354.3","293.9","232.7","367.3","286.3","279.5","290.4","258.3","246.1","219.9","239",
"2규모(상용근로자 30~99인)","F. 건설업(41~42)","현물지급비용[천원]","천원","","","","-","-","-",".8","1.5","1.5","2","7.1",
"2규모(상용근로자 30~99인)","F. 건설업(41~42)","법정노동비용[천원]","천원","404.4","351.9","345.1","353","352.8","328.3","301.3","325.6","263","245.5","285.2",
"2규모(상용근로자 30~99인)","F. 건설업(41~42)","법정외 복지비용[천원]","천원","71.2","78.9","76.4","151.9","141.8","121.1","179.1","248.7","183.4","199.1","190.4",
"2규모(상용근로자 30~99인)","F. 건설업(41~42)","채용관련비용(모집비)[천원]","천원","1.2","1",".4","1.5","1.5","3",".1","0",".9","1.3","1.4",
"2규모(상용근로자 30~99인)","F. 건설업(41~42)","교육훈련비용[천원]","천원","6.4","7.2","6.1","5.9","5.6","8.9","5.2","4.9","4.7","6.2","4.9",
"2규모(상용근로자 30~99인)","F. 건설업(41~42)","기타노동비용[천원]","천원","","","","-","-","-",".4","2.2","1.9","2","1.1",
"2규모(상용근로자 30~99인)","G. 도매및소매업(45~47)","노동비용총액[천원]","천원","4807.7","4474.5","4268.5","4689.1","4505.4","4333","4251.1","3718","3471.9","3121.1","3117.5",
"2규모(상용근로자 30~99인)","G. 도매및소매업(45~47)","직접노동비용(계)[천원]","천원","4010.3","3697.4","3650.1","3840","3707","3566","3375.9","3043.7","2844.8","2547.2","2571.2",
"2규모(상용근로자 30~99인)","G. 도매및소매업(45~47)","정액 및 초과급여[천원]","천원","3541","3240.3","3164","3354.4","3257.3","3152.8","2910.6","2657.8","2504.7","2246.7","2281.6",
"2규모(상용근로자 30~99인)","G. 도매및소매업(45~47)","상여금 및 성과금[천원]","천원","469.3","457.1","486.1","485.7","449.7","413.2","465.3","386","340.1","300.6","289.6",
"2규모(상용근로자 30~99인)","G. 도매및소매업(45~47)","간접노동비용(계)[천원]","천원","797.3","777.1","618.4","849","798.4","767","875.2","674.3","627.2","573.9","546.3",
"2규모(상용근로자 30~99인)","G. 도매및소매업(45~47)","퇴직급여 등의 비용[천원]","천원","328.5","321.5","266.6","397.7","327.3","330.1","436.6","269.1","252.5","223.2","223",
"2규모(상용근로자 30~99인)","G. 도매및소매업(45~47)","현물지급비용[천원]","천원","","","","-","-","-","4","1.2","5.8","5.2","1.3",
"2규모(상용근로자 30~99인)","G. 도매및소매업(45~47)","법정노동비용[천원]","천원","312.1","285.7","262.4","290.7","300.4","280.4","254.1","242.1","214.3","191.6","190.7",
"2규모(상용근로자 30~99인)","G. 도매및소매업(45~47)","법정외 복지비용[천원]","천원","145","151.2","82.3","131.9","129.2","122.5","162.2","145.4","133.4","139.1","121.2",
"2규모(상용근로자 30~99인)","G. 도매및소매업(45~47)","채용관련비용(모집비)[천원]","천원","6.5","6","3.9","10.9","10.4","7.5","8.6","4.5","8.3","3","1.5",
"2규모(상용근로자 30~99인)","G. 도매및소매업(45~47)","교육훈련비용[천원]","천원","5.2","12.7","3.2","17.8","31","26.5","8.8","11.4","11.6","11","7",
"2규모(상용근로자 30~99인)","G. 도매및소매업(45~47)","기타노동비용[천원]","천원","","","","-","-","-","1",".6","1.2",".8","1.6",
"2규모(상용근로자 30~99인)","H. 운수업(49~52)","노동비용총액[천원]","천원","3010.8","3302.9","2623.6","2554.3","2696.3","2400.2","2310.9","2090.6","2074.9","1993.3","1980.1",
"2규모(상용근로자 30~99인)","H. 운수업(49~52)","직접노동비용(계)[천원]","천원","2503.5","2711.7","2178.3","2122.9","2205.9","1934.1","1839.7","1658.8","1721.8","1629.5","1620.8",
"2규모(상용근로자 30~99인)","H. 운수업(49~52)","정액 및 초과급여[천원]","천원","2284.9","2303.1","1995","1896.3","1904.2","1681.6","1584.7","1444.6","1527.8","1455.3","1418",
"2규모(상용근로자 30~99인)","H. 운수업(49~52)","상여금 및 성과금[천원]","천원","218.6","408.6","183.3","226.6","301.6","252.5","255","214.2","194","174.2","202.8",
"2규모(상용근로자 30~99인)","H. 운수업(49~52)","간접노동비용(계)[천원]","천원","507.3","591.2","445.2","431.4","490.4","466.1","471.2","431.9","353.1","363.7","359.3",
"2규모(상용근로자 30~99인)","H. 운수업(49~52)","퇴직급여 등의 비용[천원]","천원","210","287","178.3","164.1","207.7","204.3","228.9","214.3","143.3","161.9","147.6",
"2규모(상용근로자 30~99인)","H. 운수업(49~52)","현물지급비용[천원]","천원","","","","-","-","-","2.7","1.5",".8","1","1.3",
"2규모(상용근로자 30~99인)","H. 운수업(49~52)","법정노동비용[천원]","천원","204.9","215.7","176.7","169.2","174.4","159.1","153.4","138","125.9","132.2","130",
"2규모(상용근로자 30~99인)","H. 운수업(49~52)","법정외 복지비용[천원]","천원","89.8","81.3","85.4","94.1","104.7","96.7","83.7","75.6","77.8","64.3","76.7",
"2규모(상용근로자 30~99인)","H. 운수업(49~52)","채용관련비용(모집비)[천원]","천원","1.2",".8",".8",".9","1.1","2",".4",".4",".3",".4",".3",
"2규모(상용근로자 30~99인)","H. 운수업(49~52)","교육훈련비용[천원]","천원","1.4","6.4","4","3.1","2.6","4","1.3","1","3.7","3","2.8",
"2규모(상용근로자 30~99인)","H. 운수업(49~52)","기타노동비용[천원]","천원","","","","-","-","-",".9","1.1","1.2",".9",".6",
"2규모(상용근로자 30~99인)","I. 숙박및음식점업(55~56)","노동비용총액[천원]","천원","3403.8","3275.6","3324.6","2695.8","2610.5","2578.3","2497.7","2396.1","2398.5","2297.1","2368.7",
"2규모(상용근로자 30~99인)","I. 숙박및음식점업(55~56)","직접노동비용(계)[천원]","천원","2791.5","2759.4","2704.1","2240.6","2163.1","2130.7","2037.6","1960","2012.2","1916.7","1835.8",
"2규모(상용근로자 30~99인)","I. 숙박및음식점업(55~56)","정액 및 초과급여[천원]","천원","2692.2","2629.7","2498.2","2134.9","2049.4","2023.4","1971.4","1894.4","1877.7","1770.6","1686.9",
"2규모(상용근로자 30~99인)","I. 숙박및음식점업(55~56)","상여금 및 성과금[천원]","천원","99.2","129.7","205.9","105.8","113.6","107.3","66.2","65.6","134.4","146.1","148.9",
"2규모(상용근로자 30~99인)","I. 숙박및음식점업(55~56)","간접노동비용(계)[천원]","천원","612.3","516.2","620.5","455.2","447.4","447.6","460.2","436.1","386.3","380.4","532.9",
"2규모(상용근로자 30~99인)","I. 숙박및음식점업(55~56)","퇴직급여 등의 비용[천원]","천원","243.1","195.4","267.7","176.6","174.6","165","184.3","164.1","112.3","129","259.6",
"2규모(상용근로자 30~99인)","I. 숙박및음식점업(55~56)","현물지급비용[천원]","천원","","","","-","-","-","2.3","1.5",".2",".1","1.7",
"2규모(상용근로자 30~99인)","I. 숙박및음식점업(55~56)","법정노동비용[천원]","천원","243.1","213.7","201.2","189.2","181.9","180.7","168.3","159.3","152.6","153.3","149",
"2규모(상용근로자 30~99인)","I. 숙박및음식점업(55~56)","법정외 복지비용[천원]","천원","120.9","100.4","139.4","86.9","88.4","97.9","98.4","100.6","113.1","91.5","115",
"2규모(상용근로자 30~99인)","I. 숙박및음식점업(55~56)","채용관련비용(모집비)[천원]","천원","2","3.5","5.1","1.3","1.7","2","1.7","2.6","2.6","1.3",".3",
"2규모(상용근로자 30~99인)","I. 숙박및음식점업(55~56)","교육훈련비용[천원]","천원","3.2","3.2","7.1","1.1",".8","2","2.2","4.9","4.4","5","4.4",
"2규모(상용근로자 30~99인)","I. 숙박및음식점업(55~56)","기타노동비용[천원]","천원","","","","-","-","-","2.9","3.1","1.1",".2","2.9",
"2규모(상용근로자 30~99인)","J. 출판,영상,방송통신및정보서비스업(58~63)","노동비용총액[천원]","천원","4324.3","4196.1","4100.4","3989.7","3836.2","4089.9","3742.5","3679.6","3359.5","3199.8","3215",
"2규모(상용근로자 30~99인)","J. 출판,영상,방송통신및정보서비스업(58~63)","직접노동비용(계)[천원]","천원","3662.1","3547.3","3519.6","3352.8","3216.4","3305.6","3098","3004.9","2829.8","2686.9","2676.1",
"2규모(상용근로자 30~99인)","J. 출판,영상,방송통신및정보서비스업(58~63)","정액 및 초과급여[천원]","천원","3368.8","3279.6","3180.3","3105.1","2987","3042.4","2889.5","2699.6","2603.6","2436.8","2468.5",
"2규모(상용근로자 30~99인)","J. 출판,영상,방송통신및정보서비스업(58~63)","상여금 및 성과금[천원]","천원","293.3","267.7","339.4","247.7","229.4","263.2","208.6","305.3","226.2","250.1","207.6",
"2규모(상용근로자 30~99인)","J. 출판,영상,방송통신및정보서비스업(58~63)","간접노동비용(계)[천원]","천원","662.2","648.8","580.8","636.9","619.7","784.3","644.5","674.7","529.7","512.9","538.9",
"2규모(상용근로자 30~99인)","J. 출판,영상,방송통신및정보서비스업(58~63)","퇴직급여 등의 비용[천원]","천원","284","258.1","236.6","262.5","247.9","392","243.8","289.1","200.3","205.9","226.7",
"2규모(상용근로자 30~99인)","J. 출판,영상,방송통신및정보서비스업(58~63)","현물지급비용[천원]","천원","","","","-","-","-","3","4","2.5","3.8","1.3",
"2규모(상용근로자 30~99인)","J. 출판,영상,방송통신및정보서비스업(58~63)","법정노동비용[천원]","천원","291.2","286.2","256.9","275.9","264.3","269.3","230.7","215.2","198.2","196.2","198.8",
"2규모(상용근로자 30~99인)","J. 출판,영상,방송통신및정보서비스업(58~63)","법정외 복지비용[천원]","천원","75.6","87.9","77.1","88.5","102.2","107.1","150.2","144.2","114.2","92.7","93.4",
"2규모(상용근로자 30~99인)","J. 출판,영상,방송통신및정보서비스업(58~63)","채용관련비용(모집비)[천원]","천원","2.8","8.8","3.5","1.4","1.6","8.9","5.1","7.1","1.7",".8","2.7",
"2규모(상용근로자 30~99인)","J. 출판,영상,방송통신및정보서비스업(58~63)","교육훈련비용[천원]","천원","8.7","7.8","6.7","8.6","3.6","7","11.1","14.5","11.9","12.7","13.9",
"2규모(상용근로자 30~99인)","J. 출판,영상,방송통신및정보서비스업(58~63)","기타노동비용[천원]","천원","","","","-","-","-",".6",".5",".9",".9","2.1",
"2규모(상용근로자 30~99인)","K. 금융및보험업(64~66)","노동비용총액[천원]","천원","7555.2","7414","7181.6","7042.3","6736.5","7650.8","8086.2","7991","9148.5","8956.9","7765.4",
"2규모(상용근로자 30~99인)","K. 금융및보험업(64~66)","직접노동비용(계)[천원]","천원","6474","6290.1","6136.9","5831","5453.5","6410.6","6693.9","6580.2","7823.2","7514.6","6296",
"2규모(상용근로자 30~99인)","K. 금융및보험업(64~66)","정액 및 초과급여[천원]","천원","5110.8","5100.6","4946.8","4675.8","3974.3","5095.6","5017.1","4663.9","5387.3","5095.8","4889.2",
"2규모(상용근로자 30~99인)","K. 금융및보험업(64~66)","상여금 및 성과금[천원]","천원","1363.1","1189.5","1190","1155.2","1479.2","1315","1676.8","1916.3","2435.9","2418.8","1406.8",
"2규모(상용근로자 30~99인)","K. 금융및보험업(64~66)","간접노동비용(계)[천원]","천원","1081.2","1123.9","1044.8","1211.3","1283.1","1240.2","1392.3","1410.7","1325.3","1442.4","1469.4",
"2규모(상용근로자 30~99인)","K. 금융및보험업(64~66)","퇴직급여 등의 비용[천원]","천원","476.6","467.2","513","577","651.2","610","685.6","697.6","707.8","757.9","809.9",
"2규모(상용근로자 30~99인)","K. 금융및보험업(64~66)","현물지급비용[천원]","천원","","","","-","-","-","4","2.4","2.4","1.6","2.1",
"2규모(상용근로자 30~99인)","K. 금융및보험업(64~66)","법정노동비용[천원]","천원","383.8","429","347.1","383.2","377","389.7","388.3","373.6","382.6","380.5","345.9",
"2규모(상용근로자 30~99인)","K. 금융및보험업(64~66)","법정외 복지비용[천원]","천원","182.2","193.9","154.2","224.9","225.4","199.1","275.4","297.5","196.9","249.8","239.2",
"2규모(상용근로자 30~99인)","K. 금융및보험업(64~66)","채용관련비용(모집비)[천원]","천원","15.2","10.8","11.5","5.5","10.2","4.5","8.3","5.4","6","11","24.4",
"2규모(상용근로자 30~99인)","K. 금융및보험업(64~66)","교육훈련비용[천원]","천원","23.4","23","19.1","20.6","19.3","36.9","25.2","28.7","25.2","41.1","46.8",
"2규모(상용근로자 30~99인)","K. 금융및보험업(64~66)","기타노동비용[천원]","천원","","","","-","-","-","5.4","5.3","4.4",".5","1.1",
"2규모(상용근로자 30~99인)","L. 부동산업및임대업(68~69)","노동비용총액[천원]","천원","3993.3","3813.6","3322.5","2974.9","2890.3","3153.3","2934.5","2681.8","3133.7","2969.5","2878.3",
"2규모(상용근로자 30~99인)","L. 부동산업및임대업(68~69)","직접노동비용(계)[천원]","천원","3336.6","3231.8","2815","2447.4","2435.1","2512.9","2401.9","2202.3","2517.1","2392.6","2346.8",
"2규모(상용근로자 30~99인)","L. 부동산업및임대업(68~69)","정액 및 초과급여[천원]","천원","2715.7","2697.5","2469.4","2248.7","2248","2293.6","2179.6","2043.8","2216.3","2091.9","1976.7",
"2규모(상용근로자 30~99인)","L. 부동산업및임대업(68~69)","상여금 및 성과금[천원]","천원","620.8","534.3","345.6","198.6","187.2","219.3","222.3","158.5","300.8","300.7","370.1",
"2규모(상용근로자 30~99인)","L. 부동산업및임대업(68~69)","간접노동비용(계)[천원]","천원","656.7","581.8","507.6","527.5","455.2","640.3","532.6","479.4","616.7","576.9","531.5",
"2규모(상용근로자 30~99인)","L. 부동산업및임대업(68~69)","퇴직급여 등의 비용[천원]","천원","303.2","206.7","175","259.6","186.8","334.1","283.2","236.1","350.5","324","278.5",
"2규모(상용근로자 30~99인)","L. 부동산업및임대업(68~69)","현물지급비용[천원]","천원","","","","-","-","-","1.6","1.3","2.9","1.7",".7",
"2규모(상용근로자 30~99인)","L. 부동산업및임대업(68~69)","법정노동비용[천원]","천원","259.7","235.3","210.9","198.8","202.6","204.6","194.8","178.3","179.1","161.3","169.9",
"2규모(상용근로자 30~99인)","L. 부동산업및임대업(68~69)","법정외 복지비용[천원]","천원","86.9","120.4","104.2","61.5","59.5","90","42.9","50.9","74.6","84.1","72.4",
"2규모(상용근로자 30~99인)","L. 부동산업및임대업(68~69)","채용관련비용(모집비)[천원]","천원","2.8","2.3","6.3",".8","1.2",".8","1.2","1.2","1",".6",".6",
"2규모(상용근로자 30~99인)","L. 부동산업및임대업(68~69)","교육훈련비용[천원]","천원","4.1","17.2","11.3","6.8","5.2","10.8","7.3","10.8","7.5","4.8","8.9",
"2규모(상용근로자 30~99인)","L. 부동산업및임대업(68~69)","기타노동비용[천원]","천원","","","","-","-","-","1.6",".8","1",".4",".7",
"2규모(상용근로자 30~99인)","M. 전문,과학및기술서비스업(70~73)","노동비용총액[천원]","천원","4854","4665.7","4330.1","4367.4","3930.6","4330.1","4633.6","3951.5","3654.5","3155.3","3097.6",
"2규모(상용근로자 30~99인)","M. 전문,과학및기술서비스업(70~73)","직접노동비용(계)[천원]","천원","4085.5","3912.1","3737.8","3624.8","3272.3","3619.1","3876.8","3321.6","2978.8","2632.8","2567.8",
"2규모(상용근로자 30~99인)","M. 전문,과학및기술서비스업(70~73)","정액 및 초과급여[천원]","천원","3798","3676.4","3397.4","3328.2","2952.9","3177.9","3215.6","2787.6","2432.2","2338.9","2224.8",
"2규모(상용근로자 30~99인)","M. 전문,과학및기술서비스업(70~73)","상여금 및 성과금[천원]","천원","287.5","235.7","340.4","296.6","319.3","441.2","661.2","534","546.6","293.8","342.9",
"2규모(상용근로자 30~99인)","M. 전문,과학및기술서비스업(70~73)","간접노동비용(계)[천원]","천원","768.5","753.6","592.3","742.6","658.4","711","756.9","629.9","675.6","522.5","529.8",
"2규모(상용근로자 30~99인)","M. 전문,과학및기술서비스업(70~73)","퇴직급여 등의 비용[천원]","천원","349.9","358.7","240.6","359.2","269.5","309.6","335.9","249.9","346.5","231.8","229.2",
"2규모(상용근로자 30~99인)","M. 전문,과학및기술서비스업(70~73)","현물지급비용[천원]","천원","","","","-","-","-",".9","2.7",".4",".1",".4",
"2규모(상용근로자 30~99인)","M. 전문,과학및기술서비스업(70~73)","법정노동비용[천원]","천원","298","296.9","260","274.6","262","276.3","264.8","244.3","217.6","197.6","190.9",
"2규모(상용근로자 30~99인)","M. 전문,과학및기술서비스업(70~73)","법정외 복지비용[천원]","천원","99.4","82.4","79.9","95.8","110.9","108.2","117","109.1","88.9","81.4","97.3",
"2규모(상용근로자 30~99인)","M. 전문,과학및기술서비스업(70~73)","채용관련비용(모집비)[천원]","천원","5.2","4.1","3.1","4.2","5.1","8","12.2","11.6","3.8",".5","1.3",
"2규모(상용근로자 30~99인)","M. 전문,과학및기술서비스업(70~73)","교육훈련비용[천원]","천원","15.9","11.5","8.7","8.7","10.9","9","20.2","11.1","18","10.2","9.5",
"2규모(상용근로자 30~99인)","M. 전문,과학및기술서비스업(70~73)","기타노동비용[천원]","천원","","","","-","-","-","6","1.3",".5",".9","1.2",
"2규모(상용근로자 30~99인)","N. 사업시설관리및사업지원서비스업(74~75)","노동비용총액[천원]","천원","2438.5","2319.1","2299.8","2416.5","2370","2219.2","2341.9","2148.7","2126.8","1946.4","1949.6",
"2규모(상용근로자 30~99인)","N. 사업시설관리및사업지원서비스업(74~75)","직접노동비용(계)[천원]","천원","2031.7","1982.6","1944.5","2025.2","2012.4","1874.9","1933.3","1781.8","1799","1642.3","1632.7",
"2규모(상용근로자 30~99인)","N. 사업시설관리및사업지원서비스업(74~75)","정액 및 초과급여[천원]","천원","1945.3","1853.1","1846","1816.5","1809.5","1670.3","1724.4","1593.1","1644.8","1499.1","1472.4",
"2규모(상용근로자 30~99인)","N. 사업시설관리및사업지원서비스업(74~75)","상여금 및 성과금[천원]","천원","86.4","129.5","98.5","208.7","202.9","204.6","208.9","188.7","154.1","143.2","160.4",
"2규모(상용근로자 30~99인)","N. 사업시설관리및사업지원서비스업(74~75)","간접노동비용(계)[천원]","천원","406.8","336.6","355.2","391.3","357.6","344.3","408.6","366.9","327.9","304.1","316.8",
"2규모(상용근로자 30~99인)","N. 사업시설관리및사업지원서비스업(74~75)","퇴직급여 등의 비용[천원]","천원","184.7","141.6","153","160.7","133.4","131","173.3","150.6","115.2","108.9","111",
"2규모(상용근로자 30~99인)","N. 사업시설관리및사업지원서비스업(74~75)","현물지급비용[천원]","천원","","","","-","-","-","2.7","2.5","2.6","7.9","7.2",
"2규모(상용근로자 30~99인)","N. 사업시설관리및사업지원서비스업(74~75)","법정노동비용[천원]","천원","172.1","160.2","167.5","168.6","175.1","162.4","159.1","146.9","144.4","134.8","128.9",
"2규모(상용근로자 30~99인)","N. 사업시설관리및사업지원서비스업(74~75)","법정외 복지비용[천원]","천원","45.8","33","33.2","58.8","44.2","48.2","67.2","61.3","59.9","48.1","60.4",
"2규모(상용근로자 30~99인)","N. 사업시설관리및사업지원서비스업(74~75)","채용관련비용(모집비)[천원]","천원","2","1",".8","2.2","2.9","1.4","1.9","1.2","1.6","1.1","1",
"2규모(상용근로자 30~99인)","N. 사업시설관리및사업지원서비스업(74~75)","교육훈련비용[천원]","천원","2.2",".8",".7",".9","2","1.2","2.9","3.5","3.6","1.2","3.5",
"2규모(상용근로자 30~99인)","N. 사업시설관리및사업지원서비스업(74~75)","기타노동비용[천원]","천원","","","","-","-","-","1.5",".8",".6","2.2","4.8",
"2규모(상용근로자 30~99인)","R. 예술,스포츠및여가관련서비스업(90~91)","노동비용총액[천원]","천원","4910.4","4161","3761.6","3419.8","3285.8","3222.3","3313.4","3372.4","3112","3045.9","3371.8",
"2규모(상용근로자 30~99인)","R. 예술,스포츠및여가관련서비스업(90~91)","직접노동비용(계)[천원]","천원","3833.7","3316.8","2975.9","2779.8","2662","2576","2598.5","2584.7","2493.9","2454.5","2517.2",
"2규모(상용근로자 30~99인)","R. 예술,스포츠및여가관련서비스업(90~91)","정액 및 초과급여[천원]","천원","3450","2994.7","2786.8","2668.8","2525","2438.6","2433","2407","2245.3","2235.4","2252.6",
"2규모(상용근로자 30~99인)","R. 예술,스포츠및여가관련서비스업(90~91)","상여금 및 성과금[천원]","천원","383.7","322.1","189.1","110.9","137","137.5","165.5","177.7","248.6","219.1","264.6",
"2규모(상용근로자 30~99인)","R. 예술,스포츠및여가관련서비스업(90~91)","간접노동비용(계)[천원]","천원","1076.7","844.1","785.7","640.1","623.8","646.3","714.9","787.7","618","591.4","854.5",
"2규모(상용근로자 30~99인)","R. 예술,스포츠및여가관련서비스업(90~91)","퇴직급여 등의 비용[천원]","천원","398.2","299.4","227.2","209.3","215.8","222.9","246","343.2","177.6","130.6","324.7",
"2규모(상용근로자 30~99인)","R. 예술,스포츠및여가관련서비스업(90~91)","현물지급비용[천원]","천원","","","","-","-","-","4.5","4.6","6.3","5","12.9",
"2규모(상용근로자 30~99인)","R. 예술,스포츠및여가관련서비스업(90~91)","법정노동비용[천원]","천원","320.4","276.4","269.3","229.1","221","217.3","213","211.4","205.1","195.1","201.4",
"2규모(상용근로자 30~99인)","R. 예술,스포츠및여가관련서비스업(90~91)","법정외 복지비용[천원]","천원","336.3","258.4","280.2","196.5","181.7","202.4","229.6","205.8","216","235.8","266.5",
"2규모(상용근로자 30~99인)","R. 예술,스포츠및여가관련서비스업(90~91)","채용관련비용(모집비)[천원]","천원","1.4","1.6",".6",".7","1.1",".5","1.3","2.5",".4",".4",".5",
"2규모(상용근로자 30~99인)","R. 예술,스포츠및여가관련서비스업(90~91)","교육훈련비용[천원]","천원","20.4","8.2","8.5","4.5","4.1","3.2","12","9.3","9.6","12.6","15.2",
"2규모(상용근로자 30~99인)","R. 예술,스포츠및여가관련서비스업(90~91)","기타노동비용[천원]","천원","","","","-","-","-","8.5","10.8","3.2","11.9","33.4",
"2규모(상용근로자 30~99인)","S. 협회및단체,수리및기타개인서비스업(94~96)","노동비용총액[천원]","천원","4231.4","3778","3658.5","3531.6","3242.8","3435.8","3322.1","3157.8","2568.5","2634.6","2631.8",
"2규모(상용근로자 30~99인)","S. 협회및단체,수리및기타개인서비스업(94~96)","직접노동비용(계)[천원]","천원","3524.8","3100.9","3012.4","2931.1","2734.2","2875","2727.1","2567.2","2088.4","2122.8","2115.7",
"2규모(상용근로자 30~99인)","S. 협회및단체,수리및기타개인서비스업(94~96)","정액 및 초과급여[천원]","천원","3309.2","2915.1","2742.1","2640.5","2505.4","2564.9","2420.3","2293.4","1968","1968.6","1984.2",
"2규모(상용근로자 30~99인)","S. 협회및단체,수리및기타개인서비스업(94~96)","상여금 및 성과금[천원]","천원","215.7","185.7","270.3","290.6","228.8","310.2","306.8","273.8","120.4","154.3","131.5",
"2규모(상용근로자 30~99인)","S. 협회및단체,수리및기타개인서비스업(94~96)","간접노동비용(계)[천원]","천원","706.5","677.2","646.1","600.5","508.6","560.8","595","590.6","480.1","511.8","516.1",
"2규모(상용근로자 30~99인)","S. 협회및단체,수리및기타개인서비스업(94~96)","퇴직급여 등의 비용[천원]","천원","330.4","261","303","243.2","163.8","202.7","244.2","242.4","179.4","184.5","183.4",
"2규모(상용근로자 30~99인)","S. 협회및단체,수리및기타개인서비스업(94~96)","현물지급비용[천원]","천원","","","","-","-","-","5.8","3.8",".9",".6",".6",
"2규모(상용근로자 30~99인)","S. 협회및단체,수리및기타개인서비스업(94~96)","법정노동비용[천원]","천원","287.3","283.1","273.6","249.7","244.1","230.7","227.3","209.6","189.3","182.1","185.7",
"2규모(상용근로자 30~99인)","S. 협회및단체,수리및기타개인서비스업(94~96)","법정외 복지비용[천원]","천원","81.8","126.4","65.8","98.6","92.6","117.4","115.5","125.9","106.3","132.2","142.1",
"2규모(상용근로자 30~99인)","S. 협회및단체,수리및기타개인서비스업(94~96)","채용관련비용(모집비)[천원]","천원","3","1",".9","4.1","3.2","1",".5",".5","1",".1","1.1",
"2규모(상용근로자 30~99인)","S. 협회및단체,수리및기타개인서비스업(94~96)","교육훈련비용[천원]","천원","4","5.7","2.8","4.9","5","9",".8","7.6","2.1","11","1.7",
"2규모(상용근로자 30~99인)","S. 협회및단체,수리및기타개인서비스업(94~96)","기타노동비용[천원]","천원","","","","-","-","-","1",".6","1.1","1.2","1.6",
"3규모(상용근로자 100~299인)","전체","노동비용총액[천원]","천원","4490.6","4254.3","4140.9","4197.7","3948.3","3880.4","3879.9","3636.2","3342.9","3173.9","3186.9",
"3규모(상용근로자 100~299인)","전체","직접노동비용(계)[천원]","천원","3628.7","3485.3","3380.9","3351.8","3178.8","3101","3028.1","2858.3","2632.4","2492","2501.7",
"3규모(상용근로자 100~299인)","전체","정액 및 초과급여[천원]","천원","3164.3","3025","2891.7","2861.4","2695","2606.2","2535","2395.8","2194.7","2083.9","2075.6",
"3규모(상용근로자 100~299인)","전체","상여금 및 성과금[천원]","천원","464.4","460.3","489.2","490.4","483.8","494.8","493","462.5","437.7","408","426.1",
"3규모(상용근로자 100~299인)","전체","간접노동비용(계)[천원]","천원","861.9","769","759.9","845.9","769.5","779.4","851.9","777.9","710.5","681.9","685.3",
"3규모(상용근로자 100~299인)","전체","퇴직급여 등의 비용[천원]","천원","370.3","311.1","324.8","380.8","317.7","323.2","387.4","358.6","322","297.5","309.1",
"3규모(상용근로자 100~299인)","전체","현물지급비용[천원]","천원","","","","-","-","-","2.3","2.5","1.9","1.6","2.3",
"3규모(상용근로자 100~299인)","전체","법정노동비용[천원]","천원","317.8","298.4","285.7","283.6","277.1","270.8","262.8","242.1","226.7","217","212.8",
"3규모(상용근로자 100~299인)","전체","법정외 복지비용[천원]","천원","159","147","136.7","164.6","159.7","167.7","179.8","159.3","143.1","148.6","141.7",
"3규모(상용근로자 100~299인)","전체","채용관련비용(모집비)[천원]","천원","5.3","4.6","4.6","4.1","3.8","4.2","2.1","2.1","3.1","1.5","2.2",
"3규모(상용근로자 100~299인)","전체","교육훈련비용[천원]","천원","9.5","7.9","8","12.7","11.2","13.5","12.7","11.8","11.1","13.4","15.1",
"3규모(상용근로자 100~299인)","전체","기타노동비용[천원]","천원","","","","-","-","-","4.6","1.4","2.6","2.5","2.2",
"3규모(상용근로자 100~299인)","B. 광업(05~08)","노동비용총액[천원]","천원","4394.4","4320.1","5071.2","5712.4","5869.5","5972.2","5663.5","5331.3","4725.9","4924.5","5314.7",
"3규모(상용근로자 100~299인)","B. 광업(05~08)","직접노동비용(계)[천원]","천원","3550","3244.1","3955.7","4186.1","4304.4","4307.5","3996.3","3954.2","3353.7","3240","3287.2",
"3규모(상용근로자 100~299인)","B. 광업(05~08)","정액 및 초과급여[천원]","천원","2771.5","2757.1","3018.4","3117.1","3065.1","3046.9","2746.6","2721.5","2632.8","2563.2","2434.3",
"3규모(상용근로자 100~299인)","B. 광업(05~08)","상여금 및 성과금[천원]","천원","778.5","487","937.3","1069","1239.3","1260.6","1249.6","1232.6","720.9","676.8","852.9",
"3규모(상용근로자 100~299인)","B. 광업(05~08)","간접노동비용(계)[천원]","천원","844.4","1076","1115.5","1526.3","1565.1","1664.7","1667.3","1377.1","1372.3","1684.5","2027.6",
"3규모(상용근로자 100~299인)","B. 광업(05~08)","퇴직급여 등의 비용[천원]","천원","272.5","230.7","467.9","704.9","737.3","822.8","599.1","406.9","199.7","196","238.2",
"3규모(상용근로자 100~299인)","B. 광업(05~08)","현물지급비용[천원]","천원","","","","-","-","-","0","0","0","3","5.5",
"3규모(상용근로자 100~299인)","B. 광업(05~08)","법정노동비용[천원]","천원","394.1","602","486.1","571.4","576.6","574.5","823.6","733.7","955.8","1377.7","1732.8",
"3규모(상용근로자 100~299인)","B. 광업(05~08)","법정외 복지비용[천원]","천원","177.8","226.5","160","245","248.1","264.5","241","233.1","213.2","104","38.7",
"3규모(상용근로자 100~299인)","B. 광업(05~08)","채용관련비용(모집비)[천원]","천원","0","0",".2",".1",".1",".1","0","0","0",".4","3.1",
"3규모(상용근로자 100~299인)","B. 광업(05~08)","교육훈련비용[천원]","천원","0","16.8","1.3","4.9","3","2.8",".8",".6","1.2","0",".3",
"3규모(상용근로자 100~299인)","B. 광업(05~08)","기타노동비용[천원]","천원","","","","-","-","-","2.8","2.7","2.3","3.4","8.9",
"3규모(상용근로자 100~299인)","C. 제조업(10~33)","노동비용총액[천원]","천원","4919.4","4739.6","4447.5","4559.6","4333.9","4194.6","4194","3858.9","3595.7","3440","3536.9",
"3규모(상용근로자 100~299인)","C. 제조업(10~33)","직접노동비용(계)[천원]","천원","3884.9","3848","3603.6","3567.3","3422.6","3301.9","3206.5","3002.9","2753.7","2649.3","2700.4",
"3규모(상용근로자 100~299인)","C. 제조업(10~33)","정액 및 초과급여[천원]","천원","3307.7","3242.2","2992.3","2965.9","2798.1","2692","2617.6","2469.3","2273.6","2203.5","2206.7",
"3규모(상용근로자 100~299인)","C. 제조업(10~33)","상여금 및 성과금[천원]","천원","577.2","605.8","611.3","601.4","624.5","609.9","588.9","533.7","480.1","445.8","493.7",
"3규모(상용근로자 100~299인)","C. 제조업(10~33)","간접노동비용(계)[천원]","천원","1034.5","891.5","844","992.3","911.3","892.7","987.5","856","842","790.8","836.5",
"3규모(상용근로자 100~299인)","C. 제조업(10~33)","퇴직급여 등의 비용[천원]","천원","468.4","353.4","336.9","450","379.6","357.9","441.2","374.5","377.8","346.3","401.1",
"3규모(상용근로자 100~299인)","C. 제조업(10~33)","현물지급비용[천원]","천원","","","","-","-","-","2.2","2.9","2.2","1.6","2.4",
"3규모(상용근로자 100~299인)","C. 제조업(10~33)","법정노동비용[천원]","천원","345.1","331","312.6","306.3","299.8","295.5","285.6","260.8","246","234.4","230.5",
"3규모(상용근로자 100~299인)","C. 제조업(10~33)","법정외 복지비용[천원]","천원","207.9","195.6","182.7","222.3","218.8","222.9","237.8","204.7","198.7","188.2","179.5",
"3규모(상용근로자 100~299인)","C. 제조업(10~33)","채용관련비용(모집비)[천원]","천원","5","4.4","3.3","3.5","3.7","4.6","1.5","1.5","1.5","1.4","2.4",
"3규모(상용근로자 100~299인)","C. 제조업(10~33)","교육훈련비용[천원]","천원","8.1","7.1","8.4","10.2","9.3","11.8","12.2","9.7","11.5","16","17.9",
"3규모(상용근로자 100~299인)","C. 제조업(10~33)","기타노동비용[천원]","천원","","","","-","-","-","6.9","1.9","4.2","2.9","2.8",
"3규모(상용근로자 100~299인)","D. 전기,가스,증기및수도사업(35~36)","노동비용총액[천원]","천원","9111.6","9120.3","9156.9","7720.1","7508.3","8454.5","9347.5","8609.1","7386.8","7033.2","6610.3",
"3규모(상용근로자 100~299인)","D. 전기,가스,증기및수도사업(35~36)","직접노동비용(계)[천원]","천원","6815","6606.1","6914.7","6139.9","6089.3","6668.9","6630.4","6529.6","5686.2","5443.3","4956.4",
"3규모(상용근로자 100~299인)","D. 전기,가스,증기및수도사업(35~36)","정액 및 초과급여[천원]","천원","4731.7","4586.2","4557.4","3887.6","3740.8","4279.1","4068.2","4036.6","3694.5","3499.6","3195.6",
"3규모(상용근로자 100~299인)","D. 전기,가스,증기및수도사업(35~36)","상여금 및 성과금[천원]","천원","2083.3","2019.9","2357.4","2252.3","2348.6","2389.8","2562.2","2493","1991.7","1943.7","1760.8",
"3규모(상용근로자 100~299인)","D. 전기,가스,증기및수도사업(35~36)","간접노동비용(계)[천원]","천원","2296.6","2514.3","2242.2","1580.2","1419","1785.6","2717.1","2079.5","1700.6","1589.9","1653.9",
"3규모(상용근로자 100~299인)","D. 전기,가스,증기및수도사업(35~36)","퇴직급여 등의 비용[천원]","천원","1009.6","1434.8","1052.6","610.8","495.3","853","1734.7","1138.6","739.9","793.2","796.9",
"3규모(상용근로자 100~299인)","D. 전기,가스,증기및수도사업(35~36)","현물지급비용[천원]","천원","","","","-","-","-","2.4",".7","9.2","7.5","1.7",
"3규모(상용근로자 100~299인)","D. 전기,가스,증기및수도사업(35~36)","법정노동비용[천원]","천원","557.8","516.8","556.9","428.1","459.5","494.2","473","485.3","433.5","372.5","380",
"3규모(상용근로자 100~299인)","D. 전기,가스,증기및수도사업(35~36)","법정외 복지비용[천원]","천원","570","499.3","467.7","489","376.3","395.1","417.2","395.3","437.7","343.5","407",
"3규모(상용근로자 100~299인)","D. 전기,가스,증기및수도사업(35~36)","채용관련비용(모집비)[천원]","천원","4","6.5","9.8","4.1","6.5","3.2","4.1","2.6","1.3","1.3","2.6",
"3규모(상용근로자 100~299인)","D. 전기,가스,증기및수도사업(35~36)","교육훈련비용[천원]","천원","155.2","56.9","155.1","48.2","81.5","40","77.6","54.7","67.3","63.9","55",
"3규모(상용근로자 100~299인)","D. 전기,가스,증기및수도사업(35~36)","기타노동비용[천원]","천원","","","","-","-","-","8","2.2","11.7","8","10.7",
"3규모(상용근로자 100~299인)","E. 하수·폐기물처리,원료재생및환경복원업(37~39)","노동비용총액[천원]","천원","5261.8","4989.8","4980.7","4028","4055.8","4122.8","4649.6","4104.9","3685.4","3446.8","3661.9",
"3규모(상용근로자 100~299인)","E. 하수·폐기물처리,원료재생및환경복원업(37~39)","직접노동비용(계)[천원]","천원","4156","4087.4","4114.4","3314.2","3347.5","3380.1","3729.2","3375.5","2982.5","2814.1","3056.3",
"3규모(상용근로자 100~299인)","E. 하수·폐기물처리,원료재생및환경복원업(37~39)","정액 및 초과급여[천원]","천원","3382.1","3622.3","3126.4","2781.2","2769.1","2612.6","2844.4","2619.7","2406.2","2293.6","2539.3",
"3규모(상용근로자 100~299인)","E. 하수·폐기물처리,원료재생및환경복원업(37~39)","상여금 및 성과금[천원]","천원","773.9","465.1","988","533","578.5","767.5","884.8","755.8","576.3","520.5","517",
"3규모(상용근로자 100~299인)","E. 하수·폐기물처리,원료재생및환경복원업(37~39)","간접노동비용(계)[천원]","천원","1105.7","902.5","866.3","713.8","708.3","742.7","920.4","729.4","702.8","632.7","605.5",
"3규모(상용근로자 100~299인)","E. 하수·폐기물처리,원료재생및환경복원업(37~39)","퇴직급여 등의 비용[천원]","천원","463.3","353.8","426.4","257.9","265","279.5","444.2","290.6","240.2","226.4","144.4",
"3규모(상용근로자 100~299인)","E. 하수·폐기물처리,원료재생및환경복원업(37~39)","현물지급비용[천원]","천원","","","","-","-","-","3.2","2.5","2","3.2",".2",
"3규모(상용근로자 100~299인)","E. 하수·폐기물처리,원료재생및환경복원업(37~39)","법정노동비용[천원]","천원","348.2","357.1","358.9","305.5","306.3","323","320.8","297","293.9","267.4","281.7",
"3규모(상용근로자 100~299인)","E. 하수·폐기물처리,원료재생및환경복원업(37~39)","법정외 복지비용[천원]","천원","290.8","188","75.1","145.6","131.9","134.2","141.3","127.2","156.2","126","160.5",
"3규모(상용근로자 100~299인)","E. 하수·폐기물처리,원료재생및환경복원업(37~39)","채용관련비용(모집비)[천원]","천원",".5",".3",".1",".3",".3",".5","1.4",".1",".1",".1",".2",
"3규모(상용근로자 100~299인)","E. 하수·폐기물처리,원료재생및환경복원업(37~39)","교육훈련비용[천원]","천원","2.9","3.2","5.7","4.5","4.8","5.6","8.8","8.7","7.5","7.5","14.6",
"3규모(상용근로자 100~299인)","E. 하수·폐기물처리,원료재생및환경복원업(37~39)","기타노동비용[천원]","천원","","","","-","-","-",".8","3.4","3.1","2.1","3.9",
"3규모(상용근로자 100~299인)","F. 건설업(41~42)","노동비용총액[천원]","천원","5646.9","5158.9","4651.3","5035.8","4788.6","4829.2","4337.5","4094.2","3935.8","3929.6","3973.8",
"3규모(상용근로자 100~299인)","F. 건설업(41~42)","직접노동비용(계)[천원]","천원","4224.8","3956","3635","3997.9","3794.3","3709.9","3260.8","3115.1","3021.7","3011.7","3104.9",
"3규모(상용근로자 100~299인)","F. 건설업(41~42)","정액 및 초과급여[천원]","천원","3839.7","3568.1","3287.6","3561.2","3444.7","3331","2921.4","2805.6","2619","2603.6","2535.7",
"3규모(상용근로자 100~299인)","F. 건설업(41~42)","상여금 및 성과금[천원]","천원","385.1","387.9","347.5","436.7","349.6","378.9","339.3","309.6","402.7","408.1","569.2",
"3규모(상용근로자 100~299인)","F. 건설업(41~42)","간접노동비용(계)[천원]","천원","1422.1","1202.9","1016.3","1037.9","994.3","1119.3","1076.7","979.1","914.1","918","869",
"3규모(상용근로자 100~299인)","F. 건설업(41~42)","퇴직급여 등의 비용[천원]","천원","587.8","486.5","432.6","409.3","360.1","409.8","435.9","414.3","396.5","348.1","337.5",
"3규모(상용근로자 100~299인)","F. 건설업(41~42)","현물지급비용[천원]","천원","","","","-","-","-","9.5","1.7",".8","1.7","5.8",
"3규모(상용근로자 100~299인)","F. 건설업(41~42)","법정노동비용[천원]","천원","555.8","515.5","383.7","443.1","414.8","428.8","398.6","385.1","353.9","363.6","381.3",
"3규모(상용근로자 100~299인)","F. 건설업(41~42)","법정외 복지비용[천원]","천원","264","189.3","187.1","174.1","209.4","263.8","216.7","168.4","147.1","191","128.5",
"3규모(상용근로자 100~299인)","F. 건설업(41~42)","채용관련비용(모집비)[천원]","천원","6","1.6","7.2","3.2","1.7","3.1","1.4","1.7","2.3","1",".9",
"3규모(상용근로자 100~299인)","F. 건설업(41~42)","교육훈련비용[천원]","천원","8.5","10.1","5.7","8.3","8.3","13.8","9.4","6.1","10.3","10.5","11.7",
"3규모(상용근로자 100~299인)","F. 건설업(41~42)","기타노동비용[천원]","천원","","","","-","-","-","5.2","1.7","3.2","1.9","3.4",
"3규모(상용근로자 100~299인)","G. 도매및소매업(45~47)","노동비용총액[천원]","천원","4957","4665.8","4725.3","5065.5","4835.7","4535.9","4491.3","4388.6","4226.1","3950.6","3720.2",
"3규모(상용근로자 100~299인)","G. 도매및소매업(45~47)","직접노동비용(계)[천원]","천원","4177.6","3897.2","3900.4","4012.9","4012.7","3617.9","3522.7","3417.7","3370.4","3076.2","3023.4",
"3규모(상용근로자 100~299인)","G. 도매및소매업(45~47)","정액 및 초과급여[천원]","천원","3704.2","3459.3","3514.5","3516.2","3585.3","3103.7","3046.3","2908.8","2738.3","2503.4","2566.8",
"3규모(상용근로자 100~299인)","G. 도매및소매업(45~47)","상여금 및 성과금[천원]","천원","473.4","438","386","496.7","427.4","514.3","476.4","508.9","632.1","572.8","456.5",
"3규모(상용근로자 100~299인)","G. 도매및소매업(45~47)","간접노동비용(계)[천원]","천원","779.4","768.6","824.9","1052.6","822.9","918","968.6","970.9","855.7","874.4","696.8",
"3규모(상용근로자 100~299인)","G. 도매및소매업(45~47)","퇴직급여 등의 비용[천원]","천원","303.6","339.1","375.4","524.9","329.6","440.8","488.7","486","442.2","452.4","278.4",
"3규모(상용근로자 100~299인)","G. 도매및소매업(45~47)","현물지급비용[천원]","천원","","","","-","-","-","4.7","3.4","4.6","4.6","2.1",
"3규모(상용근로자 100~299인)","G. 도매및소매업(45~47)","법정노동비용[천원]","천원","327.8","341.5","353.5","318.4","322.5","298.3","280.9","261.6","249","248.6","231.7",
"3규모(상용근로자 100~299인)","G. 도매및소매업(45~47)","법정외 복지비용[천원]","천원","129","76.9","76.6","155.2","139.1","137.5","160.6","193.7","141","146.8","161.6",
"3규모(상용근로자 100~299인)","G. 도매및소매업(45~47)","채용관련비용(모집비)[천원]","천원","10.1","4.3","17.2","11.3","5.5","8.2","8.6","6.8","4.3","3.4","3.8",
"3규모(상용근로자 100~299인)","G. 도매및소매업(45~47)","교육훈련비용[천원]","천원","8.9","6.8","2.2","42.9","26.3","33.1","20.1","18.8","13.9","17.2","18.1",
"3규모(상용근로자 100~299인)","G. 도매및소매업(45~47)","기타노동비용[천원]","천원","","","","-","-","-","5.1",".6",".8","1.5","1.2",
"3규모(상용근로자 100~299인)","H. 운수업(49~52)","노동비용총액[천원]","천원","3441","2988.3","3278.3","2836.8","2647.2","2823.7","2982.1","2789.9","2397.6","2293.5","2212.2",
"3규모(상용근로자 100~299인)","H. 운수업(49~52)","직접노동비용(계)[천원]","천원","2816.1","2446","2651.1","2320.1","2173.8","2311.7","2347.3","2186","1933.1","1795.6","1737.3",
"3규모(상용근로자 100~299인)","H. 운수업(49~52)","정액 및 초과급여[천원]","천원","2446","2216.7","2285.9","2049.1","1909.6","1979.3","1972.3","1828.4","1599","1472.7","1414.7",
"3규모(상용근로자 100~299인)","H. 운수업(49~52)","상여금 및 성과금[천원]","천원","370","229.2","365.2","271","264.2","332.5","375.1","357.6","334.1","322.9","322.6",
"3규모(상용근로자 100~299인)","H. 운수업(49~52)","간접노동비용(계)[천원]","천원","624.9","542.3","627.1","516.7","473.4","512","634.8","603.9","464.6","497.9","474.8",
"3규모(상용근로자 100~299인)","H. 운수업(49~52)","퇴직급여 등의 비용[천원]","천원","247.3","235.2","286.9","230.3","183.8","217.2","315.3","309.9","202.4","218.1","207",
"3규모(상용근로자 100~299인)","H. 운수업(49~52)","현물지급비용[천원]","천원","","","","-","-","-","1.1","2.7","1.2","1","1.9",
"3규모(상용근로자 100~299인)","H. 운수업(49~52)","법정노동비용[천원]","천원","242.7","205.1","232.7","201.9","208.1","197.1","200.1","186.2","168","164.6","159.2",
"3규모(상용근로자 100~299인)","H. 운수업(49~52)","법정외 복지비용[천원]","천원","127.8","97.3","101.5","78.9","75.4","88.8","111","100.4","89.2","109.8","101.4",
"3규모(상용근로자 100~299인)","H. 운수업(49~52)","채용관련비용(모집비)[천원]","천원","1","1.9","1.6","1.2","1.2","1.2",".7",".5",".7",".5",".9",
"3규모(상용근로자 100~299인)","H. 운수업(49~52)","교육훈련비용[천원]","천원","6","2.8","4.5","4.4","4.8","7.7","3.3","3.5","2.7","2.5","3.5",
"3규모(상용근로자 100~299인)","H. 운수업(49~52)","기타노동비용[천원]","천원","","","","-","-","-","3.3",".7",".3","1.4","1",
"3규모(상용근로자 100~299인)","I. 숙박및음식점업(55~56)","노동비용총액[천원]","천원","3465","3449.4","3512.7","3093.8","2997.9","2972.9","2719.1","2471.6","2557.9","2652.6","2993",
"3규모(상용근로자 100~299인)","I. 숙박및음식점업(55~56)","직접노동비용(계)[천원]","천원","2851.1","2843.9","2784","2419.2","2350.5","2381.9","2140.7","1918.7","2032.1","2125.7","2492.9",
"3규모(상용근로자 100~299인)","I. 숙박및음식점업(55~56)","정액 및 초과급여[천원]","천원","2718.3","2675.3","2427.7","2123.6","1940.4","1969.1","1857.8","1668.5","1803.6","1891.7","2300.4",
"3규모(상용근로자 100~299인)","I. 숙박및음식점업(55~56)","상여금 및 성과금[천원]","천원","132.8","168.6","356.3","295.6","410.1","412.8","282.9","250.2","228.4","234","192.4",
"3규모(상용근로자 100~299인)","I. 숙박및음식점업(55~56)","간접노동비용(계)[천원]","천원","613.9","605.5","728.7","674.6","647.4","591","578.4","552.9","525.8","526.9","500.1",
"3규모(상용근로자 100~299인)","I. 숙박및음식점업(55~56)","퇴직급여 등의 비용[천원]","천원","231.9","252.9","303.2","284.6","275.9","213","244.3","237.4","229.9","223.6","187.9",
"3규모(상용근로자 100~299인)","I. 숙박및음식점업(55~56)","현물지급비용[천원]","천원","","","","-","-","-","1","1.8","2.3","3",".7",
"3규모(상용근로자 100~299인)","I. 숙박및음식점업(55~56)","법정노동비용[천원]","천원","229.3","216.8","239","232.5","223.4","219.8","184.3","166.4","181.6","185.3","171.9",
"3규모(상용근로자 100~299인)","I. 숙박및음식점업(55~56)","법정외 복지비용[천원]","천원","142","120.1","172.6","147.6","138.1","147.9","135.3","139.2","95.3","102","125.6",
"3규모(상용근로자 100~299인)","I. 숙박및음식점업(55~56)","채용관련비용(모집비)[천원]","천원","2.6","3","2.8","3.1","3.2","2.7","1.2","1.4","1",".7","3",
"3규모(상용근로자 100~299인)","I. 숙박및음식점업(55~56)","교육훈련비용[천원]","천원","8.2","12.7","11.1","6.8","6.8","7.6","11","6.6","10","6.4","5.6",
"3규모(상용근로자 100~299인)","I. 숙박및음식점업(55~56)","기타노동비용[천원]","천원","","","","-","-","-","1.3","0","5.7","6.1","5.4",
"3규모(상용근로자 100~299인)","J. 출판,영상,방송통신및정보서비스업(58~63)","노동비용총액[천원]","천원","5036.1","4747.1","4630.8","4814.1","4793","4823","4906.2","4576.7","3872.4","3647.9","3680.4",
"3규모(상용근로자 100~299인)","J. 출판,영상,방송통신및정보서비스업(58~63)","직접노동비용(계)[천원]","천원","4142.5","3979.6","3897.4","3988.1","4002.6","3894.3","3919.4","3660.2","3140","3005","3067.5",
"3규모(상용근로자 100~299인)","J. 출판,영상,방송통신및정보서비스업(58~63)","정액 및 초과급여[천원]","천원","3774.8","3607.9","3508.3","3535.7","3492.8","3359.1","3286.7","3174.8","2782.3","2607.6","2589.6",
"3규모(상용근로자 100~299인)","J. 출판,영상,방송통신및정보서비스업(58~63)","상여금 및 성과금[천원]","천원","367.8","371.7","389.1","452.3","509.8","535.2","632.7","485.4","357.7","397.4","477.9",
"3규모(상용근로자 100~299인)","J. 출판,영상,방송통신및정보서비스업(58~63)","간접노동비용(계)[천원]","천원","893.6","767.5","733.4","826","790.4","928.7","986.8","916.5","732.4","642.9","612.9",
"3규모(상용근로자 100~299인)","J. 출판,영상,방송통신및정보서비스업(58~63)","퇴직급여 등의 비용[천원]","천원","366.1","303.2","309.8","329.9","293.4","419.6","472.7","451.8","317.2","278.4","256.5",
"3규모(상용근로자 100~299인)","J. 출판,영상,방송통신및정보서비스업(58~63)","현물지급비용[천원]","천원","","","","-","-","-",".7","1",".7",".4",".1",
"3규모(상용근로자 100~299인)","J. 출판,영상,방송통신및정보서비스업(58~63)","법정노동비용[천원]","천원","369.3","330.1","311.7","330.9","333.5","329.6","309.2","271.1","239.7","231.6","231.1",
"3규모(상용근로자 100~299인)","J. 출판,영상,방송통신및정보서비스업(58~63)","법정외 복지비용[천원]","천원","139.7","117.2","90.3","137.2","135.8","153.4","175.2","159.7","130.9","118.1","105.2",
"3규모(상용근로자 100~299인)","J. 출판,영상,방송통신및정보서비스업(58~63)","채용관련비용(모집비)[천원]","천원","4.6","5.8","5","9.6","8.1","6.5","4","3.7","19.1","1.5","1.4",
"3규모(상용근로자 100~299인)","J. 출판,영상,방송통신및정보서비스업(58~63)","교육훈련비용[천원]","천원","13.9","11.2","16.5","18.4","19.6","19.6","23.5","29.1","21.9","12.4","18.5",
"3규모(상용근로자 100~299인)","J. 출판,영상,방송통신및정보서비스업(58~63)","기타노동비용[천원]","천원","","","","-","-","-","1.5",".1","2.8",".4","0",
"3규모(상용근로자 100~299인)","K. 금융및보험업(64~66)","노동비용총액[천원]","천원","7135.1","7376.6","5854.9","6818.9","6390.9","6712.1","6138.1","6194.9","7703.7","7949.6","8182.3",
"3규모(상용근로자 100~299인)","K. 금융및보험업(64~66)","직접노동비용(계)[천원]","천원","5750","5859.4","4990.7","5490.4","5019.6","5434.2","4856.1","5036.1","6387.9","6366.8","6389.3",
"3규모(상용근로자 100~299인)","K. 금융및보험업(64~66)","정액 및 초과급여[천원]","천원","4428.3","4684.2","4019.1","4311.2","3766.7","4270.5","3798.7","3757.4","4624.1","4543.3","4688.4",
"3규모(상용근로자 100~299인)","K. 금융및보험업(64~66)","상여금 및 성과금[천원]","천원","1321.8","1175.1","971.6","1179.2","1252.9","1163.7","1057.5","1278.7","1763.9","1823.5","1700.9",
"3규모(상용근로자 100~299인)","K. 금융및보험업(64~66)","간접노동비용(계)[천원]","천원","1385.1","1517.2","864.2","1328.4","1371.2","1277.9","1282","1158.8","1315.7","1582.7","1793",
"3규모(상용근로자 100~299인)","K. 금융및보험업(64~66)","퇴직급여 등의 비용[천원]","천원","544.9","763.8","415.3","592.8","700","576.8","641.8","493.2","646.1","669.7","786.2",
"3규모(상용근로자 100~299인)","K. 금융및보험업(64~66)","현물지급비용[천원]","천원","","","","-","-","-","3.5","7.1","4.9","4.5","14.8",
"3규모(상용근로자 100~299인)","K. 금융및보험업(64~66)","법정노동비용[천원]","천원","483.2","422.2","295","383","359.6","407","351.3","355","395.7","394.2","376.9",
"3규모(상용근로자 100~299인)","K. 금융및보험업(64~66)","법정외 복지비용[천원]","천원","302.2","282","128.2","316.1","258.2","230.7","218.3","228.5","205.3","416.3","482.6",
"3규모(상용근로자 100~299인)","K. 금융및보험업(64~66)","채용관련비용(모집비)[천원]","천원","6.2","8.4","4.1","9.6","13.5","8.1","6.8","10.4","11.2","10.6","13.5",
"3규모(상용근로자 100~299인)","K. 금융및보험업(64~66)","교육훈련비용[천원]","천원","48.6","40.7","21.5","27","39.8","55.3","52.4","63.2","50.5","83.3","109.2",
"3규모(상용근로자 100~299인)","K. 금융및보험업(64~66)","기타노동비용[천원]","천원","","","","-","-","-","7.8","1.4","2","4.2","9.8",
"3규모(상용근로자 100~299인)","L. 부동산업및임대업(68~69)","노동비용총액[천원]","천원","5313.3","4475.3","3344.4","3119","2785.7","2797.8","2920.7","2822.5","2520.2","2390.4","2329.4",
"3규모(상용근로자 100~299인)","L. 부동산업및임대업(68~69)","직접노동비용(계)[천원]","천원","4288.4","3731.2","2729.1","2704.9","2331.9","2372.8","2463.8","2350.6","2070.4","1945.5","1895",
"3규모(상용근로자 100~299인)","L. 부동산업및임대업(68~69)","정액 및 초과급여[천원]","천원","3499.9","3080.9","2562.3","2565.5","2191.2","2211.9","2164","2055.7","1820.1","1724.6","1679.4",
"3규모(상용근로자 100~299인)","L. 부동산업및임대업(68~69)","상여금 및 성과금[천원]","천원","788.5","650.3","166.9","139.4","140.8","160.9","299.8","295","250.3","221","215.6",
"3규모(상용근로자 100~299인)","L. 부동산업및임대업(68~69)","간접노동비용(계)[천원]","천원","1024.9","744.1","615.3","414.1","453.7","425","456.9","471.9","449.8","444.9","434.4",
"3규모(상용근로자 100~299인)","L. 부동산업및임대업(68~69)","퇴직급여 등의 비용[천원]","천원","438.1","343.9","271.8","175.2","184.7","175.6","188.3","231","227.3","188.8","177.9",
"3규모(상용근로자 100~299인)","L. 부동산업및임대업(68~69)","현물지급비용[천원]","천원","","","","-","-","-","1.6","1","1.6","1.2","3.5",
"3규모(상용근로자 100~299인)","L. 부동산업및임대업(68~69)","법정노동비용[천원]","천원","351.8","275.5","245.3","169.6","186.2","171.6","183.3","172.4","162.4","132.8","136.2",
"3규모(상용근로자 100~299인)","L. 부동산업및임대업(68~69)","법정외 복지비용[천원]","천원","181","93.1","84","62.9","74.7","71.4","77","55.9","54.4","103.9","105.6",
"3규모(상용근로자 100~299인)","L. 부동산업및임대업(68~69)","채용관련비용(모집비)[천원]","천원","34","18.3","1.5","1.1","2","1.7",".6","1.1",".4",".9","1",
"3규모(상용근로자 100~299인)","L. 부동산업및임대업(68~69)","교육훈련비용[천원]","천원","20","13.3","12.8","5.2","6.1","4.7","4.9","10.2","3.4","14.3","9.4",
"3규모(상용근로자 100~299인)","L. 부동산업및임대업(68~69)","기타노동비용[천원]","천원","","","","-","-","-","1.2",".2",".2","2.9",".8",
"3규모(상용근로자 100~299인)","M. 전문,과학및기술서비스업(70~73)","노동비용총액[천원]","천원","4732.5","4479.6","5106.9","5483.6","5185.6","5263.7","4879.1","4650.9","4185","3820.5","3692.5",
"3규모(상용근로자 100~299인)","M. 전문,과학및기술서비스업(70~73)","직접노동비용(계)[천원]","천원","3982.3","3842","4216.3","4500.1","4286.5","4313.1","4003.3","3712.8","3361.8","3136.7","3045.1",
"3규모(상용근로자 100~299인)","M. 전문,과학및기술서비스업(70~73)","정액 및 초과급여[천원]","천원","3639.3","3490.5","3646.4","3857.8","3680","3696.8","3588.5","3271.7","2839.4","2869.7","2830.6",
"3규모(상용근로자 100~299인)","M. 전문,과학및기술서비스업(70~73)","상여금 및 성과금[천원]","천원","343","351.5","570","642.3","606.6","616.3","414.7","441.2","522.4","267","214.5",
"3규모(상용근로자 100~299인)","M. 전문,과학및기술서비스업(70~73)","간접노동비용(계)[천원]","천원","750.2","637.6","890.5","983.4","899.1","950.7","875.9","938.1","823.2","683.8","647.5",
"3규모(상용근로자 100~299인)","M. 전문,과학및기술서비스업(70~73)","퇴직급여 등의 비용[천원]","천원","283","214.3","433.6","491.6","395.9","441.2","358.8","495.8","437.3","297.6","263.4",
"3규모(상용근로자 100~299인)","M. 전문,과학및기술서비스업(70~73)","현물지급비용[천원]","천원","","","","-","-","-",".9","1.8","1.7","1.6","4.3",
"3규모(상용근로자 100~299인)","M. 전문,과학및기술서비스업(70~73)","법정노동비용[천원]","천원","323.9","263.9","287.6","347.5","334.1","318.5","314.2","282.5","264.6","233.1","235.7",
"3규모(상용근로자 100~299인)","M. 전문,과학및기술서비스업(70~73)","법정외 복지비용[천원]","천원","117.3","134","147.2","109.2","134.6","153.2","159.7","124.2","100.4","118.8","113.9",
"3규모(상용근로자 100~299인)","M. 전문,과학및기술서비스업(70~73)","채용관련비용(모집비)[천원]","천원","9.5","8.1","8.5","5","7.3","6.7","5.5","5.2","4","2.1","2.1",
"3규모(상용근로자 100~299인)","M. 전문,과학및기술서비스업(70~73)","교육훈련비용[천원]","천원","16.5","17.3","13.6","30.2","27.3","31.1","35.8","27.8","15.1","22.7","26.7",
"3규모(상용근로자 100~299인)","M. 전문,과학및기술서비스업(70~73)","기타노동비용[천원]","천원","","","","-","-","-","1",".7",".2","7.9","1.3",
"3규모(상용근로자 100~299인)","N. 사업시설관리및사업지원서비스업(74~75)","노동비용총액[천원]","천원","2457.4","2276.7","2494.9","2116.1","2025.1","2065.7","2140.9","1972.9","1835.9","1682.3","1502.8",
"3규모(상용근로자 100~299인)","N. 사업시설관리및사업지원서비스업(74~75)","직접노동비용(계)[천원]","천원","2101.4","1951.7","2108.1","1796.5","1682.3","1737.5","1788","1636.3","1546.6","1423.4","1286.6",
"3규모(상용근로자 100~299인)","N. 사업시설관리및사업지원서비스업(74~75)","정액 및 초과급여[천원]","천원","1945.8","1783.2","1847.9","1671.2","1600.8","1623.3","1593.1","1457","1394","1290.7","1195.9",
"3규모(상용근로자 100~299인)","N. 사업시설관리및사업지원서비스업(74~75)","상여금 및 성과금[천원]","천원","155.7","168.6","260.2","125.3","81.6","114.2","194.8","179.2","152.5","132.7","90.7",
"3규모(상용근로자 100~299인)","N. 사업시설관리및사업지원서비스업(74~75)","간접노동비용(계)[천원]","천원","356","325","386.8","319.6","342.8","328.1","353","336.7","289.3","258.9","216.2",
"3규모(상용근로자 100~299인)","N. 사업시설관리및사업지원서비스업(74~75)","퇴직급여 등의 비용[천원]","천원","171.6","117.3","178.3","133","146.9","123.4","150.4","150.8","118.8","100.4","87.4",
"3규모(상용근로자 100~299인)","N. 사업시설관리및사업지원서비스업(74~75)","현물지급비용[천원]","천원","","","","-","-","-","1.7","1.8",".8",".4",".1",
"3규모(상용근로자 100~299인)","N. 사업시설관리및사업지원서비스업(74~75)","법정노동비용[천원]","천원","161.4","160.6","157","141.8","147","144.1","144.2","130.5","126.7","112.6","102.9",
"3규모(상용근로자 100~299인)","N. 사업시설관리및사업지원서비스업(74~75)","법정외 복지비용[천원]","천원","18.1","39.1","46.5","40.9","44.9","54.2","52.7","46","36.1","35.8","18.2",
"3규모(상용근로자 100~299인)","N. 사업시설관리및사업지원서비스업(74~75)","채용관련비용(모집비)[천원]","천원","2.1","4.8","2.5","2.5","2.1","2.9",".8","1.1","2.4","1.3","1.4",
"3규모(상용근로자 100~299인)","N. 사업시설관리및사업지원서비스업(74~75)","교육훈련비용[천원]","천원","2.9","3.1","2.4","1.4","1.8","3.6","3.1","4.7","3.4","6.2","4.7",
"3규모(상용근로자 100~299인)","N. 사업시설관리및사업지원서비스업(74~75)","기타노동비용[천원]","천원","","","","-","-","-",".2","1.8","1","2.2","1.6",
"3규모(상용근로자 100~299인)","R. 예술,스포츠및여가관련서비스업(90~91)","노동비용총액[천원]","천원","4862.7","4626.6","4417.3","4142.9","3993.3","3906","3869.8","3604.7","3377.8","3000","2911.4",
"3규모(상용근로자 100~299인)","R. 예술,스포츠및여가관련서비스업(90~91)","직접노동비용(계)[천원]","천원","3826.4","3629.6","3570.8","3269","3093.7","3109.1","3114.7","2838.9","2725.3","2458.4","2366.5",
"3규모(상용근로자 100~299인)","R. 예술,스포츠및여가관련서비스업(90~91)","정액 및 초과급여[천원]","천원","3582.3","3341.9","3233.8","2826.5","2671.9","2728.2","2676.3","2459.5","2280.1","2001.9","2014.2",
"3규모(상용근로자 100~299인)","R. 예술,스포츠및여가관련서비스업(90~91)","상여금 및 성과금[천원]","천원","244.1","287.7","337","442.5","421.8","380.9","438.4","379.4","445.2","456.5","352.3",
"3규모(상용근로자 100~299인)","R. 예술,스포츠및여가관련서비스업(90~91)","간접노동비용(계)[천원]","천원","1036.4","997","846.6","873.8","899.6","796.9","755.1","765.8","652.5","541.6","544.9",
"3규모(상용근로자 100~299인)","R. 예술,스포츠및여가관련서비스업(90~91)","퇴직급여 등의 비용[천원]","천원","402.6","356.1","400.2","398.2","435.5","343.4","321.2","350.1","279.1","211.6","152.4",
"3규모(상용근로자 100~299인)","R. 예술,스포츠및여가관련서비스업(90~91)","현물지급비용[천원]","천원","","","","-","-","-","4.9","1.3",".8","3.3","7.2",
"3규모(상용근로자 100~299인)","R. 예술,스포츠및여가관련서비스업(90~91)","법정노동비용[천원]","천원","360.3","329.4","277.5","280.5","286.2","287.7","257.9","230","224.6","216.7","204.5",
"3규모(상용근로자 100~299인)","R. 예술,스포츠및여가관련서비스업(90~91)","법정외 복지비용[천원]","천원","259.8","303.5","158","188.2","173.7","156.3","160.6","180.5","96.6","95.8","171.3",
"3규모(상용근로자 100~299인)","R. 예술,스포츠및여가관련서비스업(90~91)","채용관련비용(모집비)[천원]","천원","2.4","1.7","3.3","1.7",".7","3.3",".3",".5","5.2","2.4","4.9",
"3규모(상용근로자 100~299인)","R. 예술,스포츠및여가관련서비스업(90~91)","교육훈련비용[천원]","천원","11.3","6.2","7.5","5.2","3.5","6.2","9.1","2.2","45","10.7","4.3",
"3규모(상용근로자 100~299인)","R. 예술,스포츠및여가관련서비스업(90~91)","기타노동비용[천원]","천원","","","","-","-","-","1.1","1.1","1.2","1.2",".3",
"3규모(상용근로자 100~299인)","S. 협회및단체,수리및기타개인서비스업(94~96)","노동비용총액[천원]","천원","3984","3463.9","3436.9","3568","3699.8","3651","3851.2","3862","3338","3425.1","3853",
"3규모(상용근로자 100~299인)","S. 협회및단체,수리및기타개인서비스업(94~96)","직접노동비용(계)[천원]","천원","3306","2853.8","2744.6","2849.7","2973.7","3005.7","3049.4","3112.1","2696.5","2823.2","3008.9",
"3규모(상용근로자 100~299인)","S. 협회및단체,수리및기타개인서비스업(94~96)","정액 및 초과급여[천원]","천원","2834.5","2640.5","2350.8","2257.2","2302.6","2378.6","2447.7","2403","2203.5","2201.3","2265.5",
"3규모(상용근로자 100~299인)","S. 협회및단체,수리및기타개인서비스업(94~96)","상여금 및 성과금[천원]","천원","471.5","213.3","393.8","592.4","671.1","627.1","601.7","709","493","621.8","743.4",
"3규모(상용근로자 100~299인)","S. 협회및단체,수리및기타개인서비스업(94~96)","간접노동비용(계)[천원]","천원","678","610.1","692.3","718.4","726.1","645.3","801.8","749.9","641.5","601.9","844.1",
"3규모(상용근로자 100~299인)","S. 협회및단체,수리및기타개인서비스업(94~96)","퇴직급여 등의 비용[천원]","천원","290.4","244.1","317.2","283.8","267.1","264.7","322.8","319.3","226.5","224.6","451.6",
"3규모(상용근로자 100~299인)","S. 협회및단체,수리및기타개인서비스업(94~96)","현물지급비용[천원]","천원","","","","-","-","-","2.5","1.7","1","0","0",
"3규모(상용근로자 100~299인)","S. 협회및단체,수리및기타개인서비스업(94~96)","법정노동비용[천원]","천원","259.2","240.9","227.5","254.8","260.2","249.2","256.5","246.8","240.2","259.1","261.2",
"3규모(상용근로자 100~299인)","S. 협회및단체,수리및기타개인서비스업(94~96)","법정외 복지비용[천원]","천원","122.5","101.1","139.2","166.6","187.7","121.3","185.3","151.9","145","93.7","107.3",
"3규모(상용근로자 100~299인)","S. 협회및단체,수리및기타개인서비스업(94~96)","채용관련비용(모집비)[천원]","천원",".2","13.8",".2","1.1",".6",".7","1.2",".9",".7",".6",".2",
"3규모(상용근로자 100~299인)","S. 협회및단체,수리및기타개인서비스업(94~96)","교육훈련비용[천원]","천원","5.7","10.2","8.2","12","10.5","9.5","23.8","26.5","25.8","22.7","21.6",
"3규모(상용근로자 100~299인)","S. 협회및단체,수리및기타개인서비스업(94~96)","기타노동비용[천원]","천원","","","","-","-","-","9.8","2.8","2.2","1.2","2.1",
"4규모(상용근로자 300~499인)","전체","노동비용총액[천원]","천원","4636","4450.1","4422.6","4501.8","4396.2","4252","4304.5","4264.4","3880.3","3624.3","3568.2",
"4규모(상용근로자 300~499인)","전체","직접노동비용(계)[천원]","천원","3663.8","3590.9","3548.8","3579.6","3488.7","3348.9","3381.8","3319.1","3033.5","2786.6","2768.1",
"4규모(상용근로자 300~499인)","전체","정액 및 초과급여[천원]","천원","3113.6","3018.9","2936.5","2941.7","2824.1","2746.6","2718.9","2648.1","2468.7","2260.3","2208.6",
"4규모(상용근로자 300~499인)","전체","상여금 및 성과금[천원]","천원","550.1","572","612.2","637.9","664.6","602.2","662.8","670.9","564.9","526.2","559.4",
"4규모(상용근로자 300~499인)","전체","간접노동비용(계)[천원]","천원","972.2","859.2","873.8","922.1","907.5","903.1","922.7","945.3","846.8","837.7","800.1",
"4규모(상용근로자 300~499인)","전체","퇴직급여 등의 비용[천원]","천원","440.5","360.4","380.7","405.2","392.9","392.1","431.8","440.4","413.2","406.1","395.2",
"4규모(상용근로자 300~499인)","전체","현물지급비용[천원]","천원","","","","-","-","-","4.8","3","1.8","2","2.3",
"4규모(상용근로자 300~499인)","전체","법정노동비용[천원]","천원","339.7","312.7","312.1","313.9","307.5","304.8","290.8","287.3","264.7","245.2","232.8",
"4규모(상용근로자 300~499인)","전체","법정외 복지비용[천원]","천원","169.2","167.1","163.7","180.3","184.6","184.2","167.6","186","139.6","155.4","142",
"4규모(상용근로자 300~499인)","전체","채용관련비용(모집비)[천원]","천원","4.7","4.1","3.2","5.1","5.4","4.2","3.6","3.8","3.7","2.6","2.9",
"4규모(상용근로자 300~499인)","전체","교육훈련비용[천원]","천원","18.1","14.9","14.1","17.7","17.2","17.7","20.8","21.8","19.9","21.7","19.7",
"4규모(상용근로자 300~499인)","전체","기타노동비용[천원]","천원","","","","-","-","-","3.2","2.9","4","4.7","5.1",
"4규모(상용근로자 300~499인)","B. 광업(05~08)","노동비용총액[천원]","천원","-","-","-","5439","4470.4","4195","-","-","-","5351.7","-",
"4규모(상용근로자 300~499인)","B. 광업(05~08)","직접노동비용(계)[천원]","천원","-","-","-","4176.6","3415.6","3143","-","-","-","3782.4","-",
"4규모(상용근로자 300~499인)","B. 광업(05~08)","정액 및 초과급여[천원]","천원","-","-","-","3015.9","2558.6","2288.7","-","-","-","2604.5","-",
"4규모(상용근로자 300~499인)","B. 광업(05~08)","상여금 및 성과금[천원]","천원","-","-","-","1160.7","857.1","854.3","-","-","-","1177.9","-",
"4규모(상용근로자 300~499인)","B. 광업(05~08)","간접노동비용(계)[천원]","천원","-","-","-","1262.3","1054.8","1052","-","-","-","1569.3","-",
"4규모(상용근로자 300~499인)","B. 광업(05~08)","퇴직급여 등의 비용[천원]","천원","-","-","-","798.8","541.1","563.3","-","-","-","687.1","-",
"4규모(상용근로자 300~499인)","B. 광업(05~08)","현물지급비용[천원]","천원","","","","-","-","-","-","-","-","0","-",
"4규모(상용근로자 300~499인)","B. 광업(05~08)","법정노동비용[천원]","천원","-","-","-","393.3","394.6","346.1","-","-","-","520","-",
"4규모(상용근로자 300~499인)","B. 광업(05~08)","법정외 복지비용[천원]","천원","-","-","-","62.8","111.7","138.9","-","-","-","350.4","-",
"4규모(상용근로자 300~499인)","B. 광업(05~08)","채용관련비용(모집비)[천원]","천원","-","-","-","0","-","0","-","-","-","0","-",
"4규모(상용근로자 300~499인)","B. 광업(05~08)","교육훈련비용[천원]","천원","-","-","-","7.4","7.3","3.7","-","-","-","6.2","-",
"4규모(상용근로자 300~499인)","B. 광업(05~08)","기타노동비용[천원]","천원","","","","-","-","-","-","-","-","5.5","-",
"4규모(상용근로자 300~499인)","C. 제조업(10~33)","노동비용총액[천원]","천원","5610.5","5299","5316.4","5154.5","5010.4","4882.4","5135.2","5022","4435.4","4150.8","4092.6",
"4규모(상용근로자 300~499인)","C. 제조업(10~33)","직접노동비용(계)[천원]","천원","4339.7","4241.5","4101","4002.4","3950.1","3774.7","3942.2","3872.1","3415.5","3113","3102.1",
"4규모(상용근로자 300~499인)","C. 제조업(10~33)","정액 및 초과급여[천원]","천원","3515.1","3414.4","3242.1","3144.4","3025.5","2950.1","3006.3","2902.6","2623","2352.7","2356.9",
"4규모(상용근로자 300~499인)","C. 제조업(10~33)","상여금 및 성과금[천원]","천원","824.7","827.1","858.9","858.1","924.5","824.6","935.9","969.4","792.6","760.3","745.2",
"4규모(상용근로자 300~499인)","C. 제조업(10~33)","간접노동비용(계)[천원]","천원","1270.8","1057.4","1215.4","1152.1","1060.3","1107.7","1193","1149.9","1019.9","1037.8","990.5",
"4규모(상용근로자 300~499인)","C. 제조업(10~33)","퇴직급여 등의 비용[천원]","천원","602.5","437.4","542.3","512.4","440.1","451.7","564","507.7","481.6","497.8","496.5",
"4규모(상용근로자 300~499인)","C. 제조업(10~33)","현물지급비용[천원]","천원","","","","-","-","-","5.9","2.9","2.3","1.4","2",
"4규모(상용근로자 300~499인)","C. 제조업(10~33)","법정노동비용[천원]","천원","397.6","367","396.8","355.9","346.2","352.4","348.1","335.4","298","274.6","264.7",
"4규모(상용근로자 300~499인)","C. 제조업(10~33)","법정외 복지비용[천원]","천원","252.9","235.6","251.2","264.5","254.7","279.7","241","272.2","208.4","233.9","194.9",
"4규모(상용근로자 300~499인)","C. 제조업(10~33)","채용관련비용(모집비)[천원]","천원","4.2","4.5","4.5","3.2","2.9","3.5","3.4","3.9","3.7","2.5","2.5",
"4규모(상용근로자 300~499인)","C. 제조업(10~33)","교육훈련비용[천원]","천원","13.6","13","20.6","16.1","16.5","20.3","25.4","24.2","22.2","20.4","21.5",
"4규모(상용근로자 300~499인)","C. 제조업(10~33)","기타노동비용[천원]","천원","","","","-","-","-","5.1","3.5","3.7","7.1","8.4",
"4규모(상용근로자 300~499인)","D. 전기,가스,증기및수도사업(35~36)","노동비용총액[천원]","천원","10093.1","10070.7","7916.4","8330.9","8056.3","7499","6904.1","6491.3","6139.4","5894.4","4975.2",
"4규모(상용근로자 300~499인)","D. 전기,가스,증기및수도사업(35~36)","직접노동비용(계)[천원]","천원","7481.5","7159.5","5896.9","6458.2","5992.1","5775.6","5329.6","4848","4828.1","4532.9","3706.9",
"4규모(상용근로자 300~499인)","D. 전기,가스,증기및수도사업(35~36)","정액 및 초과급여[천원]","천원","4954.2","4686.5","4186.3","4250.7","3818.8","3590.9","3356.2","3008.6","3168","2990","2873.4",
"4규모(상용근로자 300~499인)","D. 전기,가스,증기및수도사업(35~36)","상여금 및 성과금[천원]","천원","2527.4","2472.9","1710.6","2207.5","2173.2","2184.7","1973.4","1839.4","1660.1","1542.9","833.6",
"4규모(상용근로자 300~499인)","D. 전기,가스,증기및수도사업(35~36)","간접노동비용(계)[천원]","천원","2611.5","2911.2","2019.5","1872.8","2064.2","1723.4","1574.5","1643.3","1311.3","1361.5","1268.3",
"4규모(상용근로자 300~499인)","D. 전기,가스,증기및수도사업(35~36)","퇴직급여 등의 비용[천원]","천원","1377.4","1572.2","916.5","860.3","945.6","703.6","717.8","862.6","660.7","734.8","717",
"4규모(상용근로자 300~499인)","D. 전기,가스,증기및수도사업(35~36)","현물지급비용[천원]","천원","","","","-","-","-","9.1","6.2","1.7","0","16.2",
"4규모(상용근로자 300~499인)","D. 전기,가스,증기및수도사업(35~36)","법정노동비용[천원]","천원","561.5","547.8","504.8","485.5","493","461.1","401.3","385.4","371.2","335.2","289.6",
"4규모(상용근로자 300~499인)","D. 전기,가스,증기및수도사업(35~36)","법정외 복지비용[천원]","천원","555.1","573.4","500.5","454.9","552.7","476.2","304","254.2","176.2","211.2","177.6",
"4규모(상용근로자 300~499인)","D. 전기,가스,증기및수도사업(35~36)","채용관련비용(모집비)[천원]","천원","15.1","11.8",".1","3.3","2.4","1.9","5.1","6.9","5.1","2.4","1.4",
"4규모(상용근로자 300~499인)","D. 전기,가스,증기및수도사업(35~36)","교육훈련비용[천원]","천원","102.5","206.1","97.7","68.8","70.7","80.7","130.5","122.3","95.6","78","66.5",
"4규모(상용근로자 300~499인)","D. 전기,가스,증기및수도사업(35~36)","기타노동비용[천원]","천원","","","","-","-","-","6.6","5.8",".9","0","0",
"4규모(상용근로자 300~499인)","E. 하수·폐기물처리,원료재생및환경복원업(37~39)","노동비용총액[천원]","천원","-","3571.3","-","-","-","-","4173.9","3990","3729","3719.2","-",
"4규모(상용근로자 300~499인)","E. 하수·폐기물처리,원료재생및환경복원업(37~39)","직접노동비용(계)[천원]","천원","-","2860.2","-","-","-","-","3120","2629","3082.8","2907.4","-",
"4규모(상용근로자 300~499인)","E. 하수·폐기물처리,원료재생및환경복원업(37~39)","정액 및 초과급여[천원]","천원","-","2860.2","-","-","-","-","2798.2","2390.9","2764.6","2619","-",
"4규모(상용근로자 300~499인)","E. 하수·폐기물처리,원료재생및환경복원업(37~39)","상여금 및 성과금[천원]","천원","-","0","-","-","-","-","321.7","238.2","318.2","288.4","-",
"4규모(상용근로자 300~499인)","E. 하수·폐기물처리,원료재생및환경복원업(37~39)","간접노동비용(계)[천원]","천원","-","711.2","-","-","-","-","1053.9","1360.9","646.2","811.8","-",
"4규모(상용근로자 300~499인)","E. 하수·폐기물처리,원료재생및환경복원업(37~39)","퇴직급여 등의 비용[천원]","천원","-","283.3","-","-","-","-","313.6","454.4","258.8","219.6","-",
"4규모(상용근로자 300~499인)","E. 하수·폐기물처리,원료재생및환경복원업(37~39)","현물지급비용[천원]","천원","","","","-","-","-","0","0","0","0","-",
"4규모(상용근로자 300~499인)","E. 하수·폐기물처리,원료재생및환경복원업(37~39)","법정노동비용[천원]","천원","-","260.9","-","-","-","-","293.4","279.5","323.8","296.1","-",
"4규모(상용근로자 300~499인)","E. 하수·폐기물처리,원료재생및환경복원업(37~39)","법정외 복지비용[천원]","천원","-","159.3","-","-","-","-","441.8","618.8","58.1","259.5","-",
"4규모(상용근로자 300~499인)","E. 하수·폐기물처리,원료재생및환경복원업(37~39)","채용관련비용(모집비)[천원]","천원","-",".1","-","-","-","-","0","0",".6","1","-",
"4규모(상용근로자 300~499인)","E. 하수·폐기물처리,원료재생및환경복원업(37~39)","교육훈련비용[천원]","천원","-","7.7","-","-","-","-","5.1","8.3","3.6","23.3","-",
"4규모(상용근로자 300~499인)","E. 하수·폐기물처리,원료재생및환경복원업(37~39)","기타노동비용[천원]","천원","","","","-","-","-","0","0","1.3","12.5","-",
"4규모(상용근로자 300~499인)","F. 건설업(41~42)","노동비용총액[천원]","천원","5717.5","5423.9","5585.5","5441.2","5391.2","6126.7","6512.2","6555.2","6231.9","5842.8","5594.2",
"4규모(상용근로자 300~499인)","F. 건설업(41~42)","직접노동비용(계)[천원]","천원","4031.2","4026.2","4442.2","4348.6","4294.4","4737.9","4766.1","4176.4","4603.4","4316.7","4590.1",
"4규모(상용근로자 300~499인)","F. 건설업(41~42)","정액 및 초과급여[천원]","천원","3503.3","3543.5","3816.1","3831.1","3673.8","4258.7","4113.4","3716","4486.7","4225.1","3497.9",
"4규모(상용근로자 300~499인)","F. 건설업(41~42)","상여금 및 성과금[천원]","천원","527.9","482.6","626.1","517.5","620.6","479.2","652.7","460.4","116.7","91.6","1092.2",
"4규모(상용근로자 300~499인)","F. 건설업(41~42)","간접노동비용(계)[천원]","천원","1686.3","1397.8","1143.3","1092.6","1096.8","1388.7","1746.1","2378.8","1628.6","1526.1","1004.1",
"4규모(상용근로자 300~499인)","F. 건설업(41~42)","퇴직급여 등의 비용[천원]","천원","612","435.9","423.8","432.2","446.7","544.4","566.9","1057.1","694.4","713","361.5",
"4규모(상용근로자 300~499인)","F. 건설업(41~42)","현물지급비용[천원]","천원","","","","-","-","-","8.2","0","0","0","0",
"4규모(상용근로자 300~499인)","F. 건설업(41~42)","법정노동비용[천원]","천원","878","654.2","547.9","471.8","525.2","567.1","554.7","616.7","705","669.8","503.9",
"4규모(상용근로자 300~499인)","F. 건설업(41~42)","법정외 복지비용[천원]","천원","184.3","286.5","165.7","167.2","114.9","271.1","586.5","672.5","197.7","116.2","108.5",
"4규모(상용근로자 300~499인)","F. 건설업(41~42)","채용관련비용(모집비)[천원]","천원","1.3","3","4.3","3.8",".1","1.3",".2","1.7","1","4.6","7.2",
"4규모(상용근로자 300~499인)","F. 건설업(41~42)","교육훈련비용[천원]","천원","10.6","18.2","1.6","17.5","9.8","4.9","28.1","29.5","30.2","17.3","8",
"4규모(상용근로자 300~499인)","F. 건설업(41~42)","기타노동비용[천원]","천원","","","","-","-","-","1.4","1.3",".4","5.1","15.1",
"4규모(상용근로자 300~499인)","G. 도매및소매업(45~47)","노동비용총액[천원]","천원","5164.7","4805.8","4944.1","4763.3","5613.4","5339.4","5191.2","4643.3","4059","3804.2","3885.9",
"4규모(상용근로자 300~499인)","G. 도매및소매업(45~47)","직접노동비용(계)[천원]","천원","4155.1","4022.6","4077.2","3824.3","4299","4043.2","3995.7","3637.1","3162.3","3004.6","2934.1",
"4규모(상용근로자 300~499인)","G. 도매및소매업(45~47)","정액 및 초과급여[천원]","천원","3592.9","3424.7","3433.4","3372","3517.7","3464.1","3360.1","3020.1","2544.6","2368.1","2443.5",
"4규모(상용근로자 300~499인)","G. 도매및소매업(45~47)","상여금 및 성과금[천원]","천원","562.1","597.9","643.8","452.3","781.3","579.1","635.6","617.1","617.7","636.5","490.6",
"4규모(상용근로자 300~499인)","G. 도매및소매업(45~47)","간접노동비용(계)[천원]","천원","1009.7","783.3","867","939","1314.4","1296.2","1195.5","1006.1","896.7","799.6","951.8",
"4규모(상용근로자 300~499인)","G. 도매및소매업(45~47)","퇴직급여 등의 비용[천원]","천원","447.5","287.1","437","396.8","643.4","630.4","622.1","528.5","435.5","373","530.5",
"4규모(상용근로자 300~499인)","G. 도매및소매업(45~47)","현물지급비용[천원]","천원","","","","-","-","-","12","7.6","1.9","1","6.7",
"4규모(상용근로자 300~499인)","G. 도매및소매업(45~47)","법정노동비용[천원]","천원","363.3","304.1","304.1","331.9","364.7","376.4","325.9","283.3","263.7","246.5","245",
"4규모(상용근로자 300~499인)","G. 도매및소매업(45~47)","법정외 복지비용[천원]","천원","134.9","149.6","107.9","166.2","246","217.4","171.1","120.1","125","137.7","134.4",
"4규모(상용근로자 300~499인)","G. 도매및소매업(45~47)","채용관련비용(모집비)[천원]","천원","4.2","5.1","2.2","20.6","18.7","19.4","15.9","14.6","13.2","1.9","6",
"4규모(상용근로자 300~499인)","G. 도매및소매업(45~47)","교육훈련비용[천원]","천원","59.8","37.4","15.8","23.5","41.7","52.6","38.7","50.6","40.4","33.3","24.2",
"4규모(상용근로자 300~499인)","G. 도매및소매업(45~47)","기타노동비용[천원]","천원","","","","-","-","-","9.8","1.3","16.9","6.1","5",
"4규모(상용근로자 300~499인)","H. 운수업(49~52)","노동비용총액[천원]","천원","4895.5","4699.9","4661","4409.1","3889.3","3917","3925.1","3544.9","2959.1","2659.3","2444.2",
"4규모(상용근로자 300~499인)","H. 운수업(49~52)","직접노동비용(계)[천원]","천원","3923","3705","3687.5","3466.9","3049.7","3008.2","3074.2","2744.6","2267.5","2062.7","1929.9",
"4규모(상용근로자 300~499인)","H. 운수업(49~52)","정액 및 초과급여[천원]","천원","2996.9","2888.6","3111.3","2806.9","2570.4","2473.3","2497.4","2235.7","1769.2","1651.4","1509.5",
"4규모(상용근로자 300~499인)","H. 운수업(49~52)","상여금 및 성과금[천원]","천원","926.2","816.4","576.1","660","479.2","534.9","576.8","508.9","498.3","411.2","420.4",
"4규모(상용근로자 300~499인)","H. 운수업(49~52)","간접노동비용(계)[천원]","천원","972.5","994.9","973.5","942.2","839.7","908.8","850.9","800.3","691.6","596.6","514.3",
"4규모(상용근로자 300~499인)","H. 운수업(49~52)","퇴직급여 등의 비용[천원]","천원","287","416.9","418","462.8","390.1","478.4","419","401.3","325.4","283.3","230.2",
"4규모(상용근로자 300~499인)","H. 운수업(49~52)","현물지급비용[천원]","천원","","","","-","-","-","1.1","1.4","1.4",".9","2",
"4규모(상용근로자 300~499인)","H. 운수업(49~52)","법정노동비용[천원]","천원","383.7","330.6","323.4","309.9","266.7","275.3","269.9","245.1","204.2","177.4","160.9",
"4규모(상용근로자 300~499인)","H. 운수업(49~52)","법정외 복지비용[천원]","천원","283.2","228.8","227.2","156.2","177.7","148","132.7","129.7","130.4","111","91.4",
"4규모(상용근로자 300~499인)","H. 운수업(49~52)","채용관련비용(모집비)[천원]","천원","3.3","2.9","1.7","1.2",".8",".5","1.5","1.3","2.2",".6","1.8",
"4규모(상용근로자 300~499인)","H. 운수업(49~52)","교육훈련비용[천원]","천원","15.2","15.7","3.2","11.9","4.4","6.5","24.8","16.9","23.7","22.8","26.7",
"4규모(상용근로자 300~499인)","H. 운수업(49~52)","기타노동비용[천원]","천원","","","","-","-","-","1.9","4.6","4.2",".7","1.3",
"4규모(상용근로자 300~499인)","I. 숙박및음식점업(55~56)","노동비용총액[천원]","천원","3684.2","3330.8","3521.1","3433.5","3192.7","3202.1","4148.3","4045.4","3074.4","3486.4","3636",
"4규모(상용근로자 300~499인)","I. 숙박및음식점업(55~56)","직접노동비용(계)[천원]","천원","2958.9","2730.9","2758.4","2661.9","2464.1","2317.7","2843.9","2633.8","2327","2588.6","2485.5",
"4규모(상용근로자 300~499인)","I. 숙박및음식점업(55~56)","정액 및 초과급여[천원]","천원","2513.2","2261.2","2073.4","2173.5","1993.3","1985.1","2248.9","2188.2","2222.5","2514.4","2018.9",
"4규모(상용근로자 300~499인)","I. 숙박및음식점업(55~56)","상여금 및 성과금[천원]","천원","445.7","469.7","685.1","488.3","470.8","332.7","595","445.6","104.5","74.2","466.5",
"4규모(상용근로자 300~499인)","I. 숙박및음식점업(55~56)","간접노동비용(계)[천원]","천원","725.3","599.9","762.7","771.6","728.6","884.4","1304.3","1411.6","747.4","897.8","1150.5",
"4규모(상용근로자 300~499인)","I. 숙박및음식점업(55~56)","퇴직급여 등의 비용[천원]","천원","204.2","257.5","329.3","353.1","322.7","440.2","898.4","1033.6","399.3","438.2","817.2",
"4규모(상용근로자 300~499인)","I. 숙박및음식점업(55~56)","현물지급비용[천원]","천원","","","","-","-","-","0",".8",".4","3.8","0",
"4규모(상용근로자 300~499인)","I. 숙박및음식점업(55~56)","법정노동비용[천원]","천원","318.4","240.6","265.1","248.1","239.9","250.3","251.7","222.5","211.4","217.5","198.7",
"4규모(상용근로자 300~499인)","I. 숙박및음식점업(55~56)","법정외 복지비용[천원]","천원","188.7","91.2","152.4","153.7","149.8","176","147.8","138.4","126.5","191.4","111.3",
"4규모(상용근로자 300~499인)","I. 숙박및음식점업(55~56)","채용관련비용(모집비)[천원]","천원","2.1","3.4","4.2","2.1","3.5","3.3",".2","1.6","1.9",".1",".3",
"4규모(상용근로자 300~499인)","I. 숙박및음식점업(55~56)","교육훈련비용[천원]","천원","11.9","7.1","11.7","14.6","12.7","14.6","6.4","5.7","5","46.9","23",
"4규모(상용근로자 300~499인)","I. 숙박및음식점업(55~56)","기타노동비용[천원]","천원","","","","-","-","-","0","8.9","2.9","0","0",
"4규모(상용근로자 300~499인)","J. 출판,영상,방송통신및정보서비스업(58~63)","노동비용총액[천원]","천원","5909.3","5398.8","5532","5906.6","5441.4","4945.1","4837.9","4801.7","4835.7","4841.2","4202",
"4규모(상용근로자 300~499인)","J. 출판,영상,방송통신및정보서비스업(58~63)","직접노동비용(계)[천원]","천원","4441.1","4359.4","4608.7","4708.7","4293.2","3869.6","3977.6","3945.3","3841","3687.2","3350.9",
"4규모(상용근로자 300~499인)","J. 출판,영상,방송통신및정보서비스업(58~63)","정액 및 초과급여[천원]","천원","4141.2","4070.9","4148.2","4157.3","3956.6","3676.3","3559.2","3457.9","3310.2","3151","2924.5",
"4규모(상용근로자 300~499인)","J. 출판,영상,방송통신및정보서비스업(58~63)","상여금 및 성과금[천원]","천원","300","288.5","460.4","551.5","336.6","193.4","418.4","487.4","530.8","536.3","426.4",
"4규모(상용근로자 300~499인)","J. 출판,영상,방송통신및정보서비스업(58~63)","간접노동비용(계)[천원]","천원","1468.2","1039.5","923.3","1197.9","1148.2","1075.5","860.3","856.4","994.6","1153.9","851.1",
"4규모(상용근로자 300~499인)","J. 출판,영상,방송통신및정보서비스업(58~63)","퇴직급여 등의 비용[천원]","천원","750.1","484.6","376.3","539.8","529","503.4","375","397.3","567.3","653","467.7",
"4규모(상용근로자 300~499인)","J. 출판,영상,방송통신및정보서비스업(58~63)","현물지급비용[천원]","천원","","","","-","-","-","4.3","4.3","1","0","0",
"4규모(상용근로자 300~499인)","J. 출판,영상,방송통신및정보서비스업(58~63)","법정노동비용[천원]","천원","402.3","347.7","362.7","390.9","368.7","343.8","334.4","323.8","286.3","280.2","261.3",
"4규모(상용근로자 300~499인)","J. 출판,영상,방송통신및정보서비스업(58~63)","법정외 복지비용[천원]","천원","275.9","173.4","154.1","184.4","172.6","167.6","98.2","84.1","106","167.7","89.9",
"4규모(상용근로자 300~499인)","J. 출판,영상,방송통신및정보서비스업(58~63)","채용관련비용(모집비)[천원]","천원","16.4","11.4","6","19.7","20.4","6.8","10.7","6","3.9","5","4.2",
"4규모(상용근로자 300~499인)","J. 출판,영상,방송통신및정보서비스업(58~63)","교육훈련비용[천원]","천원","23.5","22.3","24.3","63","57.5","53.9","37.6","36.3","26.2","44.2","26.9",
"4규모(상용근로자 300~499인)","J. 출판,영상,방송통신및정보서비스업(58~63)","기타노동비용[천원]","천원","","","","-","-","-","0","4.6","4","3.8","1.1",
"4규모(상용근로자 300~499인)","K. 금융및보험업(64~66)","노동비용총액[천원]","천원","7619.4","7393.3","6737.6","4625.8","6731.4","8596.6","7187.5","6573.8","6518.8","6319","5668.3",
"4규모(상용근로자 300~499인)","K. 금융및보험업(64~66)","직접노동비용(계)[천원]","천원","6144.5","5886.2","5693.1","3847.5","5195","6915.2","6022","5588.1","5402.1","5173.8","4619",
"4규모(상용근로자 300~499인)","K. 금융및보험업(64~66)","정액 및 초과급여[천원]","천원","4613","4348.3","4133.7","2849.8","4046.4","4400.2","4374.4","4134","4068.4","3705.5","3574.5",
"4규모(상용근로자 300~499인)","K. 금융및보험업(64~66)","상여금 및 성과금[천원]","천원","1531.5","1537.9","1559.4","997.7","1148.5","2515","1647.5","1454.1","1333.7","1468.4","1044.5",
"4규모(상용근로자 300~499인)","K. 금융및보험업(64~66)","간접노동비용(계)[천원]","천원","1474.9","1507.2","1044.5","778.3","1536.5","1681.5","1165.6","985.7","1116.7","1145.2","1049.3",
"4규모(상용근로자 300~499인)","K. 금융및보험업(64~66)","퇴직급여 등의 비용[천원]","천원","672.6","760.8","402.7","254.6","808.2","899.8","481.9","357.4","496.8","514.3","397",
"4규모(상용근로자 300~499인)","K. 금융및보험업(64~66)","현물지급비용[천원]","천원","","","","-","-","-","14.5","9.9","5.1","3","2.6",
"4규모(상용근로자 300~499인)","K. 금융및보험업(64~66)","법정노동비용[천원]","천원","485","455.4","421.7","301.4","397.9","501.1","399.2","381.9","381.6","340.1","329.8",
"4규모(상용근로자 300~499인)","K. 금융및보험업(64~66)","법정외 복지비용[천원]","천원","254.8","232.1","171","184","245.8","206.3","213.8","194.7","172.6","191.9","217",
"4규모(상용근로자 300~499인)","K. 금융및보험업(64~66)","채용관련비용(모집비)[천원]","천원","12.2","6.9","4.4","9.7","28.2","45.2","8.8","6.2","11.1","25.3","20.3",
"4규모(상용근로자 300~499인)","K. 금융및보험업(64~66)","교육훈련비용[천원]","천원","50.4","52","44.7","28.5","56.3","29.1","43.4","30.7","45.4","66","81.8",
"4규모(상용근로자 300~499인)","K. 금융및보험업(64~66)","기타노동비용[천원]","천원","","","","-","-","-","3.9","4.8","4","4.5",".9",
"4규모(상용근로자 300~499인)","L. 부동산업및임대업(68~69)","노동비용총액[천원]","천원","3979.6","3978.8","4255.7","4015.1","3295.2","3324.5","3331.8","3097.8","2776.1","2427.6","2589.5",
"4규모(상용근로자 300~499인)","L. 부동산업및임대업(68~69)","직접노동비용(계)[천원]","천원","3341.6","3300.1","3574.1","3441.8","2797.6","2845.3","2814.2","2607.3","2347.2","2114.9","2185.1",
"4규모(상용근로자 300~499인)","L. 부동산업및임대업(68~69)","정액 및 초과급여[천원]","천원","2787.2","2841","2596.1","2489.7","2009.8","2083.2","2133.6","2069.4","1889","1760.9","1817.1",
"4규모(상용근로자 300~499인)","L. 부동산업및임대업(68~69)","상여금 및 성과금[천원]","천원","554.3","459","978","952.1","787.7","762.1","680.6","538","458.2","354","368",
"4규모(상용근로자 300~499인)","L. 부동산업및임대업(68~69)","간접노동비용(계)[천원]","천원","638","678.7","681.6","573.4","497.7","479.2","517.6","490.4","428.9","312.7","404.4",
"4규모(상용근로자 300~499인)","L. 부동산업및임대업(68~69)","퇴직급여 등의 비용[천원]","천원","255.6","249.6","251.9","229.3","156.8","179.7","200.8","179.7","136.4","112.8","168.3",
"4규모(상용근로자 300~499인)","L. 부동산업및임대업(68~69)","현물지급비용[천원]","천원","","","","-","-","-",".5","2.4","4.2","0","0",
"4규모(상용근로자 300~499인)","L. 부동산업및임대업(68~69)","법정노동비용[천원]","천원","272.3","300.1","284.9","243.7","209.9","201.2","193","190.6","170.2","144.3","151.7",
"4규모(상용근로자 300~499인)","L. 부동산업및임대업(68~69)","법정외 복지비용[천원]","천원","101","114.2","129.1","91.8","124.9","90.6","116","108","111.1","50.6","71.2",
"4규모(상용근로자 300~499인)","L. 부동산업및임대업(68~69)","채용관련비용(모집비)[천원]","천원",".8","1.1","5.1",".8",".7",".4",".7",".9","1.5",".1",".2",
"4규모(상용근로자 300~499인)","L. 부동산업및임대업(68~69)","교육훈련비용[천원]","천원","8.4","13.8","10.5","7.8","5.5","7.3","5.4","7.2","3.9","3.6","11.9",
"4규모(상용근로자 300~499인)","L. 부동산업및임대업(68~69)","기타노동비용[천원]","천원","","","","-","-","-","1.1","1.7","1.6","1.1","1.2",
"4규모(상용근로자 300~499인)","M. 전문,과학및기술서비스업(70~73)","노동비용총액[천원]","천원","4707.6","4732.9","4528.7","5020.5","5269.9","4555.4","4423.3","4469.4","4796","4094","3789.6",
"4규모(상용근로자 300~499인)","M. 전문,과학및기술서비스업(70~73)","직접노동비용(계)[천원]","천원","4043.3","4069.7","3944.6","4147.3","4480.4","3900.1","3758.3","3747.8","3783.1","3288.3","3035.4",
"4규모(상용근로자 300~499인)","M. 전문,과학및기술서비스업(70~73)","정액 및 초과급여[천원]","천원","3641","3555.4","3528.3","3982.6","3871.6","3474.1","3365","3209.4","2860.2","2911.2","2718.7",
"4규모(상용근로자 300~499인)","M. 전문,과학및기술서비스업(70~73)","상여금 및 성과금[천원]","천원","402.4","514.3","416.2","164.7","608.8","426","393.3","538.4","922.9","377.1","316.8",
"4규모(상용근로자 300~499인)","M. 전문,과학및기술서비스업(70~73)","간접노동비용(계)[천원]","천원","664.3","663.2","584.1","873.2","789.6","655.4","665","721.6","1012.9","805.7","754.2",
"4규모(상용근로자 300~499인)","M. 전문,과학및기술서비스업(70~73)","퇴직급여 등의 비용[천원]","천원","237.3","262.6","197.1","347.8","257.3","256.3","287","328","569.1","399.6","310.3",
"4규모(상용근로자 300~499인)","M. 전문,과학및기술서비스업(70~73)","현물지급비용[천원]","천원","","","","-","-","-","3.2","4.7","1","0",".3",
"4규모(상용근로자 300~499인)","M. 전문,과학및기술서비스업(70~73)","법정노동비용[천원]","천원","297.2","318.2","274.7","358.5","360.7","311.7","302","296.9","284.4","255.5","241.6",
"4규모(상용근로자 300~499인)","M. 전문,과학및기술서비스업(70~73)","법정외 복지비용[천원]","천원","112.3","61.6","93.7","125.8","152.6","79","59.5","76.6","131.9","132.7","186.8",
"4규모(상용근로자 300~499인)","M. 전문,과학및기술서비스업(70~73)","채용관련비용(모집비)[천원]","천원","6.6","4.1","1.6","3.3","2.9",".3","1.9","2.7","3.4","2.8","1.4",
"4규모(상용근로자 300~499인)","M. 전문,과학및기술서비스업(70~73)","교육훈련비용[천원]","천원","10.9","16.6","17.1","37.7","16.2","8.1","9.7","11.7","20.6","12.5","10",
"4규모(상용근로자 300~499인)","M. 전문,과학및기술서비스업(70~73)","기타노동비용[천원]","천원","","","","-","-","-","1.7",".9","2.6","2.6","3.9",
"4규모(상용근로자 300~499인)","N. 사업시설관리및사업지원서비스업(74~75)","노동비용총액[천원]","천원","2263.3","1969","1899.9","2458","2402.1","2235.9","1857.8","1794.7","2119.3","2145.8","2121.2",
"4규모(상용근로자 300~499인)","N. 사업시설관리및사업지원서비스업(74~75)","직접노동비용(계)[천원]","천원","1869.2","1639","1629.3","2084.6","1973.1","1905.9","1581.4","1522.9","1754","1724.7","1763.3",
"4규모(상용근로자 300~499인)","N. 사업시설관리및사업지원서비스업(74~75)","정액 및 초과급여[천원]","천원","1821.8","1611.7","1562.3","1823.2","1739.1","1660.6","1392.5","1361.6","1631","1591.3","1596.2",
"4규모(상용근로자 300~499인)","N. 사업시설관리및사업지원서비스업(74~75)","상여금 및 성과금[천원]","천원","47.5","27.3","67","261.4","234","245.3","188.9","161.3","123","133.4","167.1",
"4규모(상용근로자 300~499인)","N. 사업시설관리및사업지원서비스업(74~75)","간접노동비용(계)[천원]","천원","394.1","329.9","270.6","373.5","429.1","330","276.4","271.8","365.3","421.2","358",
"4규모(상용근로자 300~499인)","N. 사업시설관리및사업지원서비스업(74~75)","퇴직급여 등의 비용[천원]","천원","210.5","160.5","121.6","158.4","191.3","143.1","131.4","128","204","221.9","159.1",
"4규모(상용근로자 300~499인)","N. 사업시설관리및사업지원서비스업(74~75)","현물지급비용[천원]","천원","","","","-","-","-","2.1","1.2","1.3","5.2","2.4",
"4규모(상용근로자 300~499인)","N. 사업시설관리및사업지원서비스업(74~75)","법정노동비용[천원]","천원","160.4","133.8","121.8","180.5","179.3","155.3","126.1","118.5","136.5","140.5","138.6",
"4규모(상용근로자 300~499인)","N. 사업시설관리및사업지원서비스업(74~75)","법정외 복지비용[천원]","천원","19.3","33.1","25.8","30.9","54.1","28.1","14.1","20.8","21","38.7","51.2",
"4규모(상용근로자 300~499인)","N. 사업시설관리및사업지원서비스업(74~75)","채용관련비용(모집비)[천원]","천원","2.7","1.3","1","1.8","2.9","1.2","1",".9",".7","2.1","1.7",
"4규모(상용근로자 300~499인)","N. 사업시설관리및사업지원서비스업(74~75)","교육훈련비용[천원]","천원","1.2","1.2",".4","1.9","1.4","2.2","1.2","1.8","1.2","10","5",
"4규모(상용근로자 300~499인)","N. 사업시설관리및사업지원서비스업(74~75)","기타노동비용[천원]","천원","","","","-","-","-",".5",".7",".6","2.8","0",
"4규모(상용근로자 300~499인)","R. 예술,스포츠및여가관련서비스업(90~91)","노동비용총액[천원]","천원","3593.7","3936.8","-","3577.6","4576.4","3956.1","6964.6","6527.8","5844.5","3205.1","-",
"4규모(상용근로자 300~499인)","R. 예술,스포츠및여가관련서비스업(90~91)","직접노동비용(계)[천원]","천원","3245.1","3234.8","-","2773.3","3423.7","3007.1","5192.6","5156.9","5004.4","2629.3","-",
"4규모(상용근로자 300~499인)","R. 예술,스포츠및여가관련서비스업(90~91)","정액 및 초과급여[천원]","천원","3044","2983","-","2588.5","2564.2","2586.6","3840.8","3408","2879.9","2629.3","-",
"4규모(상용근로자 300~499인)","R. 예술,스포츠및여가관련서비스업(90~91)","상여금 및 성과금[천원]","천원","201.1","251.8","-","184.8","859.4","420.5","1351.8","1748.9","2124.5","0","-",
"4규모(상용근로자 300~499인)","R. 예술,스포츠및여가관련서비스업(90~91)","간접노동비용(계)[천원]","천원","348.6","702","-","804.3","1152.7","949","1772","1370.9","840.1","575.7","-",
"4규모(상용근로자 300~499인)","R. 예술,스포츠및여가관련서비스업(90~91)","퇴직급여 등의 비용[천원]","천원","69.6","206.8","-","215.1","569.1","250.1","1016.3","761.1","124","89.5","-",
"4규모(상용근로자 300~499인)","R. 예술,스포츠및여가관련서비스업(90~91)","현물지급비용[천원]","천원","","","","-","-","-","0","0","0","0","-",
"4규모(상용근로자 300~499인)","R. 예술,스포츠및여가관련서비스업(90~91)","법정노동비용[천원]","천원","242.8","306.2","-","286.1","312.1","292.6","371.4","357.9","289","247.6","-",
"4규모(상용근로자 300~499인)","R. 예술,스포츠및여가관련서비스업(90~91)","법정외 복지비용[천원]","천원","22.4","164.2","-","266.7","195.4","390.8","350.8","234.2","427.1","206.8","-",
"4규모(상용근로자 300~499인)","R. 예술,스포츠및여가관련서비스업(90~91)","채용관련비용(모집비)[천원]","천원","11.9","10.3","-","9.7","8.9",".8","6.7","0","0","1.6","-",
"4규모(상용근로자 300~499인)","R. 예술,스포츠및여가관련서비스업(90~91)","교육훈련비용[천원]","천원","2","14.4","-","26.7","67.2","14.7","9.8","17.7","0","30.2","-",
"4규모(상용근로자 300~499인)","R. 예술,스포츠및여가관련서비스업(90~91)","기타노동비용[천원]","천원","","","","-","-","-","17","0","0","0","-",
"4규모(상용근로자 300~499인)","S. 협회및단체,수리및기타개인서비스업(94~96)","노동비용총액[천원]","천원","3982.9","4384.9","3747.4","3323.2","3635.7","4365.8","3739.7","3921.1","4133.9","4467.9","6683.6",
"4규모(상용근로자 300~499인)","S. 협회및단체,수리및기타개인서비스업(94~96)","직접노동비용(계)[천원]","천원","3141.6","3544.4","2801.2","2613.4","2899.1","3474.9","2842.4","2971.4","3126.9","3126","5480",
"4규모(상용근로자 300~499인)","S. 협회및단체,수리및기타개인서비스업(94~96)","정액 및 초과급여[천원]","천원","2856.5","3035.3","2742.5","2417.6","2765.8","3104.1","2557.3","2756.4","2890.9","2826","5366.3",
"4규모(상용근로자 300~499인)","S. 협회및단체,수리및기타개인서비스업(94~96)","상여금 및 성과금[천원]","천원","285.1","509.1","58.7","195.8","133.3","370.8","285.1","215.1","236","300","113.7",
"4규모(상용근로자 300~499인)","S. 협회및단체,수리및기타개인서비스업(94~96)","간접노동비용(계)[천원]","천원","841.3","840.5","946.3","709.8","736.6","890.9","897.3","949.7","1006.9","1341.9","1203.6",
"4규모(상용근로자 300~499인)","S. 협회및단체,수리및기타개인서비스업(94~96)","퇴직급여 등의 비용[천원]","천원","491","307","453.5","387.5","283.8","393.1","438.4","485.9","598.9","686.4","463.5",
"4규모(상용근로자 300~499인)","S. 협회및단체,수리및기타개인서비스업(94~96)","현물지급비용[천원]","천원","","","","-","-","-","3.8","5.9","8","0","0",
"4규모(상용근로자 300~499인)","S. 협회및단체,수리및기타개인서비스업(94~96)","법정노동비용[천원]","천원","260.3","321.9","286","211.6","271.3","310.5","296.8","284.3","272.8","278.5","370.8",
"4규모(상용근로자 300~499인)","S. 협회및단체,수리및기타개인서비스업(94~96)","법정외 복지비용[천원]","천원","80.6","184.7","188.5","99.4","169.3","184.4","134.2","143.5","111.4","318","301",
"4규모(상용근로자 300~499인)","S. 협회및단체,수리및기타개인서비스업(94~96)","채용관련비용(모집비)[천원]","천원","2.9","5",".8",".5",".5",".4","0",".2",".8","0","5.1",
"4규모(상용근로자 300~499인)","S. 협회및단체,수리및기타개인서비스업(94~96)","교육훈련비용[천원]","천원","6.6","21.9","17.5","10.8","11.6","2.3","16.5","23.6","13.5","51","63.2",
"4규모(상용근로자 300~499인)","S. 협회및단체,수리및기타개인서비스업(94~96)","기타노동비용[천원]","천원","","","","-","-","-","7.5","6.3","1.5","8","0",
"5규모(상용근로자 500~999인)","전체","노동비용총액[천원]","천원","5116.4","4922.4","4979.8","5037.5","4728.8","4693.5","4268.7","4318.4","4264.9","4112.4","4069.2",
"5규모(상용근로자 500~999인)","전체","직접노동비용(계)[천원]","천원","4067.8","3892.3","3965.7","4011","3745.7","3641.9","3334.7","3321","3298.6","3159.6","3133.3",
"5규모(상용근로자 500~999인)","전체","정액 및 초과급여[천원]","천원","3353","3164.3","3216.6","3202.4","3006","2889.2","2622.2","2607.3","2522.8","2415.4","2370.5",
"5규모(상용근로자 500~999인)","전체","상여금 및 성과금[천원]","천원","714.8","728.1","749.1","808.6","739.6","752.7","712.4","713.6","775.8","744.2","762.8",
"5규모(상용근로자 500~999인)","전체","간접노동비용(계)[천원]","천원","1048.5","1030.1","1014.1","1026.6","983.1","1051.6","934.1","997.4","966.3","952.7","936",
"5규모(상용근로자 500~999인)","전체","퇴직급여 등의 비용[천원]","천원","448.7","470.5","444.7","447.8","421.6","484","439.6","490.5","480.9","470.9","454.9",
"5규모(상용근로자 500~999인)","전체","현물지급비용[천원]","천원","","","","-","-","-","3.5","4.8","2.8","3.4","2.9",
"5규모(상용근로자 500~999인)","전체","법정노동비용[천원]","천원","358.6","342.9","343.8","339.6","331.9","329.2","298.1","292.5","301.1","291","276.2",
"5규모(상용근로자 500~999인)","전체","법정외 복지비용[천원]","천원","212.4","186.7","195.3","208.3","197.9","202.8","160.1","176.1","151.1","156.9","161.8",
"5규모(상용근로자 500~999인)","전체","채용관련비용(모집비)[천원]","천원","6","5.2","6.1","5.4","5.7","5.4","4.5","4.2","6.4","4","3.5",
"5규모(상용근로자 500~999인)","전체","교육훈련비용[천원]","천원","22.9","24.8","24.2","25.5","25.9","30.3","23.1","23.9","19.4","20.8","31.9",
"5규모(상용근로자 500~999인)","전체","기타노동비용[천원]","천원","","","","-","-","-","5.1","5.2","4.5","5.7","4.7",
"5규모(상용근로자 500~999인)","B. 광업(05~08)","노동비용총액[천원]","천원","7464.7","7568","7743.1","8026.8","7516.1","7600.4","7304.2","6550.9","4690.2","-","-",
"5규모(상용근로자 500~999인)","B. 광업(05~08)","직접노동비용(계)[천원]","천원","5687.3","5147.3","5147.3","5043.9","4877.3","4883.1","4376.3","4141.3","3407.1","-","-",
"5규모(상용근로자 500~999인)","B. 광업(05~08)","정액 및 초과급여[천원]","천원","3672.9","3290.3","3290.3","3372.6","3302.4","3294.5","2933.2","2648.8","2752.2","-","-",
"5규모(상용근로자 500~999인)","B. 광업(05~08)","상여금 및 성과금[천원]","천원","2014.4","1857","1857","1671.3","1574.9","1588.6","1443.1","1492.5","654.9","-","-",
"5규모(상용근로자 500~999인)","B. 광업(05~08)","간접노동비용(계)[천원]","천원","1777.3","2420.7","2595.8","2982.9","2638.8","2717.2","2927.9","2409.6","1283.1","-","-",
"5규모(상용근로자 500~999인)","B. 광업(05~08)","퇴직급여 등의 비용[천원]","천원","973.1","990.5","990.5","990.5","886.6","970","975.6","638.9","222.3","-","-",
"5규모(상용근로자 500~999인)","B. 광업(05~08)","현물지급비용[천원]","천원","","","","-","-","-","8.4","4.2","4","-","-",
"5규모(상용근로자 500~999인)","B. 광업(05~08)","법정노동비용[천원]","천원","669.9","1252.6","1427.6","1859.2","1536.4","1557","1768.2","1479.5","976.4","-","-",
"5규모(상용근로자 500~999인)","B. 광업(05~08)","법정외 복지비용[천원]","천원","133.6","175.8","175.8","131.3","210.6","185.3","172.1","282.9","76.2","-","-",
"5규모(상용근로자 500~999인)","B. 광업(05~08)","채용관련비용(모집비)[천원]","천원",".3",".4",".4",".4","1.6","0","0",".8","0","-","-",
"5규모(상용근로자 500~999인)","B. 광업(05~08)","교육훈련비용[천원]","천원",".4","1.5","1.5","1.5","3.7","5","2.3","2","2.3","-","-",
"5규모(상용근로자 500~999인)","B. 광업(05~08)","기타노동비용[천원]","천원","","","","-","-","-","1.3","1.3","1.8","-","-",
"5규모(상용근로자 500~999인)","C. 제조업(10~33)","노동비용총액[천원]","천원","6573.9","6148.2","6167.2","5981.8","5694.6","5615","5098.5","5026.1","4897.1","4658.7","4672.5",
"5규모(상용근로자 500~999인)","C. 제조업(10~33)","직접노동비용(계)[천원]","천원","5008.5","4673","4780.9","4650.2","4425","4300.2","3961.8","3766.7","3675.8","3441.7","3480.4",
"5규모(상용근로자 500~999인)","C. 제조업(10~33)","정액 및 초과급여[천원]","천원","3812.7","3560","3592","3505.4","3304.3","3216.9","2933.9","2819.4","2634.1","2455.3","2461.3",
"5규모(상용근로자 500~999인)","C. 제조업(10~33)","상여금 및 성과금[천원]","천원","1195.8","1113","1188.9","1144.8","1120.6","1083.2","1027.9","947.3","1041.7","986.4","1019.1",
"5규모(상용근로자 500~999인)","C. 제조업(10~33)","간접노동비용(계)[천원]","천원","1565.4","1475.2","1386.3","1331.5","1269.7","1314.8","1136.7","1259.4","1221.2","1217","1192.1",
"5규모(상용근로자 500~999인)","C. 제조업(10~33)","퇴직급여 등의 비용[천원]","천원","645.1","715.8","606.9","558.1","536.7","592.2","488.8","599.2","644.3","641.8","643.6",
"5규모(상용근로자 500~999인)","C. 제조업(10~33)","현물지급비용[천원]","천원","","","","-","-","-","4.6","7.7","4","6.3","3.9",
"5규모(상용근로자 500~999인)","C. 제조업(10~33)","법정노동비용[천원]","천원","462.7","419.7","433.4","404.4","390.8","386.9","361.3","333.8","320.1","308.2","299.6",
"5규모(상용근로자 500~999인)","C. 제조업(10~33)","법정외 복지비용[천원]","천원","419.1","307.8","311.4","332.2","304.8","297","242.7","270.3","217.4","224.5","205.9",
"5규모(상용근로자 500~999인)","C. 제조업(10~33)","채용관련비용(모집비)[천원]","천원","6.5","4.3","6.1","6.1","7.1","5.7","4.8","5.1","6.4","3.8","3.1",
"5규모(상용근로자 500~999인)","C. 제조업(10~33)","교육훈련비용[천원]","천원","32","27.6","28.4","30.8","30.3","33.1","28.8","33.1","21.1","23.7","28.9",
"5규모(상용근로자 500~999인)","C. 제조업(10~33)","기타노동비용[천원]","천원","","","","-","-","-","5.7","10.2","8","8.7","7.1",
"5규모(상용근로자 500~999인)","D. 전기,가스,증기및수도사업(35~36)","노동비용총액[천원]","천원","9640.8","9807.8","8640","8896.3","8321.9","7670.6","6499.1","6429.7","6909.5","6987.3","7197.7",
"5규모(상용근로자 500~999인)","D. 전기,가스,증기및수도사업(35~36)","직접노동비용(계)[천원]","천원","7138.4","7083.8","6585.6","6853.8","5908.9","5339.6","5287.3","5128.6","5841.6","5699","5984",
"5규모(상용근로자 500~999인)","D. 전기,가스,증기및수도사업(35~36)","정액 및 초과급여[천원]","천원","4853.3","4783.3","4357.2","4440.3","3902.3","3641.1","3730.5","3274","3736.1","3480.8","3817.3",
"5규모(상용근로자 500~999인)","D. 전기,가스,증기및수도사업(35~36)","상여금 및 성과금[천원]","천원","2285.1","2300.5","2228.5","2413.6","2006.6","1698.6","1556.8","1854.6","2105.4","2218.2","2166.7",
"5규모(상용근로자 500~999인)","D. 전기,가스,증기및수도사업(35~36)","간접노동비용(계)[천원]","천원","2502.4","2724.1","2054.4","2042.4","2413","2331","1211.8","1301.1","1067.9","1288.3","1213.8",
"5규모(상용근로자 500~999인)","D. 전기,가스,증기및수도사업(35~36)","퇴직급여 등의 비용[천원]","천원","1286.8","1561.5","932.7","991.4","1635.8","1566","602.9","705.3","442.7","401.7","441.4",
"5규모(상용근로자 500~999인)","D. 전기,가스,증기및수도사업(35~36)","현물지급비용[천원]","천원","","","","-","-","-","0","0","3.1","0","0",
"5규모(상용근로자 500~999인)","D. 전기,가스,증기및수도사업(35~36)","법정노동비용[천원]","천원","576.5","565.8","545.6","503","439.7","418.2","405.8","372.2","375.6","352.5","354",
"5규모(상용근로자 500~999인)","D. 전기,가스,증기및수도사업(35~36)","법정외 복지비용[천원]","천원","575.8","545.8","509.8","452.9","272","286.2","162.1","167.7","187.4","439.1","319.3",
"5규모(상용근로자 500~999인)","D. 전기,가스,증기및수도사업(35~36)","채용관련비용(모집비)[천원]","천원","3.2","2.2","2.8","8.7","1.2",".9","1.6",".6","1.4","3.4","0",
"5규모(상용근로자 500~999인)","D. 전기,가스,증기및수도사업(35~36)","교육훈련비용[천원]","천원","60.1","48.8","63.4","86.4","64.2","59.7","39.3","55.3","57.8","90.4","89.1",
"5규모(상용근로자 500~999인)","D. 전기,가스,증기및수도사업(35~36)","기타노동비용[천원]","천원","","","","-","-","-","0","0","0","1.2","9.8",
"5규모(상용근로자 500~999인)","E. 하수·폐기물처리,원료재생및환경복원업(37~39)","노동비용총액[천원]","천원","5572.4","4876.4","4093.6","4878.9","4441.8","4188.8","3464.7","3273.3","3167.2","2652.4","3359.5",
"5규모(상용근로자 500~999인)","E. 하수·폐기물처리,원료재생및환경복원업(37~39)","직접노동비용(계)[천원]","천원","3890.1","3684.6","3636.5","4012.8","3490.9","3307.9","2707.8","2490","2278.4","1958","2472.3",
"5규모(상용근로자 500~999인)","E. 하수·폐기물처리,원료재생및환경복원업(37~39)","정액 및 초과급여[천원]","천원","3382.8","3223.6","3375.3","3398.2","3127.2","3030.1","2436.1","2294.7","2106.4","1832","2226.8",
"5규모(상용근로자 500~999인)","E. 하수·폐기물처리,원료재생및환경복원업(37~39)","상여금 및 성과금[천원]","천원","507.2","461","261.2","614.6","363.8","277.8","271.7","195.3","172","126","245.5",
"5규모(상용근로자 500~999인)","E. 하수·폐기물처리,원료재생및환경복원업(37~39)","간접노동비용(계)[천원]","천원","1682.3","1191.8","457.1","866.2","950.8","880.9","756.9","783.3","888.8","694.4","887.2",
"5규모(상용근로자 500~999인)","E. 하수·폐기물처리,원료재생및환경복원업(37~39)","퇴직급여 등의 비용[천원]","천원","942.1","446.2","41.4","346.9","335.3","226.2","183.3","164.6","185.6","157","297.2",
"5규모(상용근로자 500~999인)","E. 하수·폐기물처리,원료재생및환경복원업(37~39)","현물지급비용[천원]","천원","","","","-","-","-","0","0","0","0","5.4",
"5규모(상용근로자 500~999인)","E. 하수·폐기물처리,원료재생및환경복원업(37~39)","법정노동비용[천원]","천원","444.4","423.1","415.7","317.8","371.9","337.8","252.6","281.6","250.7","240.4","268.3",
"5규모(상용근로자 500~999인)","E. 하수·폐기물처리,원료재생및환경복원업(37~39)","법정외 복지비용[천원]","천원","283.7","315.5","0","191.6","232.8","306.9","310.9","324.1","447.8","293","295.1",
"5규모(상용근로자 500~999인)","E. 하수·폐기물처리,원료재생및환경복원업(37~39)","채용관련비용(모집비)[천원]","천원",".8",".6","0",".9",".1","0",".6",".4","0","0",".1",
"5규모(상용근로자 500~999인)","E. 하수·폐기물처리,원료재생및환경복원업(37~39)","교육훈련비용[천원]","천원","11.4","6.6","0","9","10.8","10","9.5","12.7","4.8","4","9.4",
"5규모(상용근로자 500~999인)","E. 하수·폐기물처리,원료재생및환경복원업(37~39)","기타노동비용[천원]","천원","","","","-","-","-","0","0","0","0","11.8",
"5규모(상용근로자 500~999인)","F. 건설업(41~42)","노동비용총액[천원]","천원","6791.2","7166.7","7606.3","5704.9","5931.2","5511.1","5384.8","5332.7","5421.5","5096.5","4269.4",
"5규모(상용근로자 500~999인)","F. 건설업(41~42)","직접노동비용(계)[천원]","천원","5256.8","5164.7","5687.3","4403.2","4600","4014","3953.2","4041.6","4083.5","3781.6","3200.1",
"5규모(상용근로자 500~999인)","F. 건설업(41~42)","정액 및 초과급여[천원]","천원","4558.3","4431.3","4440.7","3903.9","3904.6","3475.2","3525","3409","3161.1","2772","2533.2",
"5규모(상용근로자 500~999인)","F. 건설업(41~42)","상여금 및 성과금[천원]","천원","698.5","733.4","1246.6","499.3","695.4","538.8","428.3","632.7","922.4","1009.6","666.9",
"5규모(상용근로자 500~999인)","F. 건설업(41~42)","간접노동비용(계)[천원]","천원","1534.3","2002","1919","1301.7","1331.2","1497.1","1431.5","1291.1","1338","1314.9","1069.3",
"5규모(상용근로자 500~999인)","F. 건설업(41~42)","퇴직급여 등의 비용[천원]","천원","475.7","685.3","716.5","512.7","470.1","656.4","802.2","461.8","319.9","280.1","312.7",
"5규모(상용근로자 500~999인)","F. 건설업(41~42)","현물지급비용[천원]","천원","","","","-","-","-",".3","4","2","1.6",".2",
"5규모(상용근로자 500~999인)","F. 건설업(41~42)","법정노동비용[천원]","천원","771.1","1036.7","814.1","616.1","683.7","623.8","485.5","624.8","749.4","756.8","527.2",
"5규모(상용근로자 500~999인)","F. 건설업(41~42)","법정외 복지비용[천원]","천원","242.6","243.9","339.9","156.8","164.5","196.6","119.1","167.9","235.5","263.3","199.6",
"5규모(상용근로자 500~999인)","F. 건설업(41~42)","채용관련비용(모집비)[천원]","천원","2.1","4.1","5.3","1.7","1.2","1.6","3.2","7.6","3.1",".5",".6",
"5규모(상용근로자 500~999인)","F. 건설업(41~42)","교육훈련비용[천원]","천원","42.8","32.1","43.2","14.4","11.7","18.8","20.9","24.2","25","8.4","24.9",
"5규모(상용근로자 500~999인)","F. 건설업(41~42)","기타노동비용[천원]","천원","","","","-","-","-",".4",".7","3.1","4.2","4",
"5규모(상용근로자 500~999인)","G. 도매및소매업(45~47)","노동비용총액[천원]","천원","6141","6441","5551.2","5672.1","5376.7","5663.2","5449.7","4854.5","4734.1","4225.7","4229.2",
"5규모(상용근로자 500~999인)","G. 도매및소매업(45~47)","직접노동비용(계)[천원]","천원","5043.3","5133.9","4483.8","4617.9","4409.8","4373.3","4238.1","3797.3","3586.6","3227.9","3248.5",
"5규모(상용근로자 500~999인)","G. 도매및소매업(45~47)","정액 및 초과급여[천원]","천원","4310.4","4266.7","3851.3","3912.9","3729.6","3472.1","3285.8","3110","2644.9","2422.3","2397.5",
"5규모(상용근로자 500~999인)","G. 도매및소매업(45~47)","상여금 및 성과금[천원]","천원","732.9","867.2","632.5","704.9","680.2","901.2","952.3","687.3","941.8","805.7","850.9",
"5규모(상용근로자 500~999인)","G. 도매및소매업(45~47)","간접노동비용(계)[천원]","천원","1097.7","1307.1","1067.4","1054.2","966.9","1289.9","1211.6","1057.2","1147.5","997.8","980.8",
"5규모(상용근로자 500~999인)","G. 도매및소매업(45~47)","퇴직급여 등의 비용[천원]","천원","476.3","533.5","554.3","428.8","378.2","614.9","597.2","506.9","576.9","508.3","420.6",
"5규모(상용근로자 500~999인)","G. 도매및소매업(45~47)","현물지급비용[천원]","천원","","","","-","-","-","10.4","8.8","6","3.5",".8",
"5규모(상용근로자 500~999인)","G. 도매및소매업(45~47)","법정노동비용[천원]","천원","412.9","446.2","338.7","355.4","351.9","360.1","349.9","311.4","302","269.3","279.5",
"5규모(상용근로자 500~999인)","G. 도매및소매업(45~47)","법정외 복지비용[천원]","천원","163.7","262.9","129.3","225.4","196.1","237.9","192.4","186.2","203.3","166.5","211",
"5규모(상용근로자 500~999인)","G. 도매및소매업(45~47)","채용관련비용(모집비)[천원]","천원","12.4","5.2","7.4","8.4","7.4","12.4","11.9","6.7","21.1","6.5","6.7",
"5규모(상용근로자 500~999인)","G. 도매및소매업(45~47)","교육훈련비용[천원]","천원","32.4","59.2","37.6","36.1","33.3","64.6","46.7","34.5","35.4","39.9","58.9",
"5규모(상용근로자 500~999인)","G. 도매및소매업(45~47)","기타노동비용[천원]","천원","","","","-","-","-","3.2","2.7","2.7","3.9","3.2",
"5규모(상용근로자 500~999인)","H. 운수업(49~52)","노동비용총액[천원]","천원","5641.4","5360.4","5472.2","5322.3","5200.3","4649","4014.4","3919.2","4214.9","4097.2","3874.7",
"5규모(상용근로자 500~999인)","H. 운수업(49~52)","직접노동비용(계)[천원]","천원","4581.5","4399","4396.9","4201.5","4028.9","3676.5","3118.4","3008.5","3062.8","3039.5","2790.8",
"5규모(상용근로자 500~999인)","H. 운수업(49~52)","정액 및 초과급여[천원]","천원","3901.1","3622.5","3523.5","3372.8","3280.1","2919.5","2595.9","2491.8","2412.1","2343.6","2173.5",
"5규모(상용근로자 500~999인)","H. 운수업(49~52)","상여금 및 성과금[천원]","천원","680.3","776.5","873.5","828.6","748.8","756.9","522.5","516.7","650.7","695.8","617.3",
"5규모(상용근로자 500~999인)","H. 운수업(49~52)","간접노동비용(계)[천원]","천원","1059.9","961.4","1075.3","1120.8","1171.4","972.5","896","910.7","1152.1","1057.8","1083.9",
"5규모(상용근로자 500~999인)","H. 운수업(49~52)","퇴직급여 등의 비용[천원]","천원","434.8","395.1","404.4","559.5","576","417.7","410.3","474","699.8","603.6","589.5",
"5규모(상용근로자 500~999인)","H. 운수업(49~52)","현물지급비용[천원]","천원","","","","-","-","-","1.2",".9","1.8","0","0",
"5규모(상용근로자 500~999인)","H. 운수업(49~52)","법정노동비용[천원]","천원","419.3","375.7","430.7","362.7","362.8","361.6","305.2","267.5","270","277.2","264.1",
"5규모(상용근로자 500~999인)","H. 운수업(49~52)","법정외 복지비용[천원]","천원","189.5","173","217.2","168.5","205.8","163.6","167.4","158.5","152.1","150.6","204.6",
"5규모(상용근로자 500~999인)","H. 운수업(49~52)","채용관련비용(모집비)[천원]","천원","3","1.6","1.3","2.7","3","5.1","1",".4","1.1","2.4","1.5",
"5규모(상용근로자 500~999인)","H. 운수업(49~52)","교육훈련비용[천원]","천원","13.4","16.1","21.7","27.3","23.8","24.4","9.7","7.8","25.4","16.2","20",
"5규모(상용근로자 500~999인)","H. 운수업(49~52)","기타노동비용[천원]","천원","","","","-","-","-","1.3","1.6","2","7.8","4.2",
"5규모(상용근로자 500~999인)","I. 숙박및음식점업(55~56)","노동비용총액[천원]","천원","3115.6","3449.6","3133.8","2592.2","3110.3","3018.8","3292.3","3444.3","3565.4","3875.7","3133.9",
"5규모(상용근로자 500~999인)","I. 숙박및음식점업(55~56)","직접노동비용(계)[천원]","천원","2564.6","2744","2480.9","2126.3","2508","2309","2403.8","2360.4","2644.6","2784.7","2290.6",
"5규모(상용근로자 500~999인)","I. 숙박및음식점업(55~56)","정액 및 초과급여[천원]","천원","2279.5","2250.5","2075","1947.6","2026.2","1930","1780.9","1683.7","1982.4","2070.3","1651.5",
"5규모(상용근로자 500~999인)","I. 숙박및음식점업(55~56)","상여금 및 성과금[천원]","천원","285.1","493.5","405.9","178.7","481.9","379","622.9","676.7","662.3","714.4","639.2",
"5규모(상용근로자 500~999인)","I. 숙박및음식점업(55~56)","간접노동비용(계)[천원]","천원","551","705.6","652.9","465.9","602.3","709.8","888.5","1084","920.8","1091","843.2",
"5규모(상용근로자 500~999인)","I. 숙박및음식점업(55~56)","퇴직급여 등의 비용[천원]","천원","216.5","283.7","267.3","150.8","211.1","337.7","445.3","635.8","569.4","615.1","413.4",
"5규모(상용근로자 500~999인)","I. 숙박및음식점업(55~56)","현물지급비용[천원]","천원","","","","-","-","-","10.7","9.5","4.2","2.8","4.4",
"5규모(상용근로자 500~999인)","I. 숙박및음식점업(55~56)","법정노동비용[천원]","천원","235.4","261.6","223.2","191.8","210.5","219","249.2","248","225.9","233.7","216.7",
"5규모(상용근로자 500~999인)","I. 숙박및음식점업(55~56)","법정외 복지비용[천원]","천원","87.2","142.1","147.1","111.2","169.4","132.5","151.5","152","105.6","212.3","175.9",
"5규모(상용근로자 500~999인)","I. 숙박및음식점업(55~56)","채용관련비용(모집비)[천원]","천원","5.6","5.6","2.6","5.6","5.1","6","3.6","1.2","1.1","7","2.2",
"5규모(상용근로자 500~999인)","I. 숙박및음식점업(55~56)","교육훈련비용[천원]","천원","6.3","12.6","12.6","6.5","6.2","14.5","23.3","34.3","11.9","18.9","27.4",
"5규모(상용근로자 500~999인)","I. 숙박및음식점업(55~56)","기타노동비용[천원]","천원","","","","-","-","-","4.8","3.2","2.7","1.2","3.3",
"5규모(상용근로자 500~999인)","J. 출판,영상,방송통신및정보서비스업(58~63)","노동비용총액[천원]","천원","6784.9","6330.9","6010.7","6068.3","5750.8","5942.7","5411.2","5124.5","4506.5","4220.3","4338.4",
"5규모(상용근로자 500~999인)","J. 출판,영상,방송통신및정보서비스업(58~63)","직접노동비용(계)[천원]","천원","5177.4","5065.7","4772.5","4951.7","4599.9","4627","4125.2","4018.9","3700.6","3515.5","3572.7",
"5규모(상용근로자 500~999인)","J. 출판,영상,방송통신및정보서비스업(58~63)","정액 및 초과급여[천원]","천원","4387.6","4290.6","4139.9","4151.8","3885.5","3808.8","3067.6","3067.6","3361.5","3226","3049.7",
"5규모(상용근로자 500~999인)","J. 출판,영상,방송통신및정보서비스업(58~63)","상여금 및 성과금[천원]","천원","789.8","775.1","632.6","799.9","714.5","818.2","1057.7","951.3","339.1","289.5","523",
"5규모(상용근로자 500~999인)","J. 출판,영상,방송통신및정보서비스업(58~63)","간접노동비용(계)[천원]","천원","1607.5","1265.2","1238.1","1116.6","1150.9","1315.6","1286","1105.5","805.9","704.8","765.7",
"5규모(상용근로자 500~999인)","J. 출판,영상,방송통신및정보서비스업(58~63)","퇴직급여 등의 비용[천원]","천원","905","596.6","540.4","487.1","502.8","673.2","743","658.4","364.8","320.5","302",
"5규모(상용근로자 500~999인)","J. 출판,영상,방송통신및정보서비스업(58~63)","현물지급비용[천원]","천원","","","","-","-","-","0","0",".2",".1","0",
"5규모(상용근로자 500~999인)","J. 출판,영상,방송통신및정보서비스업(58~63)","법정노동비용[천원]","천원","453.3","429.8","396","382.4","384","372","329.8","281.3","304.1","295.6","288.7",
"5규모(상용근로자 500~999인)","J. 출판,영상,방송통신및정보서비스업(58~63)","법정외 복지비용[천원]","천원","205.2","192.7","218.6","199.7","206.2","198","133.1","138.1","100.5","67.2","101.1",
"5규모(상용근로자 500~999인)","J. 출판,영상,방송통신및정보서비스업(58~63)","채용관련비용(모집비)[천원]","천원","11.8","12.6","25.4","7","7.1","8.1","10.4","4.7","4.5","1.4","9.6",
"5규모(상용근로자 500~999인)","J. 출판,영상,방송통신및정보서비스업(58~63)","교육훈련비용[천원]","천원","32.2","33.5","57.7","40.5","50.8","64.3","42.5","20.2","26","20","61.7",
"5규모(상용근로자 500~999인)","J. 출판,영상,방송통신및정보서비스업(58~63)","기타노동비용[천원]","천원","","","","-","-","-","27.2","2.8","5.8","0","2.5",
"5규모(상용근로자 500~999인)","K. 금융및보험업(64~66)","노동비용총액[천원]","천원","7304","7264.9","7942.9","7945.6","6745.6","7388.1","6793","6604.3","6939.4","6843.1","6550.5",
"5규모(상용근로자 500~999인)","K. 금융및보험업(64~66)","직접노동비용(계)[천원]","천원","5843.5","5815.5","6446.3","6400.2","5456.4","5548.5","5082.6","4964.8","5765.4","5733.5","5457.1",
"5규모(상용근로자 500~999인)","K. 금융및보험업(64~66)","정액 및 초과급여[천원]","천원","4345.3","4160.4","4708.9","4569.5","4190.4","4185.3","4091.5","3893.2","4238.6","4128.8","3856.9",
"5규모(상용근로자 500~999인)","K. 금융및보험업(64~66)","상여금 및 성과금[천원]","천원","1498.2","1655.1","1737.4","1830.7","1266","1363.2","991.2","1071.5","1526.8","1604.7","1600.2",
"5규모(상용근로자 500~999인)","K. 금융및보험업(64~66)","간접노동비용(계)[천원]","천원","1460.5","1449.4","1496.6","1545.4","1289.2","1839.6","1710.4","1639.5","1174","1109.6","1093.4",
"5규모(상용근로자 500~999인)","K. 금융및보험업(64~66)","퇴직급여 등의 비용[천원]","천원","624.2","642.7","718.7","783.7","585.9","1081.2","1038.9","1024.3","545.2","472.6","460.4",
"5규모(상용근로자 500~999인)","K. 금융및보험업(64~66)","현물지급비용[천원]","천원","","","","-","-","-","2.8","8",".7",".4","2.2",
"5규모(상용근로자 500~999인)","K. 금융및보험업(64~66)","법정노동비용[천원]","천원","486.4","462.7","418.8","457.4","413.6","444.3","371.1","355.7","424.2","413","364",
"5규모(상용근로자 500~999인)","K. 금융및보험업(64~66)","법정외 복지비용[천원]","천원","275.2","265.1","274.7","244.9","220.5","244.4","223.8","186.5","167.9","153.5","148.2",
"5규모(상용근로자 500~999인)","K. 금융및보험업(64~66)","채용관련비용(모집비)[천원]","천원","12.6","11.1","11.8","10.6","7.5","11.5","11.8","12.1","4.6","15.9","12.7",
"5규모(상용근로자 500~999인)","K. 금융및보험업(64~66)","교육훈련비용[천원]","천원","62.2","67.9","72.7","48.8","61.8","58.2","48.3","48.3","25.4","43.1","101.3",
"5규모(상용근로자 500~999인)","K. 금융및보험업(64~66)","기타노동비용[천원]","천원","","","","-","-","-","13.7","4.7","6","11.1","4.6",
"5규모(상용근로자 500~999인)","L. 부동산업및임대업(68~69)","노동비용총액[천원]","천원","2731.8","2365.1","2209.3","3281.4","3209.5","3309.9","3217.6","2976.6","4510","4580.9","4723.2",
"5규모(상용근로자 500~999인)","L. 부동산업및임대업(68~69)","직접노동비용(계)[천원]","천원","2254","1903.4","1874.4","2706.1","2587.1","2689.2","2591.3","2419.7","3194.9","3175.7","3088.1",
"5규모(상용근로자 500~999인)","L. 부동산업및임대업(68~69)","정액 및 초과급여[천원]","천원","2140.6","1818","1827.1","2372.9","2301.2","2329.4","2239.3","2057.4","2514.9","2470","2440.1",
"5규모(상용근로자 500~999인)","L. 부동산업및임대업(68~69)","상여금 및 성과금[천원]","천원","113.4","85.5","47.3","333.2","285.9","359.7","352","362.3","680","705.7","648",
"5규모(상용근로자 500~999인)","L. 부동산업및임대업(68~69)","간접노동비용(계)[천원]","천원","477.9","461.7","334.9","575.4","622.4","620.7","626.3","556.9","1315","1405.2","1635.1",
"5규모(상용근로자 500~999인)","L. 부동산업및임대업(68~69)","퇴직급여 등의 비용[천원]","천원","184.3","181.3","155","236.9","256.8","279.1","255.2","201.4","679.9","689","851.5",
"5규모(상용근로자 500~999인)","L. 부동산업및임대업(68~69)","현물지급비용[천원]","천원","","","","-","-","-","9.1","7.6","4.6","9.5","9.2",
"5규모(상용근로자 500~999인)","L. 부동산업및임대업(68~69)","법정노동비용[천원]","천원","187.1","178.1","139","228.6","247.5","245.9","254.8","257.8","564.2","524","596.8",
"5규모(상용근로자 500~999인)","L. 부동산업및임대업(68~69)","법정외 복지비용[천원]","천원","93","91.1","36.7","81.1","93.9","68.3","79.7","68.2","41.9","159.2","153.4",
"5규모(상용근로자 500~999인)","L. 부동산업및임대업(68~69)","채용관련비용(모집비)[천원]","천원","1.2","1.7","1.4","1.2","1.4","2","2","1.6","1.2","1.6","1.6",
"5규모(상용근로자 500~999인)","L. 부동산업및임대업(68~69)","교육훈련비용[천원]","천원","12.3","9.5","2.8","27.6","22.8","25.4","24.4","20.3","21.8","17.5","20.4",
"5규모(상용근로자 500~999인)","L. 부동산업및임대업(68~69)","기타노동비용[천원]","천원","","","","-","-","-","1.1","0","1.5","4.3","2.3",
"5규모(상용근로자 500~999인)","M. 전문,과학및기술서비스업(70~73)","노동비용총액[천원]","천원","5967.6","5790.1","5825.3","6122","6481.6","5584.3","4626.8","4893.3","5770.6","4941.9","4483.4",
"5규모(상용근로자 500~999인)","M. 전문,과학및기술서비스업(70~73)","직접노동비용(계)[천원]","천원","5077.3","4947","4860.9","4983","5081.5","4385.8","3796","4005.3","4345.2","3717.8","3507.9",
"5규모(상용근로자 500~999인)","M. 전문,과학및기술서비스업(70~73)","정액 및 초과급여[천원]","천원","4388.5","4331.7","4296.1","4291.8","4351.9","3778.4","3111.1","3167.1","3010.3","3128.7","2893.7",
"5규모(상용근로자 500~999인)","M. 전문,과학및기술서비스업(70~73)","상여금 및 성과금[천원]","천원","688.8","615.4","564.8","691.2","729.7","607.4","684.9","838.2","1334.9","589","614.2",
"5규모(상용근로자 500~999인)","M. 전문,과학및기술서비스업(70~73)","간접노동비용(계)[천원]","천원","890.3","843.1","964.4","1139","1400.1","1198.5","830.8","888","1425.4","1224.1","975.5",
"5규모(상용근로자 500~999인)","M. 전문,과학및기술서비스업(70~73)","퇴직급여 등의 비용[천원]","천원","348.8","281.6","379.6","542.2","732.4","407.1","347.5","412.3","845.6","663.3","505.3",
"5규모(상용근로자 500~999인)","M. 전문,과학및기술서비스업(70~73)","현물지급비용[천원]","천원","","","","-","-","-",".3","1.3","2","2.7","6.1",
"5규모(상용근로자 500~999인)","M. 전문,과학및기술서비스업(70~73)","법정노동비용[천원]","천원","354.2","390.9","399.7","405.1","391.6","380","310","314.5","350.8","319.8","264.7",
"5규모(상용근로자 500~999인)","M. 전문,과학및기술서비스업(70~73)","법정외 복지비용[천원]","천원","161.7","111.8","170.8","152.3","205.9","347.9","158.2","137.9","180.4","195.2","159.6",
"5규모(상용근로자 500~999인)","M. 전문,과학및기술서비스업(70~73)","채용관련비용(모집비)[천원]","천원","4.9","16.2","4.5","10.9","14.3","6.7","1.5","2.4","6.5","3.3","3.1",
"5규모(상용근로자 500~999인)","M. 전문,과학및기술서비스업(70~73)","교육훈련비용[천원]","천원","20.7","42.7","9.8","28.4","55.9","56.9","12.6","17.9","38.1","27.3","21.3",
"5규모(상용근로자 500~999인)","M. 전문,과학및기술서비스업(70~73)","기타노동비용[천원]","천원","","","","-","-","-",".7","1.7","2","12.4","15.3",
"5규모(상용근로자 500~999인)","N. 사업시설관리및사업지원서비스업(74~75)","노동비용총액[천원]","천원","2368.1","2186.4","2111.2","2093.2","2270.4","2058.1","1993.9","1828.9","2143.7","2138.6","2176",
"5규모(상용근로자 500~999인)","N. 사업시설관리및사업지원서비스업(74~75)","직접노동비용(계)[천원]","천원","2005.1","1853.6","1781.7","1777.5","1903.3","1746.2","1674.4","1538","1824.4","1814","1831.2",
"5규모(상용근로자 500~999인)","N. 사업시설관리및사업지원서비스업(74~75)","정액 및 초과급여[천원]","천원","1893.7","1764.7","1699.1","1627.3","1710.9","1596.9","1513.9","1406.3","1630","1598.3","1613.8",
"5규모(상용근로자 500~999인)","N. 사업시설관리및사업지원서비스업(74~75)","상여금 및 성과금[천원]","천원","111.5","88.9","82.7","150.2","192.4","149.3","160.5","131.7","194.3","215.7","217.5",
"5규모(상용근로자 500~999인)","N. 사업시설관리및사업지원서비스업(74~75)","간접노동비용(계)[천원]","천원","362.9","332.8","329.5","315.7","367.1","312","319.5","290.9","319.4","324.6","344.7",
"5규모(상용근로자 500~999인)","N. 사업시설관리및사업지원서비스업(74~75)","퇴직급여 등의 비용[천원]","천원","164.6","150.9","140","132.6","129.3","127.3","141.2","129.6","123.8","126.6","127.8",
"5규모(상용근로자 500~999인)","N. 사업시설관리및사업지원서비스업(74~75)","현물지급비용[천원]","천원","","","","-","-","-","1.5","1.6","1.7","1.2","3.1",
"5규모(상용근로자 500~999인)","N. 사업시설관리및사업지원서비스업(74~75)","법정노동비용[천원]","천원","165.8","152.5","143.5","141.8","170.7","144.7","136.1","121.8","149.6","155.5","150.1",
"5규모(상용근로자 500~999인)","N. 사업시설관리및사업지원서비스업(74~75)","법정외 복지비용[천원]","천원","27.5","24.5","41.6","36.9","61.6","35.6","33.3","31.7","33.6","32.7","53.9",
"5규모(상용근로자 500~999인)","N. 사업시설관리및사업지원서비스업(74~75)","채용관련비용(모집비)[천원]","천원","2.5","2.8","2.6","1.8","2.9","1.7","1.6","1.5","6.7","2.2",".8",
"5규모(상용근로자 500~999인)","N. 사업시설관리및사업지원서비스업(74~75)","교육훈련비용[천원]","천원","2.5","2","1.8","2.7","2.7","2.5","4.6","3.8","3.5","6","8.8",
"5규모(상용근로자 500~999인)","N. 사업시설관리및사업지원서비스업(74~75)","기타노동비용[천원]","천원","","","","-","-","-","1.2",".9",".5",".4",".2",
"5규모(상용근로자 500~999인)","R. 예술,스포츠및여가관련서비스업(90~91)","노동비용총액[천원]","천원","4542.6","-","-","4553.6","4338.1","4402.5","4505.5","4600.6","5061.6","-","3521.9",
"5규모(상용근로자 500~999인)","R. 예술,스포츠및여가관련서비스업(90~91)","직접노동비용(계)[천원]","천원","3559.8","-","-","3656.2","3472","3420.2","3731.4","3875.9","4167.3","-","2776.1",
"5규모(상용근로자 500~999인)","R. 예술,스포츠및여가관련서비스업(90~91)","정액 및 초과급여[천원]","천원","3088.5","-","-","3426.6","2502.2","2509.5","2641.5","2648.3","2645.2","-","2612.1",
"5규모(상용근로자 500~999인)","R. 예술,스포츠및여가관련서비스업(90~91)","상여금 및 성과금[천원]","천원","471.3","-","-","229.6","969.9","910.7","1089.9","1227.6","1522.1","-","163.9",
"5규모(상용근로자 500~999인)","R. 예술,스포츠및여가관련서비스업(90~91)","간접노동비용(계)[천원]","천원","982.9","-","-","897.4","866.1","982.3","774.1","724.7","894.2","-","745.9",
"5규모(상용근로자 500~999인)","R. 예술,스포츠및여가관련서비스업(90~91)","퇴직급여 등의 비용[천원]","천원","279.1","-","-","323.7","303.8","436.5","249.3","208.2","347.1","-","242",
"5규모(상용근로자 500~999인)","R. 예술,스포츠및여가관련서비스업(90~91)","현물지급비용[천원]","천원","","","","-","-","-","0","0",".3","-","0",
"5규모(상용근로자 500~999인)","R. 예술,스포츠및여가관련서비스업(90~91)","법정노동비용[천원]","천원","340.5","-","-","308","335.1","311.6","286.4","305.9","308.4","-","226.8",
"5규모(상용근로자 500~999인)","R. 예술,스포츠및여가관련서비스업(90~91)","법정외 복지비용[천원]","천원","306.4","-","-","157.8","163.9","178.3","163.3","134.5","151.8","-","227.1",
"5규모(상용근로자 500~999인)","R. 예술,스포츠및여가관련서비스업(90~91)","채용관련비용(모집비)[천원]","천원","16.9","-","-","4.1","4.5","4.4","1.2","1.9","1.5","-","10.4",
"5규모(상용근로자 500~999인)","R. 예술,스포츠및여가관련서비스업(90~91)","교육훈련비용[천원]","천원","40","-","-","103.8","58.8","51.5","51.2","51.4","54.9","-","39.5",
"5규모(상용근로자 500~999인)","R. 예술,스포츠및여가관련서비스업(90~91)","기타노동비용[천원]","천원","","","","-","-","-","22.6","22.8","30.2","-","0",
"5규모(상용근로자 500~999인)","S. 협회및단체,수리및기타개인서비스업(94~96)","노동비용총액[천원]","천원","5014","5861.3","5673.9","4918","5097","5006.9","-","-","-","1740.3","3147.1",
"5규모(상용근로자 500~999인)","S. 협회및단체,수리및기타개인서비스업(94~96)","직접노동비용(계)[천원]","천원","4045.7","4414.3","4142.2","3550.4","3713","3907.8","-","-","-","1222.8","2536.6",
"5규모(상용근로자 500~999인)","S. 협회및단체,수리및기타개인서비스업(94~96)","정액 및 초과급여[천원]","천원","3487.6","3661.5","3438.7","3127.9","3195.4","3400.6","-","-","-","1222.8","2413.7",
"5규모(상용근로자 500~999인)","S. 협회및단체,수리및기타개인서비스업(94~96)","상여금 및 성과금[천원]","천원","558.1","752.8","703.5","422.5","517.6","507.2","-","-","-","0","122.9",
"5규모(상용근로자 500~999인)","S. 협회및단체,수리및기타개인서비스업(94~96)","간접노동비용(계)[천원]","천원","968.3","1447","1531.8","1367.6","1384","1099.1","-","-","-","517.5","610.5",
"5규모(상용근로자 500~999인)","S. 협회및단체,수리및기타개인서비스업(94~96)","퇴직급여 등의 비용[천원]","천원","345.6","863.3","770.5","755.9","690.5","460.2","-","-","-","323.9","224.5",
"5규모(상용근로자 500~999인)","S. 협회및단체,수리및기타개인서비스업(94~96)","현물지급비용[천원]","천원","","","","-","-","-","-","-","-","2.8","0",
"5규모(상용근로자 500~999인)","S. 협회및단체,수리및기타개인서비스업(94~96)","법정노동비용[천원]","천원","348","405.5","405.4","335.8","360.8","361.9","-","-","-","138.6","221.7",
"5규모(상용근로자 500~999인)","S. 협회및단체,수리및기타개인서비스업(94~96)","법정외 복지비용[천원]","천원","240.7","141.2","323.4","250.6","288","252.1","-","-","-","18.3","115.6",
"5규모(상용근로자 500~999인)","S. 협회및단체,수리및기타개인서비스업(94~96)","채용관련비용(모집비)[천원]","천원","4.9","3.1","2.7","1.7","2.2",".9","-","-","-","7.2",".9",
"5규모(상용근로자 500~999인)","S. 협회및단체,수리및기타개인서비스업(94~96)","교육훈련비용[천원]","천원","29.2","34","29.7","23.5","42.5","24","-","-","-","26.6","47.7",
"5규모(상용근로자 500~999인)","S. 협회및단체,수리및기타개인서비스업(94~96)","기타노동비용[천원]","천원","","","","-","-","-","-","-","-","0","0",
"6규모(상용근로자 1000인 이상)","전체","노동비용총액[천원]","천원","6988.1","6986.8","7042.6","6533","6532.1","6254.3","6261.5","6177.1","5713.2","5364.6","5389.6",
"6규모(상용근로자 1000인 이상)","전체","직접노동비용(계)[천원]","천원","5405.5","5290.6","5360","5041","4878.7","4795.5","4683.8","4560.7","4416.7","4093.8","4122.6",
"6규모(상용근로자 1000인 이상)","전체","정액 및 초과급여[천원]","천원","3841.4","3723.3","3772.2","3592.4","3491.2","3300.8","3249.9","3118","2981","2792.3","2815.3",
"6규모(상용근로자 1000인 이상)","전체","상여금 및 성과금[천원]","천원","1564.2","1567.3","1587.8","1448.6","1387.6","1494.6","1433.9","1442.7","1435.7","1301.5","1307.3",
"6규모(상용근로자 1000인 이상)","전체","간접노동비용(계)[천원]","천원","1582.6","1696.1","1682.6","1491.9","1653.4","1458.9","1577.7","1616.5","1296.5","1270.8","1267",
"6규모(상용근로자 1000인 이상)","전체","퇴직급여 등의 비용[천원]","천원","660.4","788.4","801.8","665","835.8","660.5","797.5","856.6","602.5","574.8","541.9",
"6규모(상용근로자 1000인 이상)","전체","현물지급비용[천원]","천원","","","","-","-","-","6.7","6.9","4.3","5.5","5.6",
"6규모(상용근로자 1000인 이상)","전체","법정노동비용[천원]","천원","479","463.9","452.8","421.8","413.9","404.3","396.4","372.8","356.6","344.9","348.2",
"6규모(상용근로자 1000인 이상)","전체","법정외 복지비용[천원]","천원","380","377.1","363.5","341.6","337","328.5","290.4","291.1","253","271.1","282.7",
"6규모(상용근로자 1000인 이상)","전체","채용관련비용(모집비)[천원]","천원","9.8","10.7","10.2","8.1","9.1","9.2","9.9","9.2","10","6.9","6.5",
"6규모(상용근로자 1000인 이상)","전체","교육훈련비용[천원]","천원","53.4","56.1","54.4","55.4","57.6","56.3","65.7","67","59","54.4","65.9",
"6규모(상용근로자 1000인 이상)","전체","기타노동비용[천원]","천원","","","","-","-","-","11.1","12.9","11","13.2","16.1",
"6규모(상용근로자 1000인 이상)","B. 광업(05~08)","노동비용총액[천원]","천원","-","-","-","-","-","-","-","-","-","-","-",
"6규모(상용근로자 1000인 이상)","B. 광업(05~08)","직접노동비용(계)[천원]","천원","-","-","-","-","-","-","-","-","-","-","-",
"6규모(상용근로자 1000인 이상)","B. 광업(05~08)","정액 및 초과급여[천원]","천원","-","-","-","-","-","-","-","-","-","-","-",
"6규모(상용근로자 1000인 이상)","B. 광업(05~08)","상여금 및 성과금[천원]","천원","-","-","-","-","-","-","-","-","-","-","-",
"6규모(상용근로자 1000인 이상)","B. 광업(05~08)","간접노동비용(계)[천원]","천원","-","-","-","-","-","-","-","-","-","-","-",
"6규모(상용근로자 1000인 이상)","B. 광업(05~08)","퇴직급여 등의 비용[천원]","천원","-","-","-","-","-","-","-","-","-","-","-",
"6규모(상용근로자 1000인 이상)","B. 광업(05~08)","현물지급비용[천원]","천원","","","","-","-","-","-","-","-","-","-",
"6규모(상용근로자 1000인 이상)","B. 광업(05~08)","법정노동비용[천원]","천원","-","-","-","-","-","-","-","-","-","-","-",
"6규모(상용근로자 1000인 이상)","B. 광업(05~08)","법정외 복지비용[천원]","천원","-","-","-","-","-","-","-","-","-","-","-",
"6규모(상용근로자 1000인 이상)","B. 광업(05~08)","채용관련비용(모집비)[천원]","천원","-","-","-","-","-","-","-","-","-","-","-",
"6규모(상용근로자 1000인 이상)","B. 광업(05~08)","교육훈련비용[천원]","천원","-","-","-","-","-","-","-","-","-","-","-",
"6규모(상용근로자 1000인 이상)","B. 광업(05~08)","기타노동비용[천원]","천원","","","","-","-","-","-","-","-","-","-",
"6규모(상용근로자 1000인 이상)","C. 제조업(10~33)","노동비용총액[천원]","천원","9097","8864.7","8785.2","8064.5","8153.3","7800.9","7638.1","7390.9","6568.5","6134.9","5935.2",
"6규모(상용근로자 1000인 이상)","C. 제조업(10~33)","직접노동비용(계)[천원]","천원","6982.4","6615.6","6510.4","6124.2","5845.5","5906.1","5582.5","5320.1","5018.9","4640.9","4530.3",
"6규모(상용근로자 1000인 이상)","C. 제조업(10~33)","정액 및 초과급여[천원]","천원","4403.3","4177.6","4180.2","3986.8","3767.4","3640","3542","3362.8","3129.1","2976.9","2948.9",
"6규모(상용근로자 1000인 이상)","C. 제조업(10~33)","상여금 및 성과금[천원]","천원","2579.1","2438","2330.2","2137.4","2078.1","2266.2","2040.5","1957.3","1889.7","1664.1","1581.4",
"6규모(상용근로자 1000인 이상)","C. 제조업(10~33)","간접노동비용(계)[천원]","천원","2114.5","2249","2274.9","1940.3","2307.8","1894.8","2055.6","2070.8","1549.6","1494","1404.9",
"6규모(상용근로자 1000인 이상)","C. 제조업(10~33)","퇴직급여 등의 비용[천원]","천원","875.8","1082.8","1143.8","902.8","1274.7","913.2","1105.1","1158.2","730","650.3","572",
"6규모(상용근로자 1000인 이상)","C. 제조업(10~33)","현물지급비용[천원]","천원","","","","-","-","-","9.6","10.1","6.7","7.6","7.1",
"6규모(상용근로자 1000인 이상)","C. 제조업(10~33)","법정노동비용[천원]","천원","590.9","563.2","541.5","505.6","496.2","478.7","476.3","430.6","406.5","394.9","386.4",
"6규모(상용근로자 1000인 이상)","C. 제조업(10~33)","법정외 복지비용[천원]","천원","571","525.2","512.2","457.3","458.7","428.3","358.5","365.5","310.9","358.1","346.5",
"6규모(상용근로자 1000인 이상)","C. 제조업(10~33)","채용관련비용(모집비)[천원]","천원","14","16.3","16.1","10.2","12","12.7","13.8","12.7","15.2","9.1","6.8",
"6규모(상용근로자 1000인 이상)","C. 제조업(10~33)","교육훈련비용[천원]","천원","62.9","61.6","61.3","64.5","66.1","62","76.6","76.6","65.8","55.2","63.3",
"6규모(상용근로자 1000인 이상)","C. 제조업(10~33)","기타노동비용[천원]","천원","","","","-","-","-","15.5","17.1","14.6","18.8","22.9",
"6규모(상용근로자 1000인 이상)","D. 전기,가스,증기및수도사업(35~36)","노동비용총액[천원]","천원","8761.6","8678.3","8788.1","8232.5","7839.5","7882.9","7869.6","8390.6","7445.8","6920.4","7135.6",
"6규모(상용근로자 1000인 이상)","D. 전기,가스,증기및수도사업(35~36)","직접노동비용(계)[천원]","천원","6908.6","6687.9","7058.8","6669.1","6456.2","6338.6","5987.7","6013.2","6291.9","5769.6","5843.9",
"6규모(상용근로자 1000인 이상)","D. 전기,가스,증기및수도사업(35~36)","정액 및 초과급여[천원]","천원","5303.3","5101.6","5201.7","5116.1","5072.7","4834","4504.8","4394","4770.6","4420.1","4442.5",
"6규모(상용근로자 1000인 이상)","D. 전기,가스,증기및수도사업(35~36)","상여금 및 성과금[천원]","천원","1605.3","1586.4","1857.2","1553","1383.5","1504.5","1482.9","1619.2","1521.2","1349.6","1401.3",
"6규모(상용근로자 1000인 이상)","D. 전기,가스,증기및수도사업(35~36)","간접노동비용(계)[천원]","천원","1853","1990.4","1729.2","1563.4","1383.4","1544.3","1881.9","2377.4","1154","1150.8","1291.7",
"6규모(상용근로자 1000인 이상)","D. 전기,가스,증기및수도사업(35~36)","퇴직급여 등의 비용[천원]","천원","588.3","683.5","809","615.3","504.3","549.9","979.3","1343.6","334.8","295","283.4",
"6규모(상용근로자 1000인 이상)","D. 전기,가스,증기및수도사업(35~36)","현물지급비용[천원]","천원","","","","-","-","-","0","0","0","0","0",
"6규모(상용근로자 1000인 이상)","D. 전기,가스,증기및수도사업(35~36)","법정노동비용[천원]","천원","568.5","542","494.1","500.8","494.7","488.6","434.8","435.4","407.3","395.3","391",
"6규모(상용근로자 1000인 이상)","D. 전기,가스,증기및수도사업(35~36)","법정외 복지비용[천원]","천원","520.1","585.9","261.8","254.1","189","262.3","296.4","401.9","269.1","272.8","412.4",
"6규모(상용근로자 1000인 이상)","D. 전기,가스,증기및수도사업(35~36)","채용관련비용(모집비)[천원]","천원","11.7","13.3","9.5","11.5","12.5","8.9","9.9","6.1","1.2","2.7","3",
"6규모(상용근로자 1000인 이상)","D. 전기,가스,증기및수도사업(35~36)","교육훈련비용[천원]","천원","164.4","165.8","154.9","181.6","182.9","234.6","148.1","181.2","134.6","169.1","193.9",
"6규모(상용근로자 1000인 이상)","D. 전기,가스,증기및수도사업(35~36)","기타노동비용[천원]","천원","","","","-","-","-","13.5","9.2","6.9","15.7","7.9",
"6규모(상용근로자 1000인 이상)","E. 하수·폐기물처리,원료재생및환경복원업(37~39)","노동비용총액[천원]","천원","4417.8","4233.3","4131.2","4627.5","4299.7","3758.1","3624.4","3329.8","3573.4","3771.4","-",
"6규모(상용근로자 1000인 이상)","E. 하수·폐기물처리,원료재생및환경복원업(37~39)","직접노동비용(계)[천원]","천원","3338.7","3291.6","3293.4","3743.7","3538.5","2993.1","2971.5","2751.4","2844.6","2711.1","-",
"6규모(상용근로자 1000인 이상)","E. 하수·폐기물처리,원료재생및환경복원업(37~39)","정액 및 초과급여[천원]","천원","3049.5","3015","2787.9","3019.8","2967.6","2767.7","2731.2","2638.4","2680.4","2594","-",
"6규모(상용근로자 1000인 이상)","E. 하수·폐기물처리,원료재생및환경복원업(37~39)","상여금 및 성과금[천원]","천원","289.3","276.6","505.5","723.9","570.9","225.4","240.4","113","164.2","117.1","-",
"6규모(상용근로자 1000인 이상)","E. 하수·폐기물처리,원료재생및환경복원업(37~39)","간접노동비용(계)[천원]","천원","1079","941.7","837.8","883.8","761.2","765","652.8","578.4","728.8","1060.3","-",
"6규모(상용근로자 1000인 이상)","E. 하수·폐기물처리,원료재생및환경복원업(37~39)","퇴직급여 등의 비용[천원]","천원","496.9","434.8","341","304.5","239.4","233.3","267.8","275","400.1","406.7","-",
"6규모(상용근로자 1000인 이상)","E. 하수·폐기물처리,원료재생및환경복원업(37~39)","현물지급비용[천원]","천원","","","","-","-","-","0","0","0","14.7","-",
"6규모(상용근로자 1000인 이상)","E. 하수·폐기물처리,원료재생및환경복원업(37~39)","법정노동비용[천원]","천원","423.1","333.8","354.4","320.1","293.3","319.3","322.9","278.4","297.7","285.1","-",
"6규모(상용근로자 1000인 이상)","E. 하수·폐기물처리,원료재생및환경복원업(37~39)","법정외 복지비용[천원]","천원","100","151.1","111.4","240.7","209.2","198.4","47.3","25","31","313.4","-",
"6규모(상용근로자 1000인 이상)","E. 하수·폐기물처리,원료재생및환경복원업(37~39)","채용관련비용(모집비)[천원]","천원",".6",".9",".5",".4",".4","1.1",".1","0","0","1.5","-",
"6규모(상용근로자 1000인 이상)","E. 하수·폐기물처리,원료재생및환경복원업(37~39)","교육훈련비용[천원]","천원","58.4","21.1","30.5","18.1","18.9","13","14.9","0","0","17.6","-",
"6규모(상용근로자 1000인 이상)","E. 하수·폐기물처리,원료재생및환경복원업(37~39)","기타노동비용[천원]","천원","","","","-","-","-","0","0","0","21.4","-",
"6규모(상용근로자 1000인 이상)","F. 건설업(41~42)","노동비용총액[천원]","천원","8635.4","8623.1","8555.5","7577","7477.9","7678.5","7721.9","7700.4","6599.8","6235.5","7179.3",
"6규모(상용근로자 1000인 이상)","F. 건설업(41~42)","직접노동비용(계)[천원]","천원","6357.1","6480.6","6530.3","5934.8","5716.1","5962.6","6104.3","5630.5","4926.4","4669.9","5411.1",
"6규모(상용근로자 1000인 이상)","F. 건설업(41~42)","정액 및 초과급여[천원]","천원","5564.8","5581.9","5347.3","4988.1","4676.1","4769","4825.6","4457.3","3850.2","3614","4021",
"6규모(상용근로자 1000인 이상)","F. 건설업(41~42)","상여금 및 성과금[천원]","천원","792.3","898.6","1183","946.7","1040","1193.6","1278.7","1173.1","1076.2","1055.9","1390.1",
"6규모(상용근로자 1000인 이상)","F. 건설업(41~42)","간접노동비용(계)[천원]","천원","2278.3","2142.6","2025.2","1642.3","1761.8","1715.9","1617.6","2070","1673.4","1565.6","1768.2",
"6규모(상용근로자 1000인 이상)","F. 건설업(41~42)","퇴직급여 등의 비용[천원]","천원","960.3","964.2","877","658.4","774.3","671","631.7","1017.3","617.1","606.7","689.3",
"6규모(상용근로자 1000인 이상)","F. 건설업(41~42)","현물지급비용[천원]","천원","","","","-","-","-","10.4","11","9.8","8.7","4.4",
"6규모(상용근로자 1000인 이상)","F. 건설업(41~42)","법정노동비용[천원]","천원","943","806.2","770.6","642.9","643.1","699.9","684.2","708.2","673","649","708.7",
"6규모(상용근로자 1000인 이상)","F. 건설업(41~42)","법정외 복지비용[천원]","천원","306.8","303.3","318.9","288.5","289.5","275.6","207.5","231.4","275.3","222.6","253.5",
"6규모(상용근로자 1000인 이상)","F. 건설업(41~42)","채용관련비용(모집비)[천원]","천원","4.3","4","4.4","5.7","9.3","8.8","11","10.3","8.3","4.7","7.8",
"6규모(상용근로자 1000인 이상)","F. 건설업(41~42)","교육훈련비용[천원]","천원","63.9","64.9","54.2","46.7","45.6","60.6","69.4","86.7","78.7","68.1","98.9",
"6규모(상용근로자 1000인 이상)","F. 건설업(41~42)","기타노동비용[천원]","천원","","","","-","-","-","3.3","5.2","11.2","5.7","5.5",
"6규모(상용근로자 1000인 이상)","G. 도매및소매업(45~47)","노동비용총액[천원]","천원","5384.2","4753.5","4375.9","4156.4","4445.4","4248.8","4579.9","4350.9","4721.9","4510.1","4707",
"6규모(상용근로자 1000인 이상)","G. 도매및소매업(45~47)","직접노동비용(계)[천원]","천원","4187.9","3638.2","3487.9","3273.5","3512.3","3288.5","3547.5","3387","3797.2","3470.4","3676.9",
"6규모(상용근로자 1000인 이상)","G. 도매및소매업(45~47)","정액 및 초과급여[천원]","천원","3219.9","2853.6","2865.2","2661","2960.4","2637.7","2841.9","2613","2861.5","2556.6","2635",
"6규모(상용근로자 1000인 이상)","G. 도매및소매업(45~47)","상여금 및 성과금[천원]","천원","968","784.6","622.7","612.5","551.9","650.8","705.6","774","935.6","913.8","1041.8",
"6규모(상용근로자 1000인 이상)","G. 도매및소매업(45~47)","간접노동비용(계)[천원]","천원","1196.3","1115.4","888","882.9","933","960.3","1032.4","964","924.8","1039.7","1030.2",
"6규모(상용근로자 1000인 이상)","G. 도매및소매업(45~47)","퇴직급여 등의 비용[천원]","천원","488.2","456.6","365.7","352.5","404.5","437.1","463.6","436.1","439","477.9","437.2",
"6규모(상용근로자 1000인 이상)","G. 도매및소매업(45~47)","현물지급비용[천원]","천원","","","","-","-","-","3.7","3.5","1.1",".7","7.5",
"6규모(상용근로자 1000인 이상)","G. 도매및소매업(45~47)","법정노동비용[천원]","천원","371.5","344.7","292.6","286","283.1","288.2","306","274.9","267.1","275","289.2",
"6규모(상용근로자 1000인 이상)","G. 도매및소매업(45~47)","법정외 복지비용[천원]","천원","293.1","270.4","198.6","213.9","203.9","190.1","189.5","168.8","164.5","226.8","219",
"6규모(상용근로자 1000인 이상)","G. 도매및소매업(45~47)","채용관련비용(모집비)[천원]","천원","7.2","8.4","5.4","4.9","7","6.1","10.9","8.5","6.8","5.3","4.6",
"6규모(상용근로자 1000인 이상)","G. 도매및소매업(45~47)","교육훈련비용[천원]","천원","36.3","35.2","25.7","25.6","34.6","38.9","51.5","51.8","39.1","52","67.5",
"6규모(상용근로자 1000인 이상)","G. 도매및소매업(45~47)","기타노동비용[천원]","천원","","","","-","-","-","7.2","20.5","7.3","1.9","5.2",
"6규모(상용근로자 1000인 이상)","H. 운수업(49~52)","노동비용총액[천원]","천원","6792.3","6294.7","6074.9","6312","6206.5","5787.2","5717.5","5581.8","5927.7","5805.4","5419.1",
"6규모(상용근로자 1000인 이상)","H. 운수업(49~52)","직접노동비용(계)[천원]","천원","5339","4829.7","4789.5","4983.3","4895.4","4585.6","4362","4192.8","4731.3","4592.3","4212.5",
"6규모(상용근로자 1000인 이상)","H. 운수업(49~52)","정액 및 초과급여[천원]","천원","4030.9","3624.6","3701.3","3765.7","3821.5","3434","3368.7","3198.7","3536","3340","3007.9",
"6규모(상용근로자 1000인 이상)","H. 운수업(49~52)","상여금 및 성과금[천원]","천원","1308.1","1205.1","1088.3","1217.6","1073.8","1151.6","993.3","994","1195.3","1252.3","1204.6",
"6규모(상용근로자 1000인 이상)","H. 운수업(49~52)","간접노동비용(계)[천원]","천원","1453.3","1465","1285.3","1328.6","1311.2","1201.6","1355.5","1389","1196.4","1213.1","1206.6",
"6규모(상용근로자 1000인 이상)","H. 운수업(49~52)","퇴직급여 등의 비용[천원]","천원","465.8","508.5","403.8","470","491.6","370.1","572.2","650.5","396","424.9","475.4",
"6규모(상용근로자 1000인 이상)","H. 운수업(49~52)","현물지급비용[천원]","천원","","","","-","-","-","3.3","2.5",".7","0","0",
"6규모(상용근로자 1000인 이상)","H. 운수업(49~52)","법정노동비용[천원]","천원","477.3","476","434.9","444.1","406.9","390.7","366.1","345.6","351.7","355","330.8",
"6규모(상용근로자 1000인 이상)","H. 운수업(49~52)","법정외 복지비용[천원]","천원","442.8","397","399.8","383.4","381.1","410.4","374.5","349.5","403.4","352.3","309.8",
"6규모(상용근로자 1000인 이상)","H. 운수업(49~52)","채용관련비용(모집비)[천원]","천원","4.8","4","4","3.5","3","2.5","1.9","1.5","2.5","2.3","2.6",
"6규모(상용근로자 1000인 이상)","H. 운수업(49~52)","교육훈련비용[천원]","천원","62.5","79.6","42.8","27.6","28.6","27.9","31.9","34.9","35.6","74.6","80.1",
"6규모(상용근로자 1000인 이상)","H. 운수업(49~52)","기타노동비용[천원]","천원","","","","-","-","-","5.5","4.5","6.6","4","7.9",
"6규모(상용근로자 1000인 이상)","I. 숙박및음식점업(55~56)","노동비용총액[천원]","천원","3345.1","3128.4","3107.8","3295.1","3293.5","3102.3","2705.1","2947.2","2723.1","2456","2428.8",
"6규모(상용근로자 1000인 이상)","I. 숙박및음식점업(55~56)","직접노동비용(계)[천원]","천원","2712.7","2603.4","2485.8","2573.4","2592.1","2362.6","1998.7","2093.3","2062","1901.1","1881.7",
"6규모(상용근로자 1000인 이상)","I. 숙박및음식점업(55~56)","정액 및 초과급여[천원]","천원","2151.4","2082.3","1998.4","2003.4","1945.2","1721.4","1585.3","1620.4","1583.4","1404","1446.5",
"6규모(상용근로자 1000인 이상)","I. 숙박및음식점업(55~56)","상여금 및 성과금[천원]","천원","561.3","521.1","487.5","570","646.9","641.3","413.3","473","478.6","497.2","435.2",
"6규모(상용근로자 1000인 이상)","I. 숙박및음식점업(55~56)","간접노동비용(계)[천원]","천원","632.4","525.1","621.9","721.7","701.3","739.7","706.4","853.9","661.1","554.9","547.1",
"6규모(상용근로자 1000인 이상)","I. 숙박및음식점업(55~56)","퇴직급여 등의 비용[천원]","천원","288.7","212.5","240","277","285.1","317.2","344","474.1","268.4","250.6","239.3",
"6규모(상용근로자 1000인 이상)","I. 숙박및음식점업(55~56)","현물지급비용[천원]","천원","","","","-","-","-","28","19.7","4.7","2.6",".8",
"6규모(상용근로자 1000인 이상)","I. 숙박및음식점업(55~56)","법정노동비용[천원]","천원","214.2","194.2","217.3","237","236.1","225.8","167.4","175.2","163.3","156.9","161.8",
"6규모(상용근로자 1000인 이상)","I. 숙박및음식점업(55~56)","법정외 복지비용[천원]","천원","107.5","98.2","140.7","180.8","153","161.8","135.9","147.3","165.4","109.9","112.2",
"6규모(상용근로자 1000인 이상)","I. 숙박및음식점업(55~56)","채용관련비용(모집비)[천원]","천원","5.9","2.9","2.6","3.3","3.7","9.6","4","4.2","3.7","3.3","5.5",
"6규모(상용근로자 1000인 이상)","I. 숙박및음식점업(55~56)","교육훈련비용[천원]","천원","16.2","17.3","21.3","23.6","23.4","25.2","23.9","28.1","48.8","30.9","26.8",
"6규모(상용근로자 1000인 이상)","I. 숙박및음식점업(55~56)","기타노동비용[천원]","천원","","","","-","-","-","3.2","5.3","6.8",".7",".6",
"6규모(상용근로자 1000인 이상)","J. 출판,영상,방송통신및정보서비스업(58~63)","노동비용총액[천원]","천원","7291.8","7350.2","7089.1","6845.2","6691","6745.4","6201.3","5676.3","5440.6","5529","5761.8",
"6규모(상용근로자 1000인 이상)","J. 출판,영상,방송통신및정보서비스업(58~63)","직접노동비용(계)[천원]","천원","5733.8","5720.2","5568.9","5433.1","5145.3","5115.8","4781.7","4499.4","4397.2","4361.4","4405.8",
"6규모(상용근로자 1000인 이상)","J. 출판,영상,방송통신및정보서비스업(58~63)","정액 및 초과급여[천원]","천원","4427.2","4407.2","4376.3","4394","4146.4","4017.3","3695.8","3474.6","3401.8","3340.5","3468.8",
"6규모(상용근로자 1000인 이상)","J. 출판,영상,방송통신및정보서비스업(58~63)","상여금 및 성과금[천원]","천원","1306.5","1313","1192.5","1039.1","998.9","1098.5","1085.9","1024.8","995.4","1020.9","936.9",
"6규모(상용근로자 1000인 이상)","J. 출판,영상,방송통신및정보서비스업(58~63)","간접노동비용(계)[천원]","천원","1558","1630","1520.3","1412.1","1545.6","1629.6","1419.6","1176.9","1043.4","1167.6","1356.1",
"6규모(상용근로자 1000인 이상)","J. 출판,영상,방송통신및정보서비스업(58~63)","퇴직급여 등의 비용[천원]","천원","499.5","560.7","559.6","452.6","588.6","621.9","578.5","409.9","402","455.5","507.2",
"6규모(상용근로자 1000인 이상)","J. 출판,영상,방송통신및정보서비스업(58~63)","현물지급비용[천원]","천원","","","","-","-","-",".1","1",".2",".4","1.3",
"6규모(상용근로자 1000인 이상)","J. 출판,영상,방송통신및정보서비스업(58~63)","법정노동비용[천원]","천원","519.7","502.5","463.7","459.4","441.9","438.2","395.1","356.1","342.3","348.2","347.6",
"6규모(상용근로자 1000인 이상)","J. 출판,영상,방송통신및정보서비스업(58~63)","법정외 복지비용[천원]","천원","420","433.1","372.5","378.7","376.8","426.8","321.1","284.1","187.8","231.9","317.9",
"6규모(상용근로자 1000인 이상)","J. 출판,영상,방송통신및정보서비스업(58~63)","채용관련비용(모집비)[천원]","천원","13.1","13","12.9","10.1","13.1","11.7","8","10.8","10.7","13.2","16.6",
"6규모(상용근로자 1000인 이상)","J. 출판,영상,방송통신및정보서비스업(58~63)","교육훈련비용[천원]","천원","105.7","120.8","111.5","111.3","125.2","130.9","94.1","94.9","80.7","91.1","132.6",
"6규모(상용근로자 1000인 이상)","J. 출판,영상,방송통신및정보서비스업(58~63)","기타노동비용[천원]","천원","","","","-","-","-","22.6","20.1","19.7","27.4","32.7",
"6규모(상용근로자 1000인 이상)","K. 금융및보험업(64~66)","노동비용총액[천원]","천원","9382.2","9251.1","8988.1","8258","7922.6","7620.7","7791.2","7478.4","7089.6","6650","6765.5",
"6규모(상용근로자 1000인 이상)","K. 금융및보험업(64~66)","직접노동비용(계)[천원]","천원","7196.5","6739.3","6794.2","6315.5","6039.2","5825.6","5850.7","5641.2","5423.1","5069","5140.5",
"6규모(상용근로자 1000인 이상)","K. 금융및보험업(64~66)","정액 및 초과급여[천원]","천원","4696.7","4465.1","4588.8","4419.7","4329.5","4115.5","3981.7","3758.7","3552.1","3394.6","3377.5",
"6규모(상용근로자 1000인 이상)","K. 금융및보험업(64~66)","상여금 및 성과금[천원]","천원","2499.8","2274.2","2205.4","1895.8","1709.6","1710","1869","1882.4","1871","1674.4","1763",
"6규모(상용근로자 1000인 이상)","K. 금융및보험업(64~66)","간접노동비용(계)[천원]","천원","2185.7","2511.8","2193.9","1942.5","1883.4","1795.1","1940.5","1837.3","1666.6","1580.9","1625.1",
"6규모(상용근로자 1000인 이상)","K. 금융및보험업(64~66)","퇴직급여 등의 비용[천원]","천원","980.1","1390.7","1122.8","931.7","932.6","787.3","985.5","959.8","874.8","863.3","834.4",
"6규모(상용근로자 1000인 이상)","K. 금융및보험업(64~66)","현물지급비용[천원]","천원","","","","-","-","-","2","4","1","1.5",".9",
"6규모(상용근로자 1000인 이상)","K. 금융및보험업(64~66)","법정노동비용[천원]","천원","600.1","558","551.9","480.7","463.3","473","422","409.6","392.1","384.2","382.2",
"6규모(상용근로자 1000인 이상)","K. 금융및보험업(64~66)","법정외 복지비용[천원]","천원","522.9","487.1","440.6","449.4","410","452.4","409.8","358.2","304.6","236.8","299.4",
"6규모(상용근로자 1000인 이상)","K. 금융및보험업(64~66)","채용관련비용(모집비)[천원]","천원","8.2","6.1","5.1","5.2","5.5","5.6","8","7.1","5.5","5.3","7.1",
"6규모(상용근로자 1000인 이상)","K. 금융및보험업(64~66)","교육훈련비용[천원]","천원","74.3","69.9","73.5","75.4","72.1","76.8","103.7","88.7","79.2","73.1","85.1",
"6규모(상용근로자 1000인 이상)","K. 금융및보험업(64~66)","기타노동비용[천원]","천원","","","","-","-","-","9.5","10","9.3","16.6","16",
"6규모(상용근로자 1000인 이상)","L. 부동산업및임대업(68~69)","노동비용총액[천원]","천원","3209.5","3012.7","3253.9","2813.2","2893.7","2298.1","2183.2","2194.9","2602.6","2662.9","2746.2",
"6규모(상용근로자 1000인 이상)","L. 부동산업및임대업(68~69)","직접노동비용(계)[천원]","천원","2524.4","2313.2","2458","2214","2465.6","1937.9","1929.1","1903.8","2075.1","2051.1","2153.8",
"6규모(상용근로자 1000인 이상)","L. 부동산업및임대업(68~69)","정액 및 초과급여[천원]","천원","2428.8","2264.5","2255.2","2034.8","2336.2","1798.7","1777.8","1788.5","1916.4","1886.2","1877.1",
"6규모(상용근로자 1000인 이상)","L. 부동산업및임대업(68~69)","상여금 및 성과금[천원]","천원","95.5","48.7","202.8","179.1","129.4","139.2","151.3","115.3","158.7","164.9","276.7",
"6규모(상용근로자 1000인 이상)","L. 부동산업및임대업(68~69)","간접노동비용(계)[천원]","천원","685.2","699.6","795.9","599.2","428.1","360.2","254.1","291.1","527.5","611.8","592.4",
"6규모(상용근로자 1000인 이상)","L. 부동산업및임대업(68~69)","퇴직급여 등의 비용[천원]","천원","318.7","409.6","490.1","332.9","164.8","146.3","95.7","153","295.2","305.1","315.4",
"6규모(상용근로자 1000인 이상)","L. 부동산업및임대업(68~69)","현물지급비용[천원]","천원","","","","-","-","-","0","0","0",".1","0",
"6규모(상용근로자 1000인 이상)","L. 부동산업및임대업(68~69)","법정노동비용[천원]","천원","242.7","210","203.4","186.9","182.7","160.4","135.2","122.2","185.3","176.7","203.3",
"6규모(상용근로자 1000인 이상)","L. 부동산업및임대업(68~69)","법정외 복지비용[천원]","천원","109.9","75.8","87.5","66.3","68.2","41.4","17.4","12.5","43.7","121","58.5",
"6규모(상용근로자 1000인 이상)","L. 부동산업및임대업(68~69)","채용관련비용(모집비)[천원]","천원","1.8","1.4","1.6","1.8","1.4","1.2",".2",".1","0",".4",".7",
"6규모(상용근로자 1000인 이상)","L. 부동산업및임대업(68~69)","교육훈련비용[천원]","천원","12","2.7","13.3","11.2","11","10.8","4.9","2.6","2.4","6.6","12.6",
"6규모(상용근로자 1000인 이상)","L. 부동산업및임대업(68~69)","기타노동비용[천원]","천원","","","","-","-","-",".8",".7",".9","1.9","2.1",
"6규모(상용근로자 1000인 이상)","M. 전문,과학및기술서비스업(70~73)","노동비용총액[천원]","천원","7184","6811.5","6902.1","6076.9","6953.1","5785.1","5333.2","5331.5","5958.1","4366.3","4675.2",
"6규모(상용근로자 1000인 이상)","M. 전문,과학및기술서비스업(70~73)","직접노동비용(계)[천원]","천원","5488.1","5387.1","5686.7","4858.7","5559.4","4810.9","4297.4","3977.2","4709.3","3299.2","3483.5",
"6규모(상용근로자 1000인 이상)","M. 전문,과학및기술서비스업(70~73)","정액 및 초과급여[천원]","천원","4330.5","4350","4266","3770.9","4292.2","3979.4","3345.2","2800.8","2313.2","2267.2","2398.6",
"6규모(상용근로자 1000인 이상)","M. 전문,과학및기술서비스업(70~73)","상여금 및 성과금[천원]","천원","1157.6","1037.1","1420.7","1087.8","1267.3","831.5","952.2","1176.3","2396.1","1032","1085",
"6규모(상용근로자 1000인 이상)","M. 전문,과학및기술서비스업(70~73)","간접노동비용(계)[천원]","천원","1695.9","1424.4","1215.4","1218.1","1393.6","974.2","1035.8","1354.3","1248.8","1067.2","1191.7",
"6규모(상용근로자 1000인 이상)","M. 전문,과학및기술서비스업(70~73)","퇴직급여 등의 비용[천원]","천원","884.7","595.8","425.6","544.2","639.3","417.6","446.3","730.6","774.2","538.5","591.7",
"6규모(상용근로자 1000인 이상)","M. 전문,과학및기술서비스업(70~73)","현물지급비용[천원]","천원","","","","-","-","-","0","0","0","8.5","13.1",
"6규모(상용근로자 1000인 이상)","M. 전문,과학및기술서비스업(70~73)","법정노동비용[천원]","천원","465.3","445.5","421.4","374","428.7","380.3","358.7","345.4","292.9","252.9","278.6",
"6규모(상용근로자 1000인 이상)","M. 전문,과학및기술서비스업(70~73)","법정외 복지비용[천원]","천원","269.2","304.3","313.9","210.6","242.2","136.5","197","242.1","135.5","214.6","227.9",
"6규모(상용근로자 1000인 이상)","M. 전문,과학및기술서비스업(70~73)","채용관련비용(모집비)[천원]","천원","10.8","6.3","4.6","12.9","9.2","4.7","3.6","4","10.6","5.3","6.7",
"6규모(상용근로자 1000인 이상)","M. 전문,과학및기술서비스업(70~73)","교육훈련비용[천원]","천원","65.8","72.5","50","76.5","74.2","35","29.6","30.5","31.2","45.6","67.7",
"6규모(상용근로자 1000인 이상)","M. 전문,과학및기술서비스업(70~73)","기타노동비용[천원]","천원","","","","-","-","-",".6","1.8","4.5","1.7","5.9",
"6규모(상용근로자 1000인 이상)","N. 사업시설관리및사업지원서비스업(74~75)","노동비용총액[천원]","천원","2771.4","2656.3","2507.6","2366.9","2293.6","2133.4","2131.3","1946.1","1957.1","1782","1782.1",
"6규모(상용근로자 1000인 이상)","N. 사업시설관리및사업지원서비스업(74~75)","직접노동비용(계)[천원]","천원","2288.9","2214.5","2084.8","1953.5","1907.7","1780.6","1723.5","1615.9","1601.5","1464.7","1449.8",
"6규모(상용근로자 1000인 이상)","N. 사업시설관리및사업지원서비스업(74~75)","정액 및 초과급여[천원]","천원","2130","2034.5","1904","1812.8","1730.4","1633.8","1566.8","1483.1","1486.7","1362.4","1330.7",
"6규모(상용근로자 1000인 이상)","N. 사업시설관리및사업지원서비스업(74~75)","상여금 및 성과금[천원]","천원","158.9","179.9","180.9","140.7","177.2","146.8","156.7","132.8","114.8","102.3","119.1",
"6규모(상용근로자 1000인 이상)","N. 사업시설관리및사업지원서비스업(74~75)","간접노동비용(계)[천원]","천원","482.5","441.9","422.8","413.4","385.9","352.9","407.8","330.2","355.6","317.3","332.3",
"6규모(상용근로자 1000인 이상)","N. 사업시설관리및사업지원서비스업(74~75)","퇴직급여 등의 비용[천원]","천원","215.8","182.6","185.5","173.4","147.5","145.2","172.2","137","169.4","147.6","153.3",
"6규모(상용근로자 1000인 이상)","N. 사업시설관리및사업지원서비스업(74~75)","현물지급비용[천원]","천원","","","","-","-","-","1.4","1.5","2.6","2.1","1.3",
"6규모(상용근로자 1000인 이상)","N. 사업시설관리및사업지원서비스업(74~75)","법정노동비용[천원]","천원","198.5","193","182.9","176.3","168.4","155.1","163.4","141.3","137.3","129.4","130.8",
"6규모(상용근로자 1000인 이상)","N. 사업시설관리및사업지원서비스업(74~75)","법정외 복지비용[천원]","천원","53.7","51.2","41.2","49.9","55.9","42","54.7","35.9","33.7","29.6","37.9",
"6규모(상용근로자 1000인 이상)","N. 사업시설관리및사업지원서비스업(74~75)","채용관련비용(모집비)[천원]","천원","5.8","6.2","5","6.7","5.4","4.6","4.5","3","2.9","1.8","1.8",
"6규모(상용근로자 1000인 이상)","N. 사업시설관리및사업지원서비스업(74~75)","교육훈련비용[천원]","천원","8.7","8.9","8.2","7.1","8.8","6","9.3","9.8","9.2","5","5.5",
"6규모(상용근로자 1000인 이상)","N. 사업시설관리및사업지원서비스업(74~75)","기타노동비용[천원]","천원","","","","-","-","-","2.4","1.6",".4","1.8","1.6",
"6규모(상용근로자 1000인 이상)","R. 예술,스포츠및여가관련서비스업(90~91)","노동비용총액[천원]","천원","6710.2","6759.5","7022.9","6648.1","6829.6","6592.1","6422.3","6185.3","6609.9","5475.9","5075.9",
"6규모(상용근로자 1000인 이상)","R. 예술,스포츠및여가관련서비스업(90~91)","직접노동비용(계)[천원]","천원","5045","5154.1","5399.8","5130.1","5178.4","5048.3","4757.6","4412.2","4408.9","3844.6","3816.6",
"6규모(상용근로자 1000인 이상)","R. 예술,스포츠및여가관련서비스업(90~91)","정액 및 초과급여[천원]","천원","4167","4436","4259.9","3582","3625.6","3453.2","3000.1","2741.8","2787.2","2680","2652.6",
"6규모(상용근로자 1000인 이상)","R. 예술,스포츠및여가관련서비스업(90~91)","상여금 및 성과금[천원]","천원","878","718.1","1140","1548.1","1552.8","1595.2","1757.5","1670.4","1621.7","1164.6","1164",
"6규모(상용근로자 1000인 이상)","R. 예술,스포츠및여가관련서비스업(90~91)","간접노동비용(계)[천원]","천원","1665.2","1605.5","1623.1","1517.9","1651.2","1543.8","1664.7","1773.1","2201","1631.3","1259.4",
"6규모(상용근로자 1000인 이상)","R. 예술,스포츠및여가관련서비스업(90~91)","퇴직급여 등의 비용[천원]","천원","604.2","614.8","629.6","546.5","559.1","520.5","584.5","664.3","970.7","737.7","416.9",
"6규모(상용근로자 1000인 이상)","R. 예술,스포츠및여가관련서비스업(90~91)","현물지급비용[천원]","천원","","","","-","-","-","6.7","0","0","30.7","27.8",
"6규모(상용근로자 1000인 이상)","R. 예술,스포츠및여가관련서비스업(90~91)","법정노동비용[천원]","천원","499.1","502.1","474.9","425.1","433.6","439.4","364","359.2","348.5","321.3","317.8",
"6규모(상용근로자 1000인 이상)","R. 예술,스포츠및여가관련서비스업(90~91)","법정외 복지비용[천원]","천원","527.9","454.9","460.4","453.8","552.2","483.7","628.7","663.2","806.9","461.1","410.9",
"6규모(상용근로자 1000인 이상)","R. 예술,스포츠및여가관련서비스업(90~91)","채용관련비용(모집비)[천원]","천원","6.9","3.7","4.4","10.8","11.2","12.3","1.9","1.6","1.4","5.8","6.5",
"6규모(상용근로자 1000인 이상)","R. 예술,스포츠및여가관련서비스업(90~91)","교육훈련비용[천원]","천원","27.2","30.1","53.8","81.7","95","87.9","70.8","73.6","65","57.3","64.7",
"6규모(상용근로자 1000인 이상)","R. 예술,스포츠및여가관련서비스업(90~91)","기타노동비용[천원]","천원","","","","-","-","-","8.1","11.2","8.6","17.3","14.8",
"6규모(상용근로자 1000인 이상)","S. 협회및단체,수리및기타개인서비스업(94~96)","노동비용총액[천원]","천원","8352.7","7961.8","6809.7","5464","6931.3","10244.8","10533.5","9605.6","5970.3","-","-",
"6규모(상용근로자 1000인 이상)","S. 협회및단체,수리및기타개인서비스업(94~96)","직접노동비용(계)[천원]","천원","6507","6416.4","5412.3","4346","4916","6718.9","6501.6","5214.9","4332.2","-","-",
"6규모(상용근로자 1000인 이상)","S. 협회및단체,수리및기타개인서비스업(94~96)","정액 및 초과급여[천원]","천원","5057.1","4737","3992.2","3355.3","3464.7","4721.6","4393.1","3819.8","3496.8","-","-",
"6규모(상용근로자 1000인 이상)","S. 협회및단체,수리및기타개인서비스업(94~96)","상여금 및 성과금[천원]","천원","1449.9","1679.4","1420","990.8","1451.4","1997.2","2108.5","1395.1","835.4","-","-",
"6규모(상용근로자 1000인 이상)","S. 협회및단체,수리및기타개인서비스업(94~96)","간접노동비용(계)[천원]","천원","1845.6","1545.4","1397.4","1118","2015.3","3526","4031.9","4390.8","1638.2","-","-",
"6규모(상용근로자 1000인 이상)","S. 협회및단체,수리및기타개인서비스업(94~96)","퇴직급여 등의 비용[천원]","천원","837.8","615.1","432.8","328.1","1211.8","2541.4","3099.9","3476.6","858.2","-","-",
"6규모(상용근로자 1000인 이상)","S. 협회및단체,수리및기타개인서비스업(94~96)","현물지급비용[천원]","천원","","","","-","-","-","0","0","0","-","-",
"6규모(상용근로자 1000인 이상)","S. 협회및단체,수리및기타개인서비스업(94~96)","법정노동비용[천원]","천원","557.9","513.1","536.6","466.4","437.5","591.3","449.9","431.6","381.4","-","-",
"6규모(상용근로자 1000인 이상)","S. 협회및단체,수리및기타개인서비스업(94~96)","법정외 복지비용[천원]","천원","371.6","398.3","411.8","294.4","347.3","354.1","399.8","380.9","312.7","-","-",
"6규모(상용근로자 1000인 이상)","S. 협회및단체,수리및기타개인서비스업(94~96)","채용관련비용(모집비)[천원]","천원","15.3","1.8","2.1","0","-","0","2.3","3","0","-","-",
"6규모(상용근로자 1000인 이상)","S. 협회및단체,수리및기타개인서비스업(94~96)","교육훈련비용[천원]","천원","63","17.1","14.1","29.1","18.6","39.1","79.9","90.5","85.8","-","-",
"6규모(상용근로자 1000인 이상)","S. 협회및단체,수리및기타개인서비스업(94~96)","기타노동비용[천원]","천원","","","","-","-","-","0","8.3","0","-","-",
