"기업규모별","산업분류","항목","단위","2024 년","2023 년","2022 년","2021 년","2020 년","2019 년",
"전규모(상용근로자 10인 이상)","석탄, 원유 및 천연가스 광업","노동비용총액[천원]","천원","10058.4","9176","8588.1","9699","8308.4","7391.2",
"전규모(상용근로자 10인 이상)","석탄, 원유 및 천연가스 광업","직접노동비용(계)[천원]","천원","7155.5","6468.8","6386.2","6178.6","5963.1","5698.1",
"전규모(상용근로자 10인 이상)","석탄, 원유 및 천연가스 광업","정액 및 초과급여[천원]","천원","4802.1","4359.4","4186.2","4181.3","4037.8","3833",
"전규모(상용근로자 10인 이상)","석탄, 원유 및 천연가스 광업","상여금 및 성과금[천원]","천원","2353.4","2109.4","2200","1997.3","1925.2","1865",
"전규모(상용근로자 10인 이상)","석탄, 원유 및 천연가스 광업","간접노동비용(계)[천원]","천원","2902.9","2707.1","2201.9","3520.4","2345.4","1693.2",
"전규모(상용근로자 10인 이상)","석탄, 원유 및 천연가스 광업","퇴직급여 등의 비용[천원]","천원","1777.2","1603.7","1311.1","2657","1519.4","951.6",
"전규모(상용근로자 10인 이상)","석탄, 원유 및 천연가스 광업","법정노동비용[천원]","천원","867.8","840.2","734.6","726.5","723","642.5",
"전규모(상용근로자 10인 이상)","석탄, 원유 및 천연가스 광업","법정외 복지비용[천원]","천원","253.1","258.1","149.7","131.9","100.1","91.7",
"전규모(상용근로자 10인 이상)","석탄, 원유 및 천연가스 광업","채용관련비용(모집비)[천원]","천원",".6",".8",".9",".3","0","0",
"전규모(상용근로자 10인 이상)","석탄, 원유 및 천연가스 광업","교육훈련비용[천원]","천원","4.2","4.4","5.5","4.7","2.9","7.4",
"전규모(상용근로자 10인 이상)","금속 광업","노동비용총액[천원]","천원","6665.8","5777.3","5784.1","5680.1","5465","4927.2",
"전규모(상용근로자 10인 이상)","금속 광업","직접노동비용(계)[천원]","천원","5406.1","4590.2","4633.8","4384.2","4316.3","3905.1",
"전규모(상용근로자 10인 이상)","금속 광업","정액 및 초과급여[천원]","천원","5130.4","4405","4339.8","3992.4","4014.9","3626.2",
"전규모(상용근로자 10인 이상)","금속 광업","상여금 및 성과금[천원]","천원","275.6","185.2","294","391.8","301.4","278.9",
"전규모(상용근로자 10인 이상)","금속 광업","간접노동비용(계)[천원]","천원","1259.7","1187.2","1150.3","1295.9","1148.7","1022.1",
"전규모(상용근로자 10인 이상)","금속 광업","퇴직급여 등의 비용[천원]","천원","387.7","302.6","501.3","593.6","401.7","338",
"전규모(상용근로자 10인 이상)","금속 광업","법정노동비용[천원]","천원","645.4","635.2","478.7","464.4","486.4","450.1",
"전규모(상용근로자 10인 이상)","금속 광업","법정외 복지비용[천원]","천원","222.5","242.8","158.6","235.5","247.6","232.4",
"전규모(상용근로자 10인 이상)","금속 광업","채용관련비용(모집비)[천원]","천원",".9","2.5","7.3",".5","11.7",".2",
"전규모(상용근로자 10인 이상)","금속 광업","교육훈련비용[천원]","천원","3.2","4.1","4.5","2","1.3","1.4",
"전규모(상용근로자 10인 이상)","비금속광물 광업; 연료용 제외","노동비용총액[천원]","천원","6124","5945.8","5528.2","5757.3","5593.9","5399.8",
"전규모(상용근로자 10인 이상)","비금속광물 광업; 연료용 제외","직접노동비용(계)[천원]","천원","4881.2","4746","4495.9","4537.1","4497.3","4374.1",
"전규모(상용근로자 10인 이상)","비금속광물 광업; 연료용 제외","정액 및 초과급여[천원]","천원","4523.1","4498.4","4284.6","4216.6","4232.8","4121.5",
"전규모(상용근로자 10인 이상)","비금속광물 광업; 연료용 제외","상여금 및 성과금[천원]","천원","358.1","247.6","211.3","320.4","264.4","252.6",
"전규모(상용근로자 10인 이상)","비금속광물 광업; 연료용 제외","간접노동비용(계)[천원]","천원","1242.8","1199.8","1032.3","1220.3","1096.6","1025.7",
"전규모(상용근로자 10인 이상)","비금속광물 광업; 연료용 제외","퇴직급여 등의 비용[천원]","천원","434.1","444.9","372.8","466.6","344.4","383",
"전규모(상용근로자 10인 이상)","비금속광물 광업; 연료용 제외","법정노동비용[천원]","천원","496.5","475.5","458.1","451","480.7","419.3",
"전규모(상용근로자 10인 이상)","비금속광물 광업; 연료용 제외","법정외 복지비용[천원]","천원","309.1","277.2","198.9","299.9","269","219.9",
"전규모(상용근로자 10인 이상)","비금속광물 광업; 연료용 제외","채용관련비용(모집비)[천원]","천원",".6",".5",".6",".4","1",".2",
"전규모(상용근로자 10인 이상)","비금속광물 광업; 연료용 제외","교육훈련비용[천원]","천원","2.5","1.7","1.9","2.3","1.5","3.2",
"전규모(상용근로자 10인 이상)","광업 지원 서비스업","노동비용총액[천원]","천원","-","-","-","-","-","-",
"전규모(상용근로자 10인 이상)","광업 지원 서비스업","직접노동비용(계)[천원]","천원","-","-","-","-","-","-",
"전규모(상용근로자 10인 이상)","광업 지원 서비스업","정액 및 초과급여[천원]","천원","-","-","-","-","-","-",
"전규모(상용근로자 10인 이상)","광업 지원 서비스업","상여금 및 성과금[천원]","천원","-","-","-","-","-","-",
"전규모(상용근로자 10인 이상)","광업 지원 서비스업","간접노동비용(계)[천원]","천원","-","-","-","-","-","-",
"전규모(상용근로자 10인 이상)","광업 지원 서비스업","퇴직급여 등의 비용[천원]","천원","-","-","-","-","-","-",
"전규모(상용근로자 10인 이상)","광업 지원 서비스업","법정노동비용[천원]","천원","-","-","-","-","-","-",
"전규모(상용근로자 10인 이상)","광업 지원 서비스업","법정외 복지비용[천원]","천원","-","-","-","-","-","-",
"전규모(상용근로자 10인 이상)","광업 지원 서비스업","채용관련비용(모집비)[천원]","천원","-","-","-","-","-","-",
"전규모(상용근로자 10인 이상)","광업 지원 서비스업","교육훈련비용[천원]","천원","-","-","-","-","-","-",
"전규모(상용근로자 10인 이상)","식료품 제조업","노동비용총액[천원]","천원","5444.5","5168.7","5007.9","5105.1","4565.4","4372.5",
"전규모(상용근로자 10인 이상)","식료품 제조업","직접노동비용(계)[천원]","천원","4360.5","4154.3","3977.5","3929.1","3521.7","3427.2",
"전규모(상용근로자 10인 이상)","식료품 제조업","정액 및 초과급여[천원]","천원","3910.5","3708.4","3540.1","3468.8","3161.3","3055.9",
"전규모(상용근로자 10인 이상)","식료품 제조업","상여금 및 성과금[천원]","천원","450","445.9","437.4","460.3","360.5","371.3",
"전규모(상용근로자 10인 이상)","식료품 제조업","간접노동비용(계)[천원]","천원","1084","1014.4","1030.4","1176","1043.7","945.3",
"전규모(상용근로자 10인 이상)","식료품 제조업","퇴직급여 등의 비용[천원]","천원","410.2","375","387.3","574.4","510.4","414.8",
"전규모(상용근로자 10인 이상)","식료품 제조업","법정노동비용[천원]","천원","416.8","397.8","397.1","367.9","331","340.8",
"전규모(상용근로자 10인 이상)","식료품 제조업","법정외 복지비용[천원]","천원","234.8","220.2","225.8","219.8","190.7","166.3",
"전규모(상용근로자 10인 이상)","식료품 제조업","채용관련비용(모집비)[천원]","천원","5.7","6","5.6","4.4","2.9","5",
"전규모(상용근로자 10인 이상)","식료품 제조업","교육훈련비용[천원]","천원","16.5","15.5","14.6","9.6","8.6","18.5",
"전규모(상용근로자 10인 이상)","음료 제조업","노동비용총액[천원]","천원","7634.7","7725.6","7452.8","7105.4","6654.6","6884.8",
"전규모(상용근로자 10인 이상)","음료 제조업","직접노동비용(계)[천원]","천원","5932.2","5880","5625","5435.1","5114.5","5304.8",
"전규모(상용근로자 10인 이상)","음료 제조업","정액 및 초과급여[천원]","천원","4876.9","4695.9","4442.2","4375.4","4142.2","3953.2",
"전규모(상용근로자 10인 이상)","음료 제조업","상여금 및 성과금[천원]","천원","1055.3","1184.1","1182.8","1059.7","972.3","1351.6",
"전규모(상용근로자 10인 이상)","음료 제조업","간접노동비용(계)[천원]","천원","1702.6","1845.6","1827.8","1670.3","1540","1580",
"전규모(상용근로자 10인 이상)","음료 제조업","퇴직급여 등의 비용[천원]","천원","592.6","788.8","836.1","717.3","612.7","656.7",
"전규모(상용근로자 10인 이상)","음료 제조업","법정노동비용[천원]","천원","606.1","601.1","555.3","529","511.7","483.2",
"전규모(상용근로자 10인 이상)","음료 제조업","법정외 복지비용[천원]","천원","481.4","431.4","415.8","406.1","396.7","416.6",
"전규모(상용근로자 10인 이상)","음료 제조업","채용관련비용(모집비)[천원]","천원","4.3","5.8","5.9","3.7","6.1","6.4",
"전규모(상용근로자 10인 이상)","음료 제조업","교육훈련비용[천원]","천원","18.2","18.5","14.8","14.2","12.9","17.2",
"전규모(상용근로자 10인 이상)","담배 제조업","노동비용총액[천원]","천원","10442.6","9907.5","10091.5","9326.8","8664.6","8569.3",
"전규모(상용근로자 10인 이상)","담배 제조업","직접노동비용(계)[천원]","천원","8421.8","7918","7583.2","7331.4","6844.5","6482.9",
"전규모(상용근로자 10인 이상)","담배 제조업","정액 및 초과급여[천원]","천원","6017.4","5609.3","5634.1","5413.8","5053.7","4997.7",
"전규모(상용근로자 10인 이상)","담배 제조업","상여금 및 성과금[천원]","천원","2404.4","2308.7","1949.1","1917.7","1790.8","1485.2",
"전규모(상용근로자 10인 이상)","담배 제조업","간접노동비용(계)[천원]","천원","2020.8","1989.5","2508.3","1995.3","1820.1","2086.4",
"전규모(상용근로자 10인 이상)","담배 제조업","퇴직급여 등의 비용[천원]","천원","717.7","759.6","1276.9","962.7","817","982.1",
"전규모(상용근로자 10인 이상)","담배 제조업","법정노동비용[천원]","천원","814.3","715.1","675.1","657.8","628.4","597.8",
"전규모(상용근로자 10인 이상)","담배 제조업","법정외 복지비용[천원]","천원","393.9","424.5","492.3","286.6","283.1","375.9",
"전규모(상용근로자 10인 이상)","담배 제조업","채용관련비용(모집비)[천원]","천원","9.8","10.9","7.8","7.1","16.7","14",
"전규모(상용근로자 10인 이상)","담배 제조업","교육훈련비용[천원]","천원","85.2","79.4","56.2","81.2","75","116.7",
"전규모(상용근로자 10인 이상)","섬유제품 제조업; 의복 제외","노동비용총액[천원]","천원","4606","4429","4346.1","4294.7","4049.8","4161.9",
"전규모(상용근로자 10인 이상)","섬유제품 제조업; 의복 제외","직접노동비용(계)[천원]","천원","3753.6","3637.3","3434.7","3467.5","3247.5","3391.4",
"전규모(상용근로자 10인 이상)","섬유제품 제조업; 의복 제외","정액 및 초과급여[천원]","천원","3610.6","3516.5","3284.1","3286.4","3109","3195.7",
"전규모(상용근로자 10인 이상)","섬유제품 제조업; 의복 제외","상여금 및 성과금[천원]","천원","143","120.9","150.6","181.1","138.6","195.7",
"전규모(상용근로자 10인 이상)","섬유제품 제조업; 의복 제외","간접노동비용(계)[천원]","천원","852.3","791.6","911.4","827.2","802.3","770.5",
"전규모(상용근로자 10인 이상)","섬유제품 제조업; 의복 제외","퇴직급여 등의 비용[천원]","천원","353.3","323.9","447.7","407.6","416.9","390.3",
"전규모(상용근로자 10인 이상)","섬유제품 제조업; 의복 제외","법정노동비용[천원]","천원","336","323","297.7","302","287.4","284.9",
"전규모(상용근로자 10인 이상)","섬유제품 제조업; 의복 제외","법정외 복지비용[천원]","천원","158.6","139.6","163.5","115.6","96.6","91.2",
"전규모(상용근로자 10인 이상)","섬유제품 제조업; 의복 제외","채용관련비용(모집비)[천원]","천원",".9","1.5",".9",".8",".5","1.4",
"전규모(상용근로자 10인 이상)","섬유제품 제조업; 의복 제외","교육훈련비용[천원]","천원","3.5","3.7","1.6","1.3",".8","2.7",
"전규모(상용근로자 10인 이상)","의복, 의복 액세서리 및 모피제품 제조업","노동비용총액[천원]","천원","5102.2","5183.6","4968.6","4831","4583.4","4372.8",
"전규모(상용근로자 10인 이상)","의복, 의복 액세서리 및 모피제품 제조업","직접노동비용(계)[천원]","천원","4150.3","4148.7","4001.7","3932.6","3670.6","3544",
"전규모(상용근로자 10인 이상)","의복, 의복 액세서리 및 모피제품 제조업","정액 및 초과급여[천원]","천원","3826.1","3795.6","3685.8","3666.6","3346.6","3300",
"전규모(상용근로자 10인 이상)","의복, 의복 액세서리 및 모피제품 제조업","상여금 및 성과금[천원]","천원","324.2","353.1","315.9","266","324","244",
"전규모(상용근로자 10인 이상)","의복, 의복 액세서리 및 모피제품 제조업","간접노동비용(계)[천원]","천원","951.9","1034.9","966.9","898.4","912.8","828.7",
"전규모(상용근로자 10인 이상)","의복, 의복 액세서리 및 모피제품 제조업","퇴직급여 등의 비용[천원]","천원","390.3","504.2","451.5","427.4","427.1","376.6",
"전규모(상용근로자 10인 이상)","의복, 의복 액세서리 및 모피제품 제조업","법정노동비용[천원]","천원","382.7","398.2","378.4","354.7","356.9","328.5",
"전규모(상용근로자 10인 이상)","의복, 의복 액세서리 및 모피제품 제조업","법정외 복지비용[천원]","천원","162.6","115.1","117.9","105.2","119.3","104.4",
"전규모(상용근로자 10인 이상)","의복, 의복 액세서리 및 모피제품 제조업","채용관련비용(모집비)[천원]","천원","6","5.8","8.9","4.5","3.3","5.8",
"전규모(상용근로자 10인 이상)","의복, 의복 액세서리 및 모피제품 제조업","교육훈련비용[천원]","천원","10.5","11.6","10.2","6.7","6.1","13.4",
"전규모(상용근로자 10인 이상)","가죽, 가방 및 신발 제조업","노동비용총액[천원]","천원","4570.3","4656","4568.6","4402.2","4430.4","4026.2",
"전규모(상용근로자 10인 이상)","가죽, 가방 및 신발 제조업","직접노동비용(계)[천원]","천원","3729.4","3784.6","3742.3","3528.1","3352.8","3213.7",
"전규모(상용근로자 10인 이상)","가죽, 가방 및 신발 제조업","정액 및 초과급여[천원]","천원","3495.9","3569.7","3473.1","3288.6","3169.6","3014.7",
"전규모(상용근로자 10인 이상)","가죽, 가방 및 신발 제조업","상여금 및 성과금[천원]","천원","233.4","214.9","269.2","239.5","183.1","199",
"전규모(상용근로자 10인 이상)","가죽, 가방 및 신발 제조업","간접노동비용(계)[천원]","천원","841","871.4","826.4","874.1","1077.7","812.5",
"전규모(상용근로자 10인 이상)","가죽, 가방 및 신발 제조업","퇴직급여 등의 비용[천원]","천원","378.6","406","382.1","394.3","631.9","332.3",
"전규모(상용근로자 10인 이상)","가죽, 가방 및 신발 제조업","법정노동비용[천원]","천원","331.2","328.9","333","305.2","309.2","308.9",
"전규모(상용근로자 10인 이상)","가죽, 가방 및 신발 제조업","법정외 복지비용[천원]","천원","126.9","133.1","108","168.4","131.5","163.9",
"전규모(상용근로자 10인 이상)","가죽, 가방 및 신발 제조업","채용관련비용(모집비)[천원]","천원","1.3","1.4","1.1","3.2","1.9",".8",
"전규모(상용근로자 10인 이상)","가죽, 가방 및 신발 제조업","교육훈련비용[천원]","천원","3","2","2.1","3","3.3","6.6",
"전규모(상용근로자 10인 이상)","목재 및 나무제품 제조업; 가구 제외","노동비용총액[천원]","천원","5273.2","5212.3","4881.2","5076.2","4594","4408.5",
"전규모(상용근로자 10인 이상)","목재 및 나무제품 제조업; 가구 제외","직접노동비용(계)[천원]","천원","4235","4182.1","3935.8","3982.7","3620.4","3463.3",
"전규모(상용근로자 10인 이상)","목재 및 나무제품 제조업; 가구 제외","정액 및 초과급여[천원]","천원","3985.8","3911.7","3714.8","3614.6","3376.1","3232.4",
"전규모(상용근로자 10인 이상)","목재 및 나무제품 제조업; 가구 제외","상여금 및 성과금[천원]","천원","249.1","270.4","221","368","244.3","230.9",
"전규모(상용근로자 10인 이상)","목재 및 나무제품 제조업; 가구 제외","간접노동비용(계)[천원]","천원","1038.2","1030.3","945.4","1093.5","973.6","945.2",
"전규모(상용근로자 10인 이상)","목재 및 나무제품 제조업; 가구 제외","퇴직급여 등의 비용[천원]","천원","425.6","456.7","384.1","526.7","427","403.4",
"전규모(상용근로자 10인 이상)","목재 및 나무제품 제조업; 가구 제외","법정노동비용[천원]","천원","401.3","398.1","383.2","348.8","337","357.8",
"전규모(상용근로자 10인 이상)","목재 및 나무제품 제조업; 가구 제외","법정외 복지비용[천원]","천원","198.6","169.5","169.1","211.9","205.7","179",
"전규모(상용근로자 10인 이상)","목재 및 나무제품 제조업; 가구 제외","채용관련비용(모집비)[천원]","천원","8.3","1.8","3.1","2.4","1.7",".8",
"전규모(상용근로자 10인 이상)","목재 및 나무제품 제조업; 가구 제외","교육훈련비용[천원]","천원","4.4","4.1","5.8","3.7","2.2","4.2",
"전규모(상용근로자 10인 이상)","펄프, 종이 및 종이제품 제조업","노동비용총액[천원]","천원","5842.4","5862.9","5758.7","5600.7","5449.3","5228.6",
"전규모(상용근로자 10인 이상)","펄프, 종이 및 종이제품 제조업","직접노동비용(계)[천원]","천원","4618.4","4598.1","4549.6","4377.5","4273.4","4261.9",
"전규모(상용근로자 10인 이상)","펄프, 종이 및 종이제품 제조업","정액 및 초과급여[천원]","천원","4046.7","4032.8","3943.1","3869","3661.7","3487",
"전규모(상용근로자 10인 이상)","펄프, 종이 및 종이제품 제조업","상여금 및 성과금[천원]","천원","571.7","565.3","606.5","508.5","611.6","774.9",
"전규모(상용근로자 10인 이상)","펄프, 종이 및 종이제품 제조업","간접노동비용(계)[천원]","천원","1224.1","1264.8","1209.1","1223.2","1176","966.6",
"전규모(상용근로자 10인 이상)","펄프, 종이 및 종이제품 제조업","퇴직급여 등의 비용[천원]","천원","474.3","502.1","462.6","519.1","453.4","376.1",
"전규모(상용근로자 10인 이상)","펄프, 종이 및 종이제품 제조업","법정노동비용[천원]","천원","448","456.7","435.4","417.5","405.3","356.5",
"전규모(상용근로자 10인 이상)","펄프, 종이 및 종이제품 제조업","법정외 복지비용[천원]","천원","290.8","295.6","300.6","277.1","307.5","223.5",
"전규모(상용근로자 10인 이상)","펄프, 종이 및 종이제품 제조업","채용관련비용(모집비)[천원]","천원","1.8","1.9","2.4","2.6","2.5","1.9",
"전규모(상용근로자 10인 이상)","펄프, 종이 및 종이제품 제조업","교육훈련비용[천원]","천원","9.2","8.5","8.2","6.9","7.3","8.7",
"전규모(상용근로자 10인 이상)","인쇄 및 기록매체 복제업","노동비용총액[천원]","천원","4736.6","4711.9","4219.8","4394.9","3962.9","4278",
"전규모(상용근로자 10인 이상)","인쇄 및 기록매체 복제업","직접노동비용(계)[천원]","천원","3974.6","3825.3","3487.9","3629.1","3216.6","3402.9",
"전규모(상용근로자 10인 이상)","인쇄 및 기록매체 복제업","정액 및 초과급여[천원]","천원","3761.1","3626.2","3332.4","3457.4","3033.4","3197.4",
"전규모(상용근로자 10인 이상)","인쇄 및 기록매체 복제업","상여금 및 성과금[천원]","천원","213.4","199.1","155.5","171.7","183.2","205.6",
"전규모(상용근로자 10인 이상)","인쇄 및 기록매체 복제업","간접노동비용(계)[천원]","천원","762","886.5","731.9","765.8","746.3","875",
"전규모(상용근로자 10인 이상)","인쇄 및 기록매체 복제업","퇴직급여 등의 비용[천원]","천원","269.3","426.3","293.4","332","326.5","448.8",
"전규모(상용근로자 10인 이상)","인쇄 및 기록매체 복제업","법정노동비용[천원]","천원","351.7","337.9","328.2","325.6","294.2","293.6",
"전규모(상용근로자 10인 이상)","인쇄 및 기록매체 복제업","법정외 복지비용[천원]","천원","139.8","120.6","109.1","107","124.6","131.1",
"전규모(상용근로자 10인 이상)","인쇄 및 기록매체 복제업","채용관련비용(모집비)[천원]","천원",".2",".6",".4",".5",".2",".5",
"전규모(상용근로자 10인 이상)","인쇄 및 기록매체 복제업","교육훈련비용[천원]","천원","1.1","1.1",".9",".7",".8","1",
"전규모(상용근로자 10인 이상)","코크스, 연탄 및 석유정제품 제조업","노동비용총액[천원]","천원","14114.7","14461.6","15796.4","11700.1","10702.4","11835",
"전규모(상용근로자 10인 이상)","코크스, 연탄 및 석유정제품 제조업","직접노동비용(계)[천원]","천원","10527.7","11151.8","11888","8598.2","7793.9","8604.8",
"전규모(상용근로자 10인 이상)","코크스, 연탄 및 석유정제품 제조업","정액 및 초과급여[천원]","천원","6566.2","6117.6","5696.4","5154.1","4998.9","5030.3",
"전규모(상용근로자 10인 이상)","코크스, 연탄 및 석유정제품 제조업","상여금 및 성과금[천원]","천원","3961.5","5034.2","6191.6","3444.1","2795","3574.5",
"전규모(상용근로자 10인 이상)","코크스, 연탄 및 석유정제품 제조업","간접노동비용(계)[천원]","천원","3587","3309.8","3908.4","3101.9","2908.5","3230.2",
"전규모(상용근로자 10인 이상)","코크스, 연탄 및 석유정제품 제조업","퇴직급여 등의 비용[천원]","천원","1143.6","927.4","1815.3","1358.5","1129.2","1449.1",
"전규모(상용근로자 10인 이상)","코크스, 연탄 및 석유정제품 제조업","법정노동비용[천원]","천원","978.9","985","790.4","683.3","691.7","770.5",
"전규모(상용근로자 10인 이상)","코크스, 연탄 및 석유정제품 제조업","법정외 복지비용[천원]","천원","1350.1","1274.8","1193","991.2","1018.3","929.6",
"전규모(상용근로자 10인 이상)","코크스, 연탄 및 석유정제품 제조업","채용관련비용(모집비)[천원]","천원","20.7","14","14.6","10.9","6.7","11.7",
"전규모(상용근로자 10인 이상)","코크스, 연탄 및 석유정제품 제조업","교육훈련비용[천원]","천원","93.7","108.6","95","57.9","62.6","69.4",
"전규모(상용근로자 10인 이상)","화학 물질 및 화학제품 제조업; 의약품 제외","노동비용총액[천원]","천원","7717.6","7655.2","7969.2","7310.6","6790.3","6818.1",
"전규모(상용근로자 10인 이상)","화학 물질 및 화학제품 제조업; 의약품 제외","직접노동비용(계)[천원]","천원","6079.5","6056.2","6117.8","5686.5","5247.7","5299.4",
"전규모(상용근로자 10인 이상)","화학 물질 및 화학제품 제조업; 의약품 제외","정액 및 초과급여[천원]","천원","5080.2","4966.6","4858.5","4530","4363.5","4283.3",
"전규모(상용근로자 10인 이상)","화학 물질 및 화학제품 제조업; 의약품 제외","상여금 및 성과금[천원]","천원","999.3","1089.6","1259.3","1156.5","884.2","1016.1",
"전규모(상용근로자 10인 이상)","화학 물질 및 화학제품 제조업; 의약품 제외","간접노동비용(계)[천원]","천원","1638.1","1599","1851.4","1624.2","1542.6","1518.7",
"전규모(상용근로자 10인 이상)","화학 물질 및 화학제품 제조업; 의약품 제외","퇴직급여 등의 비용[천원]","천원","575.9","561.4","838.3","707.9","622.4","614.2",
"전규모(상용근로자 10인 이상)","화학 물질 및 화학제품 제조업; 의약품 제외","법정노동비용[천원]","천원","574","575.4","553.1","496.8","488.6","486.6",
"전규모(상용근로자 10인 이상)","화학 물질 및 화학제품 제조업; 의약품 제외","법정외 복지비용[천원]","천원","452.6","414.2","415.9","385.2","395.6","362.7",
"전규모(상용근로자 10인 이상)","화학 물질 및 화학제품 제조업; 의약품 제외","채용관련비용(모집비)[천원]","천원","7","9.2","9","6.6","6.7","9",
"전규모(상용근로자 10인 이상)","화학 물질 및 화학제품 제조업; 의약품 제외","교육훈련비용[천원]","천원","28.6","38.8","35.1","27.7","29.3","46.3",
"전규모(상용근로자 10인 이상)","의료용 물질 및 의약품 제조업","노동비용총액[천원]","천원","7089.6","6895.8","6476.5","6486.7","6298.2","6459.2",
"전규모(상용근로자 10인 이상)","의료용 물질 및 의약품 제조업","직접노동비용(계)[천원]","천원","5697.8","5377.6","5058.9","5231.3","5054.4","4963",
"전규모(상용근로자 10인 이상)","의료용 물질 및 의약품 제조업","정액 및 초과급여[천원]","천원","4550.4","4240.6","4035.6","4295.9","4103.8","3995.8",
"전규모(상용근로자 10인 이상)","의료용 물질 및 의약품 제조업","상여금 및 성과금[천원]","천원","1147.4","1137","1023.3","935.4","950.6","967.3",
"전규모(상용근로자 10인 이상)","의료용 물질 및 의약품 제조업","간접노동비용(계)[천원]","천원","1391.8","1518.2","1417.6","1255.4","1243.8","1496.2",
"전규모(상용근로자 10인 이상)","의료용 물질 및 의약품 제조업","퇴직급여 등의 비용[천원]","천원","529.4","713.7","677.1","461","495.7","776.4",
"전규모(상용근로자 10인 이상)","의료용 물질 및 의약품 제조업","법정노동비용[천원]","천원","558.1","527","480.1","504.2","472.1","448.1",
"전규모(상용근로자 10인 이상)","의료용 물질 및 의약품 제조업","법정외 복지비용[천원]","천원","258","235.3","220.7","245.1","232.7","218.7",
"전규모(상용근로자 10인 이상)","의료용 물질 및 의약품 제조업","채용관련비용(모집비)[천원]","천원","16.5","14.6","15.8","22.2","17.7","21.8",
"전규모(상용근로자 10인 이상)","의료용 물질 및 의약품 제조업","교육훈련비용[천원]","천원","29.9","27.6","23.8","23","25.6","31.1",
"전규모(상용근로자 10인 이상)","고무 및 플라스틱제품 제조업","노동비용총액[천원]","천원","5722.5","5687.2","5450.5","5227.1","5067.7","4914.7",
"전규모(상용근로자 10인 이상)","고무 및 플라스틱제품 제조업","직접노동비용(계)[천원]","천원","4556.2","4481.4","4346.9","4168.2","3955.5","3962.7",
"전규모(상용근로자 10인 이상)","고무 및 플라스틱제품 제조업","정액 및 초과급여[천원]","천원","4084.5","3990.3","3887.5","3697.3","3511.6","3454.1",
"전규모(상용근로자 10인 이상)","고무 및 플라스틱제품 제조업","상여금 및 성과금[천원]","천원","471.7","491.2","459.4","470.9","443.9","508.6",
"전규모(상용근로자 10인 이상)","고무 및 플라스틱제품 제조업","간접노동비용(계)[천원]","천원","1166.3","1205.8","1103.6","1058.9","1112.2","952",
"전규모(상용근로자 10인 이상)","고무 및 플라스틱제품 제조업","퇴직급여 등의 비용[천원]","천원","474.5","543","475.6","430.3","493.2","383.2",
"전규모(상용근로자 10인 이상)","고무 및 플라스틱제품 제조업","법정노동비용[천원]","천원","433.1","419.8","420.3","384.1","370.2","346.8",
"전규모(상용근로자 10인 이상)","고무 및 플라스틱제품 제조업","법정외 복지비용[천원]","천원","248.4","232.8","198.8","236.9","243.4","212",
"전규모(상용근로자 10인 이상)","고무 및 플라스틱제품 제조업","채용관련비용(모집비)[천원]","천원","2.3","2.4","2.4","2.4","1.6","1.9",
"전규모(상용근로자 10인 이상)","고무 및 플라스틱제품 제조업","교육훈련비용[천원]","천원","8.2","7.8","6.4","5.3","3.8","7.9",
"전규모(상용근로자 10인 이상)","비금속 광물제품 제조업","노동비용총액[천원]","천원","6903.2","6705.9","6296.7","5705.9","5284","5281.2",
"전규모(상용근로자 10인 이상)","비금속 광물제품 제조업","직접노동비용(계)[천원]","천원","5331.6","5158","4848.3","4415.3","4188.1","4187.3",
"전규모(상용근로자 10인 이상)","비금속 광물제품 제조업","정액 및 초과급여[천원]","천원","4503.4","4453.1","4151.7","3811.5","3654.6","3633.9",
"전규모(상용근로자 10인 이상)","비금속 광물제품 제조업","상여금 및 성과금[천원]","천원","828.2","704.9","696.6","603.8","533.5","553.4",
"전규모(상용근로자 10인 이상)","비금속 광물제품 제조업","간접노동비용(계)[천원]","천원","1571.6","1547.9","1448.4","1290.5","1095.9","1093.9",
"전규모(상용근로자 10인 이상)","비금속 광물제품 제조업","퇴직급여 등의 비용[천원]","천원","675.9","698.4","644.9","566.1","445","460.9",
"전규모(상용근로자 10인 이상)","비금속 광물제품 제조업","법정노동비용[천원]","천원","498.2","464.9","447.1","413.6","390.6","363.6",
"전규모(상용근로자 10인 이상)","비금속 광물제품 제조업","법정외 복지비용[천원]","천원","371.2","355.9","342","296.7","252.9","255",
"전규모(상용근로자 10인 이상)","비금속 광물제품 제조업","채용관련비용(모집비)[천원]","천원","3.7","6.5","3.5","4.5",".9","2.3",
"전규모(상용근로자 10인 이상)","비금속 광물제품 제조업","교육훈련비용[천원]","천원","22.6","22.3","10.8","9.6","6.5","12.1",
"전규모(상용근로자 10인 이상)","1차 금속 제조업","노동비용총액[천원]","천원","7869.7","7693.3","7822.6","7132","6502.5","6362.9",
"전규모(상용근로자 10인 이상)","1차 금속 제조업","직접노동비용(계)[천원]","천원","6199","5986","6007.9","5591.1","5085.3","4946.9",
"전규모(상용근로자 10인 이상)","1차 금속 제조업","정액 및 초과급여[천원]","천원","4864.7","4721.2","4558.9","4228.7","4052.4","3911.2",
"전규모(상용근로자 10인 이상)","1차 금속 제조업","상여금 및 성과금[천원]","천원","1334.2","1264.9","1449","1362.4","1032.9","1035.7",
"전규모(상용근로자 10인 이상)","1차 금속 제조업","간접노동비용(계)[천원]","천원","1670.7","1707.3","1814.7","1540.8","1417.2","1416",
"전규모(상용근로자 10인 이상)","1차 금속 제조업","퇴직급여 등의 비용[천원]","천원","531.5","588.9","736.4","621.1","559.7","557.4",
"전규모(상용근로자 10인 이상)","1차 금속 제조업","법정노동비용[천원]","천원","603.2","588.3","576","520.7","474","459.5",
"전규모(상용근로자 10인 이상)","1차 금속 제조업","법정외 복지비용[천원]","천원","485.7","485.3","459.8","367.4","358","364.1",
"전규모(상용근로자 10인 이상)","1차 금속 제조업","채용관련비용(모집비)[천원]","천원","5","3.9","3.9","2.1","1","4",
"전규모(상용근로자 10인 이상)","1차 금속 제조업","교육훈련비용[천원]","천원","45.4","40.9","38.6","29.6","24.4","31",
"전규모(상용근로자 10인 이상)","금속 가공제품 제조업; 기계 및 가구 제외","노동비용총액[천원]","천원","5585.3","5399.5","4991.2","5115.3","4905.4","4593.4",
"전규모(상용근로자 10인 이상)","금속 가공제품 제조업; 기계 및 가구 제외","직접노동비용(계)[천원]","천원","4513.6","4340.3","4038.5","4072.9","3894.4","3745",
"전규모(상용근로자 10인 이상)","금속 가공제품 제조업; 기계 및 가구 제외","정액 및 초과급여[천원]","천원","4050.4","3935.6","3687.6","3808","3629.3","3331.2",
"전규모(상용근로자 10인 이상)","금속 가공제품 제조업; 기계 및 가구 제외","상여금 및 성과금[천원]","천원","463.3","404.7","350.9","264.9","265.1","413.8",
"전규모(상용근로자 10인 이상)","금속 가공제품 제조업; 기계 및 가구 제외","간접노동비용(계)[천원]","천원","1071.6","1059.2","952.7","1042.4","1011","848.4",
"전규모(상용근로자 10인 이상)","금속 가공제품 제조업; 기계 및 가구 제외","퇴직급여 등의 비용[천원]","천원","411.4","421.7","381.9","468.2","472","316.7",
"전규모(상용근로자 10인 이상)","금속 가공제품 제조업; 기계 및 가구 제외","법정노동비용[천원]","천원","407.9","394.6","363.7","371","352.9","338",
"전규모(상용근로자 10인 이상)","금속 가공제품 제조업; 기계 및 가구 제외","법정외 복지비용[천원]","천원","240.2","231.1","201.5","199.9","183.3","189.6",
"전규모(상용근로자 10인 이상)","금속 가공제품 제조업; 기계 및 가구 제외","채용관련비용(모집비)[천원]","천원","1.1","1.9",".5","1.2",".8","1.9",
"전규모(상용근로자 10인 이상)","금속 가공제품 제조업; 기계 및 가구 제외","교육훈련비용[천원]","천원","11","9.9","5.1","2.2","2.1","2.3",
"전규모(상용근로자 10인 이상)","전자 부품, 컴퓨터, 영상, 음향 및 통신장비 제조업","노동비용총액[천원]","천원","9595.7","9080.1","9753.7","9701.6","8304","8425.5",
"전규모(상용근로자 10인 이상)","전자 부품, 컴퓨터, 영상, 음향 및 통신장비 제조업","직접노동비용(계)[천원]","천원","7340","6843.7","7436","7341","6253.6","6422.6",
"전규모(상용근로자 10인 이상)","전자 부품, 컴퓨터, 영상, 음향 및 통신장비 제조업","정액 및 초과급여[천원]","천원","5661.5","5300.5","4945.4","4806.9","4468.2","4326.2",
"전규모(상용근로자 10인 이상)","전자 부품, 컴퓨터, 영상, 음향 및 통신장비 제조업","상여금 및 성과금[천원]","천원","1678.5","1543.2","2490.6","2534","1785.5","2096.5",
"전규모(상용근로자 10인 이상)","전자 부품, 컴퓨터, 영상, 음향 및 통신장비 제조업","간접노동비용(계)[천원]","천원","2255.7","2236.4","2317.7","2360.6","2050.4","2002.8",
"전규모(상용근로자 10인 이상)","전자 부품, 컴퓨터, 영상, 음향 및 통신장비 제조업","퇴직급여 등의 비용[천원]","천원","877.7","876.8","1050.7","1226.7","929.1","918.2",
"전규모(상용근로자 10인 이상)","전자 부품, 컴퓨터, 영상, 음향 및 통신장비 제조업","법정노동비용[천원]","천원","667.4","686.7","646.5","571.9","544.5","543.9",
"전규모(상용근로자 10인 이상)","전자 부품, 컴퓨터, 영상, 음향 및 통신장비 제조업","법정외 복지비용[천원]","천원","612.7","582.1","534.5","520.5","504.5","459",
"전규모(상용근로자 10인 이상)","전자 부품, 컴퓨터, 영상, 음향 및 통신장비 제조업","채용관련비용(모집비)[천원]","천원","23.9","22","19.4","12","24.3","25",
"전규모(상용근로자 10인 이상)","전자 부품, 컴퓨터, 영상, 음향 및 통신장비 제조업","교육훈련비용[천원]","천원","74","68.7","66.5","29.6","47.9","56.8",
"전규모(상용근로자 10인 이상)","의료, 정밀, 광학 기기 및 시계 제조업","노동비용총액[천원]","천원","5544","5451.2","5209.9","5793.4","5654.1","4981.7",
"전규모(상용근로자 10인 이상)","의료, 정밀, 광학 기기 및 시계 제조업","직접노동비용(계)[천원]","천원","4596.5","4530.4","4317.3","4697.6","4531","4030.6",
"전규모(상용근로자 10인 이상)","의료, 정밀, 광학 기기 및 시계 제조업","정액 및 초과급여[천원]","천원","4199.1","4126.8","3921.4","4062.8","3919.6","3570.1",
"전규모(상용근로자 10인 이상)","의료, 정밀, 광학 기기 및 시계 제조업","상여금 및 성과금[천원]","천원","397.3","403.5","395.9","634.7","611.4","460.5",
"전규모(상용근로자 10인 이상)","의료, 정밀, 광학 기기 및 시계 제조업","간접노동비용(계)[천원]","천원","947.5","920.8","892.6","1095.8","1123.1","951.1",
"전규모(상용근로자 10인 이상)","의료, 정밀, 광학 기기 및 시계 제조업","퇴직급여 등의 비용[천원]","천원","332.5","321.2","338","431.3","452.1","349.1",
"전규모(상용근로자 10인 이상)","의료, 정밀, 광학 기기 및 시계 제조업","법정노동비용[천원]","천원","417","407.9","369","416.3","414.7","395.8",
"전규모(상용근로자 10인 이상)","의료, 정밀, 광학 기기 및 시계 제조업","법정외 복지비용[천원]","천원","181.9","178.8","171.7","233","238.7","188.1",
"전규모(상용근로자 10인 이상)","의료, 정밀, 광학 기기 및 시계 제조업","채용관련비용(모집비)[천원]","천원","6.6","5.5","7.3","5.1","5.2","3",
"전규모(상용근로자 10인 이상)","의료, 정밀, 광학 기기 및 시계 제조업","교육훈련비용[천원]","천원","9.6","7.5","6.6","10.1","12.4","15.2",
"전규모(상용근로자 10인 이상)","전기장비 제조업","노동비용총액[천원]","천원","7031.5","6803.2","6352.7","6400.2","5521.1","5360",
"전규모(상용근로자 10인 이상)","전기장비 제조업","직접노동비용(계)[천원]","천원","5545","5343.3","5004.1","4937.6","4358.3","4263.1",
"전규모(상용근로자 10인 이상)","전기장비 제조업","정액 및 초과급여[천원]","천원","4614.7","4264.2","4170.2","4064.3","3827.6","3735.8",
"전규모(상용근로자 10인 이상)","전기장비 제조업","상여금 및 성과금[천원]","천원","930.3","1079.1","834","873.3","530.7","527.3",
"전규모(상용근로자 10인 이상)","전기장비 제조업","간접노동비용(계)[천원]","천원","1486.6","1459.9","1348.6","1462.6","1162.8","1097",
"전규모(상용근로자 10인 이상)","전기장비 제조업","퇴직급여 등의 비용[천원]","천원","402.8","427.3","454.1","531.4","425.3","425.1",
"전규모(상용근로자 10인 이상)","전기장비 제조업","법정노동비용[천원]","천원","543.5","512.1","473.5","465.8","405.3","389.8",
"전규모(상용근로자 10인 이상)","전기장비 제조업","법정외 복지비용[천원]","천원","478.5","452","374","402.4","307.8","255.3",
"전규모(상용근로자 10인 이상)","전기장비 제조업","채용관련비용(모집비)[천원]","천원","15.6","13.9","10.3","8.8","3.8","3.9",
"전규모(상용근로자 10인 이상)","전기장비 제조업","교육훈련비용[천원]","천원","46.2","54.6","36.7","54.1","20.5","22.8",
"전규모(상용근로자 10인 이상)","기타 기계 및 장비 제조업","노동비용총액[천원]","천원","6144.3","5863.7","5718.5","5442.1","5072.3","5056.6",
"전규모(상용근로자 10인 이상)","기타 기계 및 장비 제조업","직접노동비용(계)[천원]","천원","4935.6","4772.5","4609.6","4327.6","4040.3","3925.7",
"전규모(상용근로자 10인 이상)","기타 기계 및 장비 제조업","정액 및 초과급여[천원]","천원","4374.6","4204.9","3999.7","3806.3","3591","3436.7",
"전규모(상용근로자 10인 이상)","기타 기계 및 장비 제조업","상여금 및 성과금[천원]","천원","561","567.6","609.9","521.4","449.3","489",
"전규모(상용근로자 10인 이상)","기타 기계 및 장비 제조업","간접노동비용(계)[천원]","천원","1208.7","1091.2","1108.9","1114.4","1032","1130.9",
"전규모(상용근로자 10인 이상)","기타 기계 및 장비 제조업","퇴직급여 등의 비용[천원]","천원","482.9","394.6","471.2","463.8","415.5","448.3",
"전규모(상용근로자 10인 이상)","기타 기계 및 장비 제조업","법정노동비용[천원]","천원","466.8","455.2","434.6","405.1","379","383.5",
"전규모(상용근로자 10인 이상)","기타 기계 및 장비 제조업","법정외 복지비용[천원]","천원","246.4","229.8","196","229.9","228.4","271.9",
"전규모(상용근로자 10인 이상)","기타 기계 및 장비 제조업","채용관련비용(모집비)[천원]","천원","2.5","2","1.5","4.3","1.7","3.1",
"전규모(상용근로자 10인 이상)","기타 기계 및 장비 제조업","교육훈련비용[천원]","천원","10.2","9.6","5.6","11.3","7.3","24.2",
"전규모(상용근로자 10인 이상)","자동차 및 트레일러 제조업","노동비용총액[천원]","천원","8865","8333.2","7640.2","7202.7","6780","7029.8",
"전규모(상용근로자 10인 이상)","자동차 및 트레일러 제조업","직접노동비용(계)[천원]","천원","7088.9","6673.3","6062.4","5582.6","5207.2","5497.5",
"전규모(상용근로자 10인 이상)","자동차 및 트레일러 제조업","정액 및 초과급여[천원]","천원","4770.9","4619.6","4340.4","4143","4053.7","3879.9",
"전규모(상용근로자 10인 이상)","자동차 및 트레일러 제조업","상여금 및 성과금[천원]","천원","2318","2053.7","1721.9","1439.6","1153.5","1617.6",
"전규모(상용근로자 10인 이상)","자동차 및 트레일러 제조업","간접노동비용(계)[천원]","천원","1776.1","1659.9","1577.9","1620","1572.9","1532.3",
"전규모(상용근로자 10인 이상)","자동차 및 트레일러 제조업","퇴직급여 등의 비용[천원]","천원","482.4","440","508","636.2","594.3","619.9",
"전규모(상용근로자 10인 이상)","자동차 및 트레일러 제조업","법정노동비용[천원]","천원","688.3","633.7","571","519.5","511.4","498.1",
"전규모(상용근로자 10인 이상)","자동차 및 트레일러 제조업","법정외 복지비용[천원]","천원","573","558.9","478.5","449.9","457.9","396.2",
"전규모(상용근로자 10인 이상)","자동차 및 트레일러 제조업","채용관련비용(모집비)[천원]","천원","4.2","3.8","2.7","2.1","1.1","1.9",
"전규모(상용근로자 10인 이상)","자동차 및 트레일러 제조업","교육훈련비용[천원]","천원","28.2","23.5","17.7","12.3","8.1","16.3",
"전규모(상용근로자 10인 이상)","기타 운송장비 제조업","노동비용총액[천원]","천원","7948.6","7619.7","7097.4","6604.9","6095.6","6736.2",
"전규모(상용근로자 10인 이상)","기타 운송장비 제조업","직접노동비용(계)[천원]","천원","6123.4","5765.7","5299.4","4895.4","4669.5","4937.9",
"전규모(상용근로자 10인 이상)","기타 운송장비 제조업","정액 및 초과급여[천원]","천원","5014.8","4826.6","4352.6","4012.2","3853.9","3785.5",
"전규모(상용근로자 10인 이상)","기타 운송장비 제조업","상여금 및 성과금[천원]","천원","1108.7","939.1","946.9","883.2","815.6","1152.4",
"전규모(상용근로자 10인 이상)","기타 운송장비 제조업","간접노동비용(계)[천원]","천원","1825.2","1854.1","1798","1709.5","1426.1","1798.4",
"전규모(상용근로자 10인 이상)","기타 운송장비 제조업","퇴직급여 등의 비용[천원]","천원","575.4","728.9","791.6","743.9","477.4","815.3",
"전규모(상용근로자 10인 이상)","기타 운송장비 제조업","법정노동비용[천원]","천원","636.2","591.2","531.7","517.6","517.2","489.1",
"전규모(상용근로자 10인 이상)","기타 운송장비 제조업","법정외 복지비용[천원]","천원","579.8","504.7","451","433.3","417.3","474.1",
"전규모(상용근로자 10인 이상)","기타 운송장비 제조업","채용관련비용(모집비)[천원]","천원","5.7","3.6","2.1","1.7","1.2","1.4",
"전규모(상용근로자 10인 이상)","기타 운송장비 제조업","교육훈련비용[천원]","천원","28.1","25.7","21.6","13.1","13","18.4",
"전규모(상용근로자 10인 이상)","가구 제조업","노동비용총액[천원]","천원","4935.8","4706","4480.9","4409.4","4226.1","4097.4",
"전규모(상용근로자 10인 이상)","가구 제조업","직접노동비용(계)[천원]","천원","4018","3856.1","3661.7","3560.8","3394.2","3355.3",
"전규모(상용근로자 10인 이상)","가구 제조업","정액 및 초과급여[천원]","천원","3797.9","3642.8","3495.4","3384.2","3206.8","3109.8",
"전규모(상용근로자 10인 이상)","가구 제조업","상여금 및 성과금[천원]","천원","220.1","213.2","166.3","176.6","187.5","245.5",
"전규모(상용근로자 10인 이상)","가구 제조업","간접노동비용(계)[천원]","천원","917.8","849.9","819.2","848.6","831.8","742.1",
"전규모(상용근로자 10인 이상)","가구 제조업","퇴직급여 등의 비용[천원]","천원","393.1","306.7","305.6","343.6","340.4","308.8",
"전규모(상용근로자 10인 이상)","가구 제조업","법정노동비용[천원]","천원","345.9","353.8","338.7","333.5","301.7","295",
"전규모(상용근로자 10인 이상)","가구 제조업","법정외 복지비용[천원]","천원","166.4","180.5","162.1","157.9","176.9","128.1",
"전규모(상용근로자 10인 이상)","가구 제조업","채용관련비용(모집비)[천원]","천원","5.4","2.9","5.7","5.5","4.4","3.6",
"전규모(상용근로자 10인 이상)","가구 제조업","교육훈련비용[천원]","천원","7","5.9","7.1","8.1","8.5","6.5",
"전규모(상용근로자 10인 이상)","기타 제품 제조업","노동비용총액[천원]","천원","4723.5","4501.2","4188.2","4129.1","3882.8","3788.9",
"전규모(상용근로자 10인 이상)","기타 제품 제조업","직접노동비용(계)[천원]","천원","3955.9","3679.9","3498","3362.3","3130.9","3083.8",
"전규모(상용근로자 10인 이상)","기타 제품 제조업","정액 및 초과급여[천원]","천원","3701.2","3434.4","3287.6","3143.4","2944.8","2889.5",
"전규모(상용근로자 10인 이상)","기타 제품 제조업","상여금 및 성과금[천원]","천원","254.7","245.6","210.3","218.9","186.1","194.3",
"전규모(상용근로자 10인 이상)","기타 제품 제조업","간접노동비용(계)[천원]","천원","767.6","821.2","690.3","766.8","751.9","705.1",
"전규모(상용근로자 10인 이상)","기타 제품 제조업","퇴직급여 등의 비용[천원]","천원","299.6","380.2","269","299","320.9","280.6",
"전규모(상용근로자 10인 이상)","기타 제품 제조업","법정노동비용[천원]","천원","357.8","335.8","310.5","299.1","279.3","265.7",
"전규모(상용근로자 10인 이상)","기타 제품 제조업","법정외 복지비용[천원]","천원","108.1","103.6","107.9","166.3","149.9","153.8",
"전규모(상용근로자 10인 이상)","기타 제품 제조업","채용관련비용(모집비)[천원]","천원",".8",".2","1.7",".7",".7","1.3",
"전규모(상용근로자 10인 이상)","기타 제품 제조업","교육훈련비용[천원]","천원","1.3","1.4","1.2","1.7","1","3.8",
"전규모(상용근로자 10인 이상)","산업용 기계 및 장비 수리업","노동비용총액[천원]","천원","7570.4","7827.3","6273.6","6621.1","6263.3","6478.8",
"전규모(상용근로자 10인 이상)","산업용 기계 및 장비 수리업","직접노동비용(계)[천원]","천원","6160.1","6289.5","5166.6","5334.2","4976.2","4981.7",
"전규모(상용근로자 10인 이상)","산업용 기계 및 장비 수리업","정액 및 초과급여[천원]","천원","5129.1","5283.5","4428","4397.4","4269.4","4184.4",
"전규모(상용근로자 10인 이상)","산업용 기계 및 장비 수리업","상여금 및 성과금[천원]","천원","1031.1","1006","738.6","936.8","706.7","797.4",
"전규모(상용근로자 10인 이상)","산업용 기계 및 장비 수리업","간접노동비용(계)[천원]","천원","1410.3","1537.8","1106.9","1286.9","1287.2","1497.1",
"전규모(상용근로자 10인 이상)","산업용 기계 및 장비 수리업","퇴직급여 등의 비용[천원]","천원","549.1","647.5","465.9","571.1","535.3","694.3",
"전규모(상용근로자 10인 이상)","산업용 기계 및 장비 수리업","법정노동비용[천원]","천원","592.6","613","459.5","502.4","520.4","546.3",
"전규모(상용근로자 10인 이상)","산업용 기계 및 장비 수리업","법정외 복지비용[천원]","천원","260.8","269.7","174.8","201.3","181.5","223.2",
"전규모(상용근로자 10인 이상)","산업용 기계 및 장비 수리업","채용관련비용(모집비)[천원]","천원","1.8","1.1","3.5","3","2.1","3.6",
"전규모(상용근로자 10인 이상)","산업용 기계 및 장비 수리업","교육훈련비용[천원]","천원","5.9","6.5","3.2","9.2","47.9","29.7",
"전규모(상용근로자 10인 이상)","전기, 가스, 증기 및 공기 조절 공급업","노동비용총액[천원]","천원","9989.4","9603.6","9613.7","9196.4","9168.9","9202",
"전규모(상용근로자 10인 이상)","전기, 가스, 증기 및 공기 조절 공급업","직접노동비용(계)[천원]","천원","7903.6","7645.3","7531.2","7404.5","7370.3","7387.6",
"전규모(상용근로자 10인 이상)","전기, 가스, 증기 및 공기 조절 공급업","정액 및 초과급여[천원]","천원","5624.2","5573.5","5496.2","5438.3","5350.5","5472.2",
"전규모(상용근로자 10인 이상)","전기, 가스, 증기 및 공기 조절 공급업","상여금 및 성과금[천원]","천원","2279.5","2071.8","2035","1966.2","2019.7","1915.4",
"전규모(상용근로자 10인 이상)","전기, 가스, 증기 및 공기 조절 공급업","간접노동비용(계)[천원]","천원","2085.7","1958.3","2082.6","1791.9","1798.6","1814.5",
"전규모(상용근로자 10인 이상)","전기, 가스, 증기 및 공기 조절 공급업","퇴직급여 등의 비용[천원]","천원","844.3","782.7","909.7","551.5","740.7","724.9",
"전규모(상용근로자 10인 이상)","전기, 가스, 증기 및 공기 조절 공급업","법정노동비용[천원]","천원","728.7","699.5","686.4","694.3","639.9","605.5",
"전규모(상용근로자 10인 이상)","전기, 가스, 증기 및 공기 조절 공급업","법정외 복지비용[천원]","천원","313.9","316.4","325.3","370.6","295.3","279.3",
"전규모(상용근로자 10인 이상)","전기, 가스, 증기 및 공기 조절 공급업","채용관련비용(모집비)[천원]","천원","20.3","14.8","17.8","20.9","16.8","15.8",
"전규모(상용근로자 10인 이상)","전기, 가스, 증기 및 공기 조절 공급업","교육훈련비용[천원]","천원","178.5","144.9","143.3","154.7","105.9","189",
"전규모(상용근로자 10인 이상)","수도업","노동비용총액[천원]","천원","11828.3","12029.1","11857.5","10653.9","10274.6","9566.7",
"전규모(상용근로자 10인 이상)","수도업","직접노동비용(계)[천원]","천원","8795.8","9153.6","9129.8","8056.5","7949.7","7879.9",
"전규모(상용근로자 10인 이상)","수도업","정액 및 초과급여[천원]","천원","6755.8","7026.5","7024.6","6443.3","6405","6245.2",
"전규모(상용근로자 10인 이상)","수도업","상여금 및 성과금[천원]","천원","2040","2127.1","2105.2","1613.2","1544.7","1634.7",
"전규모(상용근로자 10인 이상)","수도업","간접노동비용(계)[천원]","천원","3032.5","2875.6","2727.7","2597.4","2324.9","1686.7",
"전규모(상용근로자 10인 이상)","수도업","퇴직급여 등의 비용[천원]","천원","1481.8","1273.9","1260.6","1525.8","1245.3","461.4",
"전규모(상용근로자 10인 이상)","수도업","법정노동비용[천원]","천원","722.6","702.8","636","571.9","588","589",
"전규모(상용근로자 10인 이상)","수도업","법정외 복지비용[천원]","천원","716.4","746.5","756.2","447.2","463.4","525.7",
"전규모(상용근로자 10인 이상)","수도업","채용관련비용(모집비)[천원]","천원",".9","1.2",".9","1.4","1.5","2.2",
"전규모(상용근로자 10인 이상)","수도업","교육훈련비용[천원]","천원","110.9","151.2","73.9","51.1","26.7","108.5",
"전규모(상용근로자 10인 이상)","하수, 폐수 및 분뇨 처리업","노동비용총액[천원]","천원","5422.3","5148.6","4897.7","4618.7","4492.8","4505.5",
"전규모(상용근로자 10인 이상)","하수, 폐수 및 분뇨 처리업","직접노동비용(계)[천원]","천원","4425.3","4191.5","3891.5","3683.1","3572.5","3651.7",
"전규모(상용근로자 10인 이상)","하수, 폐수 및 분뇨 처리업","정액 및 초과급여[천원]","천원","4101.5","3916.5","3630.8","3446.1","3324","3293.5",
"전규모(상용근로자 10인 이상)","하수, 폐수 및 분뇨 처리업","상여금 및 성과금[천원]","천원","323.8","275","260.7","237","248.4","358.2",
"전규모(상용근로자 10인 이상)","하수, 폐수 및 분뇨 처리업","간접노동비용(계)[천원]","천원","997","957.2","1006.3","935.6","920.3","853.8",
"전규모(상용근로자 10인 이상)","하수, 폐수 및 분뇨 처리업","퇴직급여 등의 비용[천원]","천원","397.7","381","479","429.8","382.8","328.8",
"전규모(상용근로자 10인 이상)","하수, 폐수 및 분뇨 처리업","법정노동비용[천원]","천원","417.3","397.6","374.9","337.4","336.7","331.7",
"전규모(상용근로자 10인 이상)","하수, 폐수 및 분뇨 처리업","법정외 복지비용[천원]","천원","176.9","166.6","146.9","160.1","195.4","183",
"전규모(상용근로자 10인 이상)","하수, 폐수 및 분뇨 처리업","채용관련비용(모집비)[천원]","천원","1.8","7","2.4",".9",".5",".8",
"전규모(상용근로자 10인 이상)","하수, 폐수 및 분뇨 처리업","교육훈련비용[천원]","천원","3.5","5.1","3.1","7.4","4.9","9.5",
"전규모(상용근로자 10인 이상)","폐기물 수집, 운반, 처리 및 원료 재생업","노동비용총액[천원]","천원","5752.2","5544.4","5328.8","5176.7","4904.6","4548.8",
"전규모(상용근로자 10인 이상)","폐기물 수집, 운반, 처리 및 원료 재생업","직접노동비용(계)[천원]","천원","4701.8","4582.1","4423.9","4289.3","4050.3","3753.5",
"전규모(상용근로자 10인 이상)","폐기물 수집, 운반, 처리 및 원료 재생업","정액 및 초과급여[천원]","천원","4239.3","4142.7","4050.2","3879.2","3708.9","3359.7",
"전규모(상용근로자 10인 이상)","폐기물 수집, 운반, 처리 및 원료 재생업","상여금 및 성과금[천원]","천원","462.6","439.5","373.7","410.2","341.4","393.8",
"전규모(상용근로자 10인 이상)","폐기물 수집, 운반, 처리 및 원료 재생업","간접노동비용(계)[천원]","천원","1050.4","962.3","904.9","887.3","854.3","795.3",
"전규모(상용근로자 10인 이상)","폐기물 수집, 운반, 처리 및 원료 재생업","퇴직급여 등의 비용[천원]","천원","473.5","404.6","397","384.5","348.1","342.8",
"전규모(상용근로자 10인 이상)","폐기물 수집, 운반, 처리 및 원료 재생업","법정노동비용[천원]","천원","391.9","381.6","363.1","371.7","332.5","311.8",
"전규모(상용근로자 10인 이상)","폐기물 수집, 운반, 처리 및 원료 재생업","법정외 복지비용[천원]","천원","180.4","172.6","140.5","129.9","172.2","137.5",
"전규모(상용근로자 10인 이상)","폐기물 수집, 운반, 처리 및 원료 재생업","채용관련비용(모집비)[천원]","천원",".8",".4",".9",".5",".4","1",
"전규모(상용근로자 10인 이상)","폐기물 수집, 운반, 처리 및 원료 재생업","교육훈련비용[천원]","천원","3.7","3.1","3.4",".7","1.1","2.2",
"전규모(상용근로자 10인 이상)","환경 정화 및 복원업","노동비용총액[천원]","천원","5790.7","5815.7","6533.6","5531.2","5035.4","5219.6",
"전규모(상용근로자 10인 이상)","환경 정화 및 복원업","직접노동비용(계)[천원]","천원","4413.9","4433","4952","4338.5","3972.2","4064.1",
"전규모(상용근로자 10인 이상)","환경 정화 및 복원업","정액 및 초과급여[천원]","천원","4131","4244","4594.6","3997.4","3695.5","3583.3",
"전규모(상용근로자 10인 이상)","환경 정화 및 복원업","상여금 및 성과금[천원]","천원","282.9","189","357.5","341.1","276.6","480.8",
"전규모(상용근로자 10인 이상)","환경 정화 및 복원업","간접노동비용(계)[천원]","천원","1376.8","1382.7","1581.6","1192.7","1063.2","1155.4",
"전규모(상용근로자 10인 이상)","환경 정화 및 복원업","퇴직급여 등의 비용[천원]","천원","641.5","648.9","666.1","496.2","253.9","481.2",
"전규모(상용근로자 10인 이상)","환경 정화 및 복원업","법정노동비용[천원]","천원","434.7","415.3","426.1","396.8","350.7","323.2",
"전규모(상용근로자 10인 이상)","환경 정화 및 복원업","법정외 복지비용[천원]","천원","290.7","309.5","477.3","289.6","448.6","340.2",
"전규모(상용근로자 10인 이상)","환경 정화 및 복원업","채용관련비용(모집비)[천원]","천원","2.4","2.9","3.1","1.1",".3","2",
"전규모(상용근로자 10인 이상)","환경 정화 및 복원업","교육훈련비용[천원]","천원","7.5","6","9.1","9","9.7","8.8",
"전규모(상용근로자 10인 이상)","종합 건설업","노동비용총액[천원]","천원","7895.5","7587.5","7200.7","6988.8","6754.7","6474.8",
"전규모(상용근로자 10인 이상)","종합 건설업","직접노동비용(계)[천원]","천원","5872.5","5818.1","5397","5288.8","5077.9","4918.9",
"전규모(상용근로자 10인 이상)","종합 건설업","정액 및 초과급여[천원]","천원","5408.3","5267.4","4835.7","4738.8","4573.7","4488.3",
"전규모(상용근로자 10인 이상)","종합 건설업","상여금 및 성과금[천원]","천원","464.2","550.6","561.3","550","504.2","430.5",
"전규모(상용근로자 10인 이상)","종합 건설업","간접노동비용(계)[천원]","천원","2023","1769.5","1803.7","1700","1676.8","1555.9",
"전규모(상용근로자 10인 이상)","종합 건설업","퇴직급여 등의 비용[천원]","천원","806.5","604.3","699.7","586.1","622.4","535",
"전규모(상용근로자 10인 이상)","종합 건설업","법정노동비용[천원]","천원","887.7","875.3","820.5","817.6","793","773.1",
"전규모(상용근로자 10인 이상)","종합 건설업","법정외 복지비용[천원]","천원","291.2","255.1","249.4","265.5","233.1","219.4",
"전규모(상용근로자 10인 이상)","종합 건설업","채용관련비용(모집비)[천원]","천원","4.7","5.2","6.4","3.8","3.4","2.9",
"전규모(상용근로자 10인 이상)","종합 건설업","교육훈련비용[천원]","천원","32.8","29.7","27.6","27","24.9","25.5",
"전규모(상용근로자 10인 이상)","전문직별 공사업","노동비용총액[천원]","천원","5167.7","4958.8","4640.2","4913","4757.1","4668.2",
"전규모(상용근로자 10인 이상)","전문직별 공사업","직접노동비용(계)[천원]","천원","4298.2","4145.2","3856.8","4047.2","3869.2","3905.7",
"전규모(상용근로자 10인 이상)","전문직별 공사업","정액 및 초과급여[천원]","천원","4051.5","3875.2","3577.4","3741.8","3581.3","3535.6",
"전규모(상용근로자 10인 이상)","전문직별 공사업","상여금 및 성과금[천원]","천원","246.6","270","279.4","305.5","287.9","370.1",
"전규모(상용근로자 10인 이상)","전문직별 공사업","간접노동비용(계)[천원]","천원","869.5","813.6","783.4","865.7","887.9","762.5",
"전규모(상용근로자 10인 이상)","전문직별 공사업","퇴직급여 등의 비용[천원]","천원","346.9","308","300.4","279.9","364.4","251.5",
"전규모(상용근로자 10인 이상)","전문직별 공사업","법정노동비용[천원]","천원","392","371.9","360.9","433.1","375.7","367.1",
"전규모(상용근로자 10인 이상)","전문직별 공사업","법정외 복지비용[천원]","천원","120.4","125.4","114.5","143.2","142.3","138.7",
"전규모(상용근로자 10인 이상)","전문직별 공사업","채용관련비용(모집비)[천원]","천원",".8",".5",".7","1.3",".6",".8",
"전규모(상용근로자 10인 이상)","전문직별 공사업","교육훈련비용[천원]","천원","9.4","7.8","6.9","8.3","4.7","4.4",
"전규모(상용근로자 10인 이상)","자동차 및 부품 판매업","노동비용총액[천원]","천원","6203.8","6017.2","5950.3","5796.2","5341.4","5284.3",
"전규모(상용근로자 10인 이상)","자동차 및 부품 판매업","직접노동비용(계)[천원]","천원","5128.8","4905.2","4851","4685.8","4286.5","4385.5",
"전규모(상용근로자 10인 이상)","자동차 및 부품 판매업","정액 및 초과급여[천원]","천원","4470.5","4071.4","3994.5","3976.1","3709.6","3524.7",
"전규모(상용근로자 10인 이상)","자동차 및 부품 판매업","상여금 및 성과금[천원]","천원","658.4","833.8","856.5","709.7","576.9","860.8",
"전규모(상용근로자 10인 이상)","자동차 및 부품 판매업","간접노동비용(계)[천원]","천원","1074.9","1112.1","1099.3","1110.4","1055","898.8",
"전규모(상용근로자 10인 이상)","자동차 및 부품 판매업","퇴직급여 등의 비용[천원]","천원","400.2","452.6","475.2","466.7","417.4","318.3",
"전규모(상용근로자 10인 이상)","자동차 및 부품 판매업","법정노동비용[천원]","천원","482.2","472.2","435.9","417.1","396.6","372.1",
"전규모(상용근로자 10인 이상)","자동차 및 부품 판매업","법정외 복지비용[천원]","천원","165","154.6","153.2","197.4","221.9","180.5",
"전규모(상용근로자 10인 이상)","자동차 및 부품 판매업","채용관련비용(모집비)[천원]","천원","1.9","4.8","7.9","4.6","3.2","4.4",
"전규모(상용근로자 10인 이상)","자동차 및 부품 판매업","교육훈련비용[천원]","천원","25.7","27.9","27.2","24.5","15.9","23.5",
"전규모(상용근로자 10인 이상)","도매 및 상품 중개업","노동비용총액[천원]","천원","6477.7","6065.5","5641.8","6085.3","5817.5","5677.4",
"전규모(상용근로자 10인 이상)","도매 및 상품 중개업","직접노동비용(계)[천원]","천원","5331.1","4977.4","4604.4","5018.1","4809.8","4765.4",
"전규모(상용근로자 10인 이상)","도매 및 상품 중개업","정액 및 초과급여[천원]","천원","4742.6","4435.3","4114.8","4455.1","4284.8","4205.7",
"전규모(상용근로자 10인 이상)","도매 및 상품 중개업","상여금 및 성과금[천원]","천원","588.6","542.1","489.6","563","525","559.7",
"전규모(상용근로자 10인 이상)","도매 및 상품 중개업","간접노동비용(계)[천원]","천원","1146.6","1088.1","1037.4","1067.3","1007.7","912",
"전규모(상용근로자 10인 이상)","도매 및 상품 중개업","퇴직급여 등의 비용[천원]","천원","452","456.2","452.3","489.7","468","393.8",
"전규모(상용근로자 10인 이상)","도매 및 상품 중개업","법정노동비용[천원]","천원","479","442.6","420.4","399.1","368.9","351.9",
"전규모(상용근로자 10인 이상)","도매 및 상품 중개업","법정외 복지비용[천원]","천원","193.6","169.9","146.6","160.1","155.1","142.7",
"전규모(상용근로자 10인 이상)","도매 및 상품 중개업","채용관련비용(모집비)[천원]","천원","9","8.2","8.7","9","7.9","7.1",
"전규모(상용근로자 10인 이상)","도매 및 상품 중개업","교육훈련비용[천원]","천원","13","11.2","9.3","9.3","7.8","16.5",
"전규모(상용근로자 10인 이상)","소매업; 자동차 제외","노동비용총액[천원]","천원","5030","4977.5","4816","4582.7","4163.7","4159.9",
"전규모(상용근로자 10인 이상)","소매업; 자동차 제외","직접노동비용(계)[천원]","천원","3997","3983.4","3843.2","3615.9","3338.7","3276.9",
"전규모(상용근로자 10인 이상)","소매업; 자동차 제외","정액 및 초과급여[천원]","천원","3558.3","3531.9","3382.2","3181","2972.2","2879.5",
"전규모(상용근로자 10인 이상)","소매업; 자동차 제외","상여금 및 성과금[천원]","천원","438.7","451.4","461","434.9","366.4","397.4",
"전규모(상용근로자 10인 이상)","소매업; 자동차 제외","간접노동비용(계)[천원]","천원","1033","994.1","972.8","966.7","825","883",
"전규모(상용근로자 10인 이상)","소매업; 자동차 제외","퇴직급여 등의 비용[천원]","천원","371.6","369.8","406.3","427.4","303.7","364.6",
"전규모(상용근로자 10인 이상)","소매업; 자동차 제외","법정노동비용[천원]","천원","390.3","390.7","364","344.2","325.8","305.8",
"전규모(상용근로자 10인 이상)","소매업; 자동차 제외","법정외 복지비용[천원]","천원","246.2","209","179.1","168.2","180.1","193.6",
"전규모(상용근로자 10인 이상)","소매업; 자동차 제외","채용관련비용(모집비)[천원]","천원","10.6","9.6","10.1","15.2","7.9","6.7",
"전규모(상용근로자 10인 이상)","소매업; 자동차 제외","교육훈련비용[천원]","천원","14.3","15.1","13.3","11.8","7.5","12.5",
"전규모(상용근로자 10인 이상)","육상 운송 및 파이프라인 운송업","노동비용총액[천원]","천원","4718.2","4334.7","4123.3","3756.5","3533.8","3337.1",
"전규모(상용근로자 10인 이상)","육상 운송 및 파이프라인 운송업","직접노동비용(계)[천원]","천원","3856.8","3528.3","3335.3","3080.9","2934.9","2720.6",
"전규모(상용근로자 10인 이상)","육상 운송 및 파이프라인 운송업","정액 및 초과급여[천원]","천원","3559.4","3232","3058.6","2782.9","2661","2395.1",
"전규모(상용근로자 10인 이상)","육상 운송 및 파이프라인 운송업","상여금 및 성과금[천원]","천원","297.4","296.3","276.7","298","273.9","325.4",
"전규모(상용근로자 10인 이상)","육상 운송 및 파이프라인 운송업","간접노동비용(계)[천원]","천원","861.5","806.4","787.9","675.6","598.9","616.5",
"전규모(상용근로자 10인 이상)","육상 운송 및 파이프라인 운송업","퇴직급여 등의 비용[천원]","천원","337.1","329.6","330.2","285","230.5","251.9",
"전규모(상용근로자 10인 이상)","육상 운송 및 파이프라인 운송업","법정노동비용[천원]","천원","358.5","330","317.6","280.6","273.4","241.8",
"전규모(상용근로자 10인 이상)","육상 운송 및 파이프라인 운송업","법정외 복지비용[천원]","천원","158.7","139.7","133.8","105.4","91.5","117",
"전규모(상용근로자 10인 이상)","육상 운송 및 파이프라인 운송업","채용관련비용(모집비)[천원]","천원","1.8","2","3.1","2.2",".6","1",
"전규모(상용근로자 10인 이상)","육상 운송 및 파이프라인 운송업","교육훈련비용[천원]","천원","5.3","5","3.3","2.4","2.9","4.9",
"전규모(상용근로자 10인 이상)","수상 운송업","노동비용총액[천원]","천원","8166.8","8000.6","8166.1","7482.9","6305.9","6107.3",
"전규모(상용근로자 10인 이상)","수상 운송업","직접노동비용(계)[천원]","천원","6581.1","6239.7","6477.7","6314.4","5154.9","5053",
"전규모(상용근로자 10인 이상)","수상 운송업","정액 및 초과급여[천원]","천원","5640.4","5291.2","5330.3","5116.3","4785.2","4678.5",
"전규모(상용근로자 10인 이상)","수상 운송업","상여금 및 성과금[천원]","천원","940.7","948.5","1147.3","1198.1","369.8","374.6",
"전규모(상용근로자 10인 이상)","수상 운송업","간접노동비용(계)[천원]","천원","1585.7","1760.8","1688.4","1168.5","1151","1054.3",
"전규모(상용근로자 10인 이상)","수상 운송업","퇴직급여 등의 비용[천원]","천원","750.3","968.9","901.7","562.1","530.3","484.4",
"전규모(상용근로자 10인 이상)","수상 운송업","법정노동비용[천원]","천원","456.5","435.3","440.6","385.6","357.4","367.9",
"전규모(상용근로자 10인 이상)","수상 운송업","법정외 복지비용[천원]","천원","347","331.1","321.7","201.9","246.9","188.9",
"전규모(상용근로자 10인 이상)","수상 운송업","채용관련비용(모집비)[천원]","천원","3","2.1","3.6","3.7","2.5","1.2",
"전규모(상용근로자 10인 이상)","수상 운송업","교육훈련비용[천원]","천원","28.9","23.4","20.8","15.3","13.9","11.9",
"전규모(상용근로자 10인 이상)","항공 운송업","노동비용총액[천원]","천원","9713.4","7798","7101.1","5276","5644.1","7605.1",
"전규모(상용근로자 10인 이상)","항공 운송업","직접노동비용(계)[천원]","천원","7808.3","6146","5649.3","3999.7","4192.1","5963.2",
"전규모(상용근로자 10인 이상)","항공 운송업","정액 및 초과급여[천원]","천원","5403.9","4442.4","3920.5","2804.4","2955.9","4272.4",
"전규모(상용근로자 10인 이상)","항공 운송업","상여금 및 성과금[천원]","천원","2404.3","1703.5","1728.9","1195.3","1236.2","1690.9",
"전규모(상용근로자 10인 이상)","항공 운송업","간접노동비용(계)[천원]","천원","1905.2","1652","1451.7","1276.3","1452","1641.9",
"전규모(상용근로자 10인 이상)","항공 운송업","퇴직급여 등의 비용[천원]","천원","581.8","519.8","534.6","429.4","453.3","513.7",
"전규모(상용근로자 10인 이상)","항공 운송업","법정노동비용[천원]","천원","750.8","588.7","486.7","491.9","601.1","576.4",
"전규모(상용근로자 10인 이상)","항공 운송업","법정외 복지비용[천원]","천원","474.7","480.7","372.5","315.3","349","458.2",
"전규모(상용근로자 10인 이상)","항공 운송업","채용관련비용(모집비)[천원]","천원","2.9","3.8",".6",".1",".4","2.5",
"전규모(상용근로자 10인 이상)","항공 운송업","교육훈련비용[천원]","천원","95","59.1","57.2","39.6","48.1","91.1",
"전규모(상용근로자 10인 이상)","창고 및 운송관련 서비스업","노동비용총액[천원]","천원","5822.6","5527.5","5288.4","5502.4","4974.1","5208",
"전규모(상용근로자 10인 이상)","창고 및 운송관련 서비스업","직접노동비용(계)[천원]","천원","4532.9","4341.7","4167.9","4465.8","4000.2","4175.5",
"전규모(상용근로자 10인 이상)","창고 및 운송관련 서비스업","정액 및 초과급여[천원]","천원","4007.8","3858.7","3623.6","3845.1","3569.9","3536.9",
"전규모(상용근로자 10인 이상)","창고 및 운송관련 서비스업","상여금 및 성과금[천원]","천원","525.1","483.1","544.3","620.7","430.4","638.7",
"전규모(상용근로자 10인 이상)","창고 및 운송관련 서비스업","간접노동비용(계)[천원]","천원","1289.7","1185.8","1120.5","1036.6","973.9","1032.5",
"전규모(상용근로자 10인 이상)","창고 및 운송관련 서비스업","퇴직급여 등의 비용[천원]","천원","544.7","482.5","477.4","457.1","410.9","492.2",
"전규모(상용근로자 10인 이상)","창고 및 운송관련 서비스업","법정노동비용[천원]","천원","428","416.5","383.5","395.8","380","361.3",
"전규모(상용근로자 10인 이상)","창고 및 운송관련 서비스업","법정외 복지비용[천원]","천원","295.1","266.2","234.5","168","168.2","167.6",
"전규모(상용근로자 10인 이상)","창고 및 운송관련 서비스업","채용관련비용(모집비)[천원]","천원","11.3","9.6","16.2","8.8","9.6","3.1",
"전규모(상용근로자 10인 이상)","창고 및 운송관련 서비스업","교육훈련비용[천원]","천원","10.6","11","9","6.9","5.1","8.2",
"전규모(상용근로자 10인 이상)","숙박업","노동비용총액[천원]","천원","4670.7","4731.3","4633.3","4479.1","4167.1","4536.4",
"전규모(상용근로자 10인 이상)","숙박업","직접노동비용(계)[천원]","천원","3573.4","3642.3","3536.4","3362.6","3138","3531.4",
"전규모(상용근로자 10인 이상)","숙박업","정액 및 초과급여[천원]","천원","3088.8","3051.2","3077","2833.8","2627.1","2920.3",
"전규모(상용근로자 10인 이상)","숙박업","상여금 및 성과금[천원]","천원","484.6","591.1","459.4","528.7","510.9","611.1",
"전규모(상용근로자 10인 이상)","숙박업","간접노동비용(계)[천원]","천원","1097.3","1089","1096.9","1116.6","1029.2","1005",
"전규모(상용근로자 10인 이상)","숙박업","퇴직급여 등의 비용[천원]","천원","392.8","417.5","478.5","506.5","446.1","375.4",
"전규모(상용근로자 10인 이상)","숙박업","법정노동비용[천원]","천원","362.5","364","342.9","338.4","336.2","333.5",
"전규모(상용근로자 10인 이상)","숙박업","법정외 복지비용[천원]","천원","313","277.7","247.9","257.6","233.2","269.2",
"전규모(상용근로자 10인 이상)","숙박업","채용관련비용(모집비)[천원]","천원","5.1","6.7","5.9","3.8","2.8","3.6",
"전규모(상용근로자 10인 이상)","숙박업","교육훈련비용[천원]","천원","23.8","23","21.7","10.3","11","23.2",
"전규모(상용근로자 10인 이상)","음식점 및 주점업","노동비용총액[천원]","천원","3643.2","3436.7","3274.3","3083.1","2968.8","3072.2",
"전규모(상용근로자 10인 이상)","음식점 및 주점업","직접노동비용(계)[천원]","천원","2972.9","2825.9","2665.8","2495.5","2412.4","2532.9",
"전규모(상용근로자 10인 이상)","음식점 및 주점업","정액 및 초과급여[천원]","천원","2779.6","2654","2464.3","2334.5","2273","2276.9",
"전규모(상용근로자 10인 이상)","음식점 및 주점업","상여금 및 성과금[천원]","천원","193.3","171.9","201.5","161","139.4","256",
"전규모(상용근로자 10인 이상)","음식점 및 주점업","간접노동비용(계)[천원]","천원","670.3","610.8","608.6","587.6","556.5","539.3",
"전규모(상용근로자 10인 이상)","음식점 및 주점업","퇴직급여 등의 비용[천원]","천원","245.6","237.4","259.2","240.2","227.1","226.9",
"전규모(상용근로자 10인 이상)","음식점 및 주점업","법정노동비용[천원]","천원","288.2","265.5","248.7","235.6","236.5","225.2",
"전규모(상용근로자 10인 이상)","음식점 및 주점업","법정외 복지비용[천원]","천원","123","93.9","88.9","103.3","78.5","72.9",
"전규모(상용근로자 10인 이상)","음식점 및 주점업","채용관련비용(모집비)[천원]","천원","4.6","5.1","5.3","2.4","2.6","4.5",
"전규모(상용근로자 10인 이상)","음식점 및 주점업","교육훈련비용[천원]","천원","9","9","6.5","6.2","11.7","9.7",
"전규모(상용근로자 10인 이상)","출판업","노동비용총액[천원]","천원","6418.1","6148.2","5936.2","5818.7","5510.8","5299.4",
"전규모(상용근로자 10인 이상)","출판업","직접노동비용(계)[천원]","천원","5208.7","4989.4","4836.4","4766.8","4474.5","4308.3",
"전규모(상용근로자 10인 이상)","출판업","정액 및 초과급여[천원]","천원","4753.3","4509","4354.5","4205.5","3993.1","3915.3",
"전규모(상용근로자 10인 이상)","출판업","상여금 및 성과금[천원]","천원","455.4","480.5","481.9","561.3","481.4","393",
"전규모(상용근로자 10인 이상)","출판업","간접노동비용(계)[천원]","천원","1209.4","1158.8","1099.8","1051.9","1036.3","991.1",
"전규모(상용근로자 10인 이상)","출판업","퇴직급여 등의 비용[천원]","천원","493.9","462.2","456","414.2","440.3","418.6",
"전규모(상용근로자 10인 이상)","출판업","법정노동비용[천원]","천원","480.4","466.4","437.9","426.5","407.5","382.9",
"전규모(상용근로자 10인 이상)","출판업","법정외 복지비용[천원]","천원","207.3","200.8","175.3","184.9","172.5","169.8",
"전규모(상용근로자 10인 이상)","출판업","채용관련비용(모집비)[천원]","천원","8.8","11.1","14.3","12.2","8","5.5",
"전규모(상용근로자 10인 이상)","출판업","교육훈련비용[천원]","천원","19.1","18.3","16.4","14.2","8","14.4",
"전규모(상용근로자 10인 이상)","영상ㆍ오디오 기록물 제작 및 배급업","노동비용총액[천원]","천원","5248.9","5162.3","5148.1","4933.7","4740.4","5069.5",
"전규모(상용근로자 10인 이상)","영상ㆍ오디오 기록물 제작 및 배급업","직접노동비용(계)[천원]","천원","4318.3","4218.1","4187.7","3990.8","3803","4164.3",
"전규모(상용근로자 10인 이상)","영상ㆍ오디오 기록물 제작 및 배급업","정액 및 초과급여[천원]","천원","4051.4","3956","3781.7","3621.5","3532.6","3844.3",
"전규모(상용근로자 10인 이상)","영상ㆍ오디오 기록물 제작 및 배급업","상여금 및 성과금[천원]","천원","266.8","262.1","406","369.3","270.4","320",
"전규모(상용근로자 10인 이상)","영상ㆍ오디오 기록물 제작 및 배급업","간접노동비용(계)[천원]","천원","930.7","944.1","960.4","942.9","937.5","905.3",
"전규모(상용근로자 10인 이상)","영상ㆍ오디오 기록물 제작 및 배급업","퇴직급여 등의 비용[천원]","천원","335.5","345.4","407.7","400.8","400.4","351.7",
"전규모(상용근로자 10인 이상)","영상ㆍ오디오 기록물 제작 및 배급업","법정노동비용[천원]","천원","389.7","397","372.5","333","359.8","360.9",
"전규모(상용근로자 10인 이상)","영상ㆍ오디오 기록물 제작 및 배급업","법정외 복지비용[천원]","천원","189.3","183.4","161.9","188.1","159.7","160.5",
"전규모(상용근로자 10인 이상)","영상ㆍ오디오 기록물 제작 및 배급업","채용관련비용(모집비)[천원]","천원","6.8","6","5.9","8.5","5.7","8.3",
"전규모(상용근로자 10인 이상)","영상ㆍ오디오 기록물 제작 및 배급업","교육훈련비용[천원]","천원","9.3","12.3","12.3","12.4","11.9","23.8",
"전규모(상용근로자 10인 이상)","방송업","노동비용총액[천원]","천원","8589.1","8445","8624","8256.6","7177","7444.3",
"전규모(상용근로자 10인 이상)","방송업","직접노동비용(계)[천원]","천원","6669.1","6455.1","6657.7","6362.4","5617.2","5757.3",
"전규모(상용근로자 10인 이상)","방송업","정액 및 초과급여[천원]","천원","5648.3","5440.5","5331.5","5184.8","4710.9","4634.8",
"전규모(상용근로자 10인 이상)","방송업","상여금 및 성과금[천원]","천원","1020.8","1014.6","1326.1","1177.6","906.3","1122.4",
"전규모(상용근로자 10인 이상)","방송업","간접노동비용(계)[천원]","천원","1920","1989.8","1966.4","1894.2","1559.8","1687.1",
"전규모(상용근로자 10인 이상)","방송업","퇴직급여 등의 비용[천원]","천원","785.1","888.6","761.9","920.6","623.2","733.2",
"전규모(상용근로자 10인 이상)","방송업","법정노동비용[천원]","천원","633.1","639.3","618.1","562.2","518.4","509.7",
"전규모(상용근로자 10인 이상)","방송업","법정외 복지비용[천원]","천원","472.3","427","550.8","377","394.5","406.4",
"전규모(상용근로자 10인 이상)","방송업","채용관련비용(모집비)[천원]","천원","7","7.2","9.4","9.5","5.5","5.2",
"전규모(상용근로자 10인 이상)","방송업","교육훈련비용[천원]","천원","22.5","27.7","26.1","25","18.3","32.6",
"전규모(상용근로자 10인 이상)","우편 및 통신업","노동비용총액[천원]","천원","9912.1","9289.9","9312.2","9296.3","8517.3","7805.4",
"전규모(상용근로자 10인 이상)","우편 및 통신업","직접노동비용(계)[천원]","천원","7635.6","7099.9","6999.5","6990.6","6491.6","5883.5",
"전규모(상용근로자 10인 이상)","우편 및 통신업","정액 및 초과급여[천원]","천원","5483","5127.6","5000.2","4978.8","4704.6","4349.5",
"전규모(상용근로자 10인 이상)","우편 및 통신업","상여금 및 성과금[천원]","천원","2152.7","1972.3","1999.3","2011.8","1787","1534",
"전규모(상용근로자 10인 이상)","우편 및 통신업","간접노동비용(계)[천원]","천원","2276.4","2190.1","2312.7","2305.7","2025.7","1922",
"전규모(상용근로자 10인 이상)","우편 및 통신업","퇴직급여 등의 비용[천원]","천원","590.3","596.5","705.8","740.9","579.7","568.2",
"전규모(상용근로자 10인 이상)","우편 및 통신업","법정노동비용[천원]","천원","738.2","698.2","666","673.6","628.9","569.6",
"전규모(상용근로자 10인 이상)","우편 및 통신업","법정외 복지비용[천원]","천원","799.2","719.7","734.6","673.2","645.6","626.3",
"전규모(상용근로자 10인 이상)","우편 및 통신업","채용관련비용(모집비)[천원]","천원","15.6","16.9","71.8","10.5","10.5","11",
"전규모(상용근로자 10인 이상)","우편 및 통신업","교육훈련비용[천원]","천원","133.1","158.8","134.4","207.5","160.9","146.9",
"전규모(상용근로자 10인 이상)","컴퓨터 프로그래밍, 시스템 통합 및 관리업","노동비용총액[천원]","천원","6710","6723.1","7168.2","6667.9","6047.3","6213.7",
"전규모(상용근로자 10인 이상)","컴퓨터 프로그래밍, 시스템 통합 및 관리업","직접노동비용(계)[천원]","천원","5425.8","5493.4","5589","5034.4","4769","4945.1",
"전규모(상용근로자 10인 이상)","컴퓨터 프로그래밍, 시스템 통합 및 관리업","정액 및 초과급여[천원]","천원","4932.1","4756.1","4876.3","4414.3","4236.8","4197.3",
"전규모(상용근로자 10인 이상)","컴퓨터 프로그래밍, 시스템 통합 및 관리업","상여금 및 성과금[천원]","천원","493.7","737.3","712.7","620.1","532.2","747.9",
"전규모(상용근로자 10인 이상)","컴퓨터 프로그래밍, 시스템 통합 및 관리업","간접노동비용(계)[천원]","천원","1284.2","1229.8","1579.2","1633.5","1278.4","1268.6",
"전규모(상용근로자 10인 이상)","컴퓨터 프로그래밍, 시스템 통합 및 관리업","퇴직급여 등의 비용[천원]","천원","467.9","439.3","751.5","848.3","571.7","536.3",
"전규모(상용근로자 10인 이상)","컴퓨터 프로그래밍, 시스템 통합 및 관리업","법정노동비용[천원]","천원","507.4","491.9","512.9","441.5","419.9","423.3",
"전규모(상용근로자 10인 이상)","컴퓨터 프로그래밍, 시스템 통합 및 관리업","법정외 복지비용[천원]","천원","266.2","257.4","256.8","285.3","239.2","242.7",
"전규모(상용근로자 10인 이상)","컴퓨터 프로그래밍, 시스템 통합 및 관리업","채용관련비용(모집비)[천원]","천원","9.7","7.7","13.4","9.5","7.5","6.3",
"전규모(상용근로자 10인 이상)","컴퓨터 프로그래밍, 시스템 통합 및 관리업","교육훈련비용[천원]","천원","33","33.5","44.6","48.9","40.1","60.1",
"전규모(상용근로자 10인 이상)","정보서비스업","노동비용총액[천원]","천원","7957.9","7821.5","7346.8","6970.2","6022.6","5910",
"전규모(상용근로자 10인 이상)","정보서비스업","직접노동비용(계)[천원]","천원","6459.4","6140.9","5842.3","5635.6","4927.8","4914.4",
"전규모(상용근로자 10인 이상)","정보서비스업","정액 및 초과급여[천원]","천원","5484.3","5262.7","4866.3","4625.9","4264.1","4252.1",
"전규모(상용근로자 10인 이상)","정보서비스업","상여금 및 성과금[천원]","천원","975.1","878.2","976","1009.7","663.7","662.2",
"전규모(상용근로자 10인 이상)","정보서비스업","간접노동비용(계)[천원]","천원","1498.4","1680.6","1504.5","1334.6","1094.8","995.6",
"전규모(상용근로자 10인 이상)","정보서비스업","퇴직급여 등의 비용[천원]","천원","482.4","732.6","506.6","519.8","451","383.4",
"전규모(상용근로자 10인 이상)","정보서비스업","법정노동비용[천원]","천원","583.3","566.3","516.7","491.5","426.4","396.9",
"전규모(상용근로자 10인 이상)","정보서비스업","법정외 복지비용[천원]","천원","393.3","355","442.8","295.8","193.4","183",
"전규모(상용근로자 10인 이상)","정보서비스업","채용관련비용(모집비)[천원]","천원","13.4","13.1","14.9","15.5","10.6","10.8",
"전규모(상용근로자 10인 이상)","정보서비스업","교육훈련비용[천원]","천원","26","13.6","23.5","11.9","13.5","21.6",
"전규모(상용근로자 10인 이상)","금융업","노동비용총액[천원]","천원","11469","11060.4","11828.7","11223","10586.4","9786.7",
"전규모(상용근로자 10인 이상)","금융업","직접노동비용(계)[천원]","천원","8885.4","8561.7","8470.5","8497.7","7972.1","7322.4",
"전규모(상용근로자 10인 이상)","금융업","정액 및 초과급여[천원]","천원","6326.5","6026.5","5955.6","5841.5","5683.5","5268.2",
"전규모(상용근로자 10인 이상)","금융업","상여금 및 성과금[천원]","천원","2558.9","2535.1","2514.9","2656.2","2288.6","2054.2",
"전규모(상용근로자 10인 이상)","금융업","간접노동비용(계)[천원]","천원","2583.6","2498.7","3358.2","2725.2","2614.2","2464.3",
"전규모(상용근로자 10인 이상)","금융업","퇴직급여 등의 비용[천원]","천원","915.8","918.1","1841.9","1257.8","1246.5","1173.2",
"전규모(상용근로자 10인 이상)","금융업","법정노동비용[천원]","천원","817","804.3","778.1","723","698.5","634.2",
"전규모(상용근로자 10인 이상)","금융업","법정외 복지비용[천원]","천원","766.3","694.7","668.4","678.2","614.6","573.3",
"전규모(상용근로자 10인 이상)","금융업","채용관련비용(모집비)[천원]","천원","15.5","14.4","12.5","10.4","7.8","11.2",
"전규모(상용근로자 10인 이상)","금융업","교육훈련비용[천원]","천원","68.9","67.2","57.4","55.9","46.8","72.4",
"전규모(상용근로자 10인 이상)","보험 및 연금업","노동비용총액[천원]","천원","11865","10765.5","10731.9","9839.6","8982.9","8710.5",
"전규모(상용근로자 10인 이상)","보험 및 연금업","직접노동비용(계)[천원]","천원","9072.2","8411.2","8186.1","7498","6947","6812.2",
"전규모(상용근로자 10인 이상)","보험 및 연금업","정액 및 초과급여[천원]","천원","5966.2","5635","5445.2","5128.7","4997.8","4816.6",
"전규모(상용근로자 10인 이상)","보험 및 연금업","상여금 및 성과금[천원]","천원","3106","2776.3","2740.9","2369.3","1949.2","1995.6",
"전규모(상용근로자 10인 이상)","보험 및 연금업","간접노동비용(계)[천원]","천원","2792.8","2354.2","2545.8","2341.6","2035.8","1898.3",
"전규모(상용근로자 10인 이상)","보험 및 연금업","퇴직급여 등의 비용[천원]","천원","1089.7","802","1202.8","997.7","843.6","812.2",
"전규모(상용근로자 10인 이상)","보험 및 연금업","법정노동비용[천원]","천원","813.3","791.3","754.2","656.9","615.2","599.7",
"전규모(상용근로자 10인 이상)","보험 및 연금업","법정외 복지비용[천원]","천원","727.2","631.6","470.1","591.5","491","398.9",
"전규모(상용근로자 10인 이상)","보험 및 연금업","채용관련비용(모집비)[천원]","천원","18.5","14.8","12.3","11.7","7.7","11.6",
"전규모(상용근로자 10인 이상)","보험 및 연금업","교육훈련비용[천원]","천원","144.1","114.5","106.4","83.8","78.4","76",
"전규모(상용근로자 10인 이상)","금융 및 보험관련 서비스업","노동비용총액[천원]","천원","10339.5","9385.3","10447.3","9960.7","9158.3","8424.7",
"전규모(상용근로자 10인 이상)","금융 및 보험관련 서비스업","직접노동비용(계)[천원]","천원","8615.1","7703.4","8630.1","8249.1","7598","6918.7",
"전규모(상용근로자 10인 이상)","금융 및 보험관련 서비스업","정액 및 초과급여[천원]","천원","5466.4","5247.1","5076.3","5002.2","4756.1","4607.7",
"전규모(상용근로자 10인 이상)","금융 및 보험관련 서비스업","상여금 및 성과금[천원]","천원","3148.7","2456.3","3553.8","3246.9","2841.9","2311",
"전규모(상용근로자 10인 이상)","금융 및 보험관련 서비스업","간접노동비용(계)[천원]","천원","1724.5","1681.9","1817.2","1711.6","1560.3","1505.9",
"전규모(상용근로자 10인 이상)","금융 및 보험관련 서비스업","퇴직급여 등의 비용[천원]","천원","645.3","607.6","774.1","767.4","624.5","605.1",
"전규모(상용근로자 10인 이상)","금융 및 보험관련 서비스업","법정노동비용[천원]","천원","677.9","702.4","711.5","621.9","581.3","554.7",
"전규모(상용근로자 10인 이상)","금융 및 보험관련 서비스업","법정외 복지비용[천원]","천원","358.4","330.8","285.2","287.9","325","298.5",
"전규모(상용근로자 10인 이상)","금융 및 보험관련 서비스업","채용관련비용(모집비)[천원]","천원","9.7","11.6","14.2","9.3","6.7","8.8",
"전규모(상용근로자 10인 이상)","금융 및 보험관련 서비스업","교육훈련비용[천원]","천원","33.2","29.4","32.2","25.1","22.8","38.8",
"전규모(상용근로자 10인 이상)","부동산업","노동비용총액[천원]","천원","4600.7","4222.5","4166.1","4140.4","3841.9","3671.8",
"전규모(상용근로자 10인 이상)","부동산업","직접노동비용(계)[천원]","천원","3884.6","3519.6","3438.9","3424.2","3208.4","3124.2",
"전규모(상용근로자 10인 이상)","부동산업","정액 및 초과급여[천원]","천원","3620.1","3330.3","3234.9","2949.4","2806","2731.8",
"전규모(상용근로자 10인 이상)","부동산업","상여금 및 성과금[천원]","천원","264.5","189.3","204","474.9","402.5","392.3",
"전규모(상용근로자 10인 이상)","부동산업","간접노동비용(계)[천원]","천원","716","702.9","727.3","716.2","633.5","547.6",
"전규모(상용근로자 10인 이상)","부동산업","퇴직급여 등의 비용[천원]","천원","332.3","337","349.9","269.9","302.3","253.1",
"전규모(상용근로자 10인 이상)","부동산업","법정노동비용[천원]","천원","290.7","275.3","277.2","285.2","253.9","229.5",
"전규모(상용근로자 10인 이상)","부동산업","법정외 복지비용[천원]","천원","84.4","79.7","90.7","139.9","70.7","55.1",
"전규모(상용근로자 10인 이상)","부동산업","채용관련비용(모집비)[천원]","천원","1.4","1.4","2","3.7",".7",".7",
"전규모(상용근로자 10인 이상)","부동산업","교육훈련비용[천원]","천원","7.2","9.5","7.5","17.4","5.8","9.3",
"전규모(상용근로자 10인 이상)","연구개발업","노동비용총액[천원]","천원","6410.7","6810.9","6216.7","6555.6","6368.8","6589.2",
"전규모(상용근로자 10인 이상)","연구개발업","직접노동비용(계)[천원]","천원","5236.1","5388.3","5147","5359.3","5188.1","5256.9",
"전규모(상용근로자 10인 이상)","연구개발업","정액 및 초과급여[천원]","천원","4623.8","4734.6","4538.6","4493.1","4342.5","4271.3",
"전규모(상용근로자 10인 이상)","연구개발업","상여금 및 성과금[천원]","천원","612.4","653.7","608.4","866.2","845.6","985.6",
"전규모(상용근로자 10인 이상)","연구개발업","간접노동비용(계)[천원]","천원","1174.6","1422.6","1069.7","1196.3","1180.7","1332.3",
"전규모(상용근로자 10인 이상)","연구개발업","퇴직급여 등의 비용[천원]","천원","486.1","695.6","383.5","452.6","457.8","550.6",
"전규모(상용근로자 10인 이상)","연구개발업","법정노동비용[천원]","천원","482.4","511","496","445.7","447.1","444.8",
"전규모(상용근로자 10인 이상)","연구개발업","법정외 복지비용[천원]","천원","189.2","195.8","175.5","260.5","232","264.4",
"전규모(상용근로자 10인 이상)","연구개발업","채용관련비용(모집비)[천원]","천원","5.4","9","8.9","10.5","12.1","13.1",
"전규모(상용근로자 10인 이상)","연구개발업","교육훈련비용[천원]","천원","11.5","11.2","5.9","26.9","31.8","59.4",
"전규모(상용근로자 10인 이상)","전문 서비스업","노동비용총액[천원]","천원","5524.7","5426.8","5476.8","6250.7","6241.6","5585.1",
"전규모(상용근로자 10인 이상)","전문 서비스업","직접노동비용(계)[천원]","천원","4504.9","4487.7","4458.4","5074.2","4965.4","4590.1",
"전규모(상용근로자 10인 이상)","전문 서비스업","정액 및 초과급여[천원]","천원","4194","4063.2","3908.8","4056.9","4006.9","3940.6",
"전규모(상용근로자 10인 이상)","전문 서비스업","상여금 및 성과금[천원]","천원","310.9","424.5","549.7","1017.3","958.6","649.4",
"전규모(상용근로자 10인 이상)","전문 서비스업","간접노동비용(계)[천원]","천원","1019.8","939.1","1018.4","1176.5","1276.2","995.1",
"전규모(상용근로자 10인 이상)","전문 서비스업","퇴직급여 등의 비용[천원]","천원","380.7","340.3","405.9","484","505.6","443.1",
"전규모(상용근로자 10인 이상)","전문 서비스업","법정노동비용[천원]","천원","406.8","387.4","389.2","431.9","438.6","368.6",
"전규모(상용근로자 10인 이상)","전문 서비스업","법정외 복지비용[천원]","천원","203.3","182.1","189.3","220.9","281.3","143.7",
"전규모(상용근로자 10인 이상)","전문 서비스업","채용관련비용(모집비)[천원]","천원","9.7","11","14.1","15.7","16.4","10.6",
"전규모(상용근로자 10인 이상)","전문 서비스업","교육훈련비용[천원]","천원","19.3","18.3","19.9","24.1","34.3","29.1",
"전규모(상용근로자 10인 이상)","건축 기술, 엔지니어링 및 기타 과학기술 서비스업","노동비용총액[천원]","천원","5533.5","5309","5208.5","5272.3","4835.8","4756.7",
"전규모(상용근로자 10인 이상)","건축 기술, 엔지니어링 및 기타 과학기술 서비스업","직접노동비용(계)[천원]","천원","4620.3","4429.5","4374.4","4335.3","4089.1","4000.4",
"전규모(상용근로자 10인 이상)","건축 기술, 엔지니어링 및 기타 과학기술 서비스업","정액 및 초과급여[천원]","천원","4343.6","4146","4081.4","3937","3742.6","3656.1",
"전규모(상용근로자 10인 이상)","건축 기술, 엔지니어링 및 기타 과학기술 서비스업","상여금 및 성과금[천원]","천원","276.6","283.5","293","398.4","346.5","344.3",
"전규모(상용근로자 10인 이상)","건축 기술, 엔지니어링 및 기타 과학기술 서비스업","간접노동비용(계)[천원]","천원","913.2","879.6","834.1","937","746.6","756.3",
"전규모(상용근로자 10인 이상)","건축 기술, 엔지니어링 및 기타 과학기술 서비스업","퇴직급여 등의 비용[천원]","천원","364.5","331.2","352.8","443.5","306.5","329.9",
"전규모(상용근로자 10인 이상)","건축 기술, 엔지니어링 및 기타 과학기술 서비스업","법정노동비용[천원]","천원","409.9","415.1","380.4","369.6","343.3","318.1",
"전규모(상용근로자 10인 이상)","건축 기술, 엔지니어링 및 기타 과학기술 서비스업","법정외 복지비용[천원]","천원","122.1","119.7","89.7","111.5","89.5","96.9",
"전규모(상용근로자 10인 이상)","건축 기술, 엔지니어링 및 기타 과학기술 서비스업","채용관련비용(모집비)[천원]","천원","4.1","3.4",".9","1.1",".9","1.1",
"전규모(상용근로자 10인 이상)","건축 기술, 엔지니어링 및 기타 과학기술 서비스업","교육훈련비용[천원]","천원","12.7","10.2","10.4","11.3","6.4","10.3",
"전규모(상용근로자 10인 이상)","기타 전문, 과학 및 기술 서비스업","노동비용총액[천원]","천원","5370.6","5209.4","4819.4","4725.4","4483.8","3970.9",
"전규모(상용근로자 10인 이상)","기타 전문, 과학 및 기술 서비스업","직접노동비용(계)[천원]","천원","4511.7","4409.6","4059.7","3881.4","3683.5","3284",
"전규모(상용근로자 10인 이상)","기타 전문, 과학 및 기술 서비스업","정액 및 초과급여[천원]","천원","4127.6","3939.9","3614.9","3515.3","3388.9","3081.2",
"전규모(상용근로자 10인 이상)","기타 전문, 과학 및 기술 서비스업","상여금 및 성과금[천원]","천원","384.1","469.7","444.8","366.1","294.6","202.9",
"전규모(상용근로자 10인 이상)","기타 전문, 과학 및 기술 서비스업","간접노동비용(계)[천원]","천원","858.9","799.8","759.7","844.1","800.3","686.9",
"전규모(상용근로자 10인 이상)","기타 전문, 과학 및 기술 서비스업","퇴직급여 등의 비용[천원]","천원","295.9","252.2","266.7","320.7","314.6","279.1",
"전규모(상용근로자 10인 이상)","기타 전문, 과학 및 기술 서비스업","법정노동비용[천원]","천원","404.2","385.4","354.1","349.1","339.4","302.6",
"전규모(상용근로자 10인 이상)","기타 전문, 과학 및 기술 서비스업","법정외 복지비용[천원]","천원","134.3","140.9","126.3","163.7","135.4","95.1",
"전규모(상용근로자 10인 이상)","기타 전문, 과학 및 기술 서비스업","채용관련비용(모집비)[천원]","천원","11.1","12.1","5.1","4.8","5.2","4.9",
"전규모(상용근로자 10인 이상)","기타 전문, 과학 및 기술 서비스업","교육훈련비용[천원]","천원","13.4","9.3","7.5","5.7","5.7","5.2",
"전규모(상용근로자 10인 이상)","사업시설 관리 및 조경 서비스업","노동비용총액[천원]","천원","3073.1","3010.3","2820.7","2725.8","2666.7","2596.2",
"전규모(상용근로자 10인 이상)","사업시설 관리 및 조경 서비스업","직접노동비용(계)[천원]","천원","2588.7","2525.7","2385.4","2309.7","2248","2200.3",
"전규모(상용근로자 10인 이상)","사업시설 관리 및 조경 서비스업","정액 및 초과급여[천원]","천원","2507.9","2445.1","2315.4","2227","2165.1","2103.1",
"전규모(상용근로자 10인 이상)","사업시설 관리 및 조경 서비스업","상여금 및 성과금[천원]","천원","80.8","80.6","70","82.7","82.9","97.2",
"전규모(상용근로자 10인 이상)","사업시설 관리 및 조경 서비스업","간접노동비용(계)[천원]","천원","484.4","484.6","435.3","416.1","418.6","395.9",
"전규모(상용근로자 10인 이상)","사업시설 관리 및 조경 서비스업","퇴직급여 등의 비용[천원]","천원","225.5","224.5","194.2","173.4","188.5","179.5",
"전규모(상용근로자 10인 이상)","사업시설 관리 및 조경 서비스업","법정노동비용[천원]","천원","210","206","195.8","191.9","182.1","175.2",
"전규모(상용근로자 10인 이상)","사업시설 관리 및 조경 서비스업","법정외 복지비용[천원]","천원","43.7","48.9","40.6","46.9","44.1","37.8",
"전규모(상용근로자 10인 이상)","사업시설 관리 및 조경 서비스업","채용관련비용(모집비)[천원]","천원","1.6","1.7","1.7","1.6","1.6","1",
"전규모(상용근로자 10인 이상)","사업시설 관리 및 조경 서비스업","교육훈련비용[천원]","천원","3.7","3.6","3.1","2.3","2.4","2.3",
"전규모(상용근로자 10인 이상)","사업 지원 서비스업","노동비용총액[천원]","천원","3407.9","3288.5","3207.2","3052.8","3018.1","2817.9",
"전규모(상용근로자 10인 이상)","사업 지원 서비스업","직접노동비용(계)[천원]","천원","2805.2","2718.7","2649.7","2530.1","2488.2","2369.4",
"전규모(상용근로자 10인 이상)","사업 지원 서비스업","정액 및 초과급여[천원]","천원","2664.2","2557.4","2481.5","2401","2378.8","2239.9",
"전규모(상용근로자 10인 이상)","사업 지원 서비스업","상여금 및 성과금[천원]","천원","141","161.2","168.2","129.1","109.4","129.5",
"전규모(상용근로자 10인 이상)","사업 지원 서비스업","간접노동비용(계)[천원]","천원","602.7","569.9","557.5","522.7","529.9","448.5",
"전규모(상용근로자 10인 이상)","사업 지원 서비스업","퇴직급여 등의 비용[천원]","천원","247.4","229.1","232","228.8","239.8","198.9",
"전규모(상용근로자 10인 이상)","사업 지원 서비스업","법정노동비용[천원]","천원","259.6","250.6","245.8","228.3","229.9","194.6",
"전규모(상용근로자 10인 이상)","사업 지원 서비스업","법정외 복지비용[천원]","천원","83.9","77.8","68.8","55.6","53.3","48.2",
"전규모(상용근로자 10인 이상)","사업 지원 서비스업","채용관련비용(모집비)[천원]","천원","5.6","6.6","5.6","5.6","3.4","3.2",
"전규모(상용근로자 10인 이상)","사업 지원 서비스업","교육훈련비용[천원]","천원","6.2","5.7","5.3","4.3","3.6","3.5",
"전규모(상용근로자 10인 이상)","임대업; 부동산 제외","노동비용총액[천원]","천원","5812.2","5520.7","5367.1","5155.5","4752.8","4337.2",
"전규모(상용근로자 10인 이상)","임대업; 부동산 제외","직접노동비용(계)[천원]","천원","4669.2","4561.8","4383.1","4129.9","3941","3528.3",
"전규모(상용근로자 10인 이상)","임대업; 부동산 제외","정액 및 초과급여[천원]","천원","4249.2","4155.7","4035.8","3698.1","3623.9","3233.6",
"전규모(상용근로자 10인 이상)","임대업; 부동산 제외","상여금 및 성과금[천원]","천원","420","406.1","347.3","431.8","317.1","294.6",
"전규모(상용근로자 10인 이상)","임대업; 부동산 제외","간접노동비용(계)[천원]","천원","1143","958.9","984","1025.5","811.8","808.9",
"전규모(상용근로자 10인 이상)","임대업; 부동산 제외","퇴직급여 등의 비용[천원]","천원","559.7","389.1","460.4","493.2","315.3","330.4",
"전규모(상용근로자 10인 이상)","임대업; 부동산 제외","법정노동비용[천원]","천원","417.7","419.4","392.7","380.1","359.6","338.2",
"전규모(상용근로자 10인 이상)","임대업; 부동산 제외","법정외 복지비용[천원]","천원","143.9","126","111.9","135","125","120",
"전규모(상용근로자 10인 이상)","임대업; 부동산 제외","채용관련비용(모집비)[천원]","천원","4.7","5.3","4.7","3.8","3.8","3.9",
"전규모(상용근로자 10인 이상)","임대업; 부동산 제외","교육훈련비용[천원]","천원","17","19.1","14.2","13.5","8.1","16.4",
"전규모(상용근로자 10인 이상)","창작, 예술 및 여가관련 서비스업","노동비용총액[천원]","천원","5124.4","4812.5","4438.9","4039.6","3658.9","4017.5",
"전규모(상용근로자 10인 이상)","창작, 예술 및 여가관련 서비스업","직접노동비용(계)[천원]","천원","4163.9","3930.9","3643","3198.9","2885.8","3256.9",
"전규모(상용근로자 10인 이상)","창작, 예술 및 여가관련 서비스업","정액 및 초과급여[천원]","천원","3917.4","3709.5","3491","3120.5","2820.8","3058",
"전규모(상용근로자 10인 이상)","창작, 예술 및 여가관련 서비스업","상여금 및 성과금[천원]","천원","246.6","221.4","152","78.4","65.1","198.8",
"전규모(상용근로자 10인 이상)","창작, 예술 및 여가관련 서비스업","간접노동비용(계)[천원]","천원","960.4","881.6","795.9","840.7","773.1","760.6",
"전규모(상용근로자 10인 이상)","창작, 예술 및 여가관련 서비스업","퇴직급여 등의 비용[천원]","천원","427","375","265.9","344.9","294.8","293.1",
"전규모(상용근로자 10인 이상)","창작, 예술 및 여가관련 서비스업","법정노동비용[천원]","천원","371.4","356.2","329.9","301.2","289.7","279.9",
"전규모(상용근로자 10인 이상)","창작, 예술 및 여가관련 서비스업","법정외 복지비용[천원]","천원","153.7","144.4","195.8","189.4","179.6","178.1",
"전규모(상용근로자 10인 이상)","창작, 예술 및 여가관련 서비스업","채용관련비용(모집비)[천원]","천원","4","2.7","2.1","2.7","7.1","1.4",
"전규모(상용근로자 10인 이상)","창작, 예술 및 여가관련 서비스업","교육훈련비용[천원]","천원","4.4","3.2","2.2","2.5","1.8","8.1",
"전규모(상용근로자 10인 이상)","스포츠 및 오락관련 서비스업","노동비용총액[천원]","천원","5767.3","5736.4","5296.9","5580.3","5131.2","5245",
"전규모(상용근로자 10인 이상)","스포츠 및 오락관련 서비스업","직접노동비용(계)[천원]","천원","4581.5","4436.3","4126.8","4093.6","3871.4","4171.1",
"전규모(상용근로자 10인 이상)","스포츠 및 오락관련 서비스업","정액 및 초과급여[천원]","천원","4193","4047.4","3775.9","3764","3525.8","3661.9",
"전규모(상용근로자 10인 이상)","스포츠 및 오락관련 서비스업","상여금 및 성과금[천원]","천원","388.5","388.9","350.9","329.6","345.6","509.1",
"전규모(상용근로자 10인 이상)","스포츠 및 오락관련 서비스업","간접노동비용(계)[천원]","천원","1185.7","1300.1","1170.2","1486.6","1259.9","1073.9",
"전규모(상용근로자 10인 이상)","스포츠 및 오락관련 서비스업","퇴직급여 등의 비용[천원]","천원","421.7","605.9","538.9","790.2","591.3","407.6",
"전규모(상용근로자 10인 이상)","스포츠 및 오락관련 서비스업","법정노동비용[천원]","천원","415.3","402.9","369.2","386.8","371.4","349.3",
"전규모(상용근로자 10인 이상)","스포츠 및 오락관련 서비스업","법정외 복지비용[천원]","천원","326.4","274.8","245.9","295.2","281.1","293.6",
"전규모(상용근로자 10인 이상)","스포츠 및 오락관련 서비스업","채용관련비용(모집비)[천원]","천원","5.3","5.4","5.3","2.7","1.9","4.1",
"전규모(상용근로자 10인 이상)","스포츠 및 오락관련 서비스업","교육훈련비용[천원]","천원","16.9","11.2","10.9","11.8","14","19.4",
"전규모(상용근로자 10인 이상)","협회 및 단체","노동비용총액[천원]","천원","10215.6","9385.8","9236.4","-","-","3915.1",
"전규모(상용근로자 10인 이상)","협회 및 단체","직접노동비용(계)[천원]","천원","8114","7648.5","7519.8","-","-","3365.6",
"전규모(상용근로자 10인 이상)","협회 및 단체","정액 및 초과급여[천원]","천원","7952.2","7615.9","7318.7","-","-","3148.8",
"전규모(상용근로자 10인 이상)","협회 및 단체","상여금 및 성과금[천원]","천원","161.8","32.6","201.1","-","-","216.9",
"전규모(상용근로자 10인 이상)","협회 및 단체","간접노동비용(계)[천원]","천원","2101.6","1737.3","1716.6","-","-","549.5",
"전규모(상용근로자 10인 이상)","협회 및 단체","퇴직급여 등의 비용[천원]","천원","1055","652.6","776.7","-","-","154.4",
"전규모(상용근로자 10인 이상)","협회 및 단체","법정노동비용[천원]","천원","760","744.2","678.6","-","-","263.5",
"전규모(상용근로자 10인 이상)","협회 및 단체","법정외 복지비용[천원]","천원","211.5","273.6","212.5","-","-","106.9",
"전규모(상용근로자 10인 이상)","협회 및 단체","채용관련비용(모집비)[천원]","천원","20.6","20.4","13.6","-","-","1.8",
"전규모(상용근로자 10인 이상)","협회 및 단체","교육훈련비용[천원]","천원","54.4","46.6","35.2","-","-","22.9",
"전규모(상용근로자 10인 이상)","개인 및 소비용품 수리업","노동비용총액[천원]","천원","5513","5319.9","5152.4","4999.1","4644","4651.6",
"전규모(상용근로자 10인 이상)","개인 및 소비용품 수리업","직접노동비용(계)[천원]","천원","4495","4348.5","4268.5","4063.6","3792.3","3798.1",
"전규모(상용근로자 10인 이상)","개인 및 소비용품 수리업","정액 및 초과급여[천원]","천원","4081.4","3931.7","3864.8","3624.1","3446.3","3436.4",
"전규모(상용근로자 10인 이상)","개인 및 소비용품 수리업","상여금 및 성과금[천원]","천원","413.6","416.8","403.8","439.5","346","361.6",
"전규모(상용근로자 10인 이상)","개인 및 소비용품 수리업","간접노동비용(계)[천원]","천원","1018","971.3","883.9","935.5","851.6","853.5",
"전규모(상용근로자 10인 이상)","개인 및 소비용품 수리업","퇴직급여 등의 비용[천원]","천원","327.8","325.6","303.1","326.7","284.4","324.7",
"전규모(상용근로자 10인 이상)","개인 및 소비용품 수리업","법정노동비용[천원]","천원","441.5","427.1","409.7","384.3","346.4","336.8",
"전규모(상용근로자 10인 이상)","개인 및 소비용품 수리업","법정외 복지비용[천원]","천원","241.7","212.7","166.2","214.6","215.6","177.3",
"전규모(상용근로자 10인 이상)","개인 및 소비용품 수리업","채용관련비용(모집비)[천원]","천원",".7","1",".5","1.4",".8","1.3",
"전규모(상용근로자 10인 이상)","개인 및 소비용품 수리업","교육훈련비용[천원]","천원","6.3","5","4.4","8.5","4.4","13.4",
"전규모(상용근로자 10인 이상)","기타 개인 서비스업","노동비용총액[천원]","천원","3978.4","3896.4","3717.5","3592.3","3261.1","3042.4",
"전규모(상용근로자 10인 이상)","기타 개인 서비스업","직접노동비용(계)[천원]","천원","3376.9","3277.4","3090.5","3042.1","2753","2602.9",
"전규모(상용근로자 10인 이상)","기타 개인 서비스업","정액 및 초과급여[천원]","천원","3232.3","3135.5","3010.8","2891.8","2677.7","2465.6",
"전규모(상용근로자 10인 이상)","기타 개인 서비스업","상여금 및 성과금[천원]","천원","144.6","141.9","79.7","150.3","75.2","137.4",
"전규모(상용근로자 10인 이상)","기타 개인 서비스업","간접노동비용(계)[천원]","천원","601.5","619","627","550.2","508.1","439.5",
"전규모(상용근로자 10인 이상)","기타 개인 서비스업","퇴직급여 등의 비용[천원]","천원","232.9","245.1","273","221.2","220.5","167.1",
"전규모(상용근로자 10인 이상)","기타 개인 서비스업","법정노동비용[천원]","천원","287.7","280.2","264.2","265.7","232.2","208.4",
"전규모(상용근로자 10인 이상)","기타 개인 서비스업","법정외 복지비용[천원]","천원","77.2","89.5","81.5","58.6","52.7","56.8",
"전규모(상용근로자 10인 이상)","기타 개인 서비스업","채용관련비용(모집비)[천원]","천원","2.1","2.3","3.6","3.8","1","4",
"전규모(상용근로자 10인 이상)","기타 개인 서비스업","교육훈련비용[천원]","천원","1.5","1.9","4.7",".9","1.8","3.2",
"전규모(상용근로자 10인 이상)","전체","노동비용총액[천원]","천원","6361.4","6131.1","6015.6","5850.4","5408.4","5341.4",
"전규모(상용근로자 10인 이상)","전체","직접노동비용(계)[천원]","천원","5085.3","4893.2","4763.7","4626.5","4283.5","4251.6",
"전규모(상용근로자 10인 이상)","전체","정액 및 초과급여[천원]","천원","4309.9","4137.1","3941.6","3823.2","3630.1","3520.4",
"전규모(상용근로자 10인 이상)","전체","상여금 및 성과금[천원]","천원","775.4","756.1","822.1","803.3","653.5","731.3",
"전규모(상용근로자 10인 이상)","전체","간접노동비용(계)[천원]","천원","1276.2","1237.9","1251.9","1223.9","1124.8","1089.7",
"전규모(상용근로자 10인 이상)","전체","퇴직급여 등의 비용[천원]","천원","474.2","466.5","529.3","528.7","471.5","456.2",
"전규모(상용근로자 10인 이상)","전체","법정노동비용[천원]","천원","480.5","468.5","444.4","421.3","397.8","381.7",
"전규모(상용근로자 10인 이상)","전체","법정외 복지비용[천원]","천원","289.7","272.2","249.6","249.4","234.2","224",
"전규모(상용근로자 10인 이상)","전체","채용관련비용(모집비)[천원]","천원","7.4","7.2","7.7","6.2","5.4","5.6",
"전규모(상용근로자 10인 이상)","전체","교육훈련비용[천원]","천원","24.3","23.4","20.9","18.3","16","22.2",
"전규모(상용근로자 10인 이상)","B.광업(05~08)","노동비용총액[천원]","천원","6549.7","6293.1","5888.7","6204.9","5925.2","5628.6",
"전규모(상용근로자 10인 이상)","B.광업(05~08)","직접노동비용(계)[천원]","천원","5137.9","4928.5","4717.8","4717.6","4671.3","4519.7",
"전규모(상용근로자 10인 이상)","B.광업(05~08)","정액 및 초과급여[천원]","천원","4581.8","4479.3","4275.6","4201.7","4199.2","4064.4",
"전규모(상용근로자 10인 이상)","B.광업(05~08)","상여금 및 성과금[천원]","천원","556.1","449.2","442.1","515.9","472.1","455.3",
"전규모(상용근로자 10인 이상)","B.광업(05~08)","간접노동비용(계)[천원]","천원","1411.8","1364.6","1170.9","1487.3","1253.8","1108.9",
"전규모(상용근로자 10인 이상)","B.광업(05~08)","퇴직급여 등의 비용[천원]","천원","567.8","566.2","485.4","723.6","492.7","452.2",
"전규모(상용근로자 10인 이상)","B.광업(05~08)","법정노동비용[천원]","천원","541.6","522","490.6","483.2","511","448.5",
"전규모(상용근로자 10인 이상)","B.광업(05~08)","법정외 복지비용[천원]","천원","299.1","273.7","191.6","277.6","247.1","204.5",
"전규모(상용근로자 10인 이상)","B.광업(05~08)","채용관련비용(모집비)[천원]","천원",".6",".6",".9",".4","1.3",".1",
"전규모(상용근로자 10인 이상)","B.광업(05~08)","교육훈련비용[천원]","천원","2.7","2.1","2.4","2.6","1.7","3.7",
"전규모(상용근로자 10인 이상)","C.제조업(10~34)","노동비용총액[천원]","천원","7221.2","6957.6","6839.5","6625.9","6041.6","6045.4",
"전규모(상용근로자 10인 이상)","C.제조업(10~34)","직접노동비용(계)[천원]","천원","5703.9","5471.3","5354.8","5147.8","4688","4716",
"전규모(상용근로자 10인 이상)","C.제조업(10~34)","정액 및 초과급여[천원]","천원","4638.6","4446.8","4219.1","4081","3861.3","3725.8",
"전규모(상용근로자 10인 이상)","C.제조업(10~34)","상여금 및 성과금[천원]","천원","1065.3","1024.5","1135.7","1066.8","826.6","990.2",
"전규모(상용근로자 10인 이상)","C.제조업(10~34)","간접노동비용(계)[천원]","천원","1517.3","1486.4","1484.7","1478.1","1353.6","1329.3",
"전규모(상용근로자 10인 이상)","C.제조업(10~34)","퇴직급여 등의 비용[천원]","천원","537.8","543.5","613.8","653.6","567.8","563.8",
"전규모(상용근로자 10인 이상)","C.제조업(10~34)","법정노동비용[천원]","천원","540.2","525.5","493.3","461","437.1","428.1",
"전규모(상용근로자 10인 이상)","C.제조업(10~34)","법정외 복지비용[천원]","천원","400.7","380","345.5","339.7","325.1","305.5",
"전규모(상용근로자 10인 이상)","C.제조업(10~34)","채용관련비용(모집비)[천원]","천원","8.4","7.9","7","5.6","6.2","7.1",
"전규모(상용근로자 10인 이상)","C.제조업(10~34)","교육훈련비용[천원]","천원","30.2","29.5","25.1","18.2","17.4","24.8",
"전규모(상용근로자 10인 이상)","D.전기, 가스, 증기 및 공기 조절 공급업(35)","노동비용총액[천원]","천원","9989.4","9603.6","9613.7","9196.4","9168.9","9202",
"전규모(상용근로자 10인 이상)","D.전기, 가스, 증기 및 공기 조절 공급업(35)","직접노동비용(계)[천원]","천원","7903.6","7645.3","7531.2","7404.5","7370.3","7387.6",
"전규모(상용근로자 10인 이상)","D.전기, 가스, 증기 및 공기 조절 공급업(35)","정액 및 초과급여[천원]","천원","5624.2","5573.5","5496.2","5438.3","5350.5","5472.2",
"전규모(상용근로자 10인 이상)","D.전기, 가스, 증기 및 공기 조절 공급업(35)","상여금 및 성과금[천원]","천원","2279.5","2071.8","2035","1966.2","2019.7","1915.4",
"전규모(상용근로자 10인 이상)","D.전기, 가스, 증기 및 공기 조절 공급업(35)","간접노동비용(계)[천원]","천원","2085.7","1958.3","2082.6","1791.9","1798.6","1814.5",
"전규모(상용근로자 10인 이상)","D.전기, 가스, 증기 및 공기 조절 공급업(35)","퇴직급여 등의 비용[천원]","천원","844.3","782.7","909.7","551.5","740.7","724.9",
"전규모(상용근로자 10인 이상)","D.전기, 가스, 증기 및 공기 조절 공급업(35)","법정노동비용[천원]","천원","728.7","699.5","686.4","694.3","639.9","605.5",
"전규모(상용근로자 10인 이상)","D.전기, 가스, 증기 및 공기 조절 공급업(35)","법정외 복지비용[천원]","천원","313.9","316.4","325.3","370.6","295.3","279.3",
"전규모(상용근로자 10인 이상)","D.전기, 가스, 증기 및 공기 조절 공급업(35)","채용관련비용(모집비)[천원]","천원","20.3","14.8","17.8","20.9","16.8","15.8",
"전규모(상용근로자 10인 이상)","D.전기, 가스, 증기 및 공기 조절 공급업(35)","교육훈련비용[천원]","천원","178.5","144.9","143.3","154.7","105.9","189",
"전규모(상용근로자 10인 이상)","E.수도, 하수 및 폐기물 처리, 원료 재생업(36~39)","노동비용총액[천원]","천원","5703","5495.8","5288","5096.4","4842.4","4555.5",
"전규모(상용근로자 10인 이상)","E.수도, 하수 및 폐기물 처리, 원료 재생업(36~39)","직접노동비용(계)[천원]","천원","4656.8","4529.4","4359.4","4196.7","3973.6","3745.6",
"전규모(상용근로자 10인 이상)","E.수도, 하수 및 폐기물 처리, 원료 재생업(36~39)","정액 및 초과급여[천원]","천원","4217.4","4114","3999.9","3813.6","3646.8","3355.1",
"전규모(상용근로자 10인 이상)","E.수도, 하수 및 폐기물 처리, 원료 재생업(36~39)","상여금 및 성과금[천원]","천원","439.4","415.4","359.5","383.1","326.7","390.5",
"전규모(상용근로자 10인 이상)","E.수도, 하수 및 폐기물 처리, 원료 재생업(36~39)","간접노동비용(계)[천원]","천원","1046.2","966.4","928.6","899.7","868.9","809.9",
"전규모(상용근로자 10인 이상)","E.수도, 하수 및 폐기물 처리, 원료 재생업(36~39)","퇴직급여 등의 비용[천원]","천원","463.7","404","412.5","394","354.5","342",
"전규모(상용근로자 10인 이상)","E.수도, 하수 및 폐기물 처리, 원료 재생업(36~39)","법정노동비용[천원]","천원","396.5","384.3","365.8","366.7","333.6","315.6",
"전규모(상용근로자 10인 이상)","E.수도, 하수 및 폐기물 처리, 원료 재생업(36~39)","법정외 복지비용[천원]","천원","181.3","173.3","145.7","136.5","178.4","147.6",
"전규모(상용근로자 10인 이상)","E.수도, 하수 및 폐기물 처리, 원료 재생업(36~39)","채용관련비용(모집비)[천원]","천원",".9","1.4","1.1",".6",".4","1",
"전규모(상용근로자 10인 이상)","E.수도, 하수 및 폐기물 처리, 원료 재생업(36~39)","교육훈련비용[천원]","천원","3.8","3.4","3.5","1.9","1.9","3.6",
"전규모(상용근로자 10인 이상)","F.건설업(41~42)","노동비용총액[천원]","천원","6393.2","6135","5797.5","5878.8","5674.2","5527.7",
"전규모(상용근로자 10인 이상)","F.건설업(41~42)","직접노동비용(계)[천원]","천원","5005.4","4893.7","4552.9","4624.9","4424.1","4387.8",
"전규모(상용근로자 10인 이상)","F.건설업(41~42)","정액 및 초과급여[천원]","천원","4661.1","4498.1","4146.2","4205.7","4036.9","3988.9",
"전규모(상용근로자 10인 이상)","F.건설업(41~42)","상여금 및 성과금[천원]","천원","344.4","395.6","406.8","419.2","387.2","398.9",
"전규모(상용근로자 10인 이상)","F.건설업(41~42)","간접노동비용(계)[천원]","천원","1387.7","1241.3","1244.6","1253.9","1250.1","1140",
"전규모(상용근로자 10인 이상)","F.건설업(41~42)","퇴직급여 등의 비용[천원]","천원","553.4","440.6","480.9","422.4","482.9","386.4",
"전규모(상용근로자 10인 이상)","F.건설업(41~42)","법정노동비용[천원]","천원","614.7","597.1","568.7","612","567.3","560.3",
"전규모(상용근로자 10인 이상)","F.건설업(41~42)","법정외 복지비용[천원]","천원","197.2","183.4","175.5","200.1","184","177.1",
"전규모(상용근로자 10인 이상)","F.건설업(41~42)","채용관련비용(모집비)[천원]","천원","2.5","2.6","3.3","2.5","1.9","1.8",
"전규모(상용근로자 10인 이상)","F.건설업(41~42)","교육훈련비용[천원]","천원","19.9","17.6","16.3","17","14","14.4",
"전규모(상용근로자 10인 이상)","G.도매 및 소매업(45~47)","노동비용총액[천원]","천원","5936.4","5655.9","5349.3","5503.2","5175.8","5083.5",
"전규모(상용근로자 10인 이상)","G.도매 및 소매업(45~47)","직접노동비용(계)[천원]","천원","4834.3","4602","4333.2","4472","4234.8","4183.1",
"전규모(상용근로자 10인 이상)","G.도매 및 소매업(45~47)","정액 및 초과급여[천원]","천원","4297.8","4080.9","3838.6","3950.8","3767.3","3672.2",
"전규모(상용근로자 10인 이상)","G.도매 및 소매업(45~47)","상여금 및 성과금[천원]","천원","536.5","521.1","494.6","521.2","467.6","510.9",
"전규모(상용근로자 10인 이상)","G.도매 및 소매업(45~47)","간접노동비용(계)[천원]","천원","1102.1","1053.9","1016.1","1031.2","941","900.4",
"전규모(상용근로자 10인 이상)","G.도매 및 소매업(45~47)","퇴직급여 등의 비용[천원]","천원","420.4","423.7","436.3","465.1","404.1","379.5",
"전규모(상용근로자 10인 이상)","G.도매 및 소매업(45~47)","법정노동비용[천원]","천원","446.6","424.5","400.2","379.1","353.8","335.2",
"전규모(상용근로자 10인 이상)","G.도매 및 소매업(45~47)","법정외 복지비용[천원]","천원","211.7","183.9","158.9","164.8","167.3","163.7",
"전규모(상용근로자 10인 이상)","G.도매 및 소매업(45~47)","채용관련비용(모집비)[천원]","천원","9.3","8.6","9.2","11.2","7.7","6.8",
"전규모(상용근로자 10인 이상)","G.도매 및 소매업(45~47)","교육훈련비용[천원]","천원","14","13.4","11.6","11","8","15.2",
"전규모(상용근로자 10인 이상)","H.운수 및 창고업(49~52)","노동비용총액[천원]","천원","5661.3","5174.7","4899.1","4472","4209.1","4320.3",
"전규모(상용근로자 10인 이상)","H.운수 및 창고업(49~52)","직접노동비용(계)[천원]","천원","4533.5","4130.8","3914.3","3635.7","3416.5","3486.6",
"전규모(상용근로자 10인 이상)","H.운수 및 창고업(49~52)","정액 및 초과급여[천원]","천원","3951.9","3626.3","3397.8","3147.5","3016.5","2957.3",
"전규모(상용근로자 10인 이상)","H.운수 및 창고업(49~52)","상여금 및 성과금[천원]","천원","581.6","504.5","516.5","488.2","400.1","529.3",
"전규모(상용근로자 10인 이상)","H.운수 및 창고업(49~52)","간접노동비용(계)[천원]","천원","1127.8","1043.8","984.7","836.2","792.5","833.7",
"전규모(상용근로자 10인 이상)","H.운수 및 창고업(49~52)","퇴직급여 등의 비용[천원]","천원","446.1","422","416.2","351.6","309.2","346.6",
"전규모(상용근로자 10인 이상)","H.운수 및 창고업(49~52)","법정노동비용[천원]","천원","420.1","385.6","357.7","331.5","332.2","307.8",
"전규모(상용근로자 10인 이상)","H.운수 및 창고업(49~52)","법정외 복지비용[천원]","천원","240.5","219.2","193.4","142.2","140.2","163.8",
"전규모(상용근로자 10인 이상)","H.운수 및 창고업(49~52)","채용관련비용(모집비)[천원]","천원","5.3","4.7","7.2","3.8","3","1.7",
"전규모(상용근로자 10인 이상)","H.운수 및 창고업(49~52)","교육훈련비용[천원]","천원","15.8","12.4","10.3","7.1","7.9","13.9",
"전규모(상용근로자 10인 이상)","I.숙박 및 음식점업(55~56)","노동비용총액[천원]","천원","3856.3","3686.9","3538","3358.3","3245.1","3406.1",
"전규모(상용근로자 10인 이상)","I.숙박 및 음식점업(55~56)","직접노동비용(계)[천원]","천원","3097.4","2983.6","2834.7","2666.4","2579.7","2760.6",
"전규모(상용근로자 10인 이상)","I.숙박 및 음식점업(55~56)","정액 및 초과급여[천원]","천원","2843.7","2730.7","2583.2","2432.9","2354.6","2423.6",
"전규모(상용근로자 10인 이상)","I.숙박 및 음식점업(55~56)","상여금 및 성과금[천원]","천원","253.7","252.9","251.5","233.5","225","337",
"전규모(상용근로자 10인 이상)","I.숙박 및 음식점업(55~56)","간접노동비용(계)[천원]","천원","758.9","703.3","703.3","691.9","665.5","645.5",
"전규모(상용근로자 10인 이상)","I.숙박 및 음식점업(55~56)","퇴직급여 등의 비용[천원]","천원","276.1","272.2","301.7","292.6","277.6","260.8",
"전규모(상용근로자 10인 이상)","I.숙박 및 음식점업(55~56)","법정노동비용[천원]","천원","303.6","284.5","267","255.9","259.5","249.9",
"전규모(상용근로자 10인 이상)","I.숙박 및 음식점업(55~56)","법정외 복지비용[천원]","천원","162.4","129.5","119.8","133.7","114.1","117.7",
"전규모(상용근로자 10인 이상)","I.숙박 및 음식점업(55~56)","채용관련비용(모집비)[천원]","천원","4.7","5.4","5.4","2.7","2.6","4.3",
"전규모(상용근로자 10인 이상)","I.숙박 및 음식점업(55~56)","교육훈련비용[천원]","천원","12","11.7","9.4","7","11.5","12.8",
"전규모(상용근로자 10인 이상)","J.정보통신업(58~63)","노동비용총액[천원]","천원","6982.2","6786.6","6755.5","6604.7","6123.9","5984.7",
"전규모(상용근로자 10인 이상)","J.정보통신업(58~63)","직접노동비용(계)[천원]","천원","5614.8","5437.4","5359.1","5211.6","4872","4777",
"전규모(상용근로자 10인 이상)","J.정보통신업(58~63)","정액 및 초과급여[천원]","천원","4921","4697.9","4585.1","4395.4","4173.3","4095",
"전규모(상용근로자 10인 이상)","J.정보통신업(58~63)","상여금 및 성과금[천원]","천원","693.8","739.5","774","816.2","698.7","682",
"전규모(상용근로자 10인 이상)","J.정보통신업(58~63)","간접노동비용(계)[천원]","천원","1367.4","1349.2","1396.4","1393.1","1251.9","1207.7",
"전규모(상용근로자 10인 이상)","J.정보통신업(58~63)","퇴직급여 등의 비용[천원]","천원","497.3","504.1","557.1","578.4","495.7","472.2",
"전규모(상용근로자 10인 이상)","J.정보통신업(58~63)","법정노동비용[천원]","천원","521.7","508","489.4","468.2","444.9","423.3",
"전규모(상용근로자 10인 이상)","J.정보통신업(58~63)","법정외 복지비용[천원]","천원","304.4","289.7","292.8","287.7","264.6","260.2",
"전규모(상용근로자 10인 이상)","J.정보통신업(58~63)","채용관련비용(모집비)[천원]","천원","10","10.9","20.4","11.4","8.2","7",
"전규모(상용근로자 10인 이상)","J.정보통신업(58~63)","교육훈련비용[천원]","천원","34.1","36.4","36.8","47.4","38.4","45",
"전규모(상용근로자 10인 이상)","K.금융 및 보험업(64~66)","노동비용총액[천원]","천원","11197.5","10489","11197.9","10572.3","9826.5","9172",
"전규모(상용근로자 10인 이상)","K.금융 및 보험업(64~66)","직접노동비용(계)[천원]","천원","8836.9","8269","8463.8","8224","7652.4","7101.7",
"전규모(상용근로자 10인 이상)","K.금융 및 보험업(64~66)","정액 및 초과급여[천원]","천원","6001.3","5712.3","5590.4","5450.3","5260.9","4984.3",
"전규모(상용근로자 10인 이상)","K.금융 및 보험업(64~66)","상여금 및 성과금[천원]","천원","2835.6","2556.8","2873.4","2773.7","2391.5","2117.4",
"전규모(상용근로자 10인 이상)","K.금융 및 보험업(64~66)","간접노동비용(계)[천원]","천원","2360.6","2220","2734.1","2348.3","2174.1","2070.3",
"전규모(상용근로자 10인 이상)","K.금융 및 보험업(64~66)","퇴직급여 등의 비용[천원]","천원","864.9","800.5","1394.7","1060.5","974.4","934.5",
"전규모(상용근로자 10인 이상)","K.금융 및 보험업(64~66)","법정노동비용[천원]","천원","774.2","770.5","753.3","679.8","645.8","604",
"전규모(상용근로자 10인 이상)","K.금융 및 보험업(64~66)","법정외 복지비용[천원]","천원","635.7","570.8","513.9","545.3","500.7","457.9",
"전규모(상용근로자 10인 이상)","K.금융 및 보험업(64~66)","채용관련비용(모집비)[천원]","천원","14.3","13.6","13","10.3","7.4","10.6",
"전규모(상용근로자 10인 이상)","K.금융 및 보험업(64~66)","교육훈련비용[천원]","천원","71.5","64.6","59.3","52.3","45.7","63.3",
"전규모(상용근로자 10인 이상)","L.부동산업(68)","노동비용총액[천원]","천원","4600.7","4222.5","4166.1","4140.4","3841.9","3671.8",
"전규모(상용근로자 10인 이상)","L.부동산업(68)","직접노동비용(계)[천원]","천원","3884.6","3519.6","3438.9","3424.2","3208.4","3124.2",
"전규모(상용근로자 10인 이상)","L.부동산업(68)","정액 및 초과급여[천원]","천원","3620.1","3330.3","3234.9","2949.4","2806","2731.8",
"전규모(상용근로자 10인 이상)","L.부동산업(68)","상여금 및 성과금[천원]","천원","264.5","189.3","204","474.9","402.5","392.3",
"전규모(상용근로자 10인 이상)","L.부동산업(68)","간접노동비용(계)[천원]","천원","716","702.9","727.3","716.2","633.5","547.6",
"전규모(상용근로자 10인 이상)","L.부동산업(68)","퇴직급여 등의 비용[천원]","천원","332.3","337","349.9","269.9","302.3","253.1",
"전규모(상용근로자 10인 이상)","L.부동산업(68)","법정노동비용[천원]","천원","290.7","275.3","277.2","285.2","253.9","229.5",
"전규모(상용근로자 10인 이상)","L.부동산업(68)","법정외 복지비용[천원]","천원","84.4","79.7","90.7","139.9","70.7","55.1",
"전규모(상용근로자 10인 이상)","L.부동산업(68)","채용관련비용(모집비)[천원]","천원","1.4","1.4","2","3.7",".7",".7",
"전규모(상용근로자 10인 이상)","L.부동산업(68)","교육훈련비용[천원]","천원","7.2","9.5","7.5","17.4","5.8","9.3",
"전규모(상용근로자 10인 이상)","M.전문, 과학 및 기술 서비스업(70~73)","노동비용총액[천원]","천원","5610","5487.9","5341.9","5572.9","5304.6","5048.1",
"전규모(상용근로자 10인 이상)","M.전문, 과학 및 기술 서비스업(70~73)","직접노동비용(계)[천원]","천원","4648.3","4542","4445.8","4564.4","4382.5","4194.4",
"전규모(상용근로자 10인 이상)","M.전문, 과학 및 기술 서비스업(70~73)","정액 및 초과급여[천원]","천원","4324.2","4175.7","4052.1","3985.2","3839.7","3737.4",
"전규모(상용근로자 10인 이상)","M.전문, 과학 및 기술 서비스업(70~73)","상여금 및 성과금[천원]","천원","324.1","366.3","393.7","579.2","542.8","456.9",
"전규모(상용근로자 10인 이상)","M.전문, 과학 및 기술 서비스업(70~73)","간접노동비용(계)[천원]","천원","961.7","945.9","896.1","1008.6","922.1","853.7",
"전규모(상용근로자 10인 이상)","M.전문, 과학 및 기술 서비스업(70~73)","퇴직급여 등의 비용[천원]","천원","376.8","366.9","363.3","446.7","370.9","370.1",
"전규모(상용근로자 10인 이상)","M.전문, 과학 및 기술 서비스업(70~73)","법정노동비용[천원]","천원","416","416.7","391.4","389.1","376.2","339.1",
"전규모(상용근로자 10인 이상)","M.전문, 과학 및 기술 서비스업(70~73)","법정외 복지비용[천원]","천원","148.7","143.8","124.1","152","153.3","121.8",
"전규모(상용근로자 10인 이상)","M.전문, 과학 및 기술 서비스업(70~73)","채용관련비용(모집비)[천원]","천원","6","6.3","5.1","5.5","6.1","4.3",
"전규모(상용근로자 10인 이상)","M.전문, 과학 및 기술 서비스업(70~73)","교육훈련비용[천원]","천원","14.2","12.2","12.1","15.3","15.7","18.4",
"전규모(상용근로자 10인 이상)","N.사업시설 관리, 사업 지원 및 임대 서비스업(74~76)","노동비용총액[천원]","천원","3363.4","3262.1","3146.4","3011.1","2961.8","2788.2",
"전규모(상용근로자 10인 이상)","N.사업시설 관리, 사업 지원 및 임대 서비스업(74~76)","직접노동비용(계)[천원]","천원","2784.1","2707.8","2614.4","2506.4","2455.6","2346.7",
"전규모(상용근로자 10인 이상)","N.사업시설 관리, 사업 지원 및 임대 서비스업(74~76)","정액 및 초과급여[천원]","천원","2654.8","2564.5","2470.7","2383.1","2348.7","2222.7",
"전규모(상용근로자 10인 이상)","N.사업시설 관리, 사업 지원 및 임대 서비스업(74~76)","상여금 및 성과금[천원]","천원","129.2","143.4","143.7","123.3","106.9","124.1",
"전규모(상용근로자 10인 이상)","N.사업시설 관리, 사업 지원 및 임대 서비스업(74~76)","간접노동비용(계)[천원]","천원","579.3","554.3","532","504.7","506.2","441.5",
"전규모(상용근로자 10인 이상)","N.사업시설 관리, 사업 지원 및 임대 서비스업(74~76)","퇴직급여 등의 비용[천원]","천원","248.3","231.8","226.4","219.5","227.7","196.3",
"전규모(상용근로자 10인 이상)","N.사업시설 관리, 사업 지원 및 임대 서비스업(74~76)","법정노동비용[천원]","천원","248.1","241.6","234.7","221.7","219.9","192.2",
"전규모(상용근로자 10인 이상)","N.사업시설 관리, 사업 지원 및 임대 서비스업(74~76)","법정외 복지비용[천원]","천원","72.9","70.4","61.5","55.1","52.4","46.9",
"전규모(상용근로자 10인 이상)","N.사업시설 관리, 사업 지원 및 임대 서비스업(74~76)","채용관련비용(모집비)[천원]","천원","4.3","5.1","4.5","4.4","2.9","2.6",
"전규모(상용근로자 10인 이상)","N.사업시설 관리, 사업 지원 및 임대 서비스업(74~76)","교육훈련비용[천원]","천원","5.7","5.4","4.9","4","3.4","3.5",
"전규모(상용근로자 10인 이상)","R.예술, 스포츠 및 여가관련 서비스업(90~91)","노동비용총액[천원]","천원","5685.2","5623.8","5194.2","5388.1","4944","5081.7",
"전규모(상용근로자 10인 이상)","R.예술, 스포츠 및 여가관련 서비스업(90~91)","직접노동비용(계)[천원]","천원","4528.2","4374.7","4068.8","3982.1","3746.1","4049.5",
"전규모(상용근로자 10인 이상)","R.예술, 스포츠 및 여가관련 서비스업(90~91)","정액 및 초과급여[천원]","천원","4157.8","4006.2","3741.8","3683.8","3436.2","3581.6",
"전규모(상용근로자 10인 이상)","R.예술, 스포츠 및 여가관련 서비스업(90~91)","상여금 및 성과금[천원]","천원","370.4","368.5","327.1","298.3","309.9","467.9",
"전규모(상용근로자 10인 이상)","R.예술, 스포츠 및 여가관련 서비스업(90~91)","간접노동비용(계)[천원]","천원","1157","1249.1","1125.4","1406.1","1198","1032.3",
"전규모(상용근로자 10인 이상)","R.예술, 스포츠 및 여가관련 서비스업(90~91)","퇴직급여 등의 비용[천원]","천원","422.4","577.7","506.2","734.7","553.6","392.3",
"전규모(상용근로자 10인 이상)","R.예술, 스포츠 및 여가관련 서비스업(90~91)","법정노동비용[천원]","천원","409.7","397.2","364.5","376.1","361","340.1",
"전규모(상용근로자 10인 이상)","R.예술, 스포츠 및 여가관련 서비스업(90~91)","법정외 복지비용[천원]","천원","304.4","258.9","239.9","282","268.2","278.2",
"전규모(상용근로자 10인 이상)","R.예술, 스포츠 및 여가관련 서비스업(90~91)","채용관련비용(모집비)[천원]","천원","5.2","5","4.9","2.7","2.6","3.7",
"전규모(상용근로자 10인 이상)","R.예술, 스포츠 및 여가관련 서비스업(90~91)","교육훈련비용[천원]","천원","15.3","10.3","9.9","10.7","12.5","17.9",
"전규모(상용근로자 10인 이상)","S.협회 및 단체, 수리 및 기타 개인 서비스업(94~96)","노동비용총액[천원]","천원","5006.7","4863","4706.8","4558.7","4238.5","4250.3",
"전규모(상용근로자 10인 이상)","S.협회 및 단체, 수리 및 기타 개인 서비스업(94~96)","직접노동비용(계)[천원]","천원","4127.4","4006.1","3902.1","3743.8","3487.6","3500.1",
"전규모(상용근로자 10인 이상)","S.협회 및 단체, 수리 및 기타 개인 서비스업(94~96)","정액 및 초과급여[천원]","천원","3809.2","3684.3","3605.4","3394.8","3221","3194.4",
"전규모(상용근로자 10인 이상)","S.협회 및 단체, 수리 및 기타 개인 서비스업(94~96)","상여금 및 성과금[천원]","천원","318.1","321.8","296.8","349","266.6","305.7",
"전규모(상용근로자 10인 이상)","S.협회 및 단체, 수리 및 기타 개인 서비스업(94~96)","간접노동비용(계)[천원]","천원","879.4","856.8","804.7","814.8","750.9","750.3",
"전규모(상용근로자 10인 이상)","S.협회 및 단체, 수리 및 기타 개인 서비스업(94~96)","퇴직급여 등의 비용[천원]","천원","299.2","300.3","295.9","293.7","265.7","285.4",
"전규모(상용근로자 10인 이상)","S.협회 및 단체, 수리 및 기타 개인 서비스업(94~96)","법정노동비용[천원]","천원","389.8","379.4","363.7","347.1","312.9","304.7",
"전규모(상용근로자 10인 이상)","S.협회 및 단체, 수리 및 기타 개인 서비스업(94~96)","법정외 복지비용[천원]","천원","184.1","171.5","138.8","165.7","167.9","147.3",
"전규모(상용근로자 10인 이상)","S.협회 및 단체, 수리 및 기타 개인 서비스업(94~96)","채용관련비용(모집비)[천원]","천원","1.3","1.5","1.6","2.2",".8","2",
"전규모(상용근로자 10인 이상)","S.협회 및 단체, 수리 및 기타 개인 서비스업(94~96)","교육훈련비용[천원]","천원","4.9","4.2","4.7","6.1","3.7","10.9",
"상용근로자 30인 이상","석탄, 원유 및 천연가스 광업","노동비용총액[천원]","천원","10058.4","9176","8588.1","9699","8432.6","7484.9",
"상용근로자 30인 이상","석탄, 원유 및 천연가스 광업","직접노동비용(계)[천원]","천원","7155.5","6468.8","6386.2","6178.6","6048.8","5760.9",
"상용근로자 30인 이상","석탄, 원유 및 천연가스 광업","정액 및 초과급여[천원]","천원","4802.1","4359.4","4186.2","4181.3","4073.9","3849.4",
"상용근로자 30인 이상","석탄, 원유 및 천연가스 광업","상여금 및 성과금[천원]","천원","2353.4","2109.4","2200","1997.3","1974.9","1911.5",
"상용근로자 30인 이상","석탄, 원유 및 천연가스 광업","간접노동비용(계)[천원]","천원","2902.9","2707.1","2201.9","3520.4","2383.8","1724",
"상용근로자 30인 이상","석탄, 원유 및 천연가스 광업","퇴직급여 등의 비용[천원]","천원","1777.2","1603.7","1311.1","2657","1553.6","971",
"상용근로자 30인 이상","석탄, 원유 및 천연가스 광업","법정노동비용[천원]","천원","867.8","840.2","734.6","726.5","725.5","653.1",
"상용근로자 30인 이상","석탄, 원유 및 천연가스 광업","법정외 복지비용[천원]","천원","253.1","258.1","149.7","131.9","101.7","92.3",
"상용근로자 30인 이상","석탄, 원유 및 천연가스 광업","채용관련비용(모집비)[천원]","천원",".6",".8",".9",".3","0","0",
"상용근로자 30인 이상","석탄, 원유 및 천연가스 광업","교육훈련비용[천원]","천원","4.2","4.4","5.5","4.7","3","7.6",
"상용근로자 30인 이상","금속 광업","노동비용총액[천원]","천원","6876.9","6050.2","5942.3","5680.1","5465","4927.2",
"상용근로자 30인 이상","금속 광업","직접노동비용(계)[천원]","천원","5596.7","4774.5","4744.8","4384.2","4316.3","3905.1",
"상용근로자 30인 이상","금속 광업","정액 및 초과급여[천원]","천원","5225.4","4528.8","4401.5","3992.4","4014.9","3626.2",
"상용근로자 30인 이상","금속 광업","상여금 및 성과금[천원]","천원","371.4","245.7","343.3","391.8","301.4","278.9",
"상용근로자 30인 이상","금속 광업","간접노동비용(계)[천원]","천원","1280.2","1275.6","1197.5","1295.9","1148.7","1022.1",
"상용근로자 30인 이상","금속 광업","퇴직급여 등의 비용[천원]","천원","401.8","345.7","549.3","593.6","401.7","338",
"상용근로자 30인 이상","금속 광업","법정노동비용[천원]","천원","661.3","695.9","482.4","464.4","486.4","450.1",
"상용근로자 30인 이상","금속 광업","법정외 복지비용[천원]","천원","213.3","225.9","152","235.5","247.6","232.4",
"상용근로자 30인 이상","금속 광업","채용관련비용(모집비)[천원]","천원","1.2","3.3","8.5",".5","11.7",".2",
"상용근로자 30인 이상","금속 광업","교육훈련비용[천원]","천원","2.6","4.9","5.2","2","1.3","1.4",
"상용근로자 30인 이상","비금속광물 광업; 연료용 제외","노동비용총액[천원]","천원","6167.4","5412.9","5415","5975.4","5510","5250.8",
"상용근로자 30인 이상","비금속광물 광업; 연료용 제외","직접노동비용(계)[천원]","천원","4943.9","4376.8","4370.9","4777.2","4518.4","4119.6",
"상용근로자 30인 이상","비금속광물 광업; 연료용 제외","정액 및 초과급여[천원]","천원","4547.4","4166.2","4185.4","4436.8","4220.9","3855.5",
"상용근로자 30인 이상","비금속광물 광업; 연료용 제외","상여금 및 성과금[천원]","천원","396.5","210.6","185.5","340.3","297.5","264.1",
"상용근로자 30인 이상","비금속광물 광업; 연료용 제외","간접노동비용(계)[천원]","천원","1223.4","1036.1","1044.1","1198.3","991.7","1131.2",
"상용근로자 30인 이상","비금속광물 광업; 연료용 제외","퇴직급여 등의 비용[천원]","천원","411.8","315.6","420.2","440.4","364.4","532.7",
"상용근로자 30인 이상","비금속광물 광업; 연료용 제외","법정노동비용[천원]","천원","465","436","394.3","453.3","401.3","395.6",
"상용근로자 30인 이상","비금속광물 광업; 연료용 제외","법정외 복지비용[천원]","천원","342.2","281.4","226.9","300.5","224","199.5",
"상용근로자 30인 이상","비금속광물 광업; 연료용 제외","채용관련비용(모집비)[천원]","천원",".8",".6",".9",".4",".3",".1",
"상용근로자 30인 이상","비금속광물 광업; 연료용 제외","교육훈련비용[천원]","천원","3.6","2.4","1.8","3.7","1.6","3.3",
"상용근로자 30인 이상","광업 지원 서비스업","노동비용총액[천원]","천원","-","-","-","-","-","-",
"상용근로자 30인 이상","광업 지원 서비스업","직접노동비용(계)[천원]","천원","-","-","-","-","-","-",
"상용근로자 30인 이상","광업 지원 서비스업","정액 및 초과급여[천원]","천원","-","-","-","-","-","-",
"상용근로자 30인 이상","광업 지원 서비스업","상여금 및 성과금[천원]","천원","-","-","-","-","-","-",
"상용근로자 30인 이상","광업 지원 서비스업","간접노동비용(계)[천원]","천원","-","-","-","-","-","-",
"상용근로자 30인 이상","광업 지원 서비스업","퇴직급여 등의 비용[천원]","천원","-","-","-","-","-","-",
"상용근로자 30인 이상","광업 지원 서비스업","법정노동비용[천원]","천원","-","-","-","-","-","-",
"상용근로자 30인 이상","광업 지원 서비스업","법정외 복지비용[천원]","천원","-","-","-","-","-","-",
"상용근로자 30인 이상","광업 지원 서비스업","채용관련비용(모집비)[천원]","천원","-","-","-","-","-","-",
"상용근로자 30인 이상","광업 지원 서비스업","교육훈련비용[천원]","천원","-","-","-","-","-","-",
"상용근로자 30인 이상","식료품 제조업","노동비용총액[천원]","천원","5688.7","5348.6","5262.5","5285.5","4729.2","4492.5",
"상용근로자 30인 이상","식료품 제조업","직접노동비용(계)[천원]","천원","4513.8","4292.7","4135.5","4057.4","3627.2","3492.2",
"상용근로자 30인 이상","식료품 제조업","정액 및 초과급여[천원]","천원","3989","3786","3637.1","3560.5","3231.5","3087.6",
"상용근로자 30인 이상","식료품 제조업","상여금 및 성과금[천원]","천원","524.8","506.7","498.4","496.9","395.7","404.5",
"상용근로자 30인 이상","식료품 제조업","간접노동비용(계)[천원]","천원","1174.9","1055.9","1127","1228","1102","1000.3",
"상용근로자 30인 이상","식료품 제조업","퇴직급여 등의 비용[천원]","천원","450.7","379.4","436.7","592.7","546.8","447.9",
"상용근로자 30인 이상","식료품 제조업","법정노동비용[천원]","천원","442.6","420.6","422.3","384.4","342.4","351.3",
"상용근로자 30인 이상","식료품 제조업","법정외 복지비용[천원]","천원","255","229.9","244.1","234.9","199.8","174.2",
"상용근로자 30인 이상","식료품 제조업","채용관련비용(모집비)[천원]","천원","6.7","7.1","6.5","4.9","3.3","5.7",
"상용근로자 30인 이상","식료품 제조업","교육훈련비용[천원]","천원","19.9","18.7","17.5","11.2","9.6","21.3",
"상용근로자 30인 이상","음료 제조업","노동비용총액[천원]","천원","7853.1","7955.4","7668.2","7249.2","6836.8","7091.3",
"상용근로자 30인 이상","음료 제조업","직접노동비용(계)[천원]","천원","6076.8","6034.7","5760.5","5537.4","5251","5459.9",
"상용근로자 30인 이상","음료 제조업","정액 및 초과급여[천원]","천원","4958.8","4784.6","4531.5","4441.8","4226.6","4035.6",
"상용근로자 30인 이상","음료 제조업","상여금 및 성과금[천원]","천원","1118","1250.1","1229","1095.6","1024.4","1424.3",
"상용근로자 30인 이상","음료 제조업","간접노동비용(계)[천원]","천원","1776.3","1920.7","1907.7","1711.8","1585.7","1631.3",
"상용근로자 30인 이상","음료 제조업","퇴직급여 등의 비용[천원]","천원","625.4","818.7","878","734.5","627.6","677.4",
"상용근로자 30인 이상","음료 제조업","법정노동비용[천원]","천원","625.3","622.6","572.9","539.9","527.3","496",
"상용근로자 30인 이상","음료 제조업","법정외 복지비용[천원]","천원","501.8","453.7","434.7","418.6","410.8","433",
"상용근로자 30인 이상","음료 제조업","채용관련비용(모집비)[천원]","천원","4.6","6","6.3","3.8","6.5","6.7",
"상용근로자 30인 이상","음료 제조업","교육훈련비용[천원]","천원","19.1","19.7","15.8","14.9","13.6","18.2",
"상용근로자 30인 이상","담배 제조업","노동비용총액[천원]","천원","10442.6","9907.5","10091.5","9326.8","8664.6","8569.3",
"상용근로자 30인 이상","담배 제조업","직접노동비용(계)[천원]","천원","8421.8","7918","7583.2","7331.4","6844.5","6482.9",
"상용근로자 30인 이상","담배 제조업","정액 및 초과급여[천원]","천원","6017.4","5609.3","5634.1","5413.8","5053.7","4997.7",
"상용근로자 30인 이상","담배 제조업","상여금 및 성과금[천원]","천원","2404.4","2308.7","1949.1","1917.7","1790.8","1485.2",
"상용근로자 30인 이상","담배 제조업","간접노동비용(계)[천원]","천원","2020.8","1989.5","2508.3","1995.3","1820.1","2086.4",
"상용근로자 30인 이상","담배 제조업","퇴직급여 등의 비용[천원]","천원","717.7","759.6","1276.9","962.7","817","982.1",
"상용근로자 30인 이상","담배 제조업","법정노동비용[천원]","천원","814.3","715.1","675.1","657.8","628.4","597.8",
"상용근로자 30인 이상","담배 제조업","법정외 복지비용[천원]","천원","393.9","424.5","492.3","286.6","283.1","375.9",
"상용근로자 30인 이상","담배 제조업","채용관련비용(모집비)[천원]","천원","9.8","10.9","7.8","7.1","16.7","14",
"상용근로자 30인 이상","담배 제조업","교육훈련비용[천원]","천원","85.2","79.4","56.2","81.2","75","116.7",
"상용근로자 30인 이상","섬유제품 제조업; 의복 제외","노동비용총액[천원]","천원","4720.1","4566.5","4375.7","4275.4","3975.3","4080.3",
"상용근로자 30인 이상","섬유제품 제조업; 의복 제외","직접노동비용(계)[천원]","천원","3847.9","3716.3","3348.8","3401.2","3166.6","3337.7",
"상용근로자 30인 이상","섬유제품 제조업; 의복 제외","정액 및 초과급여[천원]","천원","3711.2","3640.6","3234.6","3228.4","3041.2","3141.3",
"상용근로자 30인 이상","섬유제품 제조업; 의복 제외","상여금 및 성과금[천원]","천원","136.7","75.6","114.2","172.8","125.5","196.4",
"상용근로자 30인 이상","섬유제품 제조업; 의복 제외","간접노동비용(계)[천원]","천원","872.1","850.3","1026.9","874.2","808.6","742.7",
"상용근로자 30인 이상","섬유제품 제조업; 의복 제외","퇴직급여 등의 비용[천원]","천원","349.2","375.2","542","447.1","426.3","371.8",
"상용근로자 30인 이상","섬유제품 제조업; 의복 제외","법정노동비용[천원]","천원","351.5","326.9","292.4","303.8","288.6","279.9",
"상용근로자 30인 이상","섬유제품 제조업; 의복 제외","법정외 복지비용[천원]","천원","165.7","140.9","189.2","120.6","92.4","85.9",
"상용근로자 30인 이상","섬유제품 제조업; 의복 제외","채용관련비용(모집비)[천원]","천원",".8","2","1.1",".9",".5","1.4",
"상용근로자 30인 이상","섬유제품 제조업; 의복 제외","교육훈련비용[천원]","천원","4.9","5.4","2.1","1.9","1","3.7",
"상용근로자 30인 이상","의복, 의복 액세서리 및 모피제품 제조업","노동비용총액[천원]","천원","5455","5550.4","5232.4","5174","4840.5","4616.2",
"상용근로자 30인 이상","의복, 의복 액세서리 및 모피제품 제조업","직접노동비용(계)[천원]","천원","4395.9","4397.6","4168.9","4175.2","3859","3741.5",
"상용근로자 30인 이상","의복, 의복 액세서리 및 모피제품 제조업","정액 및 초과급여[천원]","천원","4012.1","3968.6","3820.3","3866.5","3484.4","3452.5",
"상용근로자 30인 이상","의복, 의복 액세서리 및 모피제품 제조업","상여금 및 성과금[천원]","천원","383.8","429","348.6","308.7","374.7","289",
"상용근로자 30인 이상","의복, 의복 액세서리 및 모피제품 제조업","간접노동비용(계)[천원]","천원","1059.1","1152.9","1063.5","998.8","981.5","874.7",
"상용근로자 30인 이상","의복, 의복 액세서리 및 모피제품 제조업","퇴직급여 등의 비용[천원]","천원","442.4","579.2","508.7","492.2","464.4","391.3",
"상용근로자 30인 이상","의복, 의복 액세서리 및 모피제품 제조업","법정노동비용[천원]","천원","405.3","420","401","381.1","381.4","351",
"상용근로자 30인 이상","의복, 의복 액세서리 및 모피제품 제조업","법정외 복지비용[천원]","천원","191.4","132.5","131.1","112.1","125.1","109.2",
"상용근로자 30인 이상","의복, 의복 액세서리 및 모피제품 제조업","채용관련비용(모집비)[천원]","천원","7.7","7.1","10.4","5.3","4","6.9",
"상용근로자 30인 이상","의복, 의복 액세서리 및 모피제품 제조업","교육훈련비용[천원]","천원","12.3","14.1","12.3","8.1","6.7","16.3",
"상용근로자 30인 이상","가죽, 가방 및 신발 제조업","노동비용총액[천원]","천원","4903.7","4898.9","4834.2","4646.6","4719.5","4152.1",
"상용근로자 30인 이상","가죽, 가방 및 신발 제조업","직접노동비용(계)[천원]","천원","3986.4","3960.4","3936.8","3679.7","3459.3","3264.8",
"상용근로자 30인 이상","가죽, 가방 및 신발 제조업","정액 및 초과급여[천원]","천원","3695","3706.7","3613.5","3390.3","3250.7","3045.4",
"상용근로자 30인 이상","가죽, 가방 및 신발 제조업","상여금 및 성과금[천원]","천원","291.4","253.7","323.3","289.4","208.7","219.4",
"상용근로자 30인 이상","가죽, 가방 및 신발 제조업","간접노동비용(계)[천원]","천원","917.3","938.5","897.5","966.9","1260.1","887.3",
"상용근로자 30인 이상","가죽, 가방 및 신발 제조업","퇴직급여 등의 비용[천원]","천원","419.5","442","432.6","438","776.2","367.9",
"상용근로자 30인 이상","가죽, 가방 및 신발 제조업","법정노동비용[천원]","천원","358.6","355.3","352.9","321.7","329","325.6",
"상용근로자 30인 이상","가죽, 가방 및 신발 제조업","법정외 복지비용[천원]","천원","132.9","137.7","108.2","198.8","147.9","184.6",
"상용근로자 30인 이상","가죽, 가방 및 신발 제조업","채용관련비용(모집비)[천원]","천원","1.8","1","1.1","4.4","2.6",".7",
"상용근로자 30인 이상","가죽, 가방 및 신발 제조업","교육훈련비용[천원]","천원","4.5","2.4","2.5","4","4.5","8.4",
"상용근로자 30인 이상","목재 및 나무제품 제조업; 가구 제외","노동비용총액[천원]","천원","5705.1","5579.8","5595","6188.2","5151.2","4818.7",
"상용근로자 30인 이상","목재 및 나무제품 제조업; 가구 제외","직접노동비용(계)[천원]","천원","4418.3","4426.7","4430.7","4727.4","3982.7","3668.3",
"상용근로자 30인 이상","목재 및 나무제품 제조업; 가구 제외","정액 및 초과급여[천원]","천원","4068.4","4119.9","4134.3","4063.3","3600.8","3404.3",
"상용근로자 30인 이상","목재 및 나무제품 제조업; 가구 제외","상여금 및 성과금[천원]","천원","349.9","306.8","296.4","664.2","381.9","263.9",
"상용근로자 30인 이상","목재 및 나무제품 제조업; 가구 제외","간접노동비용(계)[천원]","천원","1286.8","1153.1","1164.3","1460.8","1168.5","1150.4",
"상용근로자 30인 이상","목재 및 나무제품 제조업; 가구 제외","퇴직급여 등의 비용[천원]","천원","597.7","491.9","475.3","777.4","559.3","566.1",
"상용근로자 30인 이상","목재 및 나무제품 제조업; 가구 제외","법정노동비용[천원]","천원","427.1","447.1","446.9","426.3","370.6","391.8",
"상용근로자 30인 이상","목재 및 나무제품 제조업; 가구 제외","법정외 복지비용[천원]","천원","237.4","203.2","225.5","245.8","230.9","183.8",
"상용근로자 30인 이상","목재 및 나무제품 제조업; 가구 제외","채용관련비용(모집비)[천원]","천원","16.8","3.1","6.1","5.1","3.5","1.4",
"상용근로자 30인 이상","목재 및 나무제품 제조업; 가구 제외","교육훈련비용[천원]","천원","7.8","7.8","10.6","6.1","4.2","7.3",
"상용근로자 30인 이상","펄프, 종이 및 종이제품 제조업","노동비용총액[천원]","천원","6322.5","6408.8","6372.4","6018.2","6032.2","5820.4",
"상용근로자 30인 이상","펄프, 종이 및 종이제품 제조업","직접노동비용(계)[천원]","천원","4920.6","4936.9","4955.2","4663.5","4662.2","4717.8",
"상용근로자 30인 이상","펄프, 종이 및 종이제품 제조업","정액 및 초과급여[천원]","천원","4265","4234.8","4173.8","4035.8","3897.8","3728.9",
"상용근로자 30인 이상","펄프, 종이 및 종이제품 제조업","상여금 및 성과금[천원]","천원","655.6","702.1","781.4","627.7","764.4","988.8",
"상용근로자 30인 이상","펄프, 종이 및 종이제품 제조업","간접노동비용(계)[천원]","천원","1401.9","1471.9","1417.2","1354.7","1370","1102.7",
"상용근로자 30인 이상","펄프, 종이 및 종이제품 제조업","퇴직급여 등의 비용[천원]","천원","547.3","599.5","550.8","569.8","530.1","435.3",
"상용근로자 30인 이상","펄프, 종이 및 종이제품 제조업","법정노동비용[천원]","천원","489.3","503.1","483.9","456.6","454.5","394",
"상용근로자 30인 이상","펄프, 종이 및 종이제품 제조업","법정외 복지비용[천원]","천원","350.2","354.6","367.3","315.4","371.6","258.7",
"상용근로자 30인 이상","펄프, 종이 및 종이제품 제조업","채용관련비용(모집비)[천원]","천원","2.3","2.6","3.3","3.4","3.4","2.7",
"상용근로자 30인 이상","펄프, 종이 및 종이제품 제조업","교육훈련비용[천원]","천원","12.8","12.1","11.8","9.5","10.3","12",
"상용근로자 30인 이상","인쇄 및 기록매체 복제업","노동비용총액[천원]","천원","4743.3","4587.8","4339.8","4416.1","3863","4532.8",
"상용근로자 30인 이상","인쇄 및 기록매체 복제업","직접노동비용(계)[천원]","천원","3929","3714.6","3541.3","3599.6","3042.7","3496.7",
"상용근로자 30인 이상","인쇄 및 기록매체 복제업","정액 및 초과급여[천원]","천원","3701.3","3515.8","3361.8","3497.2","2929.8","3251.9",
"상용근로자 30인 이상","인쇄 및 기록매체 복제업","상여금 및 성과금[천원]","천원","227.7","198.8","179.5","102.4","112.9","244.8",
"상용근로자 30인 이상","인쇄 및 기록매체 복제업","간접노동비용(계)[천원]","천원","814.3","873.2","798.4","816.6","820.4","1036.1",
"상용근로자 30인 이상","인쇄 및 기록매체 복제업","퇴직급여 등의 비용[천원]","천원","289.8","364.6","314.6","350.4","375.8","579.1",
"상용근로자 30인 이상","인쇄 및 기록매체 복제업","법정노동비용[천원]","천원","365.8","349.3","339.3","339.9","296.9","311.6",
"상용근로자 30인 이상","인쇄 및 기록매체 복제업","법정외 복지비용[천원]","천원","156.6","157.2","142.4","124.2","146.5","143.8",
"상용근로자 30인 이상","인쇄 및 기록매체 복제업","채용관련비용(모집비)[천원]","천원",".4",".6",".7",".8",".2",".7",
"상용근로자 30인 이상","인쇄 및 기록매체 복제업","교육훈련비용[천원]","천원","1.6","1.5","1.4","1.2","1",".8",
"상용근로자 30인 이상","코크스, 연탄 및 석유정제품 제조업","노동비용총액[천원]","천원","14786.1","15145.5","16649.1","12196.5","11187.2","12374.7",
"상용근로자 30인 이상","코크스, 연탄 및 석유정제품 제조업","직접노동비용(계)[천원]","천원","10988.4","11666.3","12494.3","8947.6","8108.7","8965.7",
"상용근로자 30인 이상","코크스, 연탄 및 석유정제품 제조업","정액 및 초과급여[천원]","천원","6724.1","6240.2","5828.8","5267","5105.9","5116.9",
"상용근로자 30인 이상","코크스, 연탄 및 석유정제품 제조업","상여금 및 성과금[천원]","천원","4264.2","5426.1","6665.5","3680.5","3002.8","3848.8",
"상용근로자 30인 이상","코크스, 연탄 및 석유정제품 제조업","간접노동비용(계)[천원]","천원","3797.7","3479.2","4154.8","3249","3078.6","3409",
"상용근로자 30인 이상","코크스, 연탄 및 석유정제품 제조업","퇴직급여 등의 비용[천원]","천원","1207.1","951.5","1932.2","1406.7","1182.8","1515.5",
"상용근로자 30인 이상","코크스, 연탄 및 석유정제품 제조업","법정노동비용[천원]","천원","1025.3","1032.6","825","711.5","723.6","808.7",
"상용근로자 30인 이상","코크스, 연탄 및 석유정제품 제조업","법정외 복지비용[천원]","천원","1442","1362.8","1279.2","1057.8","1097","997.9",
"상용근로자 30인 이상","코크스, 연탄 및 석유정제품 제조업","채용관련비용(모집비)[천원]","천원","22.3","15.1","15.8","11.8","7.2","12.6",
"상용근로자 30인 이상","코크스, 연탄 및 석유정제품 제조업","교육훈련비용[천원]","천원","101.1","117.1","102.6","61.2","67.9","74.2",
"상용근로자 30인 이상","화학 물질 및 화학제품 제조업; 의약품 제외","노동비용총액[천원]","천원","8126.9","8006.3","8361.1","7589.3","7021.8","7090",
"상용근로자 30인 이상","화학 물질 및 화학제품 제조업; 의약품 제외","직접노동비용(계)[천원]","천원","6356","6276.8","6347","5884.5","5386.6","5465.4",
"상용근로자 30인 이상","화학 물질 및 화학제품 제조업; 의약품 제외","정액 및 초과급여[천원]","천원","5236.5","5080.9","4967.2","4605.1","4411.9","4352.7",
"상용근로자 30인 이상","화학 물질 및 화학제품 제조업; 의약품 제외","상여금 및 성과금[천원]","천원","1119.5","1195.9","1379.7","1279.4","974.7","1112.7",
"상용근로자 30인 이상","화학 물질 및 화학제품 제조업; 의약품 제외","간접노동비용(계)[천원]","천원","1770.8","1729.5","2014.1","1704.9","1635.2","1624.5",
"상용근로자 30인 이상","화학 물질 및 화학제품 제조업; 의약품 제외","퇴직급여 등의 비용[천원]","천원","623.4","616.5","931.3","736","656.2","656.2",
"상용근로자 30인 이상","화학 물질 및 화학제품 제조업; 의약품 제외","법정노동비용[천원]","천원","609.9","607.7","581.5","514.4","509.4","510.9",
"상용근로자 30인 이상","화학 물질 및 화학제품 제조업; 의약품 제외","법정외 복지비용[천원]","천원","496.5","450","451.3","416.1","429.8","396",
"상용근로자 30인 이상","화학 물질 및 화학제품 제조업; 의약품 제외","채용관련비용(모집비)[천원]","천원","8.1","10.5","10.4","7.4","6.9","9.2",
"상용근로자 30인 이상","화학 물질 및 화학제품 제조업; 의약품 제외","교육훈련비용[천원]","천원","33","44.7","39.7","31","33","52.2",
"상용근로자 30인 이상","의료용 물질 및 의약품 제조업","노동비용총액[천원]","천원","7164.8","6967.6","6536.1","6574","6392","6556.7",
"상용근로자 30인 이상","의료용 물질 및 의약품 제조업","직접노동비용(계)[천원]","천원","5753.9","5435.5","5098.5","5298.1","5126.1","5029.1",
"상용근로자 30인 이상","의료용 물질 및 의약품 제조업","정액 및 초과급여[천원]","천원","4585.7","4274.3","4059.6","4338","4147.3","4036.3",
"상용근로자 30인 이상","의료용 물질 및 의약품 제조업","상여금 및 성과금[천원]","천원","1168.2","1161.2","1038.9","960.1","978.8","992.8",
"상용근로자 30인 이상","의료용 물질 및 의약품 제조업","간접노동비용(계)[천원]","천원","1410.9","1532.1","1437.5","1275.9","1265.8","1527.6",
"상용근로자 30인 이상","의료용 물질 및 의약품 제조업","퇴직급여 등의 비용[천원]","천원","536.6","719.4","688.2","468.5","503.8","796.2",
"상용근로자 30인 이상","의료용 물질 및 의약품 제조업","법정노동비용[천원]","천원","565","533.6","485","511","479.6","452.9",
"상용근로자 30인 이상","의료용 물질 및 의약품 제조업","법정외 복지비용[천원]","천원","261.5","235.5","223.6","249.9","237.8","224.2",
"상용근로자 30인 이상","의료용 물질 및 의약품 제조업","채용관련비용(모집비)[천원]","천원","17","15.1","16.3","22.9","18.3","22.4",
"상용근로자 30인 이상","의료용 물질 및 의약품 제조업","교육훈련비용[천원]","천원","30.8","28.5","24.4","23.7","26.4","31.9",
"상용근로자 30인 이상","고무 및 플라스틱제품 제조업","노동비용총액[천원]","천원","6115.6","6213.3","5916.2","5524","5321.5","5171.2",
"상용근로자 30인 이상","고무 및 플라스틱제품 제조업","직접노동비용(계)[천원]","천원","4827.7","4815.2","4677.4","4350.8","4084.9","4129.5",
"상용근로자 30인 이상","고무 및 플라스틱제품 제조업","정액 및 초과급여[천원]","천원","4222.3","4179.8","4099.5","3792.3","3561.9","3514.6",
"상용근로자 30인 이상","고무 및 플라스틱제품 제조업","상여금 및 성과금[천원]","천원","605.4","635.4","577.9","558.5","523","614.9",
"상용근로자 30인 이상","고무 및 플라스틱제품 제조업","간접노동비용(계)[천원]","천원","1287.9","1398.1","1238.8","1173.2","1236.6","1041.7",
"상용근로자 30인 이상","고무 및 플라스틱제품 제조업","퇴직급여 등의 비용[천원]","천원","537.9","671.4","562.1","469.2","557.2","425.5",
"상용근로자 30인 이상","고무 및 플라스틱제품 제조업","법정노동비용[천원]","천원","467.8","460.8","462.6","416.5","396.4","368",
"상용근로자 30인 이상","고무 및 플라스틱제품 제조업","법정외 복지비용[천원]","천원","268.7","252.3","202.5","278","276.3","237",
"상용근로자 30인 이상","고무 및 플라스틱제품 제조업","채용관련비용(모집비)[천원]","천원","2.9","3.2","3.1","2.9","1.9","2.3",
"상용근로자 30인 이상","고무 및 플라스틱제품 제조업","교육훈련비용[천원]","천원","10.6","10.4","8.5","6.6","4.8","8.8",
"상용근로자 30인 이상","비금속 광물제품 제조업","노동비용총액[천원]","천원","7796.5","7428","7055.9","6380.8","5904.2","5856",
"상용근로자 30인 이상","비금속 광물제품 제조업","직접노동비용(계)[천원]","천원","5903.3","5635.6","5291.8","4887.6","4643.9","4592.6",
"상용근로자 30인 이상","비금속 광물제품 제조업","정액 및 초과급여[천원]","천원","4735.9","4653.3","4381.8","4065.6","3946","3897.4",
"상용근로자 30인 이상","비금속 광물제품 제조업","상여금 및 성과금[천원]","천원","1167.5","982.3","910","822","697.9","695.2",
"상용근로자 30인 이상","비금속 광물제품 제조업","간접노동비용(계)[천원]","천원","1893.2","1792.5","1764","1493.2","1260.3","1263.4",
"상용근로자 30인 이상","비금속 광물제품 제조업","퇴직급여 등의 비용[천원]","천원","808.9","789.8","825","672.8","547.3","561.5",
"상용근로자 30인 이상","비금속 광물제품 제조업","법정노동비용[천원]","천원","580.5","521.8","505.3","466","437.9","403.6",
"상용근로자 30인 이상","비금속 광물제품 제조업","법정외 복지비용[천원]","천원","464.7","438.5","413.5","334.7","265","278.6",
"상용근로자 30인 이상","비금속 광물제품 제조업","채용관련비용(모집비)[천원]","천원","5.7","10.1","4.9","6.5","1.2","3.3",
"상용근로자 30인 이상","비금속 광물제품 제조업","교육훈련비용[천원]","천원","33.3","32.3","15.2","13.3","8.8","16.4",
"상용근로자 30인 이상","1차 금속 제조업","노동비용총액[천원]","천원","8419.8","8311.8","8564.6","7550.8","6826.9","6692.8",
"상용근로자 30인 이상","1차 금속 제조업","직접노동비용(계)[천원]","천원","6623","6447.1","6559.5","5891.6","5301.3","5159.1",
"상용근로자 30인 이상","1차 금속 제조업","정액 및 초과급여[천원]","천원","5072.9","4945.3","4857.2","4318.7","4102.4","3986.2",
"상용근로자 30인 이상","1차 금속 제조업","상여금 및 성과금[천원]","천원","1550.1","1501.8","1702.2","1572.9","1198.9","1172.9",
"상용근로자 30인 이상","1차 금속 제조업","간접노동비용(계)[천원]","천원","1796.9","1864.6","2005.1","1659.2","1525.6","1533.7",
"상용근로자 30인 이상","1차 금속 제조업","퇴직급여 등의 비용[천원]","천원","543.5","624","816.1","671.8","608.4","607.1",
"상용근로자 30인 이상","1차 금속 제조업","법정노동비용[천원]","천원","652.5","641.9","628.6","556.8","502.3","490.1",
"상용근로자 30인 이상","1차 금속 제조업","법정외 복지비용[천원]","천원","541.7","546.3","510.7","393.5","384.8","395.3",
"상용근로자 30인 이상","1차 금속 제조업","채용관련비용(모집비)[천원]","천원","5.9","4.6","4.2","2.4","1.2","4.7",
"상용근로자 30인 이상","1차 금속 제조업","교육훈련비용[천원]","천원","53.3","47.9","45.5","34.9","28.8","36.5",
"상용근로자 30인 이상","금속 가공제품 제조업; 기계 및 가구 제외","노동비용총액[천원]","천원","5973.1","5776.4","5259","5579","5318.5","4939",
"상용근로자 30인 이상","금속 가공제품 제조업; 기계 및 가구 제외","직접노동비용(계)[천원]","천원","4832.2","4582.5","4235.5","4390.1","4115.2","3991.5",
"상용근로자 30인 이상","금속 가공제품 제조업; 기계 및 가구 제외","정액 및 초과급여[천원]","천원","4197.6","4027.5","3748.3","4033.1","3771","3483.4",
"상용근로자 30인 이상","금속 가공제품 제조업; 기계 및 가구 제외","상여금 및 성과금[천원]","천원","634.6","554.9","487.2","357.1","344.2","508.1",
"상용근로자 30인 이상","금속 가공제품 제조업; 기계 및 가구 제외","간접노동비용(계)[천원]","천원","1140.9","1193.9","1023.4","1188.9","1203.3","947.5",
"상용근로자 30인 이상","금속 가공제품 제조업; 기계 및 가구 제외","퇴직급여 등의 비용[천원]","천원","398.7","485.9","417.8","554.9","612.2","386.3",
"상용근로자 30인 이상","금속 가공제품 제조업; 기계 및 가구 제외","법정노동비용[천원]","천원","445.9","428","382.4","409","378.5","356.5",
"상용근로자 30인 이상","금속 가공제품 제조업; 기계 및 가구 제외","법정외 복지비용[천원]","천원","276.7","260.9","213.9","220","209.5","198.5",
"상용근로자 30인 이상","금속 가공제품 제조업; 기계 및 가구 제외","채용관련비용(모집비)[천원]","천원","1.8","3",".8","1.8","1.1","2.9",
"상용근로자 30인 이상","금속 가공제품 제조업; 기계 및 가구 제외","교육훈련비용[천원]","천원","17.9","16.1","8.5","3.3","2.1","3.3",
"상용근로자 30인 이상","전자 부품, 컴퓨터, 영상, 음향 및 통신장비 제조업","노동비용총액[천원]","천원","9852.7","9321.5","10052","10050.3","8572.9","8708.8",
"상용근로자 30인 이상","전자 부품, 컴퓨터, 영상, 음향 및 통신장비 제조업","직접노동비용(계)[천원]","천원","7521","6999.2","7628.3","7585.6","6436","6612.6",
"상용근로자 30인 이상","전자 부품, 컴퓨터, 영상, 음향 및 통신장비 제조업","정액 및 초과급여[천원]","천원","5744.2","5361.9","4991.6","4902.1","4549.2","4402.5",
"상용근로자 30인 이상","전자 부품, 컴퓨터, 영상, 음향 및 통신장비 제조업","상여금 및 성과금[천원]","천원","1776.8","1637.3","2636.7","2683.5","1886.8","2210.1",
"상용근로자 30인 이상","전자 부품, 컴퓨터, 영상, 음향 및 통신장비 제조업","간접노동비용(계)[천원]","천원","2331.7","2322.3","2423.8","2464.7","2136.9","2096.2",
"상용근로자 30인 이상","전자 부품, 컴퓨터, 영상, 음향 및 통신장비 제조업","퇴직급여 등의 비용[천원]","천원","892.6","898.1","1102.1","1286.2","971","965.1",
"상용근로자 30인 이상","전자 부품, 컴퓨터, 영상, 음향 및 통신장비 제조업","법정노동비용[천원]","천원","685.3","708.4","664.8","589.6","561.1","561.6",
"상용근로자 30인 이상","전자 부품, 컴퓨터, 영상, 음향 및 통신장비 제조업","법정외 복지비용[천원]","천원","649.1","618.3","565","544.7","528","482.3",
"상용근로자 30인 이상","전자 부품, 컴퓨터, 영상, 음향 및 통신장비 제조업","채용관련비용(모집비)[천원]","천원","25.5","23.7","20.7","12.7","25.8","26.7",
"상용근로자 30인 이상","전자 부품, 컴퓨터, 영상, 음향 및 통신장비 제조업","교육훈련비용[천원]","천원","79.1","73.8","71.2","31.5","50.9","60.5",
"상용근로자 30인 이상","의료, 정밀, 광학 기기 및 시계 제조업","노동비용총액[천원]","천원","5712.5","5560.2","5317.8","6048.7","5960.2","5128.2",
"상용근로자 30인 이상","의료, 정밀, 광학 기기 및 시계 제조업","직접노동비용(계)[천원]","천원","4728.9","4589.9","4376.3","4853.5","4716.5","4089.8",
"상용근로자 30인 이상","의료, 정밀, 광학 기기 및 시계 제조업","정액 및 초과급여[천원]","천원","4309.9","4155.2","3923.7","4138.7","4011","3571.6",
"상용근로자 30인 이상","의료, 정밀, 광학 기기 및 시계 제조업","상여금 및 성과금[천원]","천원","419.1","434.7","452.6","714.7","705.5","518.2",
"상용근로자 30인 이상","의료, 정밀, 광학 기기 및 시계 제조업","간접노동비용(계)[천원]","천원","983.6","970.3","941.5","1195.2","1243.7","1038.4",
"상용근로자 30인 이상","의료, 정밀, 광학 기기 및 시계 제조업","퇴직급여 등의 비용[천원]","천원","333.6","335.3","359.5","479.5","513.8","383.2",
"상용근로자 30인 이상","의료, 정밀, 광학 기기 및 시계 제조업","법정노동비용[천원]","천원","427.6","419.5","374.7","438.2","440","421.9",
"상용근로자 30인 이상","의료, 정밀, 광학 기기 및 시계 제조업","법정외 복지비용[천원]","천원","204","200","191.6","259.1","268","211.8",
"상용근로자 30인 이상","의료, 정밀, 광학 기기 및 시계 제조업","채용관련비용(모집비)[천원]","천원","7.4","6.7","8","6.4","6.6","3.7",
"상용근로자 30인 이상","의료, 정밀, 광학 기기 및 시계 제조업","교육훈련비용[천원]","천원","11","8.9","7.8","11.9","15.3","17.7",
"상용근로자 30인 이상","전기장비 제조업","노동비용총액[천원]","천원","7482.5","7203.6","6822.3","6911.1","5898.2","5733.9",
"상용근로자 30인 이상","전기장비 제조업","직접노동비용(계)[천원]","천원","5852","5618.1","5317.8","5285","4589","4481.6",
"상용근로자 30인 이상","전기장비 제조업","정액 및 초과급여[천원]","천원","4767.5","4352.8","4364.5","4275.6","3984","3855.1",
"상용근로자 30인 이상","전기장비 제조업","상여금 및 성과금[천원]","천원","1084.5","1265.3","953.3","1009.3","604.9","626.5",
"상용근로자 30인 이상","전기장비 제조업","간접노동비용(계)[천원]","천원","1630.5","1585.5","1504.5","1626.2","1309.2","1252.3",
"상용근로자 30인 이상","전기장비 제조업","퇴직급여 등의 비용[천원]","천원","422.8","436.3","505.7","582.2","488.1","510.3",
"상용근로자 30인 이상","전기장비 제조업","법정노동비용[천원]","천원","582.6","547","511.8","501.6","429.5","415.7",
"상용근로자 30인 이상","전기장비 제조업","법정외 복지비용[천원]","천원","550.3","520.1","430.8","465.4","361.5","292.9",
"상용근로자 30인 이상","전기장비 제조업","채용관련비용(모집비)[천원]","천원","19","16.8","12.5","10.7","4.8","5",
"상용근로자 30인 이상","전기장비 제조업","교육훈련비용[천원]","천원","55.8","65.3","43.7","66.3","25.4","28.4",
"상용근로자 30인 이상","기타 기계 및 장비 제조업","노동비용총액[천원]","천원","6407.7","6039.1","5791.1","5825.2","5418.9","5351.8",
"상용근로자 30인 이상","기타 기계 및 장비 제조업","직접노동비용(계)[천원]","천원","5089.5","4865.2","4604.2","4595.3","4298.9","4104.2",
"상용근로자 30인 이상","기타 기계 및 장비 제조업","정액 및 초과급여[천원]","천원","4445.1","4239.6","3967.2","3948.8","3724","3525.2",
"상용근로자 30인 이상","기타 기계 및 장비 제조업","상여금 및 성과금[천원]","천원","644.4","625.7","637","646.5","574.9","579",
"상용근로자 30인 이상","기타 기계 및 장비 제조업","간접노동비용(계)[천원]","천원","1318.2","1173.9","1186.9","1229.9","1120","1247.6",
"상용근로자 30인 이상","기타 기계 및 장비 제조업","퇴직급여 등의 비용[천원]","천원","526.4","433","516.3","540.8","456.5","510.6",
"상용근로자 30인 이상","기타 기계 및 장비 제조업","법정노동비용[천원]","천원","496.2","472.3","451.1","429.9","406.8","406",
"상용근로자 30인 이상","기타 기계 및 장비 제조업","법정외 복지비용[천원]","천원","279.2","253.3","210.4","240.6","246.8","297.5",
"상용근로자 30인 이상","기타 기계 및 장비 제조업","채용관련비용(모집비)[천원]","천원","3.3","2.4","1.7","5.9","2.3","4",
"상용근로자 30인 이상","기타 기계 및 장비 제조업","교육훈련비용[천원]","천원","13.2","12.9","7.5","12.7","7.6","29.4",
"상용근로자 30인 이상","자동차 및 트레일러 제조업","노동비용총액[천원]","천원","9170","8596.5","7869.3","7390.5","6928.1","7200.5",
"상용근로자 30인 이상","자동차 및 트레일러 제조업","직접노동비용(계)[천원]","천원","7332.9","6885.3","6238.8","5723.7","5309.5","5636.6",
"상용근로자 30인 이상","자동차 및 트레일러 제조업","정액 및 초과급여[천원]","천원","4855.7","4692.5","4398.3","4207.3","4103.6","3941.6",
"상용근로자 30인 이상","자동차 및 트레일러 제조업","상여금 및 성과금[천원]","천원","2477.2","2192.8","1840.5","1516.4","1205.8","1695",
"상용근로자 30인 이상","자동차 및 트레일러 제조업","간접노동비용(계)[천원]","천원","1837.1","1711.2","1630.5","1666.8","1618.6","1563.9",
"상용근로자 30인 이상","자동차 및 트레일러 제조업","퇴직급여 등의 비용[천원]","천원","478.9","436.2","521.2","646.4","607.3","624.1",
"상용근로자 30인 이상","자동차 및 트레일러 제조업","법정노동비용[천원]","천원","715.1","656.3","588.8","535.6","525.6","511",
"상용근로자 30인 이상","자동차 및 트레일러 제조업","법정외 복지비용[천원]","천원","608.2","589.3","498.4","469.5","476.3","409.8",
"상용근로자 30인 이상","자동차 및 트레일러 제조업","채용관련비용(모집비)[천원]","천원","4.5","4.1","2.9","2.2","1.2","2",
"상용근로자 30인 이상","자동차 및 트레일러 제조업","교육훈련비용[천원]","천원","30.4","25.2","19.1","13.2","8.2","17",
"상용근로자 30인 이상","기타 운송장비 제조업","노동비용총액[천원]","천원","8231.9","7937.7","7393.6","6803.3","6228.3","6871.9",
"상용근로자 30인 이상","기타 운송장비 제조업","직접노동비용(계)[천원]","천원","6322.7","5969.9","5491.5","5015","4752.9","5028",
"상용근로자 30인 이상","기타 운송장비 제조업","정액 및 초과급여[천원]","천원","5124.8","4944.5","4466.2","4070.2","3886","3815.5",
"상용근로자 30인 이상","기타 운송장비 제조업","상여금 및 성과금[천원]","천원","1197.9","1025.4","1025.3","944.8","866.9","1212.5",
"상용근로자 30인 이상","기타 운송장비 제조업","간접노동비용(계)[천원]","천원","1909.2","1967.8","1902.1","1788.3","1475.4","1843.9",
"상용근로자 30인 이상","기타 운송장비 제조업","퇴직급여 등의 비용[천원]","천원","593.1","774.3","844","779.2","493.7","829.6",
"상용근로자 30인 이상","기타 운송장비 제조업","법정노동비용[천원]","천원","660.7","620","553.3","536.1","533.3","501.4",
"상용근로자 30인 이상","기타 운송장비 제조업","법정외 복지비용[천원]","천원","618.5","541.1","478.8","457.1","433.1","491.9",
"상용근로자 30인 이상","기타 운송장비 제조업","채용관련비용(모집비)[천원]","천원","6.2","3.9","2.3","1.8","1.3","1.5",
"상용근로자 30인 이상","기타 운송장비 제조업","교육훈련비용[천원]","천원","30.7","28.5","23.6","14.2","14","19.5",
"상용근로자 30인 이상","가구 제조업","노동비용총액[천원]","천원","5196.5","4789.9","4722.1","4834.7","4738.3","4478.9",
"상용근로자 30인 이상","가구 제조업","직접노동비용(계)[천원]","천원","4147.4","3917.9","3787.5","3845.6","3685.8","3607.4",
"상용근로자 30인 이상","가구 제조업","정액 및 초과급여[천원]","천원","3841.9","3665.1","3543.9","3581.4","3415.5","3281.3",
"상용근로자 30인 이상","가구 제조업","상여금 및 성과금[천원]","천원","305.5","252.8","243.5","264.2","270.3","326.1",
"상용근로자 30인 이상","가구 제조업","간접노동비용(계)[천원]","천원","1049","871.9","934.6","989.1","1052.5","871.5",
"상용근로자 30인 이상","가구 제조업","퇴직급여 등의 비용[천원]","천원","474.7","303.2","373.9","404.9","467.9","381.4",
"상용근로자 30인 이상","가구 제조업","법정노동비용[천원]","천원","366.3","393.5","365.7","380.5","349.8","323.4",
"상용근로자 30인 이상","가구 제조업","법정외 복지비용[천원]","천원","187.2","160.2","175.4","180.1","212.3","151.6",
"상용근로자 30인 이상","가구 제조업","채용관련비용(모집비)[천원]","천원","9.4","4.7","9","9.5","7.4","5.1",
"상용근로자 30인 이상","가구 제조업","교육훈련비용[천원]","천원","11.3","10.4","10.6","14.1","15.2","10",
"상용근로자 30인 이상","기타 제품 제조업","노동비용총액[천원]","천원","5026.6","4846.4","4304.7","4346.3","4076.8","4021.7",
"상용근로자 30인 이상","기타 제품 제조업","직접노동비용(계)[천원]","천원","4170.3","3932.6","3614.4","3537.6","3278.3","3287.1",
"상용근로자 30인 이상","기타 제품 제조업","정액 및 초과급여[천원]","천원","3857.6","3611","3390.2","3267","3085.3","3017.3",
"상용근로자 30인 이상","기타 제품 제조업","상여금 및 성과금[천원]","천원","312.7","321.6","224.2","270.6","193","269.8",
"상용근로자 30인 이상","기타 제품 제조업","간접노동비용(계)[천원]","천원","856.3","913.8","690.3","808.7","798.4","734.6",
"상용근로자 30인 이상","기타 제품 제조업","퇴직급여 등의 비용[천원]","천원","339","410.2","256.8","333.8","357","297.9",
"상용근로자 30인 이상","기타 제품 제조업","법정노동비용[천원]","천원","382","358.9","324.3","316","300.5","280.3",
"상용근로자 30인 이상","기타 제품 제조업","법정외 복지비용[천원]","천원","132.1","142.2","104.8","156.4","138.5","149.5",
"상용근로자 30인 이상","기타 제품 제조업","채용관련비용(모집비)[천원]","천원","1",".2","2.8",".7","1","1.4",
"상용근로자 30인 이상","기타 제품 제조업","교육훈련비용[천원]","천원","2.2","2.2","1.6","1.9","1.4","5.6",
"상용근로자 30인 이상","산업용 기계 및 장비 수리업","노동비용총액[천원]","천원","7945.9","8469.2","6790.4","7192.8","6632.3","6745.6",
"상용근로자 30인 이상","산업용 기계 및 장비 수리업","직접노동비용(계)[천원]","천원","6430.6","6764.8","5583.1","5794.2","5255.3","5166.5",
"상용근로자 30인 이상","산업용 기계 및 장비 수리업","정액 및 초과급여[천원]","천원","5283.5","5602.2","4711.6","4699.5","4448.3","4305.6",
"상용근로자 30인 이상","산업용 기계 및 장비 수리업","상여금 및 성과금[천원]","천원","1147.1","1162.5","871.4","1094.7","807","860.9",
"상용근로자 30인 이상","산업용 기계 및 장비 수리업","간접노동비용(계)[천원]","천원","1515.3","1704.4","1207.4","1398.6","1377","1579.1",
"상용근로자 30인 이상","산업용 기계 및 장비 수리업","퇴직급여 등의 비용[천원]","천원","590","730.2","518.6","627.9","574.9","746.1",
"상용근로자 30인 이상","산업용 기계 및 장비 수리업","법정노동비용[천원]","천원","632.6","669.4","491.1","546.6","556.2","574.2",
"상용근로자 30인 이상","산업용 기계 및 장비 수리업","법정외 복지비용[천원]","천원","284","296.3","190.3","209.3","183.4","222.3",
"상용근로자 30인 이상","산업용 기계 및 장비 수리업","채용관련비용(모집비)[천원]","천원","2.2","1.2","4.2","3.6","2.6","3.7",
"상용근로자 30인 이상","산업용 기계 및 장비 수리업","교육훈련비용[천원]","천원","6.6","7.3","3.3","11.1","60","32.9",
"상용근로자 30인 이상","전기, 가스, 증기 및 공기 조절 공급업","노동비용총액[천원]","천원","10094.6","9698.1","9726.9","9247.5","9253.4","9295.1",
"상용근로자 30인 이상","전기, 가스, 증기 및 공기 조절 공급업","직접노동비용(계)[천원]","천원","7980.5","7717.4","7614.2","7445","7438.8","7459.9",
"상용근로자 30인 이상","전기, 가스, 증기 및 공기 조절 공급업","정액 및 초과급여[천원]","천원","5662.5","5607.5","5531.7","5456.6","5387.5","5510.2",
"상용근로자 30인 이상","전기, 가스, 증기 및 공기 조절 공급업","상여금 및 성과금[천원]","천원","2317.9","2109.9","2082.6","1988.4","2051.3","1949.7",
"상용근로자 30인 이상","전기, 가스, 증기 및 공기 조절 공급업","간접노동비용(계)[천원]","천원","2114.1","1980.7","2112.7","1802.6","1814.6","1835.1",
"상용근로자 30인 이상","전기, 가스, 증기 및 공기 조절 공급업","퇴직급여 등의 비용[천원]","천원","857.4","791.8","923.6","553.8","747.7","733.6",
"상용근로자 30인 이상","전기, 가스, 증기 및 공기 조절 공급업","법정노동비용[천원]","천원","736.5","706.7","694.1","698.8","645.8","611.9",
"상용근로자 30인 이상","전기, 가스, 증기 및 공기 조절 공급업","법정외 복지비용[천원]","천원","316.9","319","329.7","372.1","296","279.9",
"상용근로자 30인 이상","전기, 가스, 증기 및 공기 조절 공급업","채용관련비용(모집비)[천원]","천원","20.7","15.2","18.2","21.1","17.1","16.2",
"상용근로자 30인 이상","전기, 가스, 증기 및 공기 조절 공급업","교육훈련비용[천원]","천원","182.5","148.1","147.1","156.7","107.9","193.5",
"상용근로자 30인 이상","수도업","노동비용총액[천원]","천원","11828.3","12029.1","-","7071.5","6811.2","12294.1",
"상용근로자 30인 이상","수도업","직접노동비용(계)[천원]","천원","8795.8","9153.6","-","5846.8","5485.9","10304.6",
"상용근로자 30인 이상","수도업","정액 및 초과급여[천원]","천원","6755.8","7026.5","-","5261.2","4927.1","7553.3",
"상용근로자 30인 이상","수도업","상여금 및 성과금[천원]","천원","2040","2127.1","-","585.6","558.8","2751.2",
"상용근로자 30인 이상","수도업","간접노동비용(계)[천원]","천원","3032.5","2875.6","-","1224.7","1325.3","1989.6",
"상용근로자 30인 이상","수도업","퇴직급여 등의 비용[천원]","천원","1481.8","1273.9","-","407.3","487.2","507.1",
"상용근로자 30인 이상","수도업","법정노동비용[천원]","천원","722.6","702.8","-","484.9","474.2","717.8",
"상용근로자 30인 이상","수도업","법정외 복지비용[천원]","천원","716.4","746.5","-","285.4","333.8","699.6",
"상용근로자 30인 이상","수도업","채용관련비용(모집비)[천원]","천원",".9","1.2","-","1.3","1.8","1.9",
"상용근로자 30인 이상","수도업","교육훈련비용[천원]","천원","110.9","151.2","-","45.9","28.2","63.2",
"상용근로자 30인 이상","하수, 폐수 및 분뇨 처리업","노동비용총액[천원]","천원","5553.5","5217","5107.8","4614.3","4465.8","4571.2",
"상용근로자 30인 이상","하수, 폐수 및 분뇨 처리업","직접노동비용(계)[천원]","천원","4491.5","4193.5","3969","3648.8","3532","3696.1",
"상용근로자 30인 이상","하수, 폐수 및 분뇨 처리업","정액 및 초과급여[천원]","천원","4164.9","3922.8","3722.2","3405.6","3274.6","3303.1",
"상용근로자 30인 이상","하수, 폐수 및 분뇨 처리업","상여금 및 성과금[천원]","천원","326.6","270.6","246.8","243.1","257.4","393",
"상용근로자 30인 이상","하수, 폐수 및 분뇨 처리업","간접노동비용(계)[천원]","천원","1062.1","1023.6","1138.8","965.5","933.8","875.1",
"상용근로자 30인 이상","하수, 폐수 및 분뇨 처리업","퇴직급여 등의 비용[천원]","천원","433","422.1","575.9","448.4","371.1","323.8",
"상용근로자 30인 이상","하수, 폐수 및 분뇨 처리업","법정노동비용[천원]","천원","437.3","412.2","396.7","350.4","348.8","345.6",
"상용근로자 30인 이상","하수, 폐수 및 분뇨 처리업","법정외 복지비용[천원]","천원","185.6","174.1","159.7","156.7","207.6","193.4",
"상용근로자 30인 이상","하수, 폐수 및 분뇨 처리업","채용관련비용(모집비)[천원]","천원","1.9","8.7","2.7",".7",".5",".7",
"상용근로자 30인 이상","하수, 폐수 및 분뇨 처리업","교육훈련비용[천원]","천원","4.2","6.4","3.8","9.2","5.8","11.7",
"상용근로자 30인 이상","폐기물 수집, 운반, 처리 및 원료 재생업","노동비용총액[천원]","천원","6033.2","5676.3","5659.8","5254","4830.2","4586.8",
"상용근로자 30인 이상","폐기물 수집, 운반, 처리 및 원료 재생업","직접노동비용(계)[천원]","천원","4900.6","4680","4712.7","4324.2","3962.5","3800.6",
"상용근로자 30인 이상","폐기물 수집, 운반, 처리 및 원료 재생업","정액 및 초과급여[천원]","천원","4328.8","4104.2","4211.7","3960.7","3710.1","3401.4",
"상용근로자 30인 이상","폐기물 수집, 운반, 처리 및 원료 재생업","상여금 및 성과금[천원]","천원","571.8","575.8","501","363.5","252.4","399.2",
"상용근로자 30인 이상","폐기물 수집, 운반, 처리 및 원료 재생업","간접노동비용(계)[천원]","천원","1132.6","996.3","947","929.8","867.7","786.2",
"상용근로자 30인 이상","폐기물 수집, 운반, 처리 및 원료 재생업","퇴직급여 등의 비용[천원]","천원","508.3","401.7","436.6","428.6","360.4","381",
"상용근로자 30인 이상","폐기물 수집, 운반, 처리 및 원료 재생업","법정노동비용[천원]","천원","413.8","396.8","375.4","368.3","338.1","295.9",
"상용근로자 30인 이상","폐기물 수집, 운반, 처리 및 원료 재생업","법정외 복지비용[천원]","천원","205.5","194.1","129.9","131.4","167.1","105.1",
"상용근로자 30인 이상","폐기물 수집, 운반, 처리 및 원료 재생업","채용관련비용(모집비)[천원]","천원",".3",".3","1",".8",".7","1.7",
"상용근로자 30인 이상","폐기물 수집, 운반, 처리 및 원료 재생업","교육훈련비용[천원]","천원","4.6","3.5","4.1",".7","1.5","2.6",
"상용근로자 30인 이상","환경 정화 및 복원업","노동비용총액[천원]","천원","6673.3","6815.9","7555.8","5972.8","5124.2","5462.5",
"상용근로자 30인 이상","환경 정화 및 복원업","직접노동비용(계)[천원]","천원","4925.4","5105.7","5651.4","4836","3989.2","4203.2",
"상용근로자 30인 이상","환경 정화 및 복원업","정액 및 초과급여[천원]","천원","4591.8","4876.4","5240.7","4415","3788.6","3663.4",
"상용근로자 30인 이상","환경 정화 및 복원업","상여금 및 성과금[천원]","천원","333.6","229.3","410.8","421","200.6","539.8",
"상용근로자 30인 이상","환경 정화 및 복원업","간접노동비용(계)[천원]","천원","1747.9","1710.2","1904.4","1136.8","1135","1259.4",
"상용근로자 30인 이상","환경 정화 및 복원업","퇴직급여 등의 비용[천원]","천원","926.6","917.1","944.9","436.6","297.8","609.8",
"상용근로자 30인 이상","환경 정화 및 복원업","법정노동비용[천원]","천원","488.9","450.3","432.6","434.3","348","322.2",
"상용근로자 30인 이상","환경 정화 및 복원업","법정외 복지비용[천원]","천원","323.6","337.2","517.5","252.7","474.7","310",
"상용근로자 30인 이상","환경 정화 및 복원업","채용관련비용(모집비)[천원]","천원",".2",".4",".7",".4",".6","3.6",
"상용근로자 30인 이상","환경 정화 및 복원업","교육훈련비용[천원]","천원","8.6","5.2","8.7","12.9","14","13.8",
"상용근로자 30인 이상","종합 건설업","노동비용총액[천원]","천원","9678.6","9329.9","9039.7","8345.7","8341","7688.2",
"상용근로자 30인 이상","종합 건설업","직접노동비용(계)[천원]","천원","7057.7","7042.6","6588","6176.4","6127.6","5741.2",
"상용근로자 30인 이상","종합 건설업","정액 및 초과급여[천원]","천원","6415.9","6242.7","5756.7","5431.8","5448.3","5172.9",
"상용근로자 30인 이상","종합 건설업","상여금 및 성과금[천원]","천원","641.8","799.9","831.3","744.6","679.3","568.3",
"상용근로자 30인 이상","종합 건설업","간접노동비용(계)[천원]","천원","2620.9","2287.3","2451.7","2169.3","2213.4","1947",
"상용근로자 30인 이상","종합 건설업","퇴직급여 등의 비용[천원]","천원","1061.6","770.4","1015","762.9","854.7","693.6",
"상용근로자 30인 이상","종합 건설업","법정노동비용[천원]","천원","1139.2","1139.8","1074.7","1032.6","1027.1","945.9",
"상용근로자 30인 이상","종합 건설업","법정외 복지비용[천원]","천원","364.8","325.9","312.5","330.4","290.2","269.4",
"상용근로자 30인 이상","종합 건설업","채용관련비용(모집비)[천원]","천원","7.2","8","9.8","5.2","5.1","3.7",
"상용근로자 30인 이상","종합 건설업","교육훈련비용[천원]","천원","48.1","43.2","39.6","38.1","36.2","34.4",
"상용근로자 30인 이상","전문직별 공사업","노동비용총액[천원]","천원","5701","5333.5","4906","5663.8","5440.5","5591.9",
"상용근로자 30인 이상","전문직별 공사업","직접노동비용(계)[천원]","천원","4726.6","4492.8","4097.5","4604.4","4442.2","4645.6",
"상용근로자 30인 이상","전문직별 공사업","정액 및 초과급여[천원]","천원","4342.9","4110.5","3746.7","4134.4","4003.1","4100.1",
"상용근로자 30인 이상","전문직별 공사업","상여금 및 성과금[천원]","천원","383.7","382.3","350.8","470","439.2","545.5",
"상용근로자 30인 이상","전문직별 공사업","간접노동비용(계)[천원]","천원","974.4","840.8","808.5","1059.5","998.3","946.2",
"상용근로자 30인 이상","전문직별 공사업","퇴직급여 등의 비용[천원]","천원","403.1","301.4","287.7","368.9","395.5","345.1",
"상용근로자 30인 이상","전문직별 공사업","법정노동비용[천원]","천원","420.1","387.2","381.9","518","432.7","449.7",
"상용근로자 30인 이상","전문직별 공사업","법정외 복지비용[천원]","천원","134.1","138.7","128.3","166.2","165","143.9",
"상용근로자 30인 이상","전문직별 공사업","채용관련비용(모집비)[천원]","천원","1.4",".8","1.3","1.8",".6","1.1",
"상용근로자 30인 이상","전문직별 공사업","교육훈련비용[천원]","천원","15.6","12.8","9.3","4.6","4.5","6.4",
"상용근로자 30인 이상","자동차 및 부품 판매업","노동비용총액[천원]","천원","6216.4","6140.7","6109.5","6005.3","5492.7","5571.2",
"상용근로자 30인 이상","자동차 및 부품 판매업","직접노동비용(계)[천원]","천원","5084.8","4995.1","4947.6","4831.9","4379.3","4601.5",
"상용근로자 30인 이상","자동차 및 부품 판매업","정액 및 초과급여[천원]","천원","4456","4043.8","3969.8","4026.1","3713.7","3535.9",
"상용근로자 30인 이상","자동차 및 부품 판매업","상여금 및 성과금[천원]","천원","628.8","951.3","977.7","805.8","665.6","1065.6",
"상용근로자 30인 이상","자동차 및 부품 판매업","간접노동비용(계)[천원]","천원","1131.6","1145.6","1161.9","1173.4","1113.4","969.7",
"상용근로자 30인 이상","자동차 및 부품 판매업","퇴직급여 등의 비용[천원]","천원","414.7","460","514.7","482.3","412.6","328.2",
"상용근로자 30인 이상","자동차 및 부품 판매업","법정노동비용[천원]","천원","512","493.4","455.7","442.5","423.3","399.1",
"상용근로자 30인 이상","자동차 및 부품 판매업","법정외 복지비용[천원]","천원","167.4","151","146.1","212.4","252.8","205.1",
"상용근로자 30인 이상","자동차 및 부품 판매업","채용관련비용(모집비)[천원]","천원","2.4","4.4","10","5.5","3.8","5.7",
"상용근로자 30인 이상","자동차 및 부품 판매업","교육훈련비용[천원]","천원","35.1","36.7","35.4","30.6","20.9","31.6",
"상용근로자 30인 이상","도매 및 상품 중개업","노동비용총액[천원]","천원","6958.7","6570.7","6164.6","6633.8","6098.2","5881.5",
"상용근로자 30인 이상","도매 및 상품 중개업","직접노동비용(계)[천원]","천원","5662.5","5287.6","4988.3","5337.6","4948.1","4857.9",
"상용근로자 30인 이상","도매 및 상품 중개업","정액 및 초과급여[천원]","천원","4952.3","4654.9","4422.4","4580.6","4257.8","4149.4",
"상용근로자 30인 이상","도매 및 상품 중개업","상여금 및 성과금[천원]","천원","710.1","632.7","565.9","757.1","690.3","708.5",
"상용근로자 30인 이상","도매 및 상품 중개업","간접노동비용(계)[천원]","천원","1296.2","1283.1","1176.3","1296.1","1150.1","1023.6",
"상용근로자 30인 이상","도매 및 상품 중개업","퇴직급여 등의 비용[천원]","천원","503.8","554.8","505.5","633.1","566.7","448.6",
"상용근로자 30인 이상","도매 및 상품 중개업","법정노동비용[천원]","천원","526.8","491.4","469","441.5","399.4","389.9",
"상용근로자 30인 이상","도매 및 상품 중개업","법정외 복지비용[천원]","천원","233.6","207.1","174.1","194.4","160.1","148.4",
"상용근로자 30인 이상","도매 및 상품 중개업","채용관련비용(모집비)[천원]","천원","12.7","13","13.5","14.1","12.4","11.1",
"상용근로자 30인 이상","도매 및 상품 중개업","교육훈련비용[천원]","천원","19.3","16.7","14.2","13.1","11.6","25.5",
"상용근로자 30인 이상","소매업; 자동차 제외","노동비용총액[천원]","천원","5119.1","5119.1","4952.4","4700.6","4287.7","4288.5",
"상용근로자 30인 이상","소매업; 자동차 제외","직접노동비용(계)[천원]","천원","4035.1","4060.4","3918.2","3680.1","3414.2","3342.1",
"상용근로자 30인 이상","소매업; 자동차 제외","정액 및 초과급여[천원]","천원","3552.5","3551.6","3393.8","3197.6","3011.7","2899.2",
"상용근로자 30인 이상","소매업; 자동차 제외","상여금 및 성과금[천원]","천원","482.7","508.8","524.3","482.5","402.5","442.9",
"상용근로자 30인 이상","소매업; 자동차 제외","간접노동비용(계)[천원]","천원","1083.9","1058.7","1034.2","1020.5","873.5","946.4",
"상용근로자 30인 이상","소매업; 자동차 제외","퇴직급여 등의 비용[천원]","천원","379","392","434.1","455.8","323.1","395.3",
"상용근로자 30인 이상","소매업; 자동차 제외","법정노동비용[천원]","천원","403","405.7","376.2","355.7","342.5","320.6",
"상용근로자 30인 이상","소매업; 자동차 제외","법정외 복지비용[천원]","천원","273","231.9","196.2","179.4","189.6","209.1",
"상용근로자 30인 이상","소매업; 자동차 제외","채용관련비용(모집비)[천원]","천원","12.5","11.2","12","16.8","9.2","6.5",
"상용근로자 30인 이상","소매업; 자동차 제외","교육훈련비용[천원]","천원","16.5","17.9","15.7","12.9","9.1","14.9",
"상용근로자 30인 이상","육상 운송 및 파이프라인 운송업","노동비용총액[천원]","천원","4832.9","4399.2","4235.6","3863.7","3625.7","3419.8",
"상용근로자 30인 이상","육상 운송 및 파이프라인 운송업","직접노동비용(계)[천원]","천원","3934.7","3577.7","3403","3166.8","3008.3","2784.3",
"상용근로자 30인 이상","육상 운송 및 파이프라인 운송업","정액 및 초과급여[천원]","천원","3630.9","3269.3","3115.1","2846","2715.1","2437.1",
"상용근로자 30인 이상","육상 운송 및 파이프라인 운송업","상여금 및 성과금[천원]","천원","303.8","308.3","287.9","320.8","293.2","347.2",
"상용근로자 30인 이상","육상 운송 및 파이프라인 운송업","간접노동비용(계)[천원]","천원","898.2","821.5","832.5","696.8","617.4","635.5",
"상용근로자 30인 이상","육상 운송 및 파이프라인 운송업","퇴직급여 등의 비용[천원]","천원","350.4","328.9","354.9","293.9","238.2","260.1",
"상용근로자 30인 이상","육상 운송 및 파이프라인 운송업","법정노동비용[천원]","천원","369.7","336.8","327","288.9","281.9","246.2",
"상용근로자 30인 이상","육상 운송 및 파이프라인 운송업","법정외 복지비용[천원]","천원","170.7","148.5","144","109.1","93.4","122.8",
"상용근로자 30인 이상","육상 운송 및 파이프라인 운송업","채용관련비용(모집비)[천원]","천원","1.9","2.1","3.2","2.4",".7","1",
"상용근로자 30인 이상","육상 운송 및 파이프라인 운송업","교육훈련비용[천원]","천원","5.5","5.3","3.3","2.6","3.2","5.4",
"상용근로자 30인 이상","수상 운송업","노동비용총액[천원]","천원","8745.6","8651","8962.1","7967.6","6497.1","6327",
"상용근로자 30인 이상","수상 운송업","직접노동비용(계)[천원]","천원","7022.2","6695.8","7050.6","6735.7","5293.4","5204.8",
"상용근로자 30인 이상","수상 운송업","정액 및 초과급여[천원]","천원","5953","5595.7","5676.9","5311.5","4901.1","4806.7",
"상용근로자 30인 이상","수상 운송업","상여금 및 성과금[천원]","천원","1069.3","1100.1","1373.7","1424.1","392.3","398.1",
"상용근로자 30인 이상","수상 운송업","간접노동비용(계)[천원]","천원","1723.4","1955.1","1911.5","1231.9","1203.7","1122.2",
"상용근로자 30인 이상","수상 운송업","퇴직급여 등의 비용[천원]","천원","829","1125.2","1057.5","604.1","558.8","532.2",
"상용근로자 30인 이상","수상 운송업","법정노동비용[천원]","천원","483.9","463.2","476.3","393.7","359.5","375.9",
"상용근로자 30인 이상","수상 운송업","법정외 복지비용[천원]","천원","372.1","335.9","347.1","210.5","265.7","198.5",
"상용근로자 30인 이상","수상 운송업","채용관련비용(모집비)[천원]","천원","3.7","2.6","4.5","4.7","3.1","1.5",
"상용근로자 30인 이상","수상 운송업","교육훈련비용[천원]","천원","34.6","28.3","26","18.9","16.6","14",
"상용근로자 30인 이상","항공 운송업","노동비용총액[천원]","천원","9736.1","7806.4","7110.1","5275.6","5648.5","7619.4",
"상용근로자 30인 이상","항공 운송업","직접노동비용(계)[천원]","천원","7824.4","6148","5653.3","3995.9","4192","5973.5",
"상용근로자 30인 이상","항공 운송업","정액 및 초과급여[천원]","천원","5409.7","4442.4","3917.7","2792.8","2949.1","4273.7",
"상용근로자 30인 이상","항공 운송업","상여금 및 성과금[천원]","천원","2414.7","1705.6","1735.6","1203.1","1243","1699.8",
"상용근로자 30인 이상","항공 운송업","간접노동비용(계)[천원]","천원","1911.7","1658.4","1456.9","1279.7","1456.5","1645.9",
"상용근로자 30인 이상","항공 운송업","퇴직급여 등의 비용[천원]","천원","582.7","521.4","537","430","454.1","513.9",
"상용근로자 30인 이상","항공 운송업","법정노동비용[천원]","천원","752.7","589.3","487.1","492.9","602.7","577.8",
"상용근로자 30인 이상","항공 운송업","법정외 복지비용[천원]","천원","477.7","484.2","374.5","316.8","350.7","460.1",
"상용근로자 30인 이상","항공 운송업","채용관련비용(모집비)[천원]","천원","2.9","3.8",".6",".1",".4","2.5",
"상용근로자 30인 이상","항공 운송업","교육훈련비용[천원]","천원","95.8","59.7","57.7","39.9","48.5","91.7",
"상용근로자 30인 이상","창고 및 운송관련 서비스업","노동비용총액[천원]","천원","5829.4","5534.6","5301.1","5516","5003.3","5338",
"상용근로자 30인 이상","창고 및 운송관련 서비스업","직접노동비용(계)[천원]","천원","4503.8","4331.5","4133.6","4455.3","4005.2","4257.2",
"상용근로자 30인 이상","창고 및 운송관련 서비스업","정액 및 초과급여[천원]","천원","3965.7","3839.1","3601.2","3823.8","3578.3","3517.1",
"상용근로자 30인 이상","창고 및 운송관련 서비스업","상여금 및 성과금[천원]","천원","538.1","492.3","532.4","631.6","426.8","740.1",
"상용근로자 30인 이상","창고 및 운송관련 서비스업","간접노동비용(계)[천원]","천원","1325.5","1203.1","1167.5","1060.6","998.1","1080.8",
"상용근로자 30인 이상","창고 및 운송관련 서비스업","퇴직급여 등의 비용[천원]","천원","557.6","473.2","495.5","456.8","411.3","517.5",
"상용근로자 30인 이상","창고 및 운송관련 서비스업","법정노동비용[천원]","천원","430.8","422.3","390.8","403.6","390.9","372.5",
"상용근로자 30인 이상","창고 및 운송관련 서비스업","법정외 복지비용[천원]","천원","313.3","284.5","252.1","181.4","178.3","177.6",
"상용근로자 30인 이상","창고 및 운송관련 서비스업","채용관련비용(모집비)[천원]","천원","13.3","10.9","19","10.5","11.5","3.5",
"상용근로자 30인 이상","창고 및 운송관련 서비스업","교육훈련비용[천원]","천원","10.5","12.2","10.1","8.3","6.1","9.8",
"상용근로자 30인 이상","숙박업","노동비용총액[천원]","천원","4816.6","4950.8","4793.5","4679.4","4339.1","4724.8",
"상용근로자 30인 이상","숙박업","직접노동비용(계)[천원]","천원","3658.2","3769.5","3638.3","3482.8","3253.5","3667.8",
"상용근로자 30인 이상","숙박업","정액 및 초과급여[천원]","천원","3107.6","3083.1","3115.6","2878.8","2666.5","2978.3",
"상용근로자 30인 이상","숙박업","상여금 및 성과금[천원]","천원","550.5","686.4","522.7","604","587","689.5",
"상용근로자 30인 이상","숙박업","간접노동비용(계)[천원]","천원","1158.5","1181.3","1155.2","1196.6","1085.6","1057",
"상용근로자 30인 이상","숙박업","퇴직급여 등의 비용[천원]","천원","400.9","458.8","500.1","543","459.1","385.8",
"상용근로자 30인 이상","숙박업","법정노동비용[천원]","천원","378.1","384.3","356","357.5","355.5","350",
"상용근로자 30인 이상","숙박업","법정외 복지비용[천원]","천원","346.9","304","267.8","280.3","255.4","291.3",
"상용근로자 30인 이상","숙박업","채용관련비용(모집비)[천원]","천원","5.7","7.5","6.7","4.2","3.1","4",
"상용근로자 30인 이상","숙박업","교육훈련비용[천원]","천원","26.9","26.7","24.6","11.6","12.5","25.9",
"상용근로자 30인 이상","음식점 및 주점업","노동비용총액[천원]","천원","3679.1","3418.6","3259.8","3075.1","2961.4","3047.4",
"상용근로자 30인 이상","음식점 및 주점업","직접노동비용(계)[천원]","천원","2983.4","2789.8","2623.5","2461.8","2381.4","2489.4",
"상용근로자 30인 이상","음식점 및 주점업","정액 및 초과급여[천원]","천원","2751.4","2591.4","2392.8","2275.4","2219.7","2189.8",
"상용근로자 30인 이상","음식점 및 주점업","상여금 및 성과금[천원]","천원","232","198.4","230.7","186.4","161.7","299.7",
"상용근로자 30인 이상","음식점 및 주점업","간접노동비용(계)[천원]","천원","695.7","628.8","636.4","613.3","580.1","558",
"상용근로자 30인 이상","음식점 및 주점업","퇴직급여 등의 비용[천원]","천원","252.2","245.8","274.7","254.7","243.8","236.7",
"상용근로자 30인 이상","음식점 및 주점업","법정노동비용[천원]","천원","293.9","266.2","249.2","237","239.4","224.6",
"상용근로자 30인 이상","음식점 및 주점업","법정외 복지비용[천원]","천원","133.5","100.3","98.5","112.3","80.2","80.2",
"상용근로자 30인 이상","음식점 및 주점업","채용관련비용(모집비)[천원]","천원","5.1","5.6","6.3","2.1","2.7","5",
"상용근로자 30인 이상","음식점 및 주점업","교육훈련비용[천원]","천원","10.9","10.8","7.7","7.3","14","11.5",
"상용근로자 30인 이상","출판업","노동비용총액[천원]","천원","6575.2","6375.1","6114","6158.9","5796.9","5445.9",
"상용근로자 30인 이상","출판업","직접노동비용(계)[천원]","천원","5288.7","5129.9","4949.4","5002.3","4678.5","4383.7",
"상용근로자 30인 이상","출판업","정액 및 초과급여[천원]","천원","4830.8","4619.6","4435.2","4334.5","4100.6","3948.5",
"상용근로자 30인 이상","출판업","상여금 및 성과금[천원]","천원","457.9","510.3","514.2","667.8","577.9","435.2",
"상용근로자 30인 이상","출판업","간접노동비용(계)[천원]","천원","1286.5","1245.1","1164.6","1156.6","1118.4","1062.2",
"상용근로자 30인 이상","출판업","퇴직급여 등의 비용[천원]","천원","514.7","491.6","472.6","457.9","469.6","444.9",
"상용근로자 30인 이상","출판업","법정노동비용[천원]","천원","497.4","485.7","452.4","453.2","432.4","398.3",
"상용근로자 30인 이상","출판업","법정외 복지비용[천원]","천원","242.8","232.3","201.8","215","198.3","195.1",
"상용근로자 30인 이상","출판업","채용관련비용(모집비)[천원]","천원","10.7","13","17.4","14.8","8.9","6.7",
"상용근로자 30인 이상","출판업","교육훈련비용[천원]","천원","20.9","22.5","20.4","15.9","9.2","17.2",
"상용근로자 30인 이상","영상ㆍ오디오 기록물 제작 및 배급업","노동비용총액[천원]","천원","5568.1","5533.7","5609.4","5158.7","5001.1","5712.1",
"상용근로자 30인 이상","영상ㆍ오디오 기록물 제작 및 배급업","직접노동비용(계)[천원]","천원","4531","4464.4","4509.7","4102","3919.8","4647.2",
"상용근로자 30인 이상","영상ㆍ오디오 기록물 제작 및 배급업","정액 및 초과급여[천원]","천원","4169.7","4115.9","3947.6","3671.6","3614.2","4239.4",
"상용근로자 30인 이상","영상ㆍ오디오 기록물 제작 및 배급업","상여금 및 성과금[천원]","천원","361.4","348.5","562.2","430.4","305.6","407.8",
"상용근로자 30인 이상","영상ㆍ오디오 기록물 제작 및 배급업","간접노동비용(계)[천원]","천원","1037","1069.3","1099.7","1056.7","1081.3","1065",
"상용근로자 30인 이상","영상ㆍ오디오 기록물 제작 및 배급업","퇴직급여 등의 비용[천원]","천원","365","399.3","475.3","466.9","482.1","423.9",
"상용근로자 30인 이상","영상ㆍ오디오 기록물 제작 및 배급업","법정노동비용[천원]","천원","415.5","422.5","399.3","340.3","382","398.5",
"상용근로자 30인 이상","영상ㆍ오디오 기록물 제작 및 배급업","법정외 복지비용[천원]","천원","235","224","202.1","222.3","193.8","195.6",
"상용근로자 30인 이상","영상ㆍ오디오 기록물 제작 및 배급업","채용관련비용(모집비)[천원]","천원","9.2","8.3","8.7","10","7.1","11.6",
"상용근로자 30인 이상","영상ㆍ오디오 기록물 제작 및 배급업","교육훈련비용[천원]","천원","12.4","15.1","14.2","17.2","16.2","35.4",
"상용근로자 30인 이상","방송업","노동비용총액[천원]","천원","8668.7","8599.8","8807.8","8468.8","7365.2","7554",
"상용근로자 30인 이상","방송업","직접노동비용(계)[천원]","천원","6721.4","6540.7","6762.3","6520","5745.8","5838.2",
"상용근로자 30인 이상","방송업","정액 및 초과급여[천원]","천원","5672.7","5484.4","5368.7","5285.1","4788.8","4681.3",
"상용근로자 30인 이상","방송업","상여금 및 성과금[천원]","천원","1048.7","1056.3","1393.6","1234.9","957","1156.9",
"상용근로자 30인 이상","방송업","간접노동비용(계)[천원]","천원","1947.3","2059.1","2045.5","1948.8","1619.4","1715.8",
"상용근로자 30인 이상","방송업","퇴직급여 등의 비용[천원]","천원","778.1","913.6","784.8","938.9","648.2","748",
"상용근로자 30인 이상","방송업","법정노동비용[천원]","천원","643.2","655.3","635","577","531.5","517.3",
"상용근로자 30인 이상","방송업","법정외 복지비용[천원]","천원","494.9","453.6","588.2","398","414.8","411.5",
"상용근로자 30인 이상","방송업","채용관련비용(모집비)[천원]","천원","7.4","7.2","9.9","10.1","5.8","5.4",
"상용근로자 30인 이상","방송업","교육훈련비용[천원]","천원","23.7","29.5","27.6","24.8","19.1","33.7",
"상용근로자 30인 이상","우편 및 통신업","노동비용총액[천원]","천원","9987.2","9361.3","9405.3","9341.3","8549.1","7859.2",
"상용근로자 30인 이상","우편 및 통신업","직접노동비용(계)[천원]","천원","7687.1","7147.4","7059.3","7023.8","6515","5915.6",
"상용근로자 30인 이상","우편 및 통신업","정액 및 초과급여[천원]","천원","5502.3","5145.7","5024.1","4992.2","4713.9","4359.9",
"상용근로자 30인 이상","우편 및 통신업","상여금 및 성과금[천원]","천원","2184.7","2001.7","2035.2","2031.6","1801.1","1555.7",
"상용근로자 30인 이상","우편 및 통신업","간접노동비용(계)[천원]","천원","2300.1","2213.9","2346","2317.5","2034","1943.6",
"상용근로자 30인 이상","우편 및 통신업","퇴직급여 등의 비용[천원]","천원","594.2","601.3","715.8","741.8","577.3","574.3",
"상용근로자 30인 이상","우편 및 통신업","법정노동비용[천원]","천원","743.8","703.7","672.1","677.2","632","573.6",
"상용근로자 30인 이상","우편 및 통신업","법정외 복지비용[천원]","천원","811","730.3","748","678","651.4","635.2",
"상용근로자 30인 이상","우편 및 통신업","채용관련비용(모집비)[천원]","천원","15.8","17.1","73.1","10.7","10.7","11.1",
"상용근로자 30인 이상","우편 및 통신업","교육훈련비용[천원]","천원","135.3","161.4","136.9","209.8","162.6","149.3",
"상용근로자 30인 이상","컴퓨터 프로그래밍, 시스템 통합 및 관리업","노동비용총액[천원]","천원","6992.2","7018.5","7623","7094.8","6469.5","6509.4",
"상용근로자 30인 이상","컴퓨터 프로그래밍, 시스템 통합 및 관리업","직접노동비용(계)[천원]","천원","5611.3","5684.3","5877","5312","5068.7","5123.2",
"상용근로자 30인 이상","컴퓨터 프로그래밍, 시스템 통합 및 관리업","정액 및 초과급여[천원]","천원","5081.3","4841.8","5090.9","4606.2","4458.3","4273.5",
"상용근로자 30인 이상","컴퓨터 프로그래밍, 시스템 통합 및 관리업","상여금 및 성과금[천원]","천원","529.9","842.4","786","705.8","610.4","849.7",
"상용근로자 30인 이상","컴퓨터 프로그래밍, 시스템 통합 및 관리업","간접노동비용(계)[천원]","천원","1380.9","1334.3","1746","1782.8","1400.8","1386.2",
"상용근로자 30인 이상","컴퓨터 프로그래밍, 시스템 통합 및 관리업","퇴직급여 등의 비용[천원]","천원","501.5","474.3","836.7","931.8","638.5","585.8",
"상용근로자 30인 이상","컴퓨터 프로그래밍, 시스템 통합 및 관리업","법정노동비용[천원]","천원","530.8","510.1","546.6","466.2","445","449.2",
"상용근로자 30인 이상","컴퓨터 프로그래밍, 시스템 통합 및 관리업","법정외 복지비용[천원]","천원","297.5","300.1","293.5","317","262.2","273.4",
"상용근로자 30인 이상","컴퓨터 프로그래밍, 시스템 통합 및 관리업","채용관련비용(모집비)[천원]","천원","11.7","9.3","16.1","10.4","8.1","7",
"상용근로자 30인 이상","컴퓨터 프로그래밍, 시스템 통합 및 관리업","교육훈련비용[천원]","천원","39.5","40.4","53","57.5","46.9","70.8",
"상용근로자 30인 이상","정보서비스업","노동비용총액[천원]","천원","8362.5","8329.1","7724","7198.7","6194.8","6143.5",
"상용근로자 30인 이상","정보서비스업","직접노동비용(계)[천원]","천원","6766.5","6477.9","6105.2","5804.6","5044.1","5103.3",
"상용근로자 30인 이상","정보서비스업","정액 및 초과급여[천원]","천원","5701.6","5537.3","5029.5","4704.9","4339.3","4359.5",
"상용근로자 30인 이상","정보서비스업","상여금 및 성과금[천원]","천원","1064.9","940.6","1075.7","1099.7","704.8","743.7",
"상용근로자 30인 이상","정보서비스업","간접노동비용(계)[천원]","천원","1596","1851.2","1618.7","1394.2","1150.7","1040.2",
"상용근로자 30인 이상","정보서비스업","퇴직급여 등의 비용[천원]","천원","504.3","812","528.3","541.8","479.3","403.9",
"상용근로자 30인 이상","정보서비스업","법정노동비용[천원]","천원","614.6","604.3","543.8","507.1","438","408.6",
"상용근로자 30인 이상","정보서비스업","법정외 복지비용[천원]","천원","432.6","403.9","502","316.9","207.9","193.7",
"상용근로자 30인 이상","정보서비스업","채용관련비용(모집비)[천원]","천원","15.3","15.4","17.4","16.9","11.6","10.9",
"상용근로자 30인 이상","정보서비스업","교육훈련비용[천원]","천원","29.3","15.6","27.3","11.5","13.9","23",
"상용근로자 30인 이상","금융업","노동비용총액[천원]","천원","11543.6","11158.1","11966.9","11271.3","10589.7","9861.3",
"상용근로자 30인 이상","금융업","직접노동비용(계)[천원]","천원","8924.6","8607.4","8521.7","8505.9","7941.2","7365.9",
"상용근로자 30인 이상","금융업","정액 및 초과급여[천원]","천원","6318.2","6014.7","5944.7","5818.8","5638.2","5290.8",
"상용근로자 30인 이상","금융업","상여금 및 성과금[천원]","천원","2606.4","2592.7","2577","2687.1","2303","2075",
"상용근로자 30인 이상","금융업","간접노동비용(계)[천원]","천원","2619","2550.7","3445.2","2765.5","2648.5","2495.4",
"상용근로자 30인 이상","금융업","퇴직급여 등의 비용[천원]","천원","917.6","935.2","1892.9","1274.9","1261.9","1185.8",
"상용근로자 30인 이상","금융업","법정노동비용[천원]","천원","827.4","814.7","788.1","728.9","703","640.2",
"상용근로자 30인 이상","금융업","법정외 복지비용[천원]","천원","787.9","716.7","691.9","695.4","628.6","585",
"상용근로자 30인 이상","금융업","채용관련비용(모집비)[천원]","천원","15.8","15","12.9","9.7","7.3","10.7",
"상용근로자 30인 이상","금융업","교육훈련비용[천원]","천원","70.3","69.2","59.3","56.5","47.8","73.7",
"상용근로자 30인 이상","보험 및 연금업","노동비용총액[천원]","천원","11863.6","10764.3","10733.3","9844.4","8992.2","8722.6",
"상용근로자 30인 이상","보험 및 연금업","직접노동비용(계)[천원]","천원","9066.9","8405.5","8182.8","7500.1","6953.4","6819.4",
"상용근로자 30인 이상","보험 및 연금업","정액 및 초과급여[천원]","천원","5956.3","5624.1","5435","5127.4","4998.9","4818",
"상용근로자 30인 이상","보험 및 연금업","상여금 및 성과금[천원]","천원","3110.6","2781.4","2747.8","2372.6","1954.4","2001.4",
"상용근로자 30인 이상","보험 및 연금업","간접노동비용(계)[천원]","천원","2796.7","2358.9","2550.6","2344.3","2038.9","1903.2",
"상용근로자 30인 이상","보험 및 연금업","퇴직급여 등의 비용[천원]","천원","1091.9","803.6","1205.7","999","844.5","814.4",
"상용근로자 30인 이상","보험 및 연금업","법정노동비용[천원]","천원","813.7","791.8","754.4","657.2","616","600.8",
"상용근로자 30인 이상","보험 및 연금업","법정외 복지비용[천원]","천원","727.9","633.6","471.4","592.5","492","400.3",
"상용근로자 30인 이상","보험 및 연금업","채용관련비용(모집비)[천원]","천원","18.5","14.9","12.3","11.8","7.7","11.5",
"상용근로자 30인 이상","보험 및 연금업","교육훈련비용[천원]","천원","144.6","114.9","106.7","83.9","78.7","76.3",
"상용근로자 30인 이상","금융 및 보험관련 서비스업","노동비용총액[천원]","천원","10309.3","9426.7","10624.7","9755.7","8903.8","8485",
"상용근로자 30인 이상","금융 및 보험관련 서비스업","직접노동비용(계)[천원]","천원","8579.9","7731.2","8763.4","8068.6","7374.9","6946.6",
"상용근로자 30인 이상","금융 및 보험관련 서비스업","정액 및 초과급여[천원]","천원","5427.1","5199.5","5012.9","4905.4","4649.7","4584",
"상용근로자 30인 이상","금융 및 보험관련 서비스업","상여금 및 성과금[천원]","천원","3152.8","2531.7","3750.6","3163.2","2725.1","2362.6",
"상용근로자 30인 이상","금융 및 보험관련 서비스업","간접노동비용(계)[천원]","천원","1729.4","1695.5","1861.3","1687.1","1528.9","1538.4",
"상용근로자 30인 이상","금융 및 보험관련 서비스업","퇴직급여 등의 비용[천원]","천원","629.6","596.6","790.3","734.5","579.6","615.6",
"상용근로자 30인 이상","금융 및 보험관련 서비스업","법정노동비용[천원]","천원","683.4","711.8","724","623.2","584.3","565.7",
"상용근로자 30인 이상","금융 및 보험관련 서비스업","법정외 복지비용[천원]","천원","372.2","344.6","298.2","295","334.3","306.9",
"상용근로자 30인 이상","금융 및 보험관련 서비스업","채용관련비용(모집비)[천원]","천원","10","12","14.9","8.7","6.9","9.1",
"상용근로자 30인 이상","금융 및 보험관련 서비스업","교육훈련비용[천원]","천원","34.3","30.5","33.9","25.7","23.8","41.1",
"상용근로자 30인 이상","부동산업","노동비용총액[천원]","천원","4292.1","3838.6","3921.6","4029.2","3711.6","3582.1",
"상용근로자 30인 이상","부동산업","직접노동비용(계)[천원]","천원","3620.1","3196.4","3199.7","3355.1","3099.1","3040.2",
"상용근로자 30인 이상","부동산업","정액 및 초과급여[천원]","천원","3347.5","3026","3004.8","2844.6","2662.4","2647.6",
"상용근로자 30인 이상","부동산업","상여금 및 성과금[천원]","천원","272.6","170.5","194.9","510.6","436.7","392.6",
"상용근로자 30인 이상","부동산업","간접노동비용(계)[천원]","천원","672","642.2","721.9","674.1","612.4","541.9",
"상용근로자 30인 이상","부동산업","퇴직급여 등의 비용[천원]","천원","300.7","291.9","341.6","223.8","285.6","252.7",
"상용근로자 30인 이상","부동산업","법정노동비용[천원]","천원","275.8","256.9","270.3","289.1","254","227.4",
"상용근로자 30인 이상","부동산업","법정외 복지비용[천원]","천원","85.3","80","98.7","137.5","66.2","51.5",
"상용근로자 30인 이상","부동산업","채용관련비용(모집비)[천원]","천원","1.7","1.7","2.6","4.1",".6",".6",
"상용근로자 30인 이상","부동산업","교육훈련비용[천원]","천원","8.5","11.6","8.7","19.5","6.1","9.7",
"상용근로자 30인 이상","연구개발업","노동비용총액[천원]","천원","6946.6","7388.2","6893.2","7250.2","7358.6","7475.3",
"상용근로자 30인 이상","연구개발업","직접노동비용(계)[천원]","천원","5657","5799.5","5678.6","5931.1","5934.1","5894.5",
"상용근로자 30인 이상","연구개발업","정액 및 초과급여[천원]","천원","4870.6","4920.7","4830.6","4806.3","4794.4","4624.5",
"상용근로자 30인 이상","연구개발업","상여금 및 성과금[천원]","천원","786.4","878.8","847.9","1124.8","1139.7","1270",
"상용근로자 30인 이상","연구개발업","간접노동비용(계)[천원]","천원","1289.6","1588.7","1214.6","1319.1","1424.5","1580.9",
"상용근로자 30인 이상","연구개발업","퇴직급여 등의 비용[천원]","천원","517.5","802.3","426","520.6","565.3","669.6",
"상용근로자 30인 이상","연구개발업","법정노동비용[천원]","천원","523.9","560","569.9","502.9","516.8","505.2",
"상용근로자 30인 이상","연구개발업","법정외 복지비용[천원]","천원","228.3","206.4","198.6","248.1","281.4","311.4",
"상용근로자 30인 이상","연구개발업","채용관련비용(모집비)[천원]","천원","7.7","10.3","12.9","12.2","16.3","17.7",
"상용근로자 30인 이상","연구개발업","교육훈련비용[천원]","천원","12.2","9.6","7.2","35.3","44.7","77",
"상용근로자 30인 이상","전문 서비스업","노동비용총액[천원]","천원","5761.5","5456.2","5633.4","6716.7","6678.2","6066.3",
"상용근로자 30인 이상","전문 서비스업","직접노동비용(계)[천원]","천원","4648.7","4449.8","4468.7","5397.1","5244","4936.7",
"상용근로자 30인 이상","전문 서비스업","정액 및 초과급여[천원]","천원","4273.9","4015.7","3941.7","4184.1","4147.1","4138.3",
"상용근로자 30인 이상","전문 서비스업","상여금 및 성과금[천원]","천원","374.8","434","527","1212.9","1096.8","798.4",
"상용근로자 30인 이상","전문 서비스업","간접노동비용(계)[천원]","천원","1112.8","1006.5","1164.6","1319.6","1434.2","1129.6",
"상용근로자 30인 이상","전문 서비스업","퇴직급여 등의 비용[천원]","천원","375.4","335.3","464.9","545","571.9","523.3",
"상용근로자 30인 이상","전문 서비스업","법정노동비용[천원]","천원","441.9","410.1","409.9","461.4","473.3","393.7",
"상용근로자 30인 이상","전문 서비스업","법정외 복지비용[천원]","천원","254.5","219.8","242.2","263.1","328.3","160.6",
"상용근로자 30인 이상","전문 서비스업","채용관련비용(모집비)[천원]","천원","12.7","16.1","20.1","18.9","17.6","10.6",
"상용근로자 30인 이상","전문 서비스업","교육훈련비용[천원]","천원","28.2","25.2","27.5","31.2","43.1","41.4",
"상용근로자 30인 이상","건축 기술, 엔지니어링 및 기타 과학기술 서비스업","노동비용총액[천원]","천원","5960.8","5735.5","5608.1","5463.5","5070.2","5179.6",
"상용근로자 30인 이상","건축 기술, 엔지니어링 및 기타 과학기술 서비스업","직접노동비용(계)[천원]","천원","4904.3","4707.6","4649.9","4543","4295.7","4329.8",
"상용근로자 30인 이상","건축 기술, 엔지니어링 및 기타 과학기술 서비스업","정액 및 초과급여[천원]","천원","4653.4","4418.3","4320.9","4081.5","3903.9","3925.2",
"상용근로자 30인 이상","건축 기술, 엔지니어링 및 기타 과학기술 서비스업","상여금 및 성과금[천원]","천원","250.8","289.3","329.1","461.5","391.8","404.7",
"상용근로자 30인 이상","건축 기술, 엔지니어링 및 기타 과학기술 서비스업","간접노동비용(계)[천원]","천원","1056.5","1027.8","958.1","920.4","774.5","849.8",
"상용근로자 30인 이상","건축 기술, 엔지니어링 및 기타 과학기술 서비스업","퇴직급여 등의 비용[천원]","천원","435.9","392.4","423.8","392.5","303.1","384.1",
"상용근로자 30인 이상","건축 기술, 엔지니어링 및 기타 과학기술 서비스업","법정노동비용[천원]","천원","460.6","472.8","414.2","383.5","358.7","341.4",
"상용근로자 30인 이상","건축 기술, 엔지니어링 및 기타 과학기술 서비스업","법정외 복지비용[천원]","천원","139.3","145.1","107.1","131.2","103.9","109.4",
"상용근로자 30인 이상","건축 기술, 엔지니어링 및 기타 과학기술 서비스업","채용관련비용(모집비)[천원]","천원","5.7","4.7",".9","1.3","1.1","1.5",
"상용근로자 30인 이상","건축 기술, 엔지니어링 및 기타 과학기술 서비스업","교육훈련비용[천원]","천원","15","12.7","12.1","12","7.7","13.4",
"상용근로자 30인 이상","기타 전문, 과학 및 기술 서비스업","노동비용총액[천원]","천원","6077.7","5937.4","5451.9","4871.7","4719.2","4143.8",
"상용근로자 30인 이상","기타 전문, 과학 및 기술 서비스업","직접노동비용(계)[천원]","천원","5068.4","4999","4571.2","3986.6","3810.1","3380.6",
"상용근로자 30인 이상","기타 전문, 과학 및 기술 서비스업","정액 및 초과급여[천원]","천원","4581.7","4380.1","3945","3518.2","3405.3","3116.8",
"상용근로자 30인 이상","기타 전문, 과학 및 기술 서비스업","상여금 및 성과금[천원]","천원","486.7","618.9","626.2","468.5","404.8","263.9",
"상용근로자 30인 이상","기타 전문, 과학 및 기술 서비스업","간접노동비용(계)[천원]","천원","1009.3","938.4","880.7","885.1","909.2","763.2",
"상용근로자 30인 이상","기타 전문, 과학 및 기술 서비스업","퇴직급여 등의 비용[천원]","천원","355.1","287.2","297.4","318","385.7","289.1",
"상용근로자 30인 이상","기타 전문, 과학 및 기술 서비스업","법정노동비용[천원]","천원","452.3","431.9","390.5","359.1","349.2","328.7",
"상용근로자 30인 이상","기타 전문, 과학 및 기술 서비스업","법정외 복지비용[천원]","천원","166.5","183.6","173.3","194.4","158.1","128.5",
"상용근로자 30인 이상","기타 전문, 과학 및 기술 서비스업","채용관련비용(모집비)[천원]","천원","19.1","21.7","8.6","7.3","8.2","8.6",
"상용근로자 30인 이상","기타 전문, 과학 및 기술 서비스업","교육훈련비용[천원]","천원","16.2","14","11","6.2","7.9","8.2",
"상용근로자 30인 이상","사업시설 관리 및 조경 서비스업","노동비용총액[천원]","천원","3087.8","3004.3","2810.9","2683.1","2650.2","2589.6",
"상용근로자 30인 이상","사업시설 관리 및 조경 서비스업","직접노동비용(계)[천원]","천원","2595.8","2521.6","2373.9","2275.7","2235.5","2201.7",
"상용근로자 30인 이상","사업시설 관리 및 조경 서비스업","정액 및 초과급여[천원]","천원","2514.5","2438.5","2303.8","2193.1","2152.6","2107.8",
"상용근로자 30인 이상","사업시설 관리 및 조경 서비스업","상여금 및 성과금[천원]","천원","81.3","83.1","70.1","82.5","83","93.8",
"상용근로자 30인 이상","사업시설 관리 및 조경 서비스업","간접노동비용(계)[천원]","천원","492.1","482.7","437","407.5","414.7","387.9",
"상용근로자 30인 이상","사업시설 관리 및 조경 서비스업","퇴직급여 등의 비용[천원]","천원","231.7","221.8","196.1","172.3","191","178.5",
"상용근로자 30인 이상","사업시설 관리 및 조경 서비스업","법정노동비용[천원]","천원","210.9","206","195.9","189.4","180.6","173.7",
"상용근로자 30인 이상","사업시설 관리 및 조경 서비스업","법정외 복지비용[천원]","천원","43.9","49.5","39.9","41.7","39","32.3",
"상용근로자 30인 이상","사업시설 관리 및 조경 서비스업","채용관련비용(모집비)[천원]","천원","1.6","1.8","1.8","1.7","1.6","1",
"상용근로자 30인 이상","사업시설 관리 및 조경 서비스업","교육훈련비용[천원]","천원","3.9","3.7","3.2","2.3","2.4","2.3",
"상용근로자 30인 이상","사업 지원 서비스업","노동비용총액[천원]","천원","3413.9","3314.8","3243.3","3030.8","2990.2","2815.9",
"상용근로자 30인 이상","사업 지원 서비스업","직접노동비용(계)[천원]","천원","2805","2734.6","2676.5","2509.4","2464.9","2368.7",
"상용근로자 30인 이상","사업 지원 서비스업","정액 및 초과급여[천원]","천원","2660.4","2566.5","2500","2376.9","2355.4","2236.2",
"상용근로자 30인 이상","사업 지원 서비스업","상여금 및 성과금[천원]","천원","144.5","168.2","176.5","132.5","109.5","132.5",
"상용근로자 30인 이상","사업 지원 서비스업","간접노동비용(계)[천원]","천원","608.9","580.1","566.8","521.4","525.3","447.2",
"상용근로자 30인 이상","사업 지원 서비스업","퇴직급여 등의 비용[천원]","천원","250.8","234.8","236.4","229.8","236.6","199.9",
"상용근로자 30인 이상","사업 지원 서비스업","법정노동비용[천원]","천원","260.8","253","249","226.8","229.7","193.2",
"상용근로자 30인 이상","사업 지원 서비스업","법정외 복지비용[천원]","천원","84.8","79.2","69.8","55.1","51.8","47.2",
"상용근로자 30인 이상","사업 지원 서비스업","채용관련비용(모집비)[천원]","천원","6","7","6","5.9","3.4","3.2",
"상용근로자 30인 이상","사업 지원 서비스업","교육훈련비용[천원]","천원","6.5","6","5.6","3.9","3.7","3.7",
"상용근로자 30인 이상","임대업; 부동산 제외","노동비용총액[천원]","천원","6470.5","5983","5905.5","5661","5292.4","4726",
"상용근로자 30인 이상","임대업; 부동산 제외","직접노동비용(계)[천원]","천원","5119","4895.8","4733.7","4506.4","4341.1","3801.8",
"상용근로자 30인 이상","임대업; 부동산 제외","정액 및 초과급여[천원]","천원","4536.1","4402.5","4287.4","3899.9","3885.3","3420.3",
"상용근로자 30인 이상","임대업; 부동산 제외","상여금 및 성과금[천원]","천원","582.9","493.3","446.3","606.5","455.8","381.5",
"상용근로자 30인 이상","임대업; 부동산 제외","간접노동비용(계)[천원]","천원","1351.5","1087.2","1171.9","1154.6","951.3","924.2",
"상용근로자 30인 이상","임대업; 부동산 제외","퇴직급여 등의 비용[천원]","천원","691.5","448.4","567.4","549.7","379.7","382.4",
"상용근로자 30인 이상","임대업; 부동산 제외","법정노동비용[천원]","천원","465.5","466.6","442.5","421.1","407.2","373.5",
"상용근로자 30인 이상","임대업; 부동산 제외","법정외 복지비용[천원]","천원","161.4","136.9","134","159.7","145.9","138.9",
"상용근로자 30인 이상","임대업; 부동산 제외","채용관련비용(모집비)[천원]","천원","7.2","7.1","6.5","4.5","6","5.4",
"상용근로자 30인 이상","임대업; 부동산 제외","교육훈련비용[천원]","천원","25.9","28.1","21.5","19.6","12.5","24",
"상용근로자 30인 이상","창작, 예술 및 여가관련 서비스업","노동비용총액[천원]","천원","5337.5","5024.2","4594.7","3945.2","3559.3","4059.7",
"상용근로자 30인 이상","창작, 예술 및 여가관련 서비스업","직접노동비용(계)[천원]","천원","4289.3","4080.3","3667.1","3098.4","2704.6","3229.2",
"상용근로자 30인 이상","창작, 예술 및 여가관련 서비스업","정액 및 초과급여[천원]","천원","3951.8","3783","3462.4","3020.2","2641.1","3068.4",
"상용근로자 30인 이상","창작, 예술 및 여가관련 서비스업","상여금 및 성과금[천원]","천원","337.6","297.4","204.7","78.2","63.6","160.8",
"상용근로자 30인 이상","창작, 예술 및 여가관련 서비스업","간접노동비용(계)[천원]","천원","1048.2","943.9","927.6","846.7","854.7","830.5",
"상용근로자 30인 이상","창작, 예술 및 여가관련 서비스업","퇴직급여 등의 비용[천원]","천원","462.1","392.9","280.4","352.3","323.9","309.1",
"상용근로자 30인 이상","창작, 예술 및 여가관련 서비스업","법정노동비용[천원]","천원","390.4","372.6","344.5","291.2","296","281.8",
"상용근로자 30인 이상","창작, 예술 및 여가관련 서비스업","법정외 복지비용[천원]","천원","188.3","171.1","296.4","194.7","227","225",
"상용근로자 30인 이상","창작, 예술 및 여가관련 서비스업","채용관련비용(모집비)[천원]","천원","3.8","4.5","3.5","4.9","5.2","2",
"상용근로자 30인 이상","창작, 예술 및 여가관련 서비스업","교육훈련비용[천원]","천원","3.6","2.7","2.8","3.7","2.5","12.6",
"상용근로자 30인 이상","스포츠 및 오락관련 서비스업","노동비용총액[천원]","천원","6124.6","6072.9","5631.5","5905.2","5402.7","5516.3",
"상용근로자 30인 이상","스포츠 및 오락관련 서비스업","직접노동비용(계)[천원]","천원","4817","4624.3","4331.3","4274.4","4031.3","4366.2",
"상용근로자 30인 이상","스포츠 및 오락관련 서비스업","정액 및 초과급여[천원]","천원","4353.8","4176.5","3936.8","3897.3","3626.8","3797",
"상용근로자 30인 이상","스포츠 및 오락관련 서비스업","상여금 및 성과금[천원]","천원","463.2","447.8","394.5","377","404.6","569.2",
"상용근로자 30인 이상","스포츠 및 오락관련 서비스업","간접노동비용(계)[천원]","천원","1307.5","1448.6","1300.2","1630.8","1371.4","1150.1",
"상용근로자 30인 이상","스포츠 및 오락관련 서비스업","퇴직급여 등의 비용[천원]","천원","467","706","611.2","892","646.2","422.9",
"상용근로자 30인 이상","스포츠 및 오락관련 서비스업","법정노동비용[천원]","천원","447.5","429.1","394.8","412","399.2","376.2",
"상용근로자 30인 이상","스포츠 및 오락관련 서비스업","법정외 복지비용[천원]","천원","365.9","293.6","274.6","310.4","307.4","321.7",
"상용근로자 30인 이상","스포츠 및 오락관련 서비스업","채용관련비용(모집비)[천원]","천원","6.4","6.3","6.3","2.9","2.2","5",
"상용근로자 30인 이상","스포츠 및 오락관련 서비스업","교육훈련비용[천원]","천원","20.8","13.5","13.3","13.6","16.4","24.3",
"상용근로자 30인 이상","협회 및 단체","노동비용총액[천원]","천원","10941.3","10245.6","10249.9","-","-","-",
"상용근로자 30인 이상","협회 및 단체","직접노동비용(계)[천원]","천원","8688.6","8304.6","8272.9","-","-","-",
"상용근로자 30인 이상","협회 및 단체","정액 및 초과급여[천원]","천원","8531.8","8301.6","8087.4","-","-","-",
"상용근로자 30인 이상","협회 및 단체","상여금 및 성과금[천원]","천원","156.8","3.1","185.5","-","-","-",
"상용근로자 30인 이상","협회 및 단체","간접노동비용(계)[천원]","천원","2252.7","1941","1977","-","-","-",
"상용근로자 30인 이상","협회 및 단체","퇴직급여 등의 비용[천원]","천원","1128.5","746","918.6","-","-","-",
"상용근로자 30인 이상","협회 및 단체","법정노동비용[천원]","천원","811.4","813.5","749.7","-","-","-",
"상용근로자 30인 이상","협회 및 단체","법정외 복지비용[천원]","천원","231.5","306.4","252.3","-","-","-",
"상용근로자 30인 이상","협회 및 단체","채용관련비용(모집비)[천원]","천원","22.2","23.8","15.7","-","-","-",
"상용근로자 30인 이상","협회 및 단체","교육훈련비용[천원]","천원","59.1","51.3","40.8","-","-","-",
"상용근로자 30인 이상","개인 및 소비용품 수리업","노동비용총액[천원]","천원","6527.8","6124.5","5969.1","5779.3","5258","5302.2",
"상용근로자 30인 이상","개인 및 소비용품 수리업","직접노동비용(계)[천원]","천원","5148.8","5000.9","4844.9","4641.3","4189.9","4258.2",
"상용근로자 30인 이상","개인 및 소비용품 수리업","정액 및 초과급여[천원]","천원","4359.4","4195.7","4103.4","3837.7","3550.9","3659.5",
"상용근로자 30인 이상","개인 및 소비용품 수리업","상여금 및 성과금[천원]","천원","789.4","805.2","741.5","803.6","639","598.8",
"상용근로자 30인 이상","개인 및 소비용품 수리업","간접노동비용(계)[천원]","천원","1379","1123.7","1124.1","1138.1","1068.1","1044",
"상용근로자 30인 이상","개인 및 소비용품 수리업","퇴직급여 등의 비용[천원]","천원","458.2","284.6","393.5","369.5","373.7","429.4",
"상용근로자 30인 이상","개인 및 소비용품 수리업","법정노동비용[천원]","천원","536.7","519.4","485.1","455.9","390.7","375.5",
"상용근로자 30인 이상","개인 및 소비용품 수리업","법정외 복지비용[천원]","천원","373.8","308.8","237.2","295.3","294.5","214.1",
"상용근로자 30인 이상","개인 및 소비용품 수리업","채용관련비용(모집비)[천원]","천원","1.5","1.8",".8","2.6","1.3","2",
"상용근로자 30인 이상","개인 및 소비용품 수리업","교육훈련비용[천원]","천원","8.8","9","7.5","14.8","7.9","23.2",
"상용근로자 30인 이상","기타 개인 서비스업","노동비용총액[천원]","천원","3981.8","3925.6","3977.4","3739.6","3423.6","3078.4",
"상용근로자 30인 이상","기타 개인 서비스업","직접노동비용(계)[천원]","천원","3382.1","3275.2","3257.8","3145.8","2917.3","2661.7",
"상용근로자 30인 이상","기타 개인 서비스업","정액 및 초과급여[천원]","천원","3168","3060.2","3150.3","2907.4","2796.4","2480.4",
"상용근로자 30인 이상","기타 개인 서비스업","상여금 및 성과금[천원]","천원","214.1","214.9","107.5","238.4","120.9","181.4",
"상용근로자 30인 이상","기타 개인 서비스업","간접노동비용(계)[천원]","천원","599.7","650.4","719.6","593.8","506.3","416.7",
"상용근로자 30인 이상","기타 개인 서비스업","퇴직급여 등의 비용[천원]","천원","201.7","244.3","324","246.8","215.2","163.5",
"상용근로자 30인 이상","기타 개인 서비스업","법정노동비용[천원]","천원","307.3","287.1","277.7","282.1","240.7","210",
"상용근로자 30인 이상","기타 개인 서비스업","법정외 복지비용[천원]","천원","85.7","112.9","104.1","57.4","45.7","38.4",
"상용근로자 30인 이상","기타 개인 서비스업","채용관련비용(모집비)[천원]","천원","2.7","3.6","6.1","6","1.8","2.6",
"상용근로자 30인 이상","기타 개인 서비스업","교육훈련비용[천원]","천원","2.4","2.5","7.7","1.5","2.9","2.2",
"상용근로자 30인 이상","전체","노동비용총액[천원]","천원","6712.4","6473.1","6399.3","6165.9","5662.1","5604.4",
"상용근로자 30인 이상","전체","직접노동비용(계)[천원]","천원","5324","5120.2","5014.2","4836","4444.8","4420",
"상용근로자 30인 이상","전체","정액 및 초과급여[천원]","천원","4417.3","4232.2","4046.3","3899.3","3690.7","3576.5",
"상용근로자 30인 이상","전체","상여금 및 성과금[천원]","천원","906.6","888","967.8","936.7","754.1","843.6",
"상용근로자 30인 이상","전체","간접노동비용(계)[천원]","천원","1388.4","1352.8","1385.1","1329.9","1217.3","1184.4",
"상용근로자 30인 이상","전체","퇴직급여 등의 비용[천원]","천원","507.5","504.1","592.1","578.7","513.8","502.6",
"상용근로자 30인 이상","전체","법정노동비용[천원]","천원","511.6","500.2","473.9","445.2","420.5","402.7",
"상용근로자 30인 이상","전체","법정외 복지비용[천원]","천원","330.6","310.7","284","277","257.5","245.8",
"상용근로자 30인 이상","전체","채용관련비용(모집비)[천원]","천원","9","8.9","9.4","7.4","6.4","6.6",
"상용근로자 30인 이상","전체","교육훈련비용[천원]","천원","29.6","28.9","25.7","21.6","19","26.6",
"상용근로자 30인 이상","B.광업(05~08)","노동비용총액[천원]","천원","6980.1","6266.2","6134.1","6732.5","6173.2","5726.2",
"상용근로자 30인 이상","B.광업(05~08)","직접노동비용(계)[천원]","천원","5423.8","4853.8","4830.2","5036.9","4851","4470.6",
"상용근로자 30인 이상","B.광업(05~08)","정액 및 초과급여[천원]","천원","4646.1","4230","4199.9","4343.3","4170.5","3836.1",
"상용근로자 30인 이상","B.광업(05~08)","상여금 및 성과금[천원]","천원","777.7","623.8","630.3","693.6","680.5","634.5",
"상용근로자 30인 이상","B.광업(05~08)","간접노동비용(계)[천원]","천원","1556.2","1412.4","1303.9","1695.6","1322.1","1255.5",
"상용근로자 30인 이상","B.광업(05~08)","퇴직급여 등의 비용[천원]","천원","678.3","596.3","620.8","920.5","638.8","615.7",
"상용근로자 30인 이상","B.광업(05~08)","법정노동비용[천원]","천원","558","539.3","473.5","511.7","482.3","457.6",
"상용근로자 30인 이상","B.광업(05~08)","법정외 복지비용[천원]","천원","315.5","273","205.3","259.2","198","178.1",
"상용근로자 30인 이상","B.광업(05~08)","채용관련비용(모집비)[천원]","천원",".8",".8","1.4",".4","1.1",".1",
"상용근로자 30인 이상","B.광업(05~08)","교육훈련비용[천원]","천원","3.7","3","2.8","3.8","1.9","4.1",
"상용근로자 30인 이상","C.제조업(10~34)","노동비용총액[천원]","천원","7738.2","7436.2","7344.8","7106.1","6436.5","6443.1",
"상용근로자 30인 이상","C.제조업(10~34)","직접노동비용(계)[천원]","천원","6074.4","5803.8","5697.6","5484.3","4951.1","4986.6",
"상용근로자 30인 이상","C.제조업(10~34)","정액 및 초과급여[천원]","천원","4815.3","4596","4362.7","4232.9","3986.9","3841.7",
"상용근로자 30인 이상","C.제조업(10~34)","상여금 및 성과금[천원]","천원","1259.1","1207.7","1334.9","1251.4","964.1","1144.9",
"상용근로자 30인 이상","C.제조업(10~34)","간접노동비용(계)[천원]","천원","1663.8","1632.5","1647.2","1621.8","1485.4","1456.5",
"상용근로자 30인 이상","C.제조업(10~34)","퇴직급여 등의 비용[천원]","천원","576.7","589.3","689.5","721.8","628.9","625.9",
"상용근로자 30인 이상","C.제조업(10~34)","법정노동비용[천원]","천원","583.1","566.4","529.8","493.5","466.7","455.9",
"상용근로자 30인 이상","C.제조업(10~34)","법정외 복지비용[천원]","천원","457.1","431.2","389","378.2","361.8","337",
"상용근로자 30인 이상","C.제조업(10~34)","채용관련비용(모집비)[천원]","천원","10.2","9.6","8.4","6.6","7.4","8.5",
"상용근로자 30인 이상","C.제조업(10~34)","교육훈련비용[천원]","천원","36.7","35.9","30.5","21.7","20.6","29.2",
"상용근로자 30인 이상","D.전기, 가스, 증기 및 공기 조절 공급업(35)","노동비용총액[천원]","천원","10094.6","9698.1","9726.9","9247.5","9253.4","9295.1",
"상용근로자 30인 이상","D.전기, 가스, 증기 및 공기 조절 공급업(35)","직접노동비용(계)[천원]","천원","7980.5","7717.4","7614.2","7445","7438.8","7459.9",
"상용근로자 30인 이상","D.전기, 가스, 증기 및 공기 조절 공급업(35)","정액 및 초과급여[천원]","천원","5662.5","5607.5","5531.7","5456.6","5387.5","5510.2",
"상용근로자 30인 이상","D.전기, 가스, 증기 및 공기 조절 공급업(35)","상여금 및 성과금[천원]","천원","2317.9","2109.9","2082.6","1988.4","2051.3","1949.7",
"상용근로자 30인 이상","D.전기, 가스, 증기 및 공기 조절 공급업(35)","간접노동비용(계)[천원]","천원","2114.1","1980.7","2112.7","1802.6","1814.6","1835.1",
"상용근로자 30인 이상","D.전기, 가스, 증기 및 공기 조절 공급업(35)","퇴직급여 등의 비용[천원]","천원","857.4","791.8","923.6","553.8","747.7","733.6",
"상용근로자 30인 이상","D.전기, 가스, 증기 및 공기 조절 공급업(35)","법정노동비용[천원]","천원","736.5","706.7","694.1","698.8","645.8","611.9",
"상용근로자 30인 이상","D.전기, 가스, 증기 및 공기 조절 공급업(35)","법정외 복지비용[천원]","천원","316.9","319","329.7","372.1","296","279.9",
"상용근로자 30인 이상","D.전기, 가스, 증기 및 공기 조절 공급업(35)","채용관련비용(모집비)[천원]","천원","20.7","15.2","18.2","21.1","17.1","16.2",
"상용근로자 30인 이상","D.전기, 가스, 증기 및 공기 조절 공급업(35)","교육훈련비용[천원]","천원","182.5","148.1","147.1","156.7","107.9","193.5",
"상용근로자 30인 이상","E.수도, 하수 및 폐기물 처리, 원료 재생업(36~39)","노동비용총액[천원]","천원","5952.7","5616.8","5590.6","5141","4757.9","4599.9",
"상용근로자 30인 이상","E.수도, 하수 및 폐기물 처리, 원료 재생업(36~39)","직접노동비용(계)[천원]","천원","4826.1","4608.5","4603.2","4202.6","3874.6","3790.3",
"상용근로자 30인 이상","E.수도, 하수 및 폐기물 처리, 원료 재생업(36~39)","정액 및 초과급여[천원]","천원","4302","4083.9","4143.8","3861.1","3621.1","3388.5",
"상용근로자 30인 이상","E.수도, 하수 및 폐기물 처리, 원료 재생업(36~39)","상여금 및 성과금[천원]","천원","524","524.6","459.4","341.6","253.5","401.9",
"상용근로자 30인 이상","E.수도, 하수 및 폐기물 처리, 원료 재생업(36~39)","간접노동비용(계)[천원]","천원","1126.6","1008.3","987.4","938.4","883.3","809.6",
"상용근로자 30인 이상","E.수도, 하수 및 폐기물 처리, 원료 재생업(36~39)","퇴직급여 등의 비용[천원]","천원","498.8","410.1","464","432.3","362.5","371.5",
"상용근로자 30인 이상","E.수도, 하수 및 폐기물 처리, 원료 재생업(36~39)","법정노동비용[천원]","천원","419.2","400","379.4","365.5","340.5","306.7",
"상용근로자 30인 이상","E.수도, 하수 및 폐기물 처리, 원료 재생업(36~39)","법정외 복지비용[천원]","천원","203.3","192.5","138.6","137.3","177.2","125.4",
"상용근로자 30인 이상","E.수도, 하수 및 폐기물 처리, 원료 재생업(36~39)","채용관련비용(모집비)[천원]","천원",".6","1.6","1.3",".8",".6","1.5",
"상용근로자 30인 이상","E.수도, 하수 및 폐기물 처리, 원료 재생업(36~39)","교육훈련비용[천원]","천원","4.7","4.1","4.1","2.5","2.5","4.6",
"상용근로자 30인 이상","F.건설업(41~42)","노동비용총액[천원]","천원","7856.6","7478.4","7170.8","7137.1","6966.8","6782.4",
"상용근로자 30인 이상","F.건설업(41~42)","직접노동비용(계)[천원]","천원","5989.9","5861.2","5462","5467.9","5329.1","5267.8",
"상용근로자 30인 이상","F.건설업(41~42)","정액 및 초과급여[천원]","천원","5466.4","5254.8","4847.9","4847.1","4763.6","4709.4",
"상용근로자 30인 이상","F.건설업(41~42)","상여금 및 성과금[천원]","천원","523.6","606.4","614.1","620.8","565.5","558.4",
"상용근로자 30인 이상","F.건설업(41~42)","간접노동비용(계)[천원]","천원","1866.7","1617.1","1708.8","1669.1","1637.7","1514.6",
"상용근로자 30인 이상","F.건설업(41~42)","퇴직급여 등의 비용[천원]","천원","760","553.1","686.2","585.4","637.2","543",
"상용근로자 30인 이상","F.건설업(41~42)","법정노동비용[천원]","천원","809.9","791.1","761.5","800.7","745.5","731.5",
"상용근로자 30인 이상","F.건설업(41~42)","법정외 복지비용[천원]","천원","259.1","239.2","229.2","256.4","230.9","215.2",
"상용근로자 30인 이상","F.건설업(41~42)","채용관련비용(모집비)[천원]","천원","4.6","4.6","6","3.6","2.9","2.6",
"상용근로자 30인 이상","F.건설업(41~42)","교육훈련비용[천원]","천원","33.2","29.1","25.9","23","21.2","22.3",
"상용근로자 30인 이상","G.도매 및 소매업(45~47)","노동비용총액[천원]","천원","6129.6","5903.4","5623.2","5743.6","5277.1","5138.9",
"상용근로자 30인 이상","G.도매 및 소매업(45~47)","직접노동비용(계)[천원]","천원","4932.5","4726.9","4510.7","4576.1","4250","4153.1",
"상용근로자 30인 이상","G.도매 및 소매업(45~47)","정액 및 초과급여[천원]","천원","4324.4","4134","3944.4","3938.5","3687.1","3549.7",
"상용근로자 30인 이상","G.도매 및 소매업(45~47)","상여금 및 성과금[천원]","천원","608.1","592.9","566.3","637.6","563","603.4",
"상용근로자 30인 이상","G.도매 및 소매업(45~47)","간접노동비용(계)[천원]","천원","1197.2","1176.5","1112.5","1167.5","1027.1","985.8",
"상용근로자 30인 이상","G.도매 및 소매업(45~47)","퇴직급여 등의 비용[천원]","천원","445.9","477.7","474.1","546.7","453","418.7",
"상용근로자 30인 이상","G.도매 및 소매업(45~47)","법정노동비용[천원]","천원","472.5","453.3","427.2","403.4","375.5","358.7",
"상용근로자 30인 이상","G.도매 및 소매업(45~47)","법정외 복지비용[천원]","천원","247.8","215.4","182.6","188.6","177.1","178.8",
"상용근로자 30인 이상","G.도매 및 소매업(45~47)","채용관련비용(모집비)[천원]","천원","12.2","11.8","12.7","14.9","10.6","8.8",
"상용근로자 30인 이상","G.도매 및 소매업(45~47)","교육훈련비용[천원]","천원","18.8","18.2","15.8","13.9","10.9","20.9",
"상용근로자 30인 이상","H.운수 및 창고업(49~52)","노동비용총액[천원]","천원","5776","5244","4997.3","4518.1","4259.2","4395.8",
"상용근로자 30인 이상","H.운수 및 창고업(49~52)","직접노동비용(계)[천원]","천원","4607.8","4178.5","3965.2","3664.8","3449","3538.4",
"상용근로자 30인 이상","H.운수 및 창고업(49~52)","정액 및 초과급여[천원]","천원","3995.3","3648","3427.8","3152.9","3029.6","2965.3",
"상용근로자 30인 이상","H.운수 및 창고업(49~52)","상여금 및 성과금[천원]","천원","612.6","530.4","537.5","511.8","419.5","573.1",
"상용근로자 30인 이상","H.운수 및 창고업(49~52)","간접노동비용(계)[천원]","천원","1168.2","1065.5","1032","853.4","810.2","857.4",
"상용근로자 30인 이상","H.운수 및 창고업(49~52)","퇴직급여 등의 비용[천원]","천원","459.1","421.8","439.3","354.9","312.3","354.6",
"상용근로자 30인 이상","H.운수 및 창고업(49~52)","법정노동비용[천원]","천원","431.1","393.4","367.1","337.9","340.8","313.3",
"상용근로자 30인 이상","H.운수 및 창고업(49~52)","법정외 복지비용[천원]","천원","255.3","231.6","206.3","148.5","145.1","172.3",
"상용근로자 30인 이상","H.운수 및 창고업(49~52)","채용관련비용(모집비)[천원]","천원","5.9","5.1","7.9","4.2","3.2","1.7",
"상용근로자 30인 이상","H.운수 및 창고업(49~52)","교육훈련비용[천원]","천원","16.9","13.6","11.3","7.9","8.8","15.5",
"상용근로자 30인 이상","I.숙박 및 음식점업(55~56)","노동비용총액[천원]","천원","3928.8","3723.3","3568.3","3403.2","3291.5","3446",
"상용근로자 30인 이상","I.숙박 및 음식점업(55~56)","직접노동비용(계)[천원]","천원","3131.5","2984.6","2827.6","2670.6","2590.3","2769.4",
"상용근로자 30인 이상","I.숙박 및 음식점업(55~56)","정액 및 초과급여[천원]","천원","2829.6","2689.2","2538.2","2398.8","2326.7","2377.1",
"상용근로자 30인 이상","I.숙박 및 음식점업(55~56)","상여금 및 성과금[천원]","천원","301.9","295.5","289.4","271.8","263.6","392.3",
"상용근로자 30인 이상","I.숙박 및 음식점업(55~56)","간접노동비용(계)[천원]","천원","797.3","738.6","740.7","732.6","701.2","676.6",
"상용근로자 30인 이상","I.숙박 및 음식점업(55~56)","퇴직급여 등의 비용[천원]","천원","284.9","288.2","320","313.6","295.4","272.2",
"상용근로자 30인 이상","I.숙박 및 음식점업(55~56)","법정노동비용[천원]","천원","312.4","289.6","270.7","261.7","267.2","254.4",
"상용근로자 30인 이상","I.숙박 및 음식점업(55~56)","법정외 복지비용[천원]","천원","180.3","140.8","132.6","146.6","122.2","130.3",
"상용근로자 30인 이상","I.숙박 및 음식점업(55~56)","채용관련비용(모집비)[천원]","천원","5.3","6","6.3","2.5","2.8","4.8",
"상용근로자 30인 이상","I.숙박 및 음식점업(55~56)","교육훈련비용[천원]","천원","14.4","14","11.1","8.2","13.7","14.9",
"상용근로자 30인 이상","J.정보통신업(58~63)","노동비용총액[천원]","천원","7277.9","7135.5","7113.3","6997.5","6474.1","6252.8",
"상용근로자 30인 이상","J.정보통신업(58~63)","직접노동비용(계)[천원]","천원","5806.5","5663.8","5592.2","5476.7","5115.1","4945.1",
"상용근로자 30인 이상","J.정보통신업(58~63)","정액 및 초과급여[천원]","천원","5046.6","4832.7","4721.8","4538.6","4310.6","4172.3",
"상용근로자 30인 이상","J.정보통신업(58~63)","상여금 및 성과금[천원]","천원","759.9","831.1","870.3","938.1","804.5","772.8",
"상용근로자 30인 이상","J.정보통신업(58~63)","간접노동비용(계)[천원]","천원","1471.4","1471.7","1521.2","1520.8","1359","1307.8",
"상용근로자 30인 이상","J.정보통신업(58~63)","퇴직급여 등의 비용[천원]","천원","522.7","544.1","597.3","631.8","535.2","507.2",
"상용근로자 30인 이상","J.정보통신업(58~63)","법정노동비용[천원]","천원","547.1","534.4","515.5","495.7","471","445",
"상용근로자 30인 이상","J.정보통신업(58~63)","법정외 복지비용[천원]","천원","350.3","336.5","339.7","325.4","298.8","294.8",
"상용근로자 30인 이상","J.정보통신업(58~63)","채용관련비용(모집비)[천원]","천원","11.8","12.7","24.4","13","9","8",
"상용근로자 30인 이상","J.정보통신업(58~63)","교육훈련비용[천원]","천원","39.5","44","44.2","55","45","52.9",
"상용근로자 30인 이상","K.금융 및 보험업(64~66)","노동비용총액[천원]","천원","11236.4","10560.2","11324.4","10537.7","9752.7","9236.2",
"상용근로자 30인 이상","K.금융 및 보험업(64~66)","직접노동비용(계)[천원]","천원","8848.6","8304.3","8524.2","8171.6","7567.2","7134",
"상용근로자 30인 이상","K.금융 및 보험업(64~66)","정액 및 초과급여[천원]","천원","5986.4","5692.6","5568.6","5411.4","5208.6","4993",
"상용근로자 30인 이상","K.금융 및 보험업(64~66)","상여금 및 성과금[천원]","천원","2862.2","2611.7","2955.6","2760.1","2358.7","2140.9",
"상용근로자 30인 이상","K.금융 및 보험업(64~66)","간접노동비용(계)[천원]","천원","2387.8","2255.9","2800.2","2366.1","2185.5","2102.2",
"상용근로자 30인 이상","K.금융 및 보험업(64~66)","퇴직급여 등의 비용[천원]","천원","864.4","807.5","1430.9","1061.4","970.3","947.7",
"상용근로자 30인 이상","K.금융 및 보험업(64~66)","법정노동비용[천원]","천원","782.1","779.2","762.5","683.5","649.3","611",
"상용근로자 30인 이상","K.금융 및 보험업(64~66)","법정외 복지비용[천원]","천원","653.3","588.5","532","558.2","511.7","468.1",
"상용근로자 30인 이상","K.금융 및 보험업(64~66)","채용관련비용(모집비)[천원]","천원","14.6","14.1","13.4","9.9","7.3","10.4",
"상용근로자 30인 이상","K.금융 및 보험업(64~66)","교육훈련비용[천원]","천원","73.4","66.6","61.4","53.2","46.9","65",
"상용근로자 30인 이상","L.부동산업(68)","노동비용총액[천원]","천원","4292.1","3838.6","3921.6","4029.2","3711.6","3582.1",
"상용근로자 30인 이상","L.부동산업(68)","직접노동비용(계)[천원]","천원","3620.1","3196.4","3199.7","3355.1","3099.1","3040.2",
"상용근로자 30인 이상","L.부동산업(68)","정액 및 초과급여[천원]","천원","3347.5","3026","3004.8","2844.6","2662.4","2647.6",
"상용근로자 30인 이상","L.부동산업(68)","상여금 및 성과금[천원]","천원","272.6","170.5","194.9","510.6","436.7","392.6",
"상용근로자 30인 이상","L.부동산업(68)","간접노동비용(계)[천원]","천원","672","642.2","721.9","674.1","612.4","541.9",
"상용근로자 30인 이상","L.부동산업(68)","퇴직급여 등의 비용[천원]","천원","300.7","291.9","341.6","223.8","285.6","252.7",
"상용근로자 30인 이상","L.부동산업(68)","법정노동비용[천원]","천원","275.8","256.9","270.3","289.1","254","227.4",
"상용근로자 30인 이상","L.부동산업(68)","법정외 복지비용[천원]","천원","85.3","80","98.7","137.5","66.2","51.5",
"상용근로자 30인 이상","L.부동산업(68)","채용관련비용(모집비)[천원]","천원","1.7","1.7","2.6","4.1",".6",".6",
"상용근로자 30인 이상","L.부동산업(68)","교육훈련비용[천원]","천원","8.5","11.6","8.7","19.5","6.1","9.7",
"상용근로자 30인 이상","M.전문, 과학 및 기술 서비스업(70~73)","노동비용총액[천원]","천원","6018.8","5856.1","5717.9","5858.8","5647.5","5520.3",
"상용근로자 30인 이상","M.전문, 과학 및 기술 서비스업(70~73)","직접노동비용(계)[천원]","천원","4928.5","4778","4693.4","4817","4644","4551.7",
"상용근로자 30인 이상","M.전문, 과학 및 기술 서비스업(70~73)","정액 및 초과급여[천원]","천원","4586.4","4379.3","4258.5","4129.6","4009.7","3996.3",
"상용근로자 30인 이상","M.전문, 과학 및 기술 서비스업(70~73)","상여금 및 성과금[천원]","천원","342.1","398.6","435","687.4","634.3","555.3",
"상용근로자 30인 이상","M.전문, 과학 및 기술 서비스업(70~73)","간접노동비용(계)[천원]","천원","1090.3","1078.2","1024.5","1041.8","1003.5","968.6",
"상용근로자 30인 이상","M.전문, 과학 및 기술 서비스업(70~73)","퇴직급여 등의 비용[천원]","천원","426.9","418.1","427.2","434.1","397.5","433.4",
"상용근로자 30인 이상","M.전문, 과학 및 기술 서비스업(70~73)","법정노동비용[천원]","천원","462.3","466.2","425.6","409.3","400.2","366.4",
"상용근로자 30인 이상","M.전문, 과학 및 기술 서비스업(70~73)","법정외 복지비용[천원]","천원","175.2","170","149.7","173.9","179.1","139.2",
"상용근로자 30인 이상","M.전문, 과학 및 기술 서비스업(70~73)","채용관련비용(모집비)[천원]","천원","8.1","8.6","6.8","6.5","6.9","5.1",
"상용근로자 30인 이상","M.전문, 과학 및 기술 서비스업(70~73)","교육훈련비용[천원]","천원","17.8","15.3","15.2","17.9","19.8","24.5",
"상용근로자 30인 이상","N.사업시설 관리, 사업 지원 및 임대 서비스업(74~76)","노동비용총액[천원]","천원","3362.7","3269.1","3160.2","2975.6","2930.7","2779.7",
"상용근로자 30인 이상","N.사업시설 관리, 사업 지원 및 임대 서비스업(74~76)","직접노동비용(계)[천원]","천원","2777.9","2709.2","2621.6","2476","2429.4","2342.3",
"상용근로자 30인 이상","N.사업시설 관리, 사업 지원 및 임대 서비스업(74~76)","정액 및 초과급여[천원]","천원","2645.8","2560.7","2471.9","2349.9","2322.1","2217",
"상용근로자 30인 이상","N.사업시설 관리, 사업 지원 및 임대 서비스업(74~76)","상여금 및 성과금[천원]","천원","132.1","148.4","149.7","126.1","107.2","125.3",
"상용근로자 30인 이상","N.사업시설 관리, 사업 지원 및 임대 서비스업(74~76)","간접노동비용(계)[천원]","천원","584.8","559.9","538.7","499.6","501.4","437.4",
"상용근로자 30인 이상","N.사업시설 관리, 사업 지원 및 임대 서비스업(74~76)","퇴직급여 등의 비용[천원]","천원","252.1","234.7","230.1","218.8","226.3","196.5",
"상용근로자 30인 이상","N.사업시설 관리, 사업 지원 및 임대 서비스업(74~76)","법정노동비용[천원]","천원","248.7","242.7","236.6","219.4","219","190.3",
"상용근로자 30인 이상","N.사업시설 관리, 사업 지원 및 임대 서비스업(74~76)","법정외 복지비용[천원]","천원","73.4","71.3","62.1","53","49.7","44.4",
"상용근로자 30인 이상","N.사업시설 관리, 사업 지원 및 임대 서비스업(74~76)","채용관련비용(모집비)[천원]","천원","4.6","5.4","4.7","4.7","3","2.7",
"상용근로자 30인 이상","N.사업시설 관리, 사업 지원 및 임대 서비스업(74~76)","교육훈련비용[천원]","천원","6.1","5.7","5.1","3.7","3.4","3.6",
"상용근로자 30인 이상","R.예술, 스포츠 및 여가관련 서비스업(90~91)","노동비용총액[천원]","천원","6050.4","5975.9","5549.2","5739.3","5218.4","5356.7",
"상용근로자 30인 이상","R.예술, 스포츠 및 여가관련 서비스업(90~91)","직접노동비용(계)[천원]","천원","4767.3","4574","4278.6","4174.8","3898.7","4241.6",
"상용근로자 30인 이상","R.예술, 스포츠 및 여가관련 서비스업(90~91)","정액 및 초과급여[천원]","천원","4315.9","4140.1","3899.1","3823.1","3528.2","3717.2",
"상용근로자 30인 이상","R.예술, 스포츠 및 여가관련 서비스업(90~91)","상여금 및 성과금[천원]","천원","451.4","433.9","379.4","351.7","370.5","524.4",
"상용근로자 30인 이상","R.예술, 스포츠 및 여가관련 서비스업(90~91)","간접노동비용(계)[천원]","천원","1283.1","1401.9","1270.6","1564.4","1319.7","1115.1",
"상용근로자 30인 이상","R.예술, 스포츠 및 여가관련 서비스업(90~91)","퇴직급여 등의 비용[천원]","천원","466.5","677","584.9","846.3","613.9","410.5",
"상용근로자 30인 이상","R.예술, 스포츠 및 여가관련 서비스업(90~91)","법정노동비용[천원]","천원","442.1","423.9","390.8","401.8","388.9","365.8",
"상용근로자 30인 이상","R.예술, 스포츠 및 여가관련 서비스업(90~91)","법정외 복지비용[천원]","천원","349.2","282.3","276.3","300.6","299.4","311.1",
"상용근로자 30인 이상","R.예술, 스포츠 및 여가관련 서비스업(90~91)","채용관련비용(모집비)[천원]","천원","6.1","6.2","6.1","3","2.5","4.6",
"상용근로자 30인 이상","R.예술, 스포츠 및 여가관련 서비스업(90~91)","교육훈련비용[천원]","천원","19.2","12.5","12.4","12.8","15","23.1",
"상용근로자 30인 이상","S.협회 및 단체, 수리 및 기타 개인 서비스업(94~96)","노동비용총액[천원]","천원","5602.2","5348.4","5301","5094.8","4713.3","4724.8",
"상용근로자 30인 이상","S.협회 및 단체, 수리 및 기타 개인 서비스업(94~96)","직접노동비용(계)[천원]","천원","4511.8","4392.4","4312.7","4139.4","3812","3843.7",
"상용근로자 30인 이상","S.협회 및 단체, 수리 및 기타 개인 서비스업(94~96)","정액 및 초과급여[천원]","천원","3949.9","3814.4","3801.8","3525.5","3326.9","3353.3",
"상용근로자 30인 이상","S.협회 및 단체, 수리 및 기타 개인 서비스업(94~96)","상여금 및 성과금[천원]","천원","562","578","511","613.9","485.2","490.4",
"상용근로자 30인 이상","S.협회 및 단체, 수리 및 기타 개인 서비스업(94~96)","간접노동비용(계)[천원]","천원","1090.4","955.9","988.3","955.4","901.3","881.1",
"상용근로자 30인 이상","S.협회 및 단체, 수리 및 기타 개인 서비스업(94~96)","퇴직급여 등의 비용[천원]","천원","367.5","274.2","373.7","328.3","326.6","360.3",
"상용근로자 30인 이상","S.협회 및 단체, 수리 및 기타 개인 서비스업(94~96)","법정노동비용[천원]","천원","451.9","436","413.9","397.6","346.1","332.5",
"상용근로자 30인 이상","S.협회 및 단체, 수리 및 기타 개인 서비스업(94~96)","법정외 복지비용[천원]","천원","261.8","236","190","215.5","220.6","168.4",
"상용근로자 30인 이상","S.협회 및 단체, 수리 및 기타 개인 서비스업(94~96)","채용관련비용(모집비)[천원]","천원","2.2","2.7","2.8","3.7","1.5","2.1",
"상용근로자 30인 이상","S.협회 및 단체, 수리 및 기타 개인 서비스업(94~96)","교육훈련비용[천원]","천원","6.9","7","7.8","10.3","6.4","17.7",
"중소규모(상용근로자 10~299인)","전체","노동비용총액[천원]","천원","5292.3","5085.9","4829.7","4794.6","4556.2","4428.6",
"중소규모(상용근로자 10~299인)","전체","직접노동비용(계)[천원]","천원","4343.6","4173.1","3975.1","3907.2","3717.3","3629",
"중소규모(상용근로자 10~299인)","전체","정액 및 초과급여[천원]","천원","3996.8","3846","3647.2","3579.9","3429.1","3293.8",
"중소규모(상용근로자 10~299인)","전체","상여금 및 성과금[천원]","천원","346.9","327.1","328","327.2","288.1","335.2",
"중소규모(상용근로자 10~299인)","전체","간접노동비용(계)[천원]","천원","948.6","912.8","854.6","887.5","838.9","799.7",
"중소규모(상용근로자 10~299인)","전체","퇴직급여 등의 비용[천원]","천원","392.7","380.4","352.2","378.4","357.2","334.5",
"중소규모(상용근로자 10~299인)","전체","법정노동비용[천원]","천원","386.3","371.1","356.5","344.4","326","313.7",
"중소규모(상용근로자 10~299인)","전체","법정외 복지비용[천원]","천원","159.4","151.3","136.9","155","148","142.1",
"중소규모(상용근로자 10~299인)","전체","채용관련비용(모집비)[천원]","천원","3.1","3.4","3.6","4","3","2.8",
"중소규모(상용근로자 10~299인)","전체","교육훈련비용[천원]","천원","7.1","6.5","5.4","5.7","4.8","6.6",
"중소규모(상용근로자 10~299인)","B.광업(05~08)","노동비용총액[천원]","천원","6212.8","6001.5","5603.7","5776.6","5628.3","5401.7",
"중소규모(상용근로자 10~299인)","B.광업(05~08)","직접노동비용(계)[천원]","천원","4954.7","4786.1","4554.4","4551","4513.4","4377.9",
"중소규모(상용근로자 10~299인)","B.광업(05~08)","정액 및 초과급여[천원]","천원","4555.1","4488.3","4281.5","4205.4","4221.4","4090.8",
"중소규모(상용근로자 10~299인)","B.광업(05~08)","상여금 및 성과금[천원]","천원","399.6","297.8","272.9","345.6","292","287.2",
"중소규모(상용근로자 10~299인)","B.광업(05~08)","간접노동비용(계)[천원]","천원","1258.1","1215.3","1049.4","1225.5","1114.9","1023.8",
"중소규모(상용근로자 10~299인)","B.광업(05~08)","퇴직급여 등의 비용[천원]","천원","436.8","445.1","387","472.1","357.1","380.9",
"중소규모(상용근로자 10~299인)","B.광업(05~08)","법정노동비용[천원]","천원","517.7","495.3","465.2","458.3","491.7","423.7",
"중소규모(상용근로자 10~299인)","B.광업(05~08)","법정외 복지비용[천원]","천원","300.5","272.4","194.2","292.3","263.1","216",
"중소규모(상용근로자 10~299인)","B.광업(05~08)","채용관련비용(모집비)[천원]","천원",".6",".6","1",".5","1.4",".2",
"중소규모(상용근로자 10~299인)","B.광업(05~08)","교육훈련비용[천원]","천원","2.5","1.8","1.9","2.3","1.5","3",
"중소규모(상용근로자 10~299인)","C.제조업(10~34)","노동비용총액[천원]","천원","5430.2","5268.8","5005.3","4862","4640.7","4519.9",
"중소규모(상용근로자 10~299인)","C.제조업(10~34)","직접노동비용(계)[천원]","천원","4400.1","4262.5","4075.8","3902.7","3727.7","3634.7",
"중소규모(상용근로자 10~299인)","C.제조업(10~34)","정액 및 초과급여[천원]","천원","4027.4","3904.3","3713.1","3591","3448.7","3284.1",
"중소규모(상용근로자 10~299인)","C.제조업(10~34)","상여금 및 성과금[천원]","천원","372.7","358.2","362.7","311.8","279","350.6",
"중소규모(상용근로자 10~299인)","C.제조업(10~34)","간접노동비용(계)[천원]","천원","1030.2","1006.3","929.5","959.3","913.1","885.2",
"중소규모(상용근로자 10~299인)","C.제조업(10~34)","퇴직급여 등의 비용[천원]","천원","420.8","418.9","379.1","410.1","385.4","379.1",
"중소규모(상용근로자 10~299인)","C.제조업(10~34)","법정노동비용[천원]","천원","397.1","385.7","367.8","351.4","335.2","325.4",
"중소규모(상용근로자 10~299인)","C.제조업(10~34)","법정외 복지비용[천원]","천원","204.9","194.7","177.2","192","186.3","174.3",
"중소규모(상용근로자 10~299인)","C.제조업(10~34)","채용관련비용(모집비)[천원]","천원","1.9","2","1.7","2.5","1.7","1.7",
"중소규모(상용근로자 10~299인)","C.제조업(10~34)","교육훈련비용[천원]","천원","5.5","5","3.7","3.2","4.5","4.6",
"중소규모(상용근로자 10~299인)","D.전기, 가스, 증기 및 공기 조절 공급업(35)","노동비용총액[천원]","천원","8920.4","8781","8772.2","8220.3","7949","8215.3",
"중소규모(상용근로자 10~299인)","D.전기, 가스, 증기 및 공기 조절 공급업(35)","직접노동비용(계)[천원]","천원","6967","6797.8","6625","6250.4","6197","6305.1",
"중소규모(상용근로자 10~299인)","D.전기, 가스, 증기 및 공기 조절 공급업(35)","정액 및 초과급여[천원]","천원","5079.8","5065.3","4859.1","4710.9","4593.8","4746.2",
"중소규모(상용근로자 10~299인)","D.전기, 가스, 증기 및 공기 조절 공급업(35)","상여금 및 성과금[천원]","천원","1887.2","1732.5","1765.9","1539.5","1603.2","1558.9",
"중소규모(상용근로자 10~299인)","D.전기, 가스, 증기 및 공기 조절 공급업(35)","간접노동비용(계)[천원]","천원","1953.3","1983.2","2147.2","1969.9","1752","1910.1",
"중소규모(상용근로자 10~299인)","D.전기, 가스, 증기 및 공기 조절 공급업(35)","퇴직급여 등의 비용[천원]","천원","775","871.5","1107.5","747.6","625.4","739.7",
"중소규모(상용근로자 10~299인)","D.전기, 가스, 증기 및 공기 조절 공급업(35)","법정노동비용[천원]","천원","613.2","598.3","567.5","567.5","542.6","528.8",
"중소규모(상용근로자 10~299인)","D.전기, 가스, 증기 및 공기 조절 공급업(35)","법정외 복지비용[천원]","천원","501.9","453.7","419.7","610.2","540.4","577.3",
"중소규모(상용근로자 10~299인)","D.전기, 가스, 증기 및 공기 조절 공급업(35)","채용관련비용(모집비)[천원]","천원","7.8","10.4","12.7","8.9","10.4","11.4",
"중소규모(상용근로자 10~299인)","D.전기, 가스, 증기 및 공기 조절 공급업(35)","교육훈련비용[천원]","천원","55.5","49.3","39.8","35.7","33.3","53",
"중소규모(상용근로자 10~299인)","E.수도, 하수 및 폐기물 처리, 원료 재생업(36~39)","노동비용총액[천원]","천원","5749.4","5530.8","5310.6","5119.9","4875.5","4541.1",
"중소규모(상용근로자 10~299인)","E.수도, 하수 및 폐기물 처리, 원료 재생업(36~39)","직접노동비용(계)[천원]","천원","4700.6","4571.1","4396.6","4230.9","4016.4","3739.2",
"중소규모(상용근로자 10~299인)","E.수도, 하수 및 폐기물 처리, 원료 재생업(36~39)","정액 및 초과급여[천원]","천원","4243.4","4143.3","4029.2","3843","3687","3353.2",
"중소규모(상용근로자 10~299인)","E.수도, 하수 및 폐기물 처리, 원료 재생업(36~39)","상여금 및 성과금[천원]","천원","457.2","427.8","367.4","387.9","329.4","386",
"중소규모(상용근로자 10~299인)","E.수도, 하수 및 폐기물 처리, 원료 재생업(36~39)","간접노동비용(계)[천원]","천원","1048.8","959.7","914","889.1","859.1","801.9",
"중소규모(상용근로자 10~299인)","E.수도, 하수 및 폐기물 처리, 원료 재생업(36~39)","퇴직급여 등의 비용[천원]","천원","469.6","400.4","403.2","384.9","352.3","344.4",
"중소규모(상용근로자 10~299인)","E.수도, 하수 및 폐기물 처리, 원료 재생업(36~39)","법정노동비용[천원]","천원","394.8","383.5","363.5","366.1","331.2","311.8",
"중소규모(상용근로자 10~299인)","E.수도, 하수 및 폐기물 처리, 원료 재생업(36~39)","법정외 복지비용[천원]","천원","179.6","171.2","142.6","136","173.4","141.9",
"중소규모(상용근로자 10~299인)","E.수도, 하수 및 폐기물 처리, 원료 재생업(36~39)","채용관련비용(모집비)[천원]","천원",".9","1.4","1.1",".6",".4","1",
"중소규모(상용근로자 10~299인)","E.수도, 하수 및 폐기물 처리, 원료 재생업(36~39)","교육훈련비용[천원]","천원","3.9","3.3","3.6","1.4","1.7","2.8",
"중소규모(상용근로자 10~299인)","F.건설업(41~42)","노동비용총액[천원]","천원","5236.2","5047.5","4610.9","4903.4","4718","4535.7",
"중소규모(상용근로자 10~299인)","F.건설업(41~42)","직접노동비용(계)[천원]","천원","4297.7","4177.6","3770.7","3990.3","3802.1","3741.1",
"중소규모(상용근로자 10~299인)","F.건설업(41~42)","정액 및 초과급여[천원]","천원","4101.1","3960.4","3562.4","3743.9","3564.2","3469",
"중소규모(상용근로자 10~299인)","F.건설업(41~42)","상여금 및 성과금[천원]","천원","196.6","217.2","208.3","246.4","237.9","272.1",
"중소규모(상용근로자 10~299인)","F.건설업(41~42)","간접노동비용(계)[천원]","천원","938.5","869.9","840.2","913.1","915.9","794.7",
"중소규모(상용근로자 10~299인)","F.건설업(41~42)","퇴직급여 등의 비용[천원]","천원","366.6","325.5","309.9","287.6","338.8","246.8",
"중소규모(상용근로자 10~299인)","F.건설업(41~42)","법정노동비용[천원]","천원","430.2","407.9","401.2","449.4","416.9","402.6",
"중소규모(상용근로자 10~299인)","F.건설업(41~42)","법정외 복지비용[천원]","천원","133.9","129.7","121.8","166.6","156.2","139.8",
"중소규모(상용근로자 10~299인)","F.건설업(41~42)","채용관련비용(모집비)[천원]","천원",".8",".6","1.2","1.4",".5",".9",
"중소규모(상용근로자 10~299인)","F.건설업(41~42)","교육훈련비용[천원]","천원","7","6.3","6.1","8.1","3.5","4.6",
"중소규모(상용근로자 10~299인)","G.도매 및 소매업(45~47)","노동비용총액[천원]","천원","5839.5","5432.2","5129.8","5435.6","5214.7","5097.2",
"중소규모(상용근로자 10~299인)","G.도매 및 소매업(45~47)","직접노동비용(계)[천원]","천원","4837.3","4496.4","4231.3","4526.4","4361.6","4298.6",
"중소규모(상용근로자 10~299인)","G.도매 및 소매업(45~47)","정액 및 초과급여[천원]","천원","4358.2","4083.4","3831.1","4118.2","3980.5","3895.6",
"중소규모(상용근로자 10~299인)","G.도매 및 소매업(45~47)","상여금 및 성과금[천원]","천원","479.2","413","400.3","408.1","381","403.1",
"중소규모(상용근로자 10~299인)","G.도매 및 소매업(45~47)","간접노동비용(계)[천원]","천원","1002.2","935.8","898.5","909.2","853.2","798.6",
"중소규모(상용근로자 10~299인)","G.도매 및 소매업(45~47)","퇴직급여 등의 비용[천원]","천원","403.1","399.5","392.2","402.4","381.4","321.8",
"중소규모(상용근로자 10~299인)","G.도매 및 소매업(45~47)","법정노동비용[천원]","천원","424.1","392.8","378.8","351.5","329.9","322.8",
"중소규모(상용근로자 10~299인)","G.도매 및 소매업(45~47)","법정외 복지비용[천원]","천원","158.1","128.3","112.7","140.9","131.2","137.4",
"중소규모(상용근로자 10~299인)","G.도매 및 소매업(45~47)","채용관련비용(모집비)[천원]","천원","6.6","7.6","7.6","8","6.7","6",
"중소규모(상용근로자 10~299인)","G.도매 및 소매업(45~47)","교육훈련비용[천원]","천원","10.4","7.7","7","6.4","4","10.6",
"중소규모(상용근로자 10~299인)","H.운수 및 창고업(49~52)","노동비용총액[천원]","천원","4722.4","4470.1","4191.8","3830.6","3592.6","3405.9",
"중소규모(상용근로자 10~299인)","H.운수 및 창고업(49~52)","직접노동비용(계)[천원]","천원","3845.2","3633.1","3431.5","3158.2","2955.9","2787.2",
"중소규모(상용근로자 10~299인)","H.운수 및 창고업(49~52)","정액 및 초과급여[천원]","천원","3523.8","3348.9","3153.8","2871.6","2741","2503.2",
"중소규모(상용근로자 10~299인)","H.운수 및 창고업(49~52)","상여금 및 성과금[천원]","천원","321.4","284.2","277.7","286.7","214.9","284",
"중소규모(상용근로자 10~299인)","H.운수 및 창고업(49~52)","간접노동비용(계)[천원]","천원","877.2","837","760.3","672.3","636.7","618.7",
"중소규모(상용근로자 10~299인)","H.운수 및 창고업(49~52)","퇴직급여 등의 비용[천원]","천원","412.1","379.4","331.5","307.1","287.4","284.7",
"중소규모(상용근로자 10~299인)","H.운수 및 창고업(49~52)","법정노동비용[천원]","천원","328.6","321.1","302.5","267.9","260.6","233.9",
"중소규모(상용근로자 10~299인)","H.운수 및 창고업(49~52)","법정외 복지비용[천원]","천원","130.5","131.2","122.5","91","83","96.9",
"중소규모(상용근로자 10~299인)","H.운수 및 창고업(49~52)","채용관련비용(모집비)[천원]","천원",".6",".9","1.1","4","3.5","1.2",
"중소규모(상용근로자 10~299인)","H.운수 및 창고업(49~52)","교육훈련비용[천원]","천원","5.3","4.4","2.7","2.3","2.1","1.9",
"중소규모(상용근로자 10~299인)","I.숙박 및 음식점업(55~56)","노동비용총액[천원]","천원","3593.3","3475.5","3292.5","3232.1","3077.8","3321.2",
"중소규모(상용근로자 10~299인)","I.숙박 및 음식점업(55~56)","직접노동비용(계)[천원]","천원","2968.2","2907.1","2729.2","2672.2","2531.7","2739.7",
"중소규모(상용근로자 10~299인)","I.숙박 및 음식점업(55~56)","정액 및 초과급여[천원]","천원","2909.3","2836.8","2678.9","2625","2477.4","2652.6",
"중소규모(상용근로자 10~299인)","I.숙박 및 음식점업(55~56)","상여금 및 성과금[천원]","천원","58.9","70.3","50.4","47.3","54.2","87.1",
"중소규모(상용근로자 10~299인)","I.숙박 및 음식점업(55~56)","간접노동비용(계)[천원]","천원","625.1","568.4","563.3","559.8","546.1","581.5",
"중소규모(상용근로자 10~299인)","I.숙박 및 음식점업(55~56)","퇴직급여 등의 비용[천원]","천원","276.4","233.6","251.8","228.4","223","251.2",
"중소규모(상용근로자 10~299인)","I.숙박 및 음식점업(55~56)","법정노동비용[천원]","천원","272.6","260.6","244.8","238.1","234.3","236.7",
"중소규모(상용근로자 10~299인)","I.숙박 및 음식점업(55~56)","법정외 복지비용[천원]","천원","71.8","69.1","61.2","86.6","83.4","85.9",
"중소규모(상용근로자 10~299인)","I.숙박 및 음식점업(55~56)","채용관련비용(모집비)[천원]","천원","3.1","4","4.5","2.7","2","3.8",
"중소규모(상용근로자 10~299인)","I.숙박 및 음식점업(55~56)","교육훈련비용[천원]","천원","1.2","1.2","1","3.9","3.4","3.9",
"중소규모(상용근로자 10~299인)","J.정보통신업(58~63)","노동비용총액[천원]","천원","5759.4","5484.9","5364.6","5206.4","4801.3","4853",
"중소규모(상용근로자 10~299인)","J.정보통신업(58~63)","직접노동비용(계)[천원]","천원","4777.8","4540.8","4472.3","4289.1","3974.5","4024.8",
"중소규모(상용근로자 10~299인)","J.정보통신업(58~63)","정액 및 초과급여[천원]","천원","4456.5","4220.7","4128","3948.6","3708.6","3715.8",
"중소규모(상용근로자 10~299인)","J.정보통신업(58~63)","상여금 및 성과금[천원]","천원","321.3","320","344.3","340.5","265.9","309",
"중소규모(상용근로자 10~299인)","J.정보통신업(58~63)","간접노동비용(계)[천원]","천원","981.5","944.2","892.3","917.3","826.8","828.2",
"중소규모(상용근로자 10~299인)","J.정보통신업(58~63)","퇴직급여 등의 비용[천원]","천원","406.6","392.7","365.7","381.7","345","352.4",
"중소규모(상용근로자 10~299인)","J.정보통신업(58~63)","법정노동비용[천원]","천원","427.7","408.9","392.7","376.3","351.1","346.9",
"중소규모(상용근로자 10~299인)","J.정보통신업(58~63)","법정외 복지비용[천원]","천원","127.5","122.6","110.8","136","115","111.2",
"중소규모(상용근로자 10~299인)","J.정보통신업(58~63)","채용관련비용(모집비)[천원]","천원","6.1","6.7","10.4","10.1","7.1","5",
"중소규모(상용근로자 10~299인)","J.정보통신업(58~63)","교육훈련비용[천원]","천원","13.6","13.2","12.7","13.1","8.5","12.8",
"중소규모(상용근로자 10~299인)","K.금융 및 보험업(64~66)","노동비용총액[천원]","천원","9637.2","8871.3","8534","9878.6","9234.8","7971.7",
"중소규모(상용근로자 10~299인)","K.금융 및 보험업(64~66)","직접노동비용(계)[천원]","천원","8029.2","7328.3","7041.2","8017.7","7465.7","6531.3",
"중소규모(상용근로자 10~299인)","K.금융 및 보험업(64~66)","정액 및 초과급여[천원]","천원","6090.7","5890.6","5655.9","5962.2","5727","5192.3",
"중소규모(상용근로자 10~299인)","K.금융 및 보험업(64~66)","상여금 및 성과금[천원]","천원","1938.5","1437.7","1385.3","2055.4","1738.7","1339",
"중소규모(상용근로자 10~299인)","K.금융 및 보험업(64~66)","간접노동비용(계)[천원]","천원","1608","1543","1492.8","1860.9","1769.2","1440.5",
"중소규모(상용근로자 10~299인)","K.금융 및 보험업(64~66)","퇴직급여 등의 비용[천원]","천원","734.2","674.2","682.2","1040.9","988.5","648.6",
"중소규모(상용근로자 10~299인)","K.금융 및 보험업(64~66)","법정노동비용[천원]","천원","615.9","596.2","555.6","555.5","515.1","472.7",
"중소규모(상용근로자 10~299인)","K.금융 및 보험업(64~66)","법정외 복지비용[천원]","천원","213.5","226.8","214.7","216.7","229.5","261.8",
"중소규모(상용근로자 10~299인)","K.금융 및 보험업(64~66)","채용관련비용(모집비)[천원]","천원","13.4","16","15.4","14.2","8.6","15.4",
"중소규모(상용근로자 10~299인)","K.금융 및 보험업(64~66)","교육훈련비용[천원]","천원","31.1","29.9","25","33.5","27.4","41.9",
"중소규모(상용근로자 10~299인)","L.부동산업(68)","노동비용총액[천원]","천원","5241.8","5109","4634.1","3578.6","3599","4175.1",
"중소규모(상용근로자 10~299인)","L.부동산업(68)","직접노동비용(계)[천원]","천원","4415.7","4202.6","3874.6","2973.9","3061.2","3554.3",
"중소규모(상용근로자 10~299인)","L.부동산업(68)","정액 및 초과급여[천원]","천원","4220.5","3997.5","3720.5","2823.2","2851.3","3118.1",
"중소규모(상용근로자 10~299인)","L.부동산업(68)","상여금 및 성과금[천원]","천원","195.3","205.2","154.1","150.7","209.9","436.2",
"중소규모(상용근로자 10~299인)","L.부동산업(68)","간접노동비용(계)[천원]","천원","826","906.3","759.5","604.6","537.8","620.8",
"중소규모(상용근로자 10~299인)","L.부동산업(68)","퇴직급여 등의 비용[천원]","천원","423","461.5","360.6","295.9","245.9","299.5",
"중소규모(상용근로자 10~299인)","L.부동산업(68)","법정노동비용[천원]","천원","325.4","323.6","305","212.4","210.5","251.7",
"중소규모(상용근로자 10~299인)","L.부동산업(68)","법정외 복지비용[천원]","천원","72.2","109","86.5","92.2","77.3","56.5",
"중소규모(상용근로자 10~299인)","L.부동산업(68)","채용관련비용(모집비)[천원]","천원",".5",".9","1.3",".8",".4",".7",
"중소규모(상용근로자 10~299인)","L.부동산업(68)","교육훈련비용[천원]","천원","5","11.3","6.1","3.4","3.8","12.4",
"중소규모(상용근로자 10~299인)","M.전문, 과학 및 기술 서비스업(70~73)","노동비용총액[천원]","천원","5074.5","5003.2","4854.4","5067.3","4694.7","4586.2",
"중소규모(상용근로자 10~299인)","M.전문, 과학 및 기술 서비스업(70~73)","직접노동비용(계)[천원]","천원","4266.1","4213.1","4121.4","4159.3","3922.6","3825.5",
"중소규모(상용근로자 10~299인)","M.전문, 과학 및 기술 서비스업(70~73)","정액 및 초과급여[천원]","천원","4053.3","3958.1","3846.9","3759.4","3579","3487.1",
"중소규모(상용근로자 10~299인)","M.전문, 과학 및 기술 서비스업(70~73)","상여금 및 성과금[천원]","천원","212.9","255.1","274.5","399.9","343.6","338.4",
"중소규모(상용근로자 10~299인)","M.전문, 과학 및 기술 서비스업(70~73)","간접노동비용(계)[천원]","천원","808.3","790.1","733","908","772.1","760.7",
"중소규모(상용근로자 10~299인)","M.전문, 과학 및 기술 서비스업(70~73)","퇴직급여 등의 비용[천원]","천원","320.9","307.2","275.4","415.4","316.1","326.8",
"중소규모(상용근로자 10~299인)","M.전문, 과학 및 기술 서비스업(70~73)","법정노동비용[천원]","천원","362.9","349.9","346.5","350.8","338.2","313.9",
"중소규모(상용근로자 10~299인)","M.전문, 과학 및 기술 서비스업(70~73)","법정외 복지비용[천원]","천원","112.7","120.3","101.4","125.5","104.1","103.9",
"중소규모(상용근로자 10~299인)","M.전문, 과학 및 기술 서비스업(70~73)","채용관련비용(모집비)[천원]","천원","4.8","5","3.5","4.1","3.7","3.9",
"중소규모(상용근로자 10~299인)","M.전문, 과학 및 기술 서비스업(70~73)","교육훈련비용[천원]","천원","7.1","7.8","6.2","12.3","9.9","12.3",
"중소규모(상용근로자 10~299인)","N.사업시설 관리, 사업 지원 및 임대 서비스업(74~76)","노동비용총액[천원]","천원","3314.4","3133.1","3010.7","3122","3110.5","2820.3",
"중소규모(상용근로자 10~299인)","N.사업시설 관리, 사업 지원 및 임대 서비스업(74~76)","직접노동비용(계)[천원]","천원","2770.7","2643.4","2545.7","2609","2572.3","2357.5",
"중소규모(상용근로자 10~299인)","N.사업시설 관리, 사업 지원 및 임대 서비스업(74~76)","정액 및 초과급여[천원]","천원","2682.9","2555","2451.6","2501.7","2476.9","2230.3",
"중소규모(상용근로자 10~299인)","N.사업시설 관리, 사업 지원 및 임대 서비스업(74~76)","상여금 및 성과금[천원]","천원","87.8","88.4","94.1","107.3","95.4","127.2",
"중소규모(상용근로자 10~299인)","N.사업시설 관리, 사업 지원 및 임대 서비스업(74~76)","간접노동비용(계)[천원]","천원","543.7","489.7","465","513","538.2","462.9",
"중소규모(상용근로자 10~299인)","N.사업시설 관리, 사업 지원 및 임대 서비스업(74~76)","퇴직급여 등의 비용[천원]","천원","250.2","214.6","198.2","222","240.3","211.1",
"중소규모(상용근로자 10~299인)","N.사업시설 관리, 사업 지원 및 임대 서비스업(74~76)","법정노동비용[천원]","천원","228.3","213.5","210.9","223.8","219.6","191.2",
"중소규모(상용근로자 10~299인)","N.사업시설 관리, 사업 지원 및 임대 서비스업(74~76)","법정외 복지비용[천원]","천원","61","57.1","51.5","62.3","74.2","56.3",
"중소규모(상용근로자 10~299인)","N.사업시설 관리, 사업 지원 및 임대 서비스업(74~76)","채용관련비용(모집비)[천원]","천원","2.3","2.5","2.6","2.3","2.1","2.4",
"중소규모(상용근로자 10~299인)","N.사업시설 관리, 사업 지원 및 임대 서비스업(74~76)","교육훈련비용[천원]","천원","1.9","2","1.8","2.5","2","1.8",
"중소규모(상용근로자 10~299인)","R.예술, 스포츠 및 여가관련 서비스업(90~91)","노동비용총액[천원]","천원","5263.5","5051.3","4695.6","4606.6","4327.3","4629.9",
"중소규모(상용근로자 10~299인)","R.예술, 스포츠 및 여가관련 서비스업(90~91)","직접노동비용(계)[천원]","천원","4281.7","4135.5","3872.8","3620.2","3434.6","3775.4",
"중소규모(상용근로자 10~299인)","R.예술, 스포츠 및 여가관련 서비스업(90~91)","정액 및 초과급여[천원]","천원","4023.7","3860.3","3586.4","3416.1","3250.4","3431.4",
"중소규모(상용근로자 10~299인)","R.예술, 스포츠 및 여가관련 서비스업(90~91)","상여금 및 성과금[천원]","천원","258","275.2","286.4","204.1","184.1","344",
"중소규모(상용근로자 10~299인)","R.예술, 스포츠 및 여가관련 서비스업(90~91)","간접노동비용(계)[천원]","천원","981.8","915.8","822.8","986.4","892.7","854.5",
"중소규모(상용근로자 10~299인)","R.예술, 스포츠 및 여가관련 서비스업(90~91)","퇴직급여 등의 비용[천원]","천원","357","340.2","289.6","419.7","375.9","350.3",
"중소규모(상용근로자 10~299인)","R.예술, 스포츠 및 여가관련 서비스업(90~91)","법정노동비용[천원]","천원","378.2","359.1","333.7","321.5","302.4","289.8",
"중소규모(상용근로자 10~299인)","R.예술, 스포츠 및 여가관련 서비스업(90~91)","법정외 복지비용[천원]","천원","236.7","208.9","193.1","234.4","205.4","206",
"중소규모(상용근로자 10~299인)","R.예술, 스포츠 및 여가관련 서비스업(90~91)","채용관련비용(모집비)[천원]","천원","2.7","2.4","3.2","2.3","3.1","2.8",
"중소규모(상용근로자 10~299인)","R.예술, 스포츠 및 여가관련 서비스업(90~91)","교육훈련비용[천원]","천원","7.2","5.2","3.2","8.5","5.9","5.7",
"중소규모(상용근로자 10~299인)","S.협회 및 단체, 수리 및 기타 개인 서비스업(94~96)","노동비용총액[천원]","천원","4367.4","4279.3","4184.2","3980","3729.6","3636.4",
"중소규모(상용근로자 10~299인)","S.협회 및 단체, 수리 및 기타 개인 서비스업(94~96)","직접노동비용(계)[천원]","천원","3681.3","3553.3","3525.8","3324","3152","3058.4",
"중소규모(상용근로자 10~299인)","S.협회 및 단체, 수리 및 기타 개인 서비스업(94~96)","정액 및 초과급여[천원]","천원","3557.4","3437.6","3423","3194.8","3069.1","2928",
"중소규모(상용근로자 10~299인)","S.협회 및 단체, 수리 및 기타 개인 서비스업(94~96)","상여금 및 성과금[천원]","천원","123.8","115.7","102.8","129.2","82.9","130.4",
"중소규모(상용근로자 10~299인)","S.협회 및 단체, 수리 및 기타 개인 서비스업(94~96)","간접노동비용(계)[천원]","천원","686.1","726","658.3","656","577.6","578",
"중소규모(상용근로자 10~299인)","S.협회 및 단체, 수리 및 기타 개인 서비스업(94~96)","퇴직급여 등의 비용[천원]","천원","249","300.7","255","254","206.5","202.8",
"중소규모(상용근로자 10~299인)","S.협회 및 단체, 수리 및 기타 개인 서비스업(94~96)","법정노동비용[천원]","천원","329.3","316.4","312.4","295.1","272.9","273",
"중소규모(상용근로자 10~299인)","S.협회 및 단체, 수리 및 기타 개인 서비스업(94~96)","법정외 복지비용[천원]","천원","103.8","105.9","87.7","101.9","96.4","97.4",
"중소규모(상용근로자 10~299인)","S.협회 및 단체, 수리 및 기타 개인 서비스업(94~96)","채용관련비용(모집비)[천원]","천원",".8",".9","1.3","1.8",".7","1.9",
"중소규모(상용근로자 10~299인)","S.협회 및 단체, 수리 및 기타 개인 서비스업(94~96)","교육훈련비용[천원]","천원","3.3","2","1.9","3.2","1","2.9",
"대규모(상용근로자 300인 이상)","전체","노동비용총액[천원]","천원","7752","7531.8","7608","7129.4","6477.2","6498.2",
"대규모(상용근로자 300인 이상)","전체","직접노동비용(계)[천원]","천원","6049.8","5858.2","5822.6","5497.8","4993.8","5040.9",
"대규모(상용근로자 300인 이상)","전체","정액 및 초과급여[천원]","천원","4717.1","4527.1","4337","4117.9","3882.2","3807.6",
"대규모(상용근로자 300인 이상)","전체","상여금 및 성과금[천원]","천원","1332.8","1331.1","1485.5","1380","1111.7","1233.3",
"대규모(상용근로자 300인 이상)","전체","간접노동비용(계)[천원]","천원","1702.1","1673.6","1785.4","1631.5","1483.4","1457.4",
"대규모(상용근로자 300인 이상)","전체","퇴직급여 등의 비용[천원]","천원","580.3","581.9","767","710.7","614.8","610.4",
"대규모(상용근로자 300인 이상)","전체","법정노동비용[천원]","천원","603","599","562.5","514.4","487.9","467.7",
"대규모(상용근로자 300인 이상)","전체","법정외 복지비용[천원]","천원","459.1","434.2","400.9","363.7","342.3","327.8",
"대규모(상용근로자 300인 이상)","전체","채용관련비용(모집비)[천원]","천원","13","12.4","13.2","9","8.5","9.3",
"대규모(상용근로자 300인 이상)","전체","교육훈련비용[천원]","천원","46.8","46.1","41.8","33.7","29.9","42.1",
"대규모(상용근로자 300인 이상)","B.광업(05~08)","노동비용총액[천원]","천원","10437.7","9423.5","8887.1","10256.4","8711.2","7765.9",
"대규모(상용근로자 300인 이상)","B.광업(05~08)","직접노동비용(계)[천원]","천원","7252","6457.3","6436.9","6292.9","6153.2","5854.9",
"대규모(상용근로자 300인 이상)","B.광업(05~08)","정액 및 초과급여[천원]","천원","4889.8","4382.6","4213.6","4166.3","3990.4","3815.9",
"대규모(상용근로자 300인 이상)","B.광업(05~08)","상여금 및 성과금[천원]","천원","2362.2","2074.6","2223.2","2126.6","2162.7","2039",
"대규모(상용근로자 300인 이상)","B.광업(05~08)","간접노동비용(계)[천원]","천원","3185.8","2966.3","2450.2","3963.6","2558","1911.1",
"대규모(상용근로자 300인 이상)","B.광업(05~08)","퇴직급여 등의 비용[천원]","천원","2079.2","1865.2","1520.2","3101.8","1764.9","1123.7",
"대규모(상용근로자 300인 이상)","B.광업(05~08)","법정노동비용[천원]","천원","817.5","808.1","757.6","718.4","692.4","682",
"대규모(상용근로자 300인 이상)","B.광업(05~08)","법정외 복지비용[천원]","천원","283.4","287.3","164.8","137.8","97","95.7",
"대규모(상용근로자 300인 이상)","B.광업(05~08)","채용관련비용(모집비)[천원]","천원",".7",".5",".7","0","0","0",
"대규모(상용근로자 300인 이상)","B.광업(05~08)","교육훈련비용[천원]","천원","4.9","5.3","6.9","5.5","3.7","9.6",
"대규모(상용근로자 300인 이상)","C.제조업(10~34)","노동비용총액[천원]","천원","9643.5","9234.1","9315.3","8833.6","8028.8","8179.8",
"대규모(상용근로자 300인 이상)","C.제조업(10~34)","직접노동비용(계)[천원]","천원","7467.3","7100.7","7081.2","6706.1","6050.3","6229",
"대규모(상용근로자 300인 이상)","C.제조업(10~34)","정액 및 초과급여[천원]","천원","5465.3","5178","4902.1","4694.3","4446.7","4343.8",
"대규모(상용근로자 300인 이상)","C.제조업(10~34)","상여금 및 성과금[천원]","천원","2002","1922.6","2179.2","2011.9","1603.6","1885.2",
"대규모(상용근로자 300인 이상)","C.제조업(10~34)","간접노동비용(계)[천원]","천원","2176.2","2133.4","2234.1","2127.4","1978.5","1950.8",
"대규모(상용근로자 300인 이상)","C.제조업(10~34)","퇴직급여 등의 비용[천원]","천원","696.1","711.3","930.7","958.3","826.6","822.2",
"대규모(상용근로자 300인 이상)","C.제조업(10~34)","법정노동비용[천원]","천원","733.8","714","662.7","598.3","581.7","571.9",
"대규모(상용근로자 300인 이상)","C.제조업(10~34)","법정외 복지비용[천원]","천원","665.5","629.7","572.7","524.4","522","488.9",
"대규모(상용근로자 300인 이상)","C.제조업(10~34)","채용관련비용(모집비)[천원]","천원","17.3","15.9","14.1","9.4","12.5","14.8",
"대규모(상용근로자 300인 이상)","C.제조업(10~34)","교육훈련비용[천원]","천원","63.5","62.5","53.9","37.1","35.8","53",
"대규모(상용근로자 300인 이상)","D.전기, 가스, 증기 및 공기 조절 공급업(35)","노동비용총액[천원]","천원","10243.3","9800.3","9819.5","9451.6","9476.8","9457.2",
"대규모(상용근로자 300인 이상)","D.전기, 가스, 증기 및 공기 조절 공급업(35)","직접노동비용(계)[천원]","천원","8126.2","7848","7752.7","7706.3","7666.5","7667.4",
"대규모(상용근로자 300인 이상)","D.전기, 가스, 증기 및 공기 조절 공급업(35)","정액 및 초과급여[천원]","천원","5753.5","5695","5652","5628.5","5541.6","5659.9",
"대규모(상용근로자 300인 이상)","D.전기, 가스, 증기 및 공기 조절 공급업(35)","상여금 및 성과금[천원]","천원","2372.7","2153","2100.7","2077.8","2124.9","2007.6",
"대규모(상용근로자 300인 이상)","D.전기, 가스, 증기 및 공기 조절 공급업(35)","간접노동비용(계)[천원]","천원","2117.2","1952.3","2066.8","1745.4","1810.3","1789.7",
"대규모(상용근로자 300인 이상)","D.전기, 가스, 증기 및 공기 조절 공급업(35)","퇴직급여 등의 비용[천원]","천원","860.8","761.5","861.4","500.2","769.8","721.1",
"대규모(상용근로자 300인 이상)","D.전기, 가스, 증기 및 공기 조절 공급업(35)","법정노동비용[천원]","천원","756.1","723.7","715.5","727.4","664.5","625.3",
"대규모(상용근로자 300인 이상)","D.전기, 가스, 증기 및 공기 조절 공급업(35)","법정외 복지비용[천원]","천원","269.3","283.6","302.2","308","233.4","202.3",
"대규모(상용근로자 300인 이상)","D.전기, 가스, 증기 및 공기 조절 공급업(35)","채용관련비용(모집비)[천원]","천원","23.3","15.9","19","24","18.4","16.9",
"대규모(상용근로자 300인 이상)","D.전기, 가스, 증기 및 공기 조절 공급업(35)","교육훈련비용[천원]","천원","207.7","167.7","168.7","185.8","124.2","224.2",
"대규모(상용근로자 300인 이상)","E.수도, 하수 및 폐기물 처리, 원료 재생업(36~39)","노동비용총액[천원]","천원","5026.7","4868.4","4889.9","4716.3","4407.5","4738.2",
"대규모(상용근로자 300인 이상)","E.수도, 하수 및 폐기물 처리, 원료 재생업(36~39)","직접노동비용(계)[천원]","천원","4018","3782.6","3703.2","3644.1","3408.9","3827.4",
"대규모(상용근로자 300인 이상)","E.수도, 하수 및 폐기물 처리, 원료 재생업(36~39)","정액 및 초과급여[천원]","천원","3838.7","3589.2","3481.6","3338.9","3117.4","3379.5",
"대규모(상용근로자 300인 이상)","E.수도, 하수 및 폐기물 처리, 원료 재생업(36~39)","상여금 및 성과금[천원]","천원","179.3","193.4","221.6","305.2","291.5","447.9",
"대규모(상용근로자 300인 이상)","E.수도, 하수 및 폐기물 처리, 원료 재생업(36~39)","간접노동비용(계)[천원]","천원","1008.7","1085.8","1186.7","1072.2","998.6","910.8",
"대규모(상용근로자 300인 이상)","E.수도, 하수 및 폐기물 처리, 원료 재생업(36~39)","퇴직급여 등의 비용[천원]","천원","376.9","469.6","577.8","541","383.8","311",
"대규모(상용근로자 300인 이상)","E.수도, 하수 및 폐기물 처리, 원료 재생업(36~39)","법정노동비용[천원]","천원","421.6","397.5","405.8","375.6","366.3","364.7",
"대규모(상용근로자 300인 이상)","E.수도, 하수 및 폐기물 처리, 원료 재생업(36~39)","법정외 복지비용[천원]","천원","206.3","211.6","199.5","144.6","244.2","220.9",
"대규모(상용근로자 300인 이상)","E.수도, 하수 및 폐기물 처리, 원료 재생업(36~39)","채용관련비용(모집비)[천원]","천원","1.1","1.1",".9",".4",".2",".6",
"대규모(상용근로자 300인 이상)","E.수도, 하수 및 폐기물 처리, 원료 재생업(36~39)","교육훈련비용[천원]","천원","2.8","5.9","2.7","10.6","4","13.6",
"대규모(상용근로자 300인 이상)","F.건설업(41~42)","노동비용총액[천원]","천원","10126.3","9799.3","9967.3","8894","8516.3","8451.3",
"대규모(상용근로자 300인 이상)","F.건설업(41~42)","직접노동비용(계)[천원]","천원","7288.9","7306.6","7301.9","6586.6","6273.2","6293.6",
"대규모(상용근로자 300인 이상)","F.건설업(41~42)","정액 및 초과급여[천원]","천원","6467.7","6310","6197.7","5633","5442.1","5521.1",
"대규모(상용근로자 300인 이상)","F.건설업(41~42)","상여금 및 성과금[천원]","천원","821.3","996.6","1104.2","953.7","831.1","772.5",
"대규모(상용근로자 300인 이상)","F.건설업(41~42)","간접노동비용(계)[천원]","천원","2837.4","2492.7","2665.5","2307.3","2243.2","2157.7",
"대규모(상용근로자 300인 이상)","F.건설업(41~42)","퇴직급여 등의 비용[천원]","천원","1156.2","828.5","1081.7","839","911","797.8",
"대규모(상용근로자 300인 이상)","F.건설업(41~42)","법정노동비용[천원]","천원","1210.1","1234.7","1157.2","1114.6","1014.4","1025.1",
"대규모(상용근로자 300인 이상)","F.건설업(41~42)","법정외 복지비용[천원]","천원","401.3","364.4","363.9","303.6","266.7","286.8",
"대규모(상용근로자 300인 이상)","F.건설업(41~42)","채용관련비용(모집비)[천원]","천원","8","9.4","10.5","5.7","6","4.5",
"대규모(상용근로자 300인 이상)","F.건설업(41~42)","교육훈련비용[천원]","천원","61.8","55.7","52.2","44.5","45","43.4",
"대규모(상용근로자 300인 이상)","G.도매 및 소매업(45~47)","노동비용총액[천원]","천원","6136.9","6094.6","5784.5","5618.4","5110","5058.3",
"대규모(상용근로자 300인 이상)","G.도매 및 소매업(45~47)","직접노동비용(계)[천원]","천원","4828","4809","4535.1","4379.3","4020.7","3970.5",
"대규모(상용근로자 300인 이상)","G.도매 및 소매업(45~47)","정액 및 초과급여[천원]","천원","4172.8","4076","3853.6","3665.5","3407","3261.1",
"대규모(상용근로자 300인 이상)","G.도매 및 소매업(45~47)","상여금 및 성과금[천원]","천원","655.2","733","681.6","713.8","613.7","709.4",
"대규모(상용근로자 300인 이상)","G.도매 및 소매업(45~47)","간접노동비용(계)[천원]","천원","1308.8","1285.6","1249.4","1239.1","1089.3","1087.8",
"대규모(상용근로자 300인 이상)","G.도매 및 소매업(45~47)","퇴직급여 등의 비용[천원]","천원","456.4","471.1","523.5","571.8","442.4","485.6",
"대규모(상용근로자 300인 이상)","G.도매 및 소매업(45~47)","법정노동비용[천원]","천원","493.4","486.6","442.5","426.3","394.4","358.1",
"대규모(상용근로자 300인 이상)","G.도매 및 소매업(45~47)","법정외 복지비용[천원]","천원","322.6","292.9","250.6","205.7","228.3","212",
"대규모(상용근로자 300인 이상)","G.도매 및 소매업(45~47)","채용관련비용(모집비)[천원]","천원","14.9","10.6","12.2","16.5","9.5","8.2",
"대규모(상용근로자 300인 이상)","G.도매 및 소매업(45~47)","교육훈련비용[천원]","천원","21.5","24.4","20.6","18.7","14.7","23.8",
"대규모(상용근로자 300인 이상)","H.운수 및 창고업(49~52)","노동비용총액[천원]","천원","6790.3","6195.6","5989.2","5819.5","5441.3","6132.7",
"대규모(상용근로자 300인 이상)","H.운수 및 창고업(49~52)","직접노동비용(계)[천원]","천원","5361.2","4852","4658.5","4638.9","4337.3","4872.8",
"대규모(상용근로자 300인 이상)","H.운수 및 창고업(49~52)","정액 및 초과급여[천원]","천원","4466.7","4028.3","3774","3727.3","3567","3857.3",
"대규모(상용근로자 300인 이상)","H.운수 및 창고업(49~52)","상여금 및 성과금[천원]","천원","894.5","823.8","884.5","911.6","770.3","1015.5",
"대규모(상용근로자 300인 이상)","H.운수 및 창고업(49~52)","간접노동비용(계)[천원]","천원","1429.2","1343.6","1330.7","1180.6","1103.9","1259.9",
"대규모(상용근로자 300인 이상)","H.운수 및 창고업(49~52)","퇴직급여 등의 비용[천원]","천원","487.1","483.7","546.7","445.1","352.8","469.3",
"대규모(상용근로자 300인 이상)","H.운수 및 창고업(49~52)","법정노동비용[천원]","천원","530","479.1","442.7","464.9","475.4","454.1",
"대규모(상용근로자 300인 이상)","H.운수 및 창고업(49~52)","법정외 복지비용[천원]","천원","372.9","346.6","302.8","250","254.6","296.4",
"대규모(상용근로자 300인 이상)","H.운수 및 창고업(49~52)","채용관련비용(모집비)[천원]","천원","10.9","10.3","16.6","3.4","1.8","2.5",
"대규모(상용근로자 300인 이상)","H.운수 및 창고업(49~52)","교육훈련비용[천원]","천원","28.4","23.9","22","17.2","19.3","37.5",
"대규모(상용근로자 300인 이상)","I.숙박 및 음식점업(55~56)","노동비용총액[천원]","천원","4043.3","3839.4","3694.7","3440.7","3368.9","3459.4",
"대규모(상용근로자 300인 이상)","I.숙박 및 음식점업(55~56)","직접노동비용(계)[천원]","천원","3189.3","3038.9","2902","2662.6","2615.2","2773.8",
"대규모(상용근로자 300인 이상)","I.숙박 및 음식점업(55~56)","정액 및 초과급여[천원]","천원","2797.1","2654.2","2522.2","2307.5","2263.8","2279.6",
"대규모(상용근로자 300인 이상)","I.숙박 및 음식점업(55~56)","상여금 및 성과금[천원]","천원","392.2","384.6","379.8","355.1","351.4","494.2",
"대규모(상용근로자 300인 이상)","I.숙박 및 음식점업(55~56)","간접노동비용(계)[천원]","천원","854","800.5","792.7","778.1","753.8","685.7",
"대규모(상용근로자 300인 이상)","I.숙박 및 음식점업(55~56)","퇴직급여 등의 비용[천원]","천원","275.9","300","333.6","334.6","318","266.7",
"대규모(상용근로자 300인 이상)","I.숙박 및 음식점업(55~56)","법정노동비용[천원]","천원","325.7","301.8","281.2","267.5","278.2","258.2",
"대규모(상용근로자 300인 이상)","I.숙박 및 음식점업(55~56)","법정외 복지비용[천원]","천원","226.8","173","157.2","164.4","136.9","137.7",
"대규모(상용근로자 300인 이상)","I.숙박 및 음식점업(55~56)","채용관련비용(모집비)[천원]","천원","5.8","6.4","6","2.6","3.1","4.7",
"대규모(상용근로자 300인 이상)","I.숙박 및 음식점업(55~56)","교육훈련비용[천원]","천원","19.8","19.3","14.8","9","17.5","18.4",
"대규모(상용근로자 300인 이상)","J.정보통신업(58~63)","노동비용총액[천원]","천원","8718.5","8788.2","8820.6","8297.6","7643","7403.9",
"대규모(상용근로자 300인 이상)","J.정보통신업(58~63)","직접노동비용(계)[천원]","천원","6803.2","6816.2","6675.7","6328.5","5902.9","5720.2",
"대규모(상용근로자 300인 이상)","J.정보통신업(58~63)","정액 및 초과급여[천원]","천원","5580.5","5431.7","5263.8","4936.4","4707.1","4570.6",
"대규모(상용근로자 300인 이상)","J.정보통신업(58~63)","상여금 및 성과금[천원]","천원","1222.7","1384.5","1411.9","1392.1","1195.9","1149.6",
"대규모(상용근로자 300인 이상)","J.정보통신업(58~63)","간접노동비용(계)[천원]","천원","1915.3","1972","2144.9","1969.1","1740.1","1683.7",
"대규모(상용근로자 300인 이상)","J.정보통신업(58~63)","퇴직급여 등의 비용[천원]","천원","626","675.4","841.4","816.7","668.8","622.4",
"대규모(상용근로자 300인 이상)","J.정보통신업(58~63)","법정노동비용[천원]","천원","655.3","660.5","632.9","579.4","552.6","519.2",
"대규모(상용근로자 300인 이상)","J.정보통신업(58~63)","법정외 복지비용[천원]","천원","555.4","546.7","563","471.2","436.5","447.2",
"대규모(상용근로자 300인 이상)","J.정보통신업(58~63)","채용관련비용(모집비)[천원]","천원","15.4","17.3","35.1","12.9","9.5","9.6",
"대규모(상용근로자 300인 이상)","J.정보통신업(58~63)","교육훈련비용[천원]","천원","63.1","72.2","72.5","88.8","72.7","85.3",
"대규모(상용근로자 300인 이상)","K.금융 및 보험업(64~66)","노동비용총액[천원]","천원","11630.2","10937.5","11932.6","10737.4","9963.8","9445.7",
"대규모(상용근로자 300인 이상)","K.금융 및 보험업(64~66)","직접노동비용(계)[천원]","천원","9060.9","8529.8","8856.2","8273.1","7695.8","7231.8",
"대규모(상용근로자 300인 이상)","K.금융 및 보험업(64~66)","정액 및 초과급여[천원]","천원","5976.5","5662.8","5572.3","5328.6","5152.8","4936.8",
"대규모(상용근로자 300인 이상)","K.금융 및 보험업(64~66)","상여금 및 성과금[천원]","천원","3084.4","2867","3283.9","2944.5","2543","2295",
"대규모(상용근로자 300인 이상)","K.금융 및 보험업(64~66)","간접노동비용(계)[천원]","천원","2569.3","2407.6","3076.4","2464.3","2268","2213.9",
"대규모(상용근로자 300인 이상)","K.금융 및 보험업(64~66)","퇴직급여 등의 비용[천원]","천원","901.2","835.5","1591.2","1065.2","971.1","999.7",
"대규모(상용근로자 300인 이상)","K.금융 및 보험업(64~66)","법정노동비용[천원]","천원","818.1","818.8","807.8","709.4","676.1","633.9",
"대규모(상용근로자 300인 이상)","K.금융 및 보험업(64~66)","법정외 복지비용[천원]","천원","752.8","666.1","596.4","623.4","563.6","502.6",
"대규모(상용근로자 300인 이상)","K.금융 및 보험업(64~66)","채용관련비용(모집비)[천원]","천원","14.5","13","12.3","9.4","7.2","9.5",
"대규모(상용근로자 300인 이상)","K.금융 및 보험업(64~66)","교육훈련비용[천원]","천원","82.8","74.2","68.7","56.8","50","68.2",
"대규모(상용근로자 300인 이상)","L.부동산업(68)","노동비용총액[천원]","천원","4045.4","3279","3519.5","4518.6","4065.5","3256.1",
"대규모(상용근로자 300인 이상)","L.부동산업(68)","직접노동비용(계)[천원]","천원","3424.6","2792.7","2836.7","3727.3","3344","2768.9",
"대규모(상용근로자 300인 이상)","L.부동산업(68)","정액 및 초과급여[천원]","천원","3100.2","2620.2","2563.7","3034.3","2764.3","2412.9",
"대규모(상용근로자 300인 이상)","L.부동산업(68)","상여금 및 성과금[천원]","천원","324.4","172.4","273","693","579.7","356",
"대규모(상용근로자 300인 이상)","L.부동산업(68)","간접노동비용(계)[천원]","천원","620.8","486.4","682.8","791.3","721.5","487.2",
"대규모(상용근로자 300인 이상)","L.부동산업(68)","퇴직급여 등의 비용[천원]","천원","253.7","204.5","335.1","252.5","354.2","214.7",
"대규모(상용근로자 300인 이상)","L.부동산업(68)","법정노동비용[천원]","천원","260.7","223.8","238.7","334.3","293.9","211.2",
"대규모(상용근로자 300인 이상)","L.부동산업(68)","법정외 복지비용[천원]","천원","94.9","48.5","96.6","172","64.7","53.9",
"대규모(상용근로자 300인 이상)","L.부동산업(68)","채용관련비용(모집비)[천원]","천원","2.3","1.9","3","5.7",".9",".8",
"대규모(상용근로자 300인 이상)","L.부동산업(68)","교육훈련비용[천원]","천원","9.2","7.7","9.3","26.9","7.7","6.6",
"대규모(상용근로자 300인 이상)","M.전문, 과학 및 기술 서비스업(70~73)","노동비용총액[천원]","천원","7204.5","7003.7","6838.2","6782.8","6795.8","6643.6",
"대규모(상용근로자 300인 이상)","M.전문, 과학 및 기술 서비스업(70~73)","직접노동비용(계)[천원]","천원","5786.3","5570.7","5441.7","5533.5","5506.9","5468.7",
"대규모(상용근로자 300인 이상)","M.전문, 과학 및 기술 서비스업(70~73)","정액 및 초과급여[천원]","천원","5131","4856.4","4682.1","4525.5","4477","4602.2",
"대규모(상용근로자 300인 이상)","M.전문, 과학 및 기술 서비스업(70~73)","상여금 및 성과금[천원]","천원","655.3","714.2","759.6","1008","1029.9","866.5",
"대규모(상용근로자 300인 이상)","M.전문, 과학 및 기술 서비스업(70~73)","간접노동비용(계)[천원]","천원","1418.2","1433","1396.6","1249.3","1288.9","1174.9",
"대규모(상용근로자 300인 이상)","M.전문, 과학 및 기술 서비스업(70~73)","퇴직급여 등의 비용[천원]","천원","543.2","553.3","633.1","521.6","504.8","519.8",
"대규모(상용근로자 300인 이상)","M.전문, 과학 및 기술 서비스업(70~73)","법정노동비용[천원]","천원","574.4","625.7","529.3","480.8","468.9","426.3",
"대규모(상용근로자 300인 이상)","M.전문, 과학 및 기술 서비스업(70~73)","법정외 복지비용[천원]","천원","256.1","217.3","193.7","215.5","273.6","183.6",
"대규모(상용근로자 300인 이상)","M.전문, 과학 및 기술 서비스업(70~73)","채용관련비용(모집비)[천원]","천원","9.4","10.5","10.1","9","11.8","6",
"대규모(상용근로자 300인 이상)","M.전문, 과학 및 기술 서비스업(70~73)","교육훈련비용[천원]","천원","35.1","26.2","30.3","22.4","29.8","39.2",
"대규모(상용근로자 300인 이상)","N.사업시설 관리, 사업 지원 및 임대 서비스업(74~76)","노동비용총액[천원]","천원","3391.2","3337.4","3227.4","2953.1","2885.1","2772.2",
"대규모(상용근로자 300인 이상)","N.사업시설 관리, 사업 지원 및 임대 서비스업(74~76)","직접노동비용(계)[천원]","천원","2791.7","2745.4","2655.4","2452.7","2395.4","2341.4",
"대규모(상용근로자 300인 이상)","N.사업시설 관리, 사업 지원 및 임대 서비스업(74~76)","정액 및 초과급여[천원]","천원","2638.9","2570","2482.1","2321.1","2282.6","2218.9",
"대규모(상용근로자 300인 이상)","N.사업시설 관리, 사업 지원 및 임대 서비스업(74~76)","상여금 및 성과금[천원]","천원","152.8","175.5","173.3","131.6","112.8","122.5",
"대규모(상용근로자 300인 이상)","N.사업시설 관리, 사업 지원 및 임대 서비스업(74~76)","간접노동비용(계)[천원]","천원","599.5","592","572","500.4","489.7","430.8",
"대규모(상용근로자 300인 이상)","N.사업시설 관리, 사업 지원 및 임대 서비스업(74~76)","퇴직급여 등의 비용[천원]","천원","247.2","241.9","243.3","218.2","221.1","189",
"대규모(상용근로자 300인 이상)","N.사업시설 관리, 사업 지원 및 임대 서비스업(74~76)","법정노동비용[천원]","천원","259.3","257.9","248.9","220.6","220","192.7",
"대규모(상용근로자 300인 이상)","N.사업시설 관리, 사업 지원 및 임대 서비스업(74~76)","법정외 복지비용[천원]","천원","79.7","78.2","67.5","51.3","41.2","42.1",
"대규모(상용근로자 300인 이상)","N.사업시설 관리, 사업 지원 및 임대 서비스업(74~76)","채용관련비용(모집비)[천원]","천원","5.5","6.6","5.6","5.6","3.4","2.7",
"대규모(상용근로자 300인 이상)","N.사업시설 관리, 사업 지원 및 임대 서비스업(74~76)","교육훈련비용[천원]","천원","7.9","7.4","6.7","4.7","4.1","4.3",
"대규모(상용근로자 300인 이상)","R.예술, 스포츠 및 여가관련 서비스업(90~91)","노동비용총액[천원]","천원","6848.7","7170.2","6442.1","7930.8","6600.1","6505.3",
"대규모(상용근로자 300인 이상)","R.예술, 스포츠 및 여가관련 서비스업(90~91)","직접노동비용(계)[천원]","천원","5208.4","5020.9","4559.5","5159.3","4582.5","4913.1",
"대규모(상용근로자 300인 이상)","R.예술, 스포츠 및 여가관련 서비스업(90~91)","정액 및 초과급여[천원]","천원","4527.9","4400.4","4130.7","4554.7","3934.9","4055",
"대규모(상용근로자 300인 이상)","R.예술, 스포츠 및 여가관련 서비스업(90~91)","상여금 및 성과금[천원]","천원","680.5","620.5","428.7","604.6","647.6","858.1",
"대규모(상용근로자 300인 이상)","R.예술, 스포츠 및 여가관련 서비스업(90~91)","간접노동비용(계)[천원]","천원","1640.3","2149.3","1882.7","2771.5","2017.6","1592.2",
"대규모(상용근로자 300인 이상)","R.예술, 스포츠 및 여가관련 서비스업(90~91)","퇴직급여 등의 비용[천원]","천원","602.8","1219.4","1048.4","1759.5","1031","524.8",
"대규모(상용근로자 300인 이상)","R.예술, 스포츠 및 여가관련 서비스업(90~91)","법정노동비용[천원]","천원","496.8","500.1","441.4","553.7","518.6","498.7",
"대규모(상용근로자 300인 이상)","R.예술, 스포츠 및 여가관련 서비스업(90~91)","법정외 복지비용[천원]","천원","491","393.8","357.2","436.8","436.8","505.9",
"대규모(상용근로자 300인 이상)","R.예술, 스포츠 및 여가관련 서비스업(90~91)","채용관련비용(모집비)[천원]","천원","12","12.1","9","3.7","1.2","6.6",
"대규모(상용근로자 300인 이상)","R.예술, 스포츠 및 여가관련 서비스업(90~91)","교육훈련비용[천원]","천원","37.6","24","26.7","17.7","30","56.3",
"대규모(상용근로자 300인 이상)","S.협회 및 단체, 수리 및 기타 개인 서비스업(94~96)","노동비용총액[천원]","천원","7599.2","7229.4","6806.9","6277.6","5773.4","7021.7",
"대규모(상용근로자 300인 이상)","S.협회 및 단체, 수리 및 기타 개인 서비스업(94~96)","직접노동비용(계)[천원]","천원","5936.2","5842.1","5414.3","4990.8","4499.6","5494.1",
"대규모(상용근로자 300인 이상)","S.협회 및 단체, 수리 및 기타 개인 서비스업(94~96)","정액 및 초과급여[천원]","천원","4830.1","4684.9","4338.3","3989","3678.9","4396.9",
"대규모(상용근로자 300인 이상)","S.협회 및 단체, 수리 및 기타 개인 서비스업(94~96)","상여금 및 성과금[천원]","천원","1106.1","1157.3","1076","1001.8","820.7","1097.1",
"대규모(상용근로자 300인 이상)","S.협회 및 단체, 수리 및 기타 개인 서비스업(94~96)","간접노동비용(계)[천원]","천원","1663","1387.3","1392.6","1286.8","1273.8","1527.7",
"대규모(상용근로자 300인 이상)","S.협회 및 단체, 수리 및 기타 개인 서비스업(94~96)","퇴직급여 등의 비용[천원]","천원","502.9","298.4","460.6","411.5","444.1","658.1",
"대규모(상용근로자 300인 이상)","S.협회 및 단체, 수리 및 기타 개인 서비스업(94~96)","법정노동비용[천원]","천원","635.2","634.5","569.9","501.8","433.5","447.8",
"대규모(상용근로자 300인 이상)","S.협회 및 단체, 수리 및 기타 개인 서비스업(94~96)","법정외 복지비용[천원]","천원","509.7","437.4","343.9","355.3","383.5","372.6",
"대규모(상용근로자 300인 이상)","S.협회 및 단체, 수리 및 기타 개인 서비스업(94~96)","채용관련비용(모집비)[천원]","천원","3.6","4","2.6","3.3","1.1","2.5",
"대규모(상용근로자 300인 이상)","S.협회 및 단체, 수리 및 기타 개인 서비스업(94~96)","교육훈련비용[천원]","천원","11.6","13","15.7","14.8","11.5","46.7",
"상용근로자 30~299인","전체","노동비용총액[천원]","천원","5461.2","5225.8","4982.3","4953.8","4685.6","4549.1",
"상용근로자 30~299인","전체","직접노동비용(계)[천원]","천원","4450.4","4250.9","4066.5","4003.4","3787.2","3687",
"상용근로자 30~299인","전체","정액 및 초과급여[천원]","천원","4056.6","3884.8","3705.6","3624.4","3461.4","3303.6",
"상용근로자 30~299인","전체","상여금 및 성과금[천원]","천원","393.8","366.1","360.9","379","325.8","383.4",
"상용근로자 30~299인","전체","간접노동비용(계)[천원]","천원","1010.8","974.9","915.8","950.4","898.4","862.1",
"상용근로자 30~299인","전체","퇴직급여 등의 비용[천원]","천원","419.9","412.6","387.1","412.7","392.9","375.4",
"상용근로자 30~299인","전체","법정노동비용[천원]","천원","401.7","383.7","370","358.1","339.7","326",
"상용근로자 30~299인","전체","법정외 복지비용[천원]","천원","176","165.3","146.9","168","156","149",
"상용근로자 30~299인","전체","채용관련비용(모집비)[천원]","천원","4.3","4.8","5","5.3","3.9","3.4",
"상용근로자 30~299인","전체","교육훈련비용[천원]","천원","9.1","8.5","6.8","6.3","6","8.3",
"상용근로자 30~299인","B.광업(05~08)","노동비용총액[천원]","천원","6350.3","5627.6","5595.6","5981.4","5609.5","5287.2",
"상용근로자 30~299인","B.광업(05~08)","직접노동비용(계)[천원]","천원","5090.8","4529.5","4515.9","4769.2","4561.9","4172.7",
"상용근로자 30~299인","B.광업(05~08)","정액 및 초과급여[천원]","천원","4601.7","4199.2","4197.2","4381","4210.5","3840.5",
"상용근로자 30~299인","B.광업(05~08)","상여금 및 성과금[천원]","천원","489.1","330.3","318.7","388.2","351.4","332.2",
"상용근로자 30~299인","B.광업(05~08)","간접노동비용(계)[천원]","천원","1259.4","1098.1","1079.7","1212.2","1047.7","1114.4",
"상용근로자 30~299인","B.광업(05~08)","퇴직급여 등의 비용[천원]","천원","423.2","339.6","444.9","455.6","388.7","506.3",
"상용근로자 30~299인","B.광업(05~08)","법정노동비용[천원]","천원","510.7","484.9","417.9","467.7","435.6","409.3",
"상용근로자 30~299인","B.광업(05~08)","법정외 복지비용[천원]","천원","321.3","270.1","213.2","285.1","220.5","195.8",
"상용근로자 30~299인","B.광업(05~08)","채용관련비용(모집비)[천원]","천원",".8",".9","1.6",".5","1.4",".1",
"상용근로자 30~299인","B.광업(05~08)","교육훈련비용[천원]","천원","3.4","2.6","2","3.4","1.5","3",
"상용근로자 30~299인","C.제조업(10~34)","노동비용총액[천원]","천원","5636.4","5439.4","5177.4","5071.9","4828.8","4689",
"상용근로자 30~299인","C.제조업(10~34)","직접노동비용(계)[천원]","천원","4537.7","4363.3","4175.7","4045.4","3841.3","3731.8",
"상용근로자 30~299인","C.제조업(10~34)","정액 및 초과급여[천원]","천원","4098.3","3949.6","3769.4","3689.6","3522.7","3334.5",
"상용근로자 30~299인","C.제조업(10~34)","상여금 및 성과금[천원]","천원","439.4","413.7","406.4","355.9","318.5","397.3",
"상용근로자 30~299인","C.제조업(10~34)","간접노동비용(계)[천원]","천원","1098.6","1076.1","1001.7","1026.5","987.6","957.2",
"상용근로자 30~299인","C.제조업(10~34)","퇴직급여 등의 비용[천원]","천원","444.9","453.7","424.3","443.3","429.3","427.6",
"상용근로자 30~299인","C.제조업(10~34)","법정노동비용[천원]","천원","416.9","402.4","383.6","370","350.6","338.7",
"상용근로자 30~299인","C.제조업(10~34)","법정외 복지비용[천원]","천원","227.2","210.8","186.9","206.1","200.1","183.6",
"상용근로자 30~299인","C.제조업(10~34)","채용관련비용(모집비)[천원]","천원","2.5","2.7","2.1","3.4","2.2","2.1",
"상용근로자 30~299인","C.제조업(10~34)","교육훈련비용[천원]","천원","7.2","6.4","4.8","3.7","5.3","5.2",
"상용근로자 30~299인","D.전기, 가스, 증기 및 공기 조절 공급업(35)","노동비용총액[천원]","천원","9377.5","9211.8","9285.9","8408.3","8265","8577.8",
"상용근로자 30~299인","D.전기, 가스, 증기 및 공기 조절 공급업(35)","직접노동비용(계)[천원]","천원","7277.9","7096.3","6954.3","6370.5","6431.8","6541.8",
"상용근로자 30~299인","D.전기, 가스, 증기 및 공기 조절 공급업(35)","정액 및 초과급여[천원]","천원","5223.9","5191.4","4958.4","4749.8","4706","4848.2",
"상용근로자 30~299인","D.전기, 가스, 증기 및 공기 조절 공급업(35)","상여금 및 성과금[천원]","천원","2054.1","1904.8","1995.9","1620.7","1725.8","1693.7",
"상용근로자 30~299인","D.전기, 가스, 증기 및 공기 조절 공급업(35)","간접노동비용(계)[천원]","천원","2099.5","2115.6","2331.6","2037.8","1833.3","2036",
"상용근로자 30~299인","D.전기, 가스, 증기 및 공기 조절 공급업(35)","퇴직급여 등의 비용[천원]","천원","841.2","935.9","1220.4","774.4","650.1","789",
"상용근로자 30~299인","D.전기, 가스, 증기 및 공기 조절 공급업(35)","법정노동비용[천원]","천원","642","625.8","592.1","581.1","563","552.8",
"상용근로자 30~299인","D.전기, 가스, 증기 및 공기 조절 공급업(35)","법정외 복지비용[천원]","천원","546.7","487.6","460.7","635.8","572.7","623.5",
"상용근로자 30~299인","D.전기, 가스, 증기 및 공기 조절 공급업(35)","채용관련비용(모집비)[천원]","천원","8.3","11.7","14.2","9.5","11.5","13",
"상용근로자 30~299인","D.전기, 가스, 증기 및 공기 조절 공급업(35)","교육훈련비용[천원]","천원","61.3","54.5","44.3","37.1","36","57.8",
"상용근로자 30~299인","E.수도, 하수 및 폐기물 처리, 원료 재생업(36~39)","노동비용총액[천원]","천원","6055.5","5683.9","5655","5184.3","4802.1","4581.9",
"상용근로자 30~299인","E.수도, 하수 및 폐기물 처리, 원료 재생업(36~39)","직접노동비용(계)[천원]","천원","4915.7","4682.6","4685.9","4259.5","3933.3","3785.5",
"상용근로자 30~299인","E.수도, 하수 및 폐기물 처리, 원료 재생업(36~39)","정액 및 초과급여[천원]","천원","4353.5","4128.2","4204.7","3914.3","3684.6","3389.6",
"상용근로자 30~299인","E.수도, 하수 및 폐기물 처리, 원료 재생업(36~39)","상여금 및 성과금[천원]","천원","562.3","554.3","481.3","345.2","248.7","395.9",
"상용근로자 30~299인","E.수도, 하수 및 폐기물 처리, 원료 재생업(36~39)","간접노동비용(계)[천원]","천원","1139.7","1001.3","969.1","924.8","868.8","796.4",
"상용근로자 30~299인","E.수도, 하수 및 폐기물 처리, 원료 재생업(36~39)","퇴직급여 등의 비용[천원]","천원","512.4","404.8","453.6","421.3","359.8","379.4",
"상용근로자 30~299인","E.수도, 하수 및 폐기물 처리, 원료 재생업(36~39)","법정노동비용[천원]","천원","418.9","400.2","376.9","364.5","337.2","299.1",
"상용근로자 30~299인","E.수도, 하수 및 폐기물 처리, 원료 재생업(36~39)","법정외 복지비용[천원]","천원","203","190.8","133","136.5","168.8","112.9",
"상용근로자 30~299인","E.수도, 하수 및 폐기물 처리, 원료 재생업(36~39)","채용관련비용(모집비)[천원]","천원",".6","1.7","1.3",".8",".7","1.6",
"상용근로자 30~299인","E.수도, 하수 및 폐기물 처리, 원료 재생업(36~39)","교육훈련비용[천원]","천원","4.9","3.9","4.3","1.6","2.3","3.4",
"상용근로자 30~299인","F.건설업(41~42)","노동비용총액[천원]","천원","6069.6","5760.5","5170.8","5837.5","5797.3","5524.8",
"상용근로자 30~299인","F.건설업(41~42)","직접노동비용(계)[천원]","천원","4967.2","4791.4","4146.2","4640.4","4616.6","4494.8",
"상용근로자 30~299인","F.건설업(41~42)","정액 및 초과급여[천원]","천원","4678","4473.9","3882.6","4265.8","4251.5","4097.7",
"상용근로자 30~299인","F.건설업(41~42)","상여금 및 성과금[천원]","천원","289.2","317.6","263.6","374.6","365.1","397.1",
"상용근로자 30~299인","F.건설업(41~42)","간접노동비용(계)[천원]","천원","1102.5","969.1","1024.6","1197","1180.7","1030",
"상용근로자 30~299인","F.건설업(41~42)","퇴직급여 등의 비용[천원]","천원","448","349.3","403.3","397.7","430.4","351",
"상용근로자 30~299인","F.건설업(41~42)","법정노동비용[천원]","천원","494.7","462.8","478.5","568.5","542.5","510.3",
"상용근로자 30~299인","F.건설업(41~42)","법정외 복지비용[천원]","천원","147.1","146.4","132.9","221.5","203.9","161.2",
"상용근로자 30~299인","F.건설업(41~42)","채용관련비용(모집비)[천원]","천원","1.9","1.2","2.8","2.1",".6","1.1",
"상용근로자 30~299인","F.건설업(41~42)","교육훈련비용[천원]","천원","10.7","9.4","7.1","7.1","3.2","6.4",
"상용근로자 30~299인","G.도매 및 소매업(45~47)","노동비용총액[천원]","천원","6123.3","5719.2","5466.4","5879.4","5461.3","5222.7",
"상용근로자 30~299인","G.도매 및 소매업(45~47)","직접노동비용(계)[천원]","천원","5024.5","4647.8","4487.1","4789.3","4502.7","4342.7",
"상용근로자 30~299인","G.도매 및 소매업(45~47)","정액 및 초과급여[천원]","천원","4458","4189.9","4032.8","4234.2","3995.7","3849.4",
"상용근로자 30~299인","G.도매 및 소매업(45~47)","상여금 및 성과금[천원]","천원","566.5","457.8","454.2","555.1","507","493.3",
"상용근로자 30~299인","G.도매 및 소매업(45~47)","간접노동비용(계)[천원]","천원","1098.7","1071.4","979.4","1090.1","958.6","880",
"상용근로자 30~299인","G.도매 및 소매업(45~47)","퇴직급여 등의 비용[천원]","천원","436.7","484.2","426.1","519.5","464.7","349.3",
"상용근로자 30~299인","G.도매 및 소매업(45~47)","법정노동비용[천원]","천원","454.1","421.3","412.2","378.6","354.7","359.2",
"상용근로자 30~299인","G.도매 및 소매업(45~47)","법정외 복지비용[천원]","천원","181.9","140.8","116.6","170.1","120.8","144.2",
"상용근로자 30~299인","G.도매 및 소매업(45~47)","채용관련비용(모집비)[천원]","천원","9.8","12.9","13.2","13.1","11.8","9.3",
"상용근로자 30~299인","G.도매 및 소매업(45~47)","교육훈련비용[천원]","천원","16.3","12.2","11.3","8.7","6.6","18",
"상용근로자 30~299인","H.운수 및 창고업(49~52)","노동비용총액[천원]","천원","4698.6","4410","4173.4","3758.2","3535.2","3338.5",
"상용근로자 30~299인","H.운수 및 창고업(49~52)","직접노동비용(계)[천원]","천원","3807.6","3588.2","3389.5","3095.9","2904.9","2726",
"상용근로자 30~299인","H.운수 및 창고업(49~52)","정액 및 초과급여[천원]","천원","3494.5","3314.8","3140.2","2817.5","2700.4","2422.2",
"상용근로자 30~299인","H.운수 및 창고업(49~52)","상여금 및 성과금[천원]","천원","313.1","273.4","249.3","278.4","204.6","303.8",
"상용근로자 30~299인","H.운수 및 창고업(49~52)","간접노동비용(계)[천원]","천원","891.1","821.8","783.9","662.3","630.3","612.4",
"상용근로자 30~299인","H.운수 및 창고업(49~52)","퇴직급여 등의 비용[천원]","천원","429.3","367.6","350.1","302.3","287.5","284.8",
"상용근로자 30~299인","H.운수 및 창고업(49~52)","법정노동비용[천원]","천원","326.1","318.3","304.3","263.7","258.4","227.6",
"상용근로자 30~299인","H.운수 및 창고업(49~52)","법정외 복지비용[천원]","천원","130.3","130.8","126.2","89.2","78","96.8",
"상용근로자 30~299인","H.운수 및 창고업(49~52)","채용관련비용(모집비)[천원]","천원",".6",".6",".8","4.6","4","1.3",
"상용근로자 30~299인","H.운수 및 창고업(49~52)","교육훈련비용[천원]","천원","4.7","4.5","2.5","2.5","2.4","2",
"상용근로자 30~299인","I.숙박 및 음식점업(55~56)","노동비용총액[천원]","천원","3652.4","3455.6","3236.2","3306.2","3118.6","3410.1",
"상용근로자 30~299인","I.숙박 및 음식점업(55~56)","직접노동비용(계)[천원]","천원","2991.9","2859.6","2632","2691.3","2534.8","2757.8",
"상용근로자 30~299인","I.숙박 및 음식점업(55~56)","정액 및 초과급여[천원]","천원","2907.9","2769.7","2580.2","2635","2467.2","2636.5",
"상용근로자 30~299인","I.숙박 및 음식점업(55~56)","상여금 및 성과금[천원]","천원","84","89.9","51.9","56.3","67.6","121.3",
"상용근로자 30~299인","I.숙박 및 음식점업(55~56)","간접노동비용(계)[천원]","천원","660.5","596.1","604.2","614.9","583.8","652.3",
"상용근로자 30~299인","I.숙박 및 음식점업(55~56)","퇴직급여 등의 비용[천원]","천원","306.6","261","284.5","259.5","244.9","286.6",
"상용근로자 30~299인","I.숙박 및 음식점업(55~56)","법정노동비용[천원]","천원","280.4","261.6","243.2","246.6","242.6","244.4",
"상용근로자 30~299인","I.숙박 및 음식점업(55~56)","법정외 복지비용[천원]","천원","68.2","66.7","68","100.6","89.3","110.6",
"상용근로자 30~299인","I.숙박 및 음식점업(55~56)","채용관련비용(모집비)[천원]","천원","3.8","5","7.1","2.2","2","5",
"상용근로자 30~299인","I.숙박 및 음식점업(55~56)","교육훈련비용[천원]","천원","1.6","1.8","1.3","6","5","5.7",
"상용근로자 30~299인","J.정보통신업(58~63)","노동비용총액[천원]","천원","5833.5","5570.2","5443","5492.2","5024.2","4956.2",
"상용근로자 30~299인","J.정보통신업(58~63)","직접노동비용(계)[천원]","천원","4807.1","4572.4","4532.1","4490.4","4138","4071.9",
"상용근로자 30~299인","J.정보통신업(58~63)","정액 및 초과급여[천원]","천원","4511.3","4265.4","4191.6","4078","3818.8","3723.6",
"상용근로자 30~299인","J.정보통신업(58~63)","상여금 및 성과금[천원]","천원","295.8","307","340.5","412.4","319.2","348.3",
"상용근로자 30~299인","J.정보통신업(58~63)","간접노동비용(계)[천원]","천원","1026.3","997.8","910.9","1001.9","886.2","884.3",
"상용근로자 30~299인","J.정보통신업(58~63)","퇴직급여 등의 비용[천원]","천원","419.1","419.7","358.4","417.7","369.7","377.3",
"상용근로자 30~299인","J.정보통신업(58~63)","법정노동비용[천원]","천원","438.7","415","400.7","398.8","369.7","361.3",
"상용근로자 30~299인","J.정보통신업(58~63)","법정외 복지비용[천원]","천원","144.6","137.5","121.3","156.5","127.9","123.1",
"상용근로자 30~299인","J.정보통신업(58~63)","채용관련비용(모집비)[천원]","천원","8.2","8.4","14","13.1","8.5","6.2",
"상용근로자 30~299인","J.정보통신업(58~63)","교육훈련비용[천원]","천원","15.8","17.3","16.5","15.8","10.5","16.4",
"상용근로자 30~299인","K.금융 및 보험업(64~66)","노동비용총액[천원]","천원","9504.5","8875","8548.9","9528.2","8642.2","8102.7",
"상용근로자 30~299인","K.금융 및 보험업(64~66)","직접노동비용(계)[천원]","천원","7915.2","7296.7","7009.2","7658.2","6891.1","6604.8",
"상용근로자 30~299인","K.금융 및 보험업(64~66)","정액 및 초과급여[천원]","천원","6030.1","5825.7","5551.6","5830.3","5502.2","5297.2",
"상용근로자 30~299인","K.금융 및 보험업(64~66)","상여금 및 성과금[천원]","천원","1885.1","1471","1457.6","1827.9","1388.9","1307.5",
"상용근로자 30~299인","K.금융 및 보험업(64~66)","간접노동비용(계)[천원]","천원","1589.3","1578.3","1539.7","1870","1751.1","1498",
"상용근로자 30~299인","K.금융 및 보험업(64~66)","퇴직급여 등의 비용[천원]","천원","702.7","682.2","699.7","1042.3","965.7","666.3",
"상용근로자 30~299인","K.금융 및 보험업(64~66)","법정노동비용[천원]","천원","623.7","602.6","555.8","552.2","508.1","486.7",
"상용근로자 30~299인","K.금융 및 보험업(64~66)","법정외 복지비용[천원]","천원","215.9","241.8","238","228.4","239","281.7",
"상용근로자 30~299인","K.금융 및 보험업(64~66)","채용관련비용(모집비)[천원]","천원","14.9","19.1","18.2","12","7.7","15.5",
"상용근로자 30~299인","K.금융 및 보험업(64~66)","교육훈련비용[천원]","천원","32.1","32.6","28","35","30.6","47.8",
"상용근로자 30~299인","L.부동산업(68)","노동비용총액[천원]","천원","4757.4","4695.7","4399.5","2912.8","3129","4173.5",
"상용근로자 30~299인","L.부동산업(68)","직접노동비용(계)[천원]","천원","3988.7","3814.9","3631","2506.1","2696","3532.3",
"상용근로자 30~299인","L.부동산업(68)","정액 및 초과급여[천원]","천원","3813.9","3647.4","3529","2411.8","2494.6","3073.5",
"상용근로자 30~299인","L.부동산업(68)","상여금 및 성과금[천원]","천원","174.8","167.5","102","94.3","201.4","458.8",
"상용근로자 30~299인","L.부동산업(68)","간접노동비용(계)[천원]","천원","768.7","880.8","768.5","406.7","433","641.2",
"상용근로자 30~299인","L.부동산업(68)","퇴직급여 등의 비용[천원]","천원","389.2","425.8","349.2","158.6","172.6","321.6",
"상용근로자 30~299인","L.부동산업(68)","법정노동비용[천원]","천원","304.3","307.7","307.8","186","188.3","256.8",
"상용근로자 30~299인","L.부동산업(68)","법정외 복지비용[천원]","천원","67.3","128.3","101.1","58.9","68.5","47.2",
"상용근로자 30~299인","L.부동산업(68)","채용관련비용(모집비)[천원]","천원",".6","1.4","2.2",".5",".1",".3",
"상용근로자 30~299인","L.부동산업(68)","교육훈련비용[천원]","천원","7.2","17.6","8.1","2.6","3.5","15.3",
"상용근로자 30~299인","M.전문, 과학 및 기술 서비스업(70~73)","노동비용총액[천원]","천원","5344.1","5227","5091","5234.3","4900.6","4985.1",
"상용근로자 30~299인","M.전문, 과학 및 기술 서비스업(70~73)","직접노동비용(계)[천원]","천원","4440.4","4343.3","4274.7","4332.7","4082.7","4114.8",
"상용근로자 30~299인","M.전문, 과학 및 기술 서비스업(70~73)","정액 및 초과급여[천원]","천원","4276.5","4117.8","4021.4","3862","3705.7","3707.7",
"상용근로자 30~299인","M.전문, 과학 및 기술 서비스업(70~73)","상여금 및 성과금[천원]","천원","164","225.6","253.3","470.7","377","407.1",
"상용근로자 30~299인","M.전문, 과학 및 기술 서비스업(70~73)","간접노동비용(계)[천원]","천원","903.7","883.6","816.3","901.5","817.9","870.3",
"상용근로자 30~299인","M.전문, 과학 및 기술 서비스업(70~73)","퇴직급여 등의 비용[천원]","천원","360.7","344","312","374.9","327.7","392.3",
"상용근로자 30~299인","M.전문, 과학 및 기술 서비스업(70~73)","법정노동비용[천원]","천원","398.5","378.7","367.5","361","355.5","337.8",
"상용근로자 30~299인","M.전문, 과학 및 기술 서비스업(70~73)","법정외 복지비용[천원]","천원","129.2","144.1","125.1","145.9","117.6","118.1",
"상용근로자 30~299인","M.전문, 과학 및 기술 서비스업(70~73)","채용관련비용(모집비)[천원]","천원","7.3","7.6","4.9","4.9","3.8","4.7",
"상용근로자 30~299인","M.전문, 과학 및 기술 서비스업(70~73)","교육훈련비용[천원]","천원","7.9","9.3","6.7","14.8","13.3","17.5",
"상용근로자 30~299인","N.사업시설 관리, 사업 지원 및 임대 서비스업(74~76)","노동비용총액[천원]","천원","3299.8","3121.4","3021.4","3027.4","3037.4","2797.6",
"상용근로자 30~299인","N.사업시설 관리, 사업 지원 및 임대 서비스업(74~76)","직접노동비용(계)[천원]","천원","2747.6","2630.8","2551.8","2529.6","2508.8","2344.4",
"상용근로자 30~299인","N.사업시설 관리, 사업 지원 및 임대 서비스업(74~76)","정액 및 초과급여[천원]","천원","2661.2","2540.8","2450.7","2416.1","2414.4","2212.2",
"상용근로자 30~299인","N.사업시설 관리, 사업 지원 및 임대 서비스업(74~76)","상여금 및 성과금[천원]","천원","86.4","90","101","113.6","94.3","132.2",
"상용근로자 30~299인","N.사업시설 관리, 사업 지원 및 임대 서비스업(74~76)","간접노동비용(계)[천원]","천원","552.3","490.6","469.7","497.7","528.6","453.2",
"상용근로자 30~299인","N.사업시설 관리, 사업 지원 및 임대 서비스업(74~76)","퇴직급여 등의 비용[천원]","천원","262.8","219.2","202.7","220.1","238.3","214.7",
"상용근로자 30~299인","N.사업시설 관리, 사업 지원 및 임대 서비스업(74~76)","법정노동비용[천원]","천원","225.2","209.9","211.2","216.6","216.5","184.5",
"상용근로자 30~299인","N.사업시설 관리, 사업 지원 및 임대 서비스업(74~76)","법정외 복지비용[천원]","천원","59.4","56.5","50.9","57.1","69.6","49.7",
"상용근로자 30~299인","N.사업시설 관리, 사업 지원 및 임대 서비스업(74~76)","채용관련비용(모집비)[천원]","천원","2.8","2.9","2.9","2.6","2.1","2.5",
"상용근로자 30~299인","N.사업시설 관리, 사업 지원 및 임대 서비스업(74~76)","교육훈련비용[천원]","천원","2.1","2","1.9","1.4","2","1.8",
"상용근로자 30~299인","R.예술, 스포츠 및 여가관련 서비스업(90~91)","노동비용총액[천원]","천원","5617.3","5323","5010.8","4773.9","4486.4","4826.5",
"상용근로자 30~299인","R.예술, 스포츠 및 여가관련 서비스업(90~91)","직접노동비용(계)[천원]","천원","4528","4329.7","4109.2","3741.2","3536.4","3931.6",
"상용근로자 30~299인","R.예술, 스포츠 및 여가관련 서비스업(90~91)","정액 및 초과급여[천원]","천원","4201","3997.9","3759.4","3500.8","3312.8","3561.2",
"상용근로자 30~299인","R.예술, 스포츠 및 여가관련 서비스업(90~91)","상여금 및 성과금[천원]","천원","327.1","331.8","349.7","240.4","223.6","370.4",
"상용근로자 30~299인","R.예술, 스포츠 및 여가관련 서비스업(90~91)","간접노동비용(계)[천원]","천원","1089.3","993.3","901.6","1032.7","950","894.9",
"상용근로자 30~299인","R.예술, 스포츠 및 여가관련 서비스업(90~91)","퇴직급여 등의 비용[천원]","천원","392.6","380.5","305.4","444","393","357.7",
"상용근로자 30~299인","R.예술, 스포츠 및 여가관련 서비스업(90~91)","법정노동비용[천원]","천원","412.4","382.2","360.3","334.8","320.2","304.5",
"상용근로자 30~299인","R.예술, 스포츠 및 여가관련 서비스업(90~91)","법정외 복지비용[천원]","천원","272.2","221.4","227.6","240.6","226.5","221.2",
"상용근로자 30~299인","R.예술, 스포츠 및 여가관련 서비스업(90~91)","채용관련비용(모집비)[천원]","천원","2.9","2.9","4.4","2.7","3.2","3.7",
"상용근로자 30~299인","R.예술, 스포츠 및 여가관련 서비스업(90~91)","교육훈련비용[천원]","천원","9.2","6.3","3.8","10.6","7.1","7.7",
"상용근로자 30~299인","S.협회 및 단체, 수리 및 기타 개인 서비스업(94~96)","노동비용총액[천원]","천원","4298.6","4083.5","4322.2","3952.1","3741.3","3572.8",
"상용근로자 30~299인","S.협회 및 단체, 수리 및 기타 개인 서비스업(94~96)","직접노동비용(계)[천원]","천원","3582.1","3417.6","3596.7","3316.8","3181.5","3015.9",
"상용근로자 30~299인","S.협회 및 단체, 수리 및 기타 개인 서비스업(94~96)","정액 및 초과급여[천원]","천원","3375.3","3229.1","3453","3077.6","3004","2829.9",
"상용근로자 30~299인","S.협회 및 단체, 수리 및 기타 개인 서비스업(94~96)","상여금 및 성과금[천원]","천원","206.8","188.5","143.7","239.1","177.5","186",
"상용근로자 30~299인","S.협회 및 단체, 수리 및 기타 개인 서비스업(94~96)","간접노동비용(계)[천원]","천원","716.5","665.9","725.4","635.3","559.7","556.9",
"상용근로자 30~299인","S.협회 및 단체, 수리 및 기타 개인 서비스업(94~96)","퇴직급여 등의 비용[천원]","천원","279.1","257.9","317.2","248","218.9","211",
"상용근로자 30~299인","S.협회 및 단체, 수리 및 기타 개인 서비스업(94~96)","법정노동비용[천원]","천원","332.3","302.5","312.4","296.9","266","274.7",
"상용근로자 30~299인","S.협회 및 단체, 수리 및 기타 개인 서비스업(94~96)","법정외 복지비용[천원]","천원","100","100.6","90.1","80.4","71.3","66.1",
"상용근로자 30~299인","S.협회 및 단체, 수리 및 기타 개인 서비스업(94~96)","채용관련비용(모집비)[천원]","천원","1.3","1.8","3","4.1","1.8","1.9",
"상용근로자 30~299인","S.협회 및 단체, 수리 및 기타 개인 서비스업(94~96)","교육훈련비용[천원]","천원","3.8","3","2.7","5.9","1.7","3.2",
"1규모(상용근로자 10~29인)","전체","노동비용총액[천원]","천원","4993.4","4844","4564.1","4491","4298.7","4186",
"1규모(상용근로자 10~29인)","전체","직접노동비용(계)[천원]","천원","4154.8","4038.6","3816.1","3723.6","3578.1","3512",
"1규모(상용근로자 10~29인)","전체","정액 및 초과급여[천원]","천원","3891","3778.9","3545.5","3495.1","3364.9","3273.9",
"1규모(상용근로자 10~29인)","전체","상여금 및 성과금[천원]","천원","263.9","259.7","270.6","228.5","213.2","238.1",
"1규모(상용근로자 10~29인)","전체","간접노동비용(계)[천원]","천원","838.6","805.4","748","767.4","720.6","674",
"1규모(상용근로자 10~29인)","전체","퇴직급여 등의 비용[천원]","천원","344.7","324.9","291.5","313","286.2","252",
"1규모(상용근로자 10~29인)","전체","법정노동비용[천원]","천원","359","349.4","333","318.4","298.7","289.1",
"1규모(상용근로자 10~29인)","전체","법정외 복지비용[천원]","천원","130.1","127","119.4","130.1","132","128.3",
"1규모(상용근로자 10~29인)","전체","채용관련비용(모집비)[천원]","천원","1.1","1.1","1.2","1.4","1.1","1.4",
"1규모(상용근로자 10~29인)","전체","교육훈련비용[천원]","천원","3.7","3","3","4.4","2.6","3.1",
"1규모(상용근로자 10~29인)","B.광업(05~08)","노동비용총액[천원]","천원","6088.1","6320.8","5611.4","5575","5645.5","5513.2",
"1규모(상용근로자 10~29인)","B.광업(05~08)","직접노동비용(계)[천원]","천원","4831.3","5005.3","4590.7","4336.4","4468.7","4577.6",
"1규모(상용근로자 10~29인)","B.광업(05~08)","정액 및 초과급여[천원]","천원","4512.9","4735.2","4361.2","4032.6","4231.6","4334.3",
"1규모(상용근로자 10~29인)","B.광업(05~08)","상여금 및 성과금[천원]","천원","318.4","270","229.6","303.8","237.1","243.3",
"1규모(상용근로자 10~29인)","B.광업(05~08)","간접노동비용(계)[천원]","천원","1256.9","1315.5","1020.7","1238.6","1176.8","935.6",
"1규모(상용근로자 10~29인)","B.광업(05~08)","퇴직급여 등의 비용[천원]","천원","449.3","535.3","332.3","488.4","328","258.8",
"1규모(상용근로자 10~29인)","B.광업(05~08)","법정노동비용[천원]","천원","524","504.2","509.9","449.1","543.5","437.8",
"1규모(상용근로자 10~29인)","B.광업(05~08)","법정외 복지비용[천원]","천원","281.6","274.4","176.2","299.5","302.4","235.7",
"1규모(상용근로자 10~29인)","B.광업(05~08)","채용관련비용(모집비)[천원]","천원",".3",".4",".4",".5","1.5",".2",
"1규모(상용근로자 10~29인)","B.광업(05~08)","교육훈련비용[천원]","천원","1.7","1.2","1.9","1.2","1.5","3.1",
"1규모(상용근로자 10~29인)","C.제조업(10~34)","노동비용총액[천원]","천원","5011.2","4925.8","4650.4","4418.9","4205.7","4110.5",
"1규모(상용근로자 10~29인)","C.제조업(10~34)","직접노동비용(계)[천원]","천원","4120.2","4059.7","3869.7","3601.5","3464.9","3399.6",
"1규모(상용근로자 10~29인)","C.제조업(10~34)","정액 및 초과급여[천원]","천원","3883.2","3813.2","3596.9","3382.9","3277.4","3162.2",
"1규모(상용근로자 10~29인)","C.제조업(10~34)","상여금 및 성과금[천원]","천원","237.1","246.5","272.7","218.7","187.5","237.4",
"1규모(상용근로자 10~29인)","C.제조업(10~34)","간접노동비용(계)[천원]","천원","891","866.1","780.7","817.4","740.7","710.9",
"1규모(상용근로자 10~29인)","C.제조업(10~34)","퇴직급여 등의 비용[천원]","천원","371.8","348.9","286","340.1","283.7","261.7",
"1규모(상용근로자 10~29인)","C.제조업(10~34)","법정노동비용[천원]","천원","356.9","352.1","335.1","312.1","299.5","293.2",
"1규모(상용근로자 10~29인)","C.제조업(10~34)","법정외 복지비용[천원]","천원","159.6","162.4","157","162.3","154.4","152",
"1규모(상용근로자 10~29인)","C.제조업(10~34)","채용관련비용(모집비)[천원]","천원",".6",".7","1",".6",".5",".7",
"1규모(상용근로자 10~29인)","C.제조업(10~34)","교육훈련비용[천원]","천원","2.1","2.1","1.6","2.3","2.7","3.2",
"1규모(상용근로자 10~29인)","D.전기, 가스, 증기 및 공기 조절 공급업(35)","노동비용총액[천원]","천원","5780.7","5643.3","5659.9","5721.6","5242.5","5695.1",
"1규모(상용근로자 10~29인)","D.전기, 가스, 증기 및 공기 조절 공급업(35)","직접노동비용(계)[천원]","천원","4831.5","4624.1","4630","4654.8","4186.4","4659.7",
"1규모(상용근로자 10~29인)","D.전기, 가스, 증기 및 공기 조절 공급업(35)","정액 및 초과급여[천원]","천원","4090.3","4146.5","4257.6","4194","3633","4037.6",
"1규모(상용근로자 10~29인)","D.전기, 가스, 증기 및 공기 조절 공급업(35)","상여금 및 성과금[천원]","천원","741.2","477.6","372.4","460.8","553.3","622.1",
"1규모(상용근로자 10~29인)","D.전기, 가스, 증기 및 공기 조절 공급업(35)","간접노동비용(계)[천원]","천원","949.2","1019.2","1029.9","1066.8","1056.1","1035.3",
"1규모(상용근로자 10~29인)","D.전기, 가스, 증기 및 공기 조절 공급업(35)","퇴직급여 등의 비용[천원]","천원","320.1","402.4","424","392.1","413.8","397.6",
"1규모(상용근로자 10~29인)","D.전기, 가스, 증기 및 공기 조절 공급업(35)","법정노동비용[천원]","천원","415.4","398","418.5","386.7","367.7","361.9",
"1규모(상용근로자 10~29인)","D.전기, 가스, 증기 및 공기 조절 공급업(35)","법정외 복지비용[천원]","천원","193.9","206.2","171.9","269.2","263.6","255.7",
"1규모(상용근로자 10~29인)","D.전기, 가스, 증기 및 공기 조절 공급업(35)","채용관련비용(모집비)[천원]","천원","4.3",".9","3.2","2.1",".9",".4",
"1규모(상용근로자 10~29인)","D.전기, 가스, 증기 및 공기 조절 공급업(35)","교육훈련비용[천원]","천원","15.5","11.8","12.4","16.6","10.3","19.7",
"1규모(상용근로자 10~29인)","E.수도, 하수 및 폐기물 처리, 원료 재생업(36~39)","노동비용총액[천원]","천원","5252.4","5277.2","4757.3","5020.6","4986.3","4478.8",
"1규모(상용근로자 10~29인)","E.수도, 하수 및 폐기물 처리, 원료 재생업(36~39)","직접노동비용(계)[천원]","천원","4351.4","4386.4","3931.8","4186.7","4142","3668.5",
"1규모(상용근로자 10~29인)","E.수도, 하수 및 폐기물 처리, 원료 재생업(36~39)","정액 및 초과급여[천원]","천원","4064.7","4168.3","3747.4","3733","3690.6","3297.6",
"1규모(상용근로자 10~29인)","E.수도, 하수 및 폐기물 처리, 원료 재생업(36~39)","상여금 및 성과금[천원]","천원","286.7","218.1","184.4","453.7","451.4","370.9",
"1규모(상용근로자 10~29인)","E.수도, 하수 및 폐기물 처리, 원료 재생업(36~39)","간접노동비용(계)[천원]","천원","901.1","890.8","825.5","834","844.4","810.3",
"1규모(상용근로자 10~29인)","E.수도, 하수 및 폐기물 처리, 원료 재생업(36~39)","퇴직급여 등의 비용[천원]","천원","400.2","393.1","322.1","328.9","341","291.1",
"1규모(상용근로자 10~29인)","E.수도, 하수 및 폐기물 처리, 원료 재생업(36~39)","법정노동비용[천원]","천원","355.6","355.9","342","368.6","321.9","331.1",
"1규모(상용근로자 10~29인)","E.수도, 하수 및 폐기물 처리, 원료 재생업(36~39)","법정외 복지비용[천원]","천원","141.5","138.7","158.1","135.3","180.5","186",
"1규모(상용근로자 10~29인)","E.수도, 하수 및 폐기물 처리, 원료 재생업(36~39)","채용관련비용(모집비)[천원]","천원","1.5",".9",".8",".2",".1",".2",
"1규모(상용근로자 10~29인)","E.수도, 하수 및 폐기물 처리, 원료 재생업(36~39)","교육훈련비용[천원]","천원","2.2","2.2","2.5","1",".8","1.9",
"1규모(상용근로자 10~29인)","F.건설업(41~42)","노동비용총액[천원]","천원","4695.1","4570.3","4241","4177.4","3850.2","3725.6",
"1규모(상용근로자 10~29인)","F.건설업(41~42)","직접노동비용(계)[천원]","천원","3863.1","3766.7","3522.6","3485","3147.1","3123.7",
"1규모(상용근로자 10~29인)","F.건설업(41~42)","정액 및 초과급여[천원]","천원","3726.7","3616.7","3350.7","3338.3","3011.6","2954",
"1규모(상용근로자 10~29인)","F.건설업(41~42)","상여금 및 성과금[천원]","천원","136.4","150","171.8","146.6","135.6","169.7",
"1규모(상용근로자 10~29인)","F.건설업(41~42)","간접노동비용(계)[천원]","천원","832","803.6","718.4","692.4","703.1","601.9",
"1규모(상용근로자 10~29인)","F.건설업(41~42)","퇴직급여 등의 비용[천원]","천원","313.7","309.6","248.1","202","265.1","161.5",
"1규모(상용근로자 10~29인)","F.건설업(41~42)","법정노동비용[천원]","천원","388.3","371.2","350.1","356.8","315.9","314.3",
"1규모(상용근로자 10~29인)","F.건설업(41~42)","법정외 복지비용[천원]","천원","125.3","118.6","114.5","123.9","117.8","122.3",
"1규모(상용근로자 10~29인)","F.건설업(41~42)","채용관련비용(모집비)[천원]","천원",".2",".1",".2",".8",".5",".7",
"1규모(상용근로자 10~29인)","F.건설업(41~42)","교육훈련비용[천원]","천원","4.5","4.2","5.4","8.9","3.8","3.1",
"1규모(상용근로자 10~29인)","G.도매 및 소매업(45~47)","노동비용총액[천원]","천원","5495.5","5109.8","4767","4910.9","4928.8","4959.5",
"1규모(상용근로자 10~29인)","G.도매 및 소매업(45~47)","직접노동비용(계)[천원]","천원","4610.3","4326.3","3955.7","4215.6","4197.8","4250.3",
"1규모(상용근로자 10~29인)","G.도매 및 소매업(45~47)","정액 및 초과급여[천원]","천원","4237","3963.7","3613.6","3981.2","3962.9","3946.3",
"1규모(상용근로자 10~29인)","G.도매 및 소매업(45~47)","상여금 및 성과금[천원]","천원","373.2","362.6","342.1","234.4","235","304",
"1규모(상용근로자 10~29인)","G.도매 및 소매업(45~47)","간접노동비용(계)[천원]","천원","885.2","783.5","811.3","695.3","730.9","709.2",
"1규모(상용근로자 10~29인)","G.도매 및 소매업(45~47)","퇴직급여 등의 비용[천원]","천원","362.3","304.3","355.7","264","284.9","291.6",
"1규모(상용근로자 10~29인)","G.도매 및 소매업(45~47)","법정노동비용[천원]","천원","387.7","360.7","342.9","319.3","301.1","282.8",
"1규모(상용근로자 10~29인)","G.도매 및 소매업(45~47)","법정외 복지비용[천원]","천원","129.3","114.2","108.5","106.3","143.3","129.9",
"1규모(상용근로자 10~29인)","G.도매 및 소매업(45~47)","채용관련비용(모집비)[천원]","천원","2.7","1.6","1.7","2.1",".7","2.4",
"1규모(상용근로자 10~29인)","G.도매 및 소매업(45~47)","교육훈련비용[천원]","천원","3.2","2.7","2.5","3.7","1","2.5",
"1규모(상용근로자 10~29인)","H.운수 및 창고업(49~52)","노동비용총액[천원]","천원","4807.9","4692.7","4257.5","4149.8","3848.4","3732.3",
"1규모(상용근로자 10~29인)","H.운수 및 창고업(49~52)","직접노동비용(계)[천원]","천원","3980.9","3799.7","3581.7","3433","3183.1","3083.5",
"1규모(상용근로자 10~29인)","H.운수 및 창고업(49~52)","정액 및 초과급여[천원]","천원","3629.5","3475.3","3202.3","3110","2922.3","2895.3",
"1규모(상용근로자 10~29인)","H.운수 및 창고업(49~52)","상여금 및 성과금[천원]","천원","351.4","324.4","379.3","323","260.8","188.2",
"1규모(상용근로자 10~29인)","H.운수 및 창고업(49~52)","간접노동비용(계)[천원]","천원","827","892.9","675.8","716.8","665.3","648.8",
"1규모(상용근로자 10~29인)","H.운수 및 창고업(49~52)","퇴직급여 등의 비용[천원]","천원","349.9","423.2","264.9","328.7","287.3","283.9",
"1규모(상용근로자 10~29인)","H.운수 및 창고업(49~52)","법정노동비용[천원]","천원","337.7","331.3","296.3","286.4","270.5","264.8",
"1규모(상용근로자 10~29인)","H.운수 및 창고업(49~52)","법정외 복지비용[천원]","천원","131.1","132.5","109.2","98.8","105.4","97.5",
"1규모(상용근로자 10~29인)","H.운수 및 창고업(49~52)","채용관련비용(모집비)[천원]","천원",".8","2.1","2.2","1.3","1.2","1.1",
"1규모(상용근로자 10~29인)","H.운수 및 창고업(49~52)","교육훈련비용[천원]","천원","7.5","3.9","3.3","1.5",".9","1.4",
"1규모(상용근로자 10~29인)","I.숙박 및 음식점업(55~56)","노동비용총액[천원]","천원","3510.7","3505.4","3375.7","3124.5","3015.2","3189.1",
"1규모(상용근로자 10~29인)","I.숙박 및 음식점업(55~56)","직접노동비용(계)[천원]","천원","2935.1","2978.6","2873.1","2644.6","2526.8","2712.7",
"1규모(상용근로자 10~29인)","I.숙박 및 음식점업(55~56)","정액 및 초과급여[천원]","천원","2911.2","2938","2825","2610.4","2493.1","2676.6",
"1규모(상용근로자 10~29인)","I.숙박 및 음식점업(55~56)","상여금 및 성과금[천원]","천원","23.9","40.7","48.1","34.2","33.7","36.2",
"1규모(상용근로자 10~29인)","I.숙박 및 음식점업(55~56)","간접노동비용(계)[천원]","천원","575.7","526.8","502.6","479.9","488.4","476.4",
"1규모(상용근로자 10~29인)","I.숙박 및 음식점업(55~56)","퇴직급여 등의 비용[천원]","천원","234.3","192.4","203.5","183.4","189.4","198.7",
"1규모(상용근로자 10~29인)","I.숙박 및 음식점업(55~56)","법정노동비용[천원]","천원","261.8","259.1","247.1","225.8","221.5","225.4",
"1규모(상용근로자 10~29인)","I.숙박 및 음식점업(55~56)","법정외 복지비용[천원]","천원","76.9","72.7","51.1","66.3","74.4","49.1",
"1규모(상용근로자 10~29인)","I.숙박 및 음식점업(55~56)","채용관련비용(모집비)[천원]","천원","2","2.4",".5","3.5","2","2",
"1규모(상용근로자 10~29인)","I.숙박 및 음식점업(55~56)","교육훈련비용[천원]","천원",".6",".3",".5",".9","1.1","1.3",
"1규모(상용근로자 10~29인)","J.정보통신업(58~63)","노동비용총액[천원]","천원","5584.5","5298","5191.4","4494.6","4276.2","4603",
"1규모(상용근로자 10~29인)","J.정보통신업(58~63)","직접노동비용(계)[천원]","천원","4708.6","4471.4","4340.3","3787.8","3589.4","3910.9",
"1규모(상용근로자 10~29인)","J.정보통신업(58~63)","정액 및 초과급여[천원]","천원","4327.2","4122.9","3987.5","3626.3","3448.9","3696.9",
"1규모(상용근로자 10~29인)","J.정보통신업(58~63)","상여금 및 성과금[천원]","천원","381.4","348.5","352.8","161.5","140.5","214",
"1규모(상용근로자 10~29인)","J.정보통신업(58~63)","간접노동비용(계)[천원]","천원","875.9","826.6","851.1","706.8","686.8","692.2",
"1규모(상용근로자 10~29인)","J.정보통신업(58~63)","퇴직급여 등의 비용[천원]","천원","377.1","333.6","381.6","291.9","287","291.9",
"1규모(상용근로자 10~29인)","J.정보통신업(58~63)","법정노동비용[천원]","천원","401.8","395.7","374.9","320.5","307.5","311.9",
"1규모(상용근로자 10~29인)","J.정보통신업(58~63)","법정외 복지비용[천원]","천원","87.4","90.1","87.6","85.1","84.6","82.3",
"1규모(상용근로자 10~29인)","J.정보통신업(58~63)","채용관련비용(모집비)[천원]","천원","1.2","3.1","2.6","2.8","3.9","1.9",
"1규모(상용근로자 10~29인)","J.정보통신업(58~63)","교육훈련비용[천원]","천원","8.4","4.1","4.3","6.6","3.8","4.2",
"1규모(상용근로자 10~29인)","K.금융 및 보험업(64~66)","노동비용총액[천원]","천원","10241","8856","8476.3","11609","11920","7411.4",
"1규모(상용근로자 10~29인)","K.금융 및 보험업(64~66)","직접노동비용(계)[천원]","천원","8547.7","7460.9","7164.8","9793.2","10068.8","6216.8",
"1규모(상용근로자 10~29인)","K.금융 및 보험업(64~66)","정액 및 초과급여[천원]","천원","6366.3","6162.7","6059","6613.9","6745.4","4743.4",
"1규모(상용근로자 10~29인)","K.금융 및 보험업(64~66)","상여금 및 성과금[천원]","천원","2181.4","1298.2","1105.8","3179.3","3323.4","1473.4",
"1규모(상용근로자 10~29인)","K.금융 및 보험업(64~66)","간접노동비용(계)[천원]","천원","1693.3","1395.1","1311.5","1815.8","1851.2","1194.6",
"1규모(상용근로자 10~29인)","K.금융 및 보험업(64~66)","퇴직급여 등의 비용[천원]","천원","877.3","640.4","614.6","1034","1091.8","572.8",
"1규모(상용근로자 10~29인)","K.금융 및 보험업(64~66)","법정노동비용[천원]","천원","580.5","569.4","554.8","571.8","546.7","413.1",
"1규모(상용근로자 10~29인)","K.금융 및 보험업(64~66)","법정외 복지비용[천원]","천원","202.8","163.9","124.6","158.7","186.7","176.7",
"1규모(상용근로자 10~29인)","K.금융 및 보험업(64~66)","채용관련비용(모집비)[천원]","천원","6.5","2.8","4.3","25","12.9","15.3",
"1규모(상용근로자 10~29인)","K.금융 및 보험업(64~66)","교육훈련비용[천원]","천원","26.3","18.6","13.3","26.2","13.1","16.7",
"1규모(상용근로자 10~29인)","L.부동산업(68)","노동비용총액[천원]","천원","6006.3","5764.8","4999.6","4821.7","4511.5","4178.4",
"1규모(상용근로자 10~29인)","L.부동산업(68)","직접노동비용(계)[천원]","천원","5089.8","4818","4254","3847.5","3770.1","3598.4",
"1규모(상용근로자 10~29인)","L.부동산업(68)","정액 및 초과급여[천원]","천원","4862.2","4553","4018.9","3591.3","3543.8","3207.5",
"1규모(상용근로자 10~29인)","L.부동산업(68)","상여금 및 성과금[천원]","천원","227.6","264.9","235.1","256.1","226.3","390.9",
"1규모(상용근로자 10~29인)","L.부동산업(68)","간접노동비용(계)[천원]","천원","916.6","946.8","745.6","974.2","741.4","580",
"1규모(상용근로자 10~29인)","L.부동산업(68)","퇴직급여 등의 비용[천원]","천원","476.4","518.2","378.2","552.4","388.1","255.3",
"1규모(상용근로자 10~29인)","L.부동산업(68)","법정노동비용[천원]","천원","358.6","348.9","300.6","261.5","253.6","241.4",
"1규모(상용근로자 10~29인)","L.부동산업(68)","법정외 복지비용[천원]","천원","79.8","78.4","63.7","154.4","94.3","75.2",
"1규모(상용근로자 10~29인)","L.부동산업(68)","채용관련비용(모집비)[천원]","천원",".2",".2","0","1.2","1","1.4",
"1규모(상용근로자 10~29인)","L.부동산업(68)","교육훈련비용[천원]","천원","1.5","1.1","3.1","4.7","4.5","6.6",
"1규모(상용근로자 10~29인)","M.전문, 과학 및 기술 서비스업(70~73)","노동비용총액[천원]","천원","4686.2","4690.1","4524.7","4796.8","4345.8","3968.5",
"1규모(상용근로자 10~29인)","M.전문, 과학 및 기술 서비스업(70~73)","직접노동비용(계)[천원]","천원","4015.1","4030.9","3907.7","3878.4","3651.3","3377.5",
"1규모(상용근로자 10~29인)","M.전문, 과학 및 기술 서비스업(70~73)","정액 및 초과급여[천원]","천원","3731.9","3734.6","3603.7","3593.1","3364.4","3145.5",
"1규모(상용근로자 10~29인)","M.전문, 과학 및 기술 서비스업(70~73)","상여금 및 성과금[천원]","천원","283.3","296.3","304","285.3","287","232",
"1규모(상용근로자 10~29인)","M.전문, 과학 및 기술 서비스업(70~73)","간접노동비용(계)[천원]","천원","671.1","659.3","617","918.4","694.5","591",
"1규모(상용근로자 10~29인)","M.전문, 과학 및 기술 서비스업(70~73)","퇴직급여 등의 비용[천원]","천원","263.5","255.7","224.4","480.9","296.4","225.5",
"1규모(상용근로자 10~29인)","M.전문, 과학 및 기술 서비스업(70~73)","법정노동비용[천원]","천원","311.5","309.6","317.2","334.2","309","276.8",
"1규모(상용근로자 10~29인)","M.전문, 과학 및 기술 서비스업(70~73)","법정외 복지비용[천원]","천원","88.9","87","68.4","92.5","81.3","81.8",
"1규모(상용근로자 10~29인)","M.전문, 과학 및 기술 서비스업(70~73)","채용관련비용(모집비)[천원]","천원","1.2","1.3","1.4","2.7","3.7","2.6",
"1규모(상용근로자 10~29인)","M.전문, 과학 및 기술 서비스업(70~73)","교육훈련비용[천원]","천원","6","5.6","5.6","8.1","4","4.3",
"1규모(상용근로자 10~29인)","N.사업시설 관리, 사업 지원 및 임대 서비스업(74~76)","노동비용총액[천원]","천원","3371.9","3177.9","2964.8","3594.8","3468.3","2931.8",
"1규모(상용근로자 10~29인)","N.사업시설 관리, 사업 지원 및 임대 서비스업(74~76)","직접노동비용(계)[천원]","천원","2861.6","2691.7","2519.8","3005.7","2883.5","2421.7",
"1규모(상용근로자 10~29인)","N.사업시설 관리, 사업 지원 및 임대 서비스업(74~76)","정액 및 초과급여[천원]","천원","2768.2","2609.6","2455.3","2929.6","2782.5","2318.9",
"1규모(상용근로자 10~29인)","N.사업시설 관리, 사업 지원 및 임대 서비스업(74~76)","상여금 및 성과금[천원]","천원","93.5","82.1","64.5","76.1","101","102.8",
"1규모(상용근로자 10~29인)","N.사업시설 관리, 사업 지원 및 임대 서비스업(74~76)","간접노동비용(계)[천원]","천원","510.3","486.3","444.9","589.1","584.8","510.2",
"1규모(상용근로자 10~29인)","N.사업시설 관리, 사업 지원 및 임대 서비스업(74~76)","퇴직급여 등의 비용[천원]","천원","200.9","196.7","179","231.9","250.2","193.4",
"1규모(상용근로자 10~29인)","N.사업시설 관리, 사업 지원 및 임대 서비스업(74~76)","법정노동비용[천원]","천원","240.6","227.3","209.6","260.2","234.6","224.4",
"1규모(상용근로자 10~29인)","N.사업시설 관리, 사업 지원 및 임대 서비스업(74~76)","법정외 복지비용[천원]","천원","67.3","59.6","54","88.5","96.3","88.7",
"1규모(상용근로자 10~29인)","N.사업시설 관리, 사업 지원 및 임대 서비스업(74~76)","채용관련비용(모집비)[천원]","천원",".6",".7",".9",".6","1.8","1.8",
"1규모(상용근로자 10~29인)","N.사업시설 관리, 사업 지원 및 임대 서비스업(74~76)","교육훈련비용[천원]","천원","1","1.9","1.5","7.9","2","1.8",
"1규모(상용근로자 10~29인)","R.예술, 스포츠 및 여가관련 서비스업(90~91)","노동비용총액[천원]","천원","4551.2","4481.2","4076.8","4220.6","3951","4197.2",
"1규모(상용근로자 10~29인)","R.예술, 스포츠 및 여가관련 서비스업(90~91)","직접노동비용(계)[천원]","천원","3785.8","3728.1","3408.6","3341.1","3193.7","3431.4",
"1규모(상용근로자 10~29인)","R.예술, 스포츠 및 여가관련 서비스업(90~91)","정액 및 초과급여[천원]","천원","3666.8","3571.6","3246.5","3220.5","3103","3145.6",
"1규모(상용근로자 10~29인)","R.예술, 스포츠 및 여가관련 서비스업(90~91)","상여금 및 성과금[천원]","천원","119","156.4","162.2","120.6","90.7","285.9",
"1규모(상용근로자 10~29인)","R.예술, 스포츠 및 여가관련 서비스업(90~91)","간접노동비용(계)[천원]","천원","765.4","753.2","668.2","879.5","757.3","765.7",
"1규모(상용근로자 10~29인)","R.예술, 스포츠 및 여가관련 서비스업(90~91)","퇴직급여 등의 비용[천원]","천원","285.5","255.5","258.6","363.4","335.4","334",
"1규모(상용근로자 10~29인)","R.예술, 스포츠 및 여가관련 서비스업(90~91)","법정노동비용[천원]","천원","309.3","310.6","281.4","290.9","260.2","257.2",
"1규모(상용근로자 10~29인)","R.예술, 스포츠 및 여가관련 서비스업(90~91)","법정외 복지비용[천원]","천원","165.3","182.8","125.3","220.1","155.6","172.5",
"1규모(상용근로자 10~29인)","R.예술, 스포츠 및 여가관련 서비스업(90~91)","채용관련비용(모집비)[천원]","천원","2.2","1.4","1","1.4","3",".8",
"1규모(상용근로자 10~29인)","R.예술, 스포츠 및 여가관련 서비스업(90~91)","교육훈련비용[천원]","천원","3.1","2.9","1.9","3.7","3.2","1.2",
"1규모(상용근로자 10~29인)","S.협회 및 단체, 수리 및 기타 개인 서비스업(94~96)","노동비용총액[천원]","천원","4409.1","4392.7","4098.5","3994.9","3722.9","3686.7",
"1규모(상용근로자 10~29인)","S.협회 및 단체, 수리 및 기타 개인 서비스업(94~96)","직접노동비용(계)[천원]","천원","3741.5","3631.9","3481.8","3327.8","3135.3","3091.9",
"1규모(상용근로자 10~29인)","S.협회 및 단체, 수리 및 기타 개인 서비스업(94~96)","정액 및 초과급여[천원]","천원","3668.1","3558.3","3404.3","3257.5","3106","3005.6",
"1규모(상용근로자 10~29인)","S.협회 및 단체, 수리 및 기타 개인 서비스업(94~96)","상여금 및 성과금[천원]","천원","73.4","73.6","77.5","70.3","29.3","86.3",
"1규모(상용근로자 10~29인)","S.협회 및 단체, 수리 및 기타 개인 서비스업(94~96)","간접노동비용(계)[천원]","천원","667.6","760.8","616.7","667","587.7","594.8",
"1규모(상용근로자 10~29인)","S.협회 및 단체, 수리 및 기타 개인 서비스업(94~96)","퇴직급여 등의 비용[천원]","천원","230.7","325.6","216.4","257.3","199.5","196.4",
"1규모(상용근로자 10~29인)","S.협회 및 단체, 수리 및 기타 개인 서비스업(94~96)","법정노동비용[천원]","천원","327.4","324.5","312.4","294.1","276.8","271.7",
"1규모(상용근로자 10~29인)","S.협회 및 단체, 수리 및 기타 개인 서비스업(94~96)","법정외 복지비용[천원]","천원","106.1","108.9","86.3","113.4","110.6","122.1",
"1규모(상용근로자 10~29인)","S.협회 및 단체, 수리 및 기타 개인 서비스업(94~96)","채용관련비용(모집비)[천원]","천원",".5",".4",".2",".5",".2","1.8",
"1규모(상용근로자 10~29인)","S.협회 및 단체, 수리 및 기타 개인 서비스업(94~96)","교육훈련비용[천원]","천원","2.9","1.5","1.4","1.7",".6","2.8",
"2규모(상용근로자 30~99인)","전체","노동비용총액[천원]","천원","5270.3","5053.9","4796.5","4864.5","4600.7","4389.7",
"2규모(상용근로자 30~99인)","전체","직접노동비용(계)[천원]","천원","4327.7","4146.6","3945.8","3952.1","3754.3","3594.8",
"2규모(상용근로자 30~99인)","전체","정액 및 초과급여[천원]","천원","3987.9","3841.3","3648.2","3627","3468.9","3267.4",
"2규모(상용근로자 30~99인)","전체","상여금 및 성과금[천원]","천원","339.8","305.3","297.6","325.1","285.4","327.4",
"2규모(상용근로자 30~99인)","전체","간접노동비용(계)[천원]","천원","942.6","907.3","850.7","912.4","846.4","794.9",
"2규모(상용근로자 30~99인)","전체","퇴직급여 등의 비용[천원]","천원","393.8","383.1","355.2","402.6","366.4","333.8",
"2규모(상용근로자 30~99인)","전체","법정노동비용[천원]","천원","377.8","362.8","349.5","341.6","320.8","309.4",
"2규모(상용근로자 30~99인)","전체","법정외 복지비용[천원]","천원","160.3","151.4","137.6","158.4","150.4","142.3",
"2규모(상용근로자 30~99인)","전체","채용관련비용(모집비)[천원]","천원","3.8","3.7","3.7","4.7","4","3",
"2규모(상용근로자 30~99인)","전체","교육훈련비용[천원]","천원","6.9","6.4","4.8","5.1","4.8","6.4",
"2규모(상용근로자 30~99인)","B.광업(05~08)","노동비용총액[천원]","천원","6165.5","5379.5","5533.6","6067.3","5551.3","5307.5",
"2규모(상용근로자 30~99인)","B.광업(05~08)","직접노동비용(계)[천원]","천원","5021.6","4416.8","4461.2","4867.8","4554.4","4219.9",
"2규모(상용근로자 30~99인)","B.광업(05~08)","정액 및 초과급여[천원]","천원","4701.6","4167.7","4150.3","4651.5","4297.8","3961.8",
"2규모(상용근로자 30~99인)","B.광업(05~08)","상여금 및 성과금[천원]","천원","320","249.1","310.9","216.3","256.6","258.1",
"2규모(상용근로자 30~99인)","B.광업(05~08)","간접노동비용(계)[천원]","천원","1143.9","962.7","1072.3","1199.5","997","1087.6",
"2규모(상용근로자 30~99인)","B.광업(05~08)","퇴직급여 등의 비용[천원]","천원","379.7","267.1","460.4","472.2","367","512.4",
"2규모(상용근로자 30~99인)","B.광업(05~08)","법정노동비용[천원]","천원","475.2","467.4","411.8","452.3","421.1","395.9",
"2규모(상용근로자 30~99인)","B.광업(05~08)","법정외 복지비용[천원]","천원","285","225.2","197.4","272","207.2","176.9",
"2규모(상용근로자 30~99인)","B.광업(05~08)","채용관련비용(모집비)[천원]","천원","1",".9","1",".4",".3",".1",
"2규모(상용근로자 30~99인)","B.광업(05~08)","교육훈련비용[천원]","천원","3","2.1","1.7","2.6","1.4","2.3",
"2규모(상용근로자 30~99인)","C.제조업(10~34)","노동비용총액[천원]","천원","5272.6","5066.5","4737","4842.2","4632.4","4389.6",
"2규모(상용근로자 30~99인)","C.제조업(10~34)","직접노동비용(계)[천원]","천원","4285.5","4114","3866","3863.4","3704.4","3549.2",
"2규모(상용근로자 30~99인)","C.제조업(10~34)","정액 및 초과급여[천원]","천원","3940.3","3795.7","3574","3590.5","3451.9","3236.8",
"2규모(상용근로자 30~99인)","C.제조업(10~34)","상여금 및 성과금[천원]","천원","345.1","318.3","292","272.9","252.4","312.4",
"2규모(상용근로자 30~99인)","C.제조업(10~34)","간접노동비용(계)[천원]","천원","987.1","952.5","871","978.8","928.1","840.4",
"2규모(상용근로자 30~99인)","C.제조업(10~34)","퇴직급여 등의 비용[천원]","천원","400.1","397.3","356","429.9","403","348.6",
"2규모(상용근로자 30~99인)","C.제조업(10~34)","법정노동비용[천원]","천원","380","363.6","346.9","344.7","325.5","310",
"2규모(상용근로자 30~99인)","C.제조업(10~34)","법정외 복지비용[천원]","천원","201.2","184.9","163.7","199.6","194.1","176.3",
"2규모(상용근로자 30~99인)","C.제조업(10~34)","채용관련비용(모집비)[천원]","천원","1.6","1.5","1.2","2.1","1.3","1.6",
"2규모(상용근로자 30~99인)","C.제조업(10~34)","교육훈련비용[천원]","천원","4.3","5.2","3.2","2.5","4.1","4",
"2규모(상용근로자 30~99인)","D.전기, 가스, 증기 및 공기 조절 공급업(35)","노동비용총액[천원]","천원","8822.6","8001.2","8470.1","7117.6","7099.7","6804.6",
"2규모(상용근로자 30~99인)","D.전기, 가스, 증기 및 공기 조절 공급업(35)","직접노동비용(계)[천원]","천원","7028.8","6261.3","6260.3","5510.4","5594.8","5457.6",
"2규모(상용근로자 30~99인)","D.전기, 가스, 증기 및 공기 조절 공급업(35)","정액 및 초과급여[천원]","천원","5034","4793.2","4706.2","4349.9","4539.4","4607.4",
"2규모(상용근로자 30~99인)","D.전기, 가스, 증기 및 공기 조절 공급업(35)","상여금 및 성과금[천원]","천원","1994.8","1468.1","1554.1","1160.5","1055.5","850.3",
"2규모(상용근로자 30~99인)","D.전기, 가스, 증기 및 공기 조절 공급업(35)","간접노동비용(계)[천원]","천원","1793.8","1739.9","2209.8","1607.2","1504.9","1346.9",
"2규모(상용근로자 30~99인)","D.전기, 가스, 증기 및 공기 조절 공급업(35)","퇴직급여 등의 비용[천원]","천원","562","670.3","1148.9","737.2","631.3","524.4",
"2규모(상용근로자 30~99인)","D.전기, 가스, 증기 및 공기 조절 공급업(35)","법정노동비용[천원]","천원","597.7","531.4","526.7","470.1","460.9","448.8",
"2규모(상용근로자 30~99인)","D.전기, 가스, 증기 및 공기 조절 공급업(35)","법정외 복지비용[천원]","천원","565","475.8","466.6","370.2","386","336.3",
"2규모(상용근로자 30~99인)","D.전기, 가스, 증기 및 공기 조절 공급업(35)","채용관련비용(모집비)[천원]","천원","8.7","16","18","9.4","8.7","12.7",
"2규모(상용근로자 30~99인)","D.전기, 가스, 증기 및 공기 조절 공급업(35)","교육훈련비용[천원]","천원","60.3","46.4","49.6","20.2","18","24.7",
"2규모(상용근로자 30~99인)","E.수도, 하수 및 폐기물 처리, 원료 재생업(36~39)","노동비용총액[천원]","천원","6102.3","5769.3","5614.1","5128.4","4594.7","4312.9",
"2규모(상용근로자 30~99인)","E.수도, 하수 및 폐기물 처리, 원료 재생업(36~39)","직접노동비용(계)[천원]","천원","4921.2","4707.5","4674.3","4246.5","3818.2","3604.4",
"2규모(상용근로자 30~99인)","E.수도, 하수 및 폐기물 처리, 원료 재생업(36~39)","정액 및 초과급여[천원]","천원","4453.8","4252.4","4210.4","3904.9","3579.3","3298.6",
"2규모(상용근로자 30~99인)","E.수도, 하수 및 폐기물 처리, 원료 재생업(36~39)","상여금 및 성과금[천원]","천원","467.5","455.2","463.9","341.6","239","305.8",
"2규모(상용근로자 30~99인)","E.수도, 하수 및 폐기물 처리, 원료 재생업(36~39)","간접노동비용(계)[천원]","천원","1181","1061.7","939.8","881.9","776.5","708.5",
"2규모(상용근로자 30~99인)","E.수도, 하수 및 폐기물 처리, 원료 재생업(36~39)","퇴직급여 등의 비용[천원]","천원","555","464.3","441.4","413.5","318.5","360.7",
"2규모(상용근로자 30~99인)","E.수도, 하수 및 폐기물 처리, 원료 재생업(36~39)","법정노동비용[천원]","천원","413.4","402.6","359","360.4","310.6","255.7",
"2규모(상용근로자 30~99인)","E.수도, 하수 및 폐기물 처리, 원료 재생업(36~39)","법정외 복지비용[천원]","천원","208.1","190.6","134.7","106.5","145.3","88.1",
"2규모(상용근로자 30~99인)","E.수도, 하수 및 폐기물 처리, 원료 재생업(36~39)","채용관련비용(모집비)[천원]","천원",".5",".5",".7",".5",".8","2",
"2규모(상용근로자 30~99인)","E.수도, 하수 및 폐기물 처리, 원료 재생업(36~39)","교육훈련비용[천원]","천원","4","3.7","4","1","1.3","2",
"2규모(상용근로자 30~99인)","F.건설업(41~42)","노동비용총액[천원]","천원","5883.5","5479","5022.5","5861.8","5988.9","5650.8",
"2규모(상용근로자 30~99인)","F.건설업(41~42)","직접노동비용(계)[천원]","천원","4848.2","4581.1","4055.9","4702.7","4822.2","4610.9",
"2규모(상용근로자 30~99인)","F.건설업(41~42)","정액 및 초과급여[천원]","천원","4644.5","4334.3","3867.5","4280.4","4407.2","4205.8",
"2규모(상용근로자 30~99인)","F.건설업(41~42)","상여금 및 성과금[천원]","천원","203.7","246.9","188.5","422.2","415.1","405.1",
"2규모(상용근로자 30~99인)","F.건설업(41~42)","간접노동비용(계)[천원]","천원","1035.3","897.8","966.6","1159.1","1166.7","1039.8",
"2규모(상용근로자 30~99인)","F.건설업(41~42)","퇴직급여 등의 비용[천원]","천원","397.5","289.6","381","406.2","448.4","344.8",
"2규모(상용근로자 30~99인)","F.건설업(41~42)","법정노동비용[천원]","천원","473.6","437.3","435.5","524.9","505.3","525.8",
"2규모(상용근로자 30~99인)","F.건설업(41~42)","법정외 복지비용[천원]","천원","152.2","161.6","140.3","217.9","209.7","162",
"2규모(상용근로자 30~99인)","F.건설업(41~42)","채용관련비용(모집비)[천원]","천원","2.5","1.2","1.7","1.6",".2","1.1",
"2규모(상용근로자 30~99인)","F.건설업(41~42)","교육훈련비용[천원]","천원","9.6","8.1","8.1","8.6","3.1","6.3",
"2규모(상용근로자 30~99인)","G.도매 및 소매업(45~47)","노동비용총액[천원]","천원","6235","5943.9","5554.6","5720.4","5286.4","4975.5",
"2규모(상용근로자 30~99인)","G.도매 및 소매업(45~47)","직접노동비용(계)[천원]","천원","5086.4","4821","4575","4791.1","4475.1","4160.1",
"2규모(상용근로자 30~99인)","G.도매 및 소매업(45~47)","정액 및 초과급여[천원]","천원","4547.8","4420.2","4153.5","4331.8","4041.6","3720.2",
"2규모(상용근로자 30~99인)","G.도매 및 소매업(45~47)","상여금 및 성과금[천원]","천원","538.6","400.8","421.5","459.3","433.5","439.9",
"2규모(상용근로자 30~99인)","G.도매 및 소매업(45~47)","간접노동비용(계)[천원]","천원","1148.5","1122.9","979.7","929.4","811.3","815.4",
"2규모(상용근로자 30~99인)","G.도매 및 소매업(45~47)","퇴직급여 등의 비용[천원]","천원","518.4","537.3","431.9","436","357.5","315.4",
"2규모(상용근로자 30~99인)","G.도매 및 소매업(45~47)","법정노동비용[천원]","천원","444.8","428.2","405.3","352.6","321.7","330.5",
"2규모(상용근로자 30~99인)","G.도매 및 소매업(45~47)","법정외 복지비용[천원]","천원","158.7","138.7","124.4","123.2","114","148.2",
"2규모(상용근로자 30~99인)","G.도매 및 소매업(45~47)","채용관련비용(모집비)[천원]","천원","10.2","10.5","11.6","11","12.1","7.5",
"2규모(상용근로자 30~99인)","G.도매 및 소매업(45~47)","교육훈련비용[천원]","천원","16.5","8.2","6.5","6.6","6","13.8",
"2규모(상용근로자 30~99인)","H.운수 및 창고업(49~52)","노동비용총액[천원]","천원","4227","3962","3640.5","3376.5","3170","3179.5",
"2규모(상용근로자 30~99인)","H.운수 및 창고업(49~52)","직접노동비용(계)[천원]","천원","3507.4","3246.3","2998.7","2775.3","2582.7","2569.8",
"2규모(상용근로자 30~99인)","H.운수 및 창고업(49~52)","정액 및 초과급여[천원]","천원","3283.3","3012.9","2782.1","2539","2424.5","2341.8",
"2규모(상용근로자 30~99인)","H.운수 및 창고업(49~52)","상여금 및 성과금[천원]","천원","224.1","233.4","216.5","236.3","158.2","228.1",
"2규모(상용근로자 30~99인)","H.운수 및 창고업(49~52)","간접노동비용(계)[천원]","천원","719.6","715.7","641.8","601.2","587.4","609.7",
"2규모(상용근로자 30~99인)","H.운수 및 창고업(49~52)","퇴직급여 등의 비용[천원]","천원","305","327.3","280.4","288.8","287.1","316.9",
"2규모(상용근로자 30~99인)","H.운수 및 창고업(49~52)","법정노동비용[천원]","천원","281.1","268.6","251.3","225.8","217.4","207.6",
"2규모(상용근로자 30~99인)","H.운수 및 창고업(49~52)","법정외 복지비용[천원]","천원","129","115.3","106.7","75.8","72.3","81",
"2규모(상용근로자 30~99인)","H.운수 및 창고업(49~52)","채용관련비용(모집비)[천원]","천원",".8","1","1.4","7.4","7.8","2.2",
"2규모(상용근로자 30~99인)","H.운수 및 창고업(49~52)","교육훈련비용[천원]","천원","3.7","3.6","2","3.4","2.7","2",
"2규모(상용근로자 30~99인)","I.숙박 및 음식점업(55~56)","노동비용총액[천원]","천원","3555.3","3352.8","3234.4","3361.7","3076.1","3328.7",
"2규모(상용근로자 30~99인)","I.숙박 및 음식점업(55~56)","직접노동비용(계)[천원]","천원","2959","2829.2","2678.6","2812.2","2566.1","2698.1",
"2규모(상용근로자 30~99인)","I.숙박 및 음식점업(55~56)","정액 및 초과급여[천원]","천원","2882.7","2757.9","2639.5","2770.8","2516.4","2597.2",
"2규모(상용근로자 30~99인)","I.숙박 및 음식점업(55~56)","상여금 및 성과금[천원]","천원","76.3","71.3","39.1","41.4","49.7","100.9",
"2규모(상용근로자 30~99인)","I.숙박 및 음식점업(55~56)","간접노동비용(계)[천원]","천원","596.3","523.6","555.8","549.5","510","630.7",
"2규모(상용근로자 30~99인)","I.숙박 및 음식점업(55~56)","퇴직급여 등의 비용[천원]","천원","245.8","216.2","257.5","227.9","226.1","321.3",
"2규모(상용근로자 30~99인)","I.숙박 및 음식점업(55~56)","법정노동비용[천원]","천원","272","251.7","240.3","238.1","230.7","229.8",
"2규모(상용근로자 30~99인)","I.숙박 및 음식점업(55~56)","법정외 복지비용[천원]","천원","74.1","52.7","51.8","77.5","48.2","71.9",
"2규모(상용근로자 30~99인)","I.숙박 및 음식점업(55~56)","채용관련비용(모집비)[천원]","천원","3.1","2","4.8","2.9","2.4","5.8",
"2규모(상용근로자 30~99인)","I.숙박 및 음식점업(55~56)","교육훈련비용[천원]","천원","1.3","1.1","1.5","3.1","2.5","1.8",
"2규모(상용근로자 30~99인)","J.정보통신업(58~63)","노동비용총액[천원]","천원","5394.2","5164.7","5160.2","5192.6","4394.6","4554.6",
"2규모(상용근로자 30~99인)","J.정보통신업(58~63)","직접노동비용(계)[천원]","천원","4450.5","4330.1","4279.1","4243.2","3687.9","3810.6",
"2규모(상용근로자 30~99인)","J.정보통신업(58~63)","정액 및 초과급여[천원]","천원","4255.8","4126.7","4009.1","3942.2","3469.3","3472.1",
"2규모(상용근로자 30~99인)","J.정보통신업(58~63)","상여금 및 성과금[천원]","천원","194.7","203.4","270","301","218.6","338.5",
"2규모(상용근로자 30~99인)","J.정보통신업(58~63)","간접노동비용(계)[천원]","천원","943.7","834.6","881.1","949.4","706.6","743.9",
"2규모(상용근로자 30~99인)","J.정보통신업(58~63)","퇴직급여 등의 비용[천원]","천원","418.4","326.4","381.4","395.1","278.7","308.5",
"2규모(상용근로자 30~99인)","J.정보통신업(58~63)","법정노동비용[천원]","천원","400.4","391.5","376.6","380.1","324.8","319.9",
"2규모(상용근로자 30~99인)","J.정보통신업(58~63)","법정외 복지비용[천원]","천원","111.2","106.3","105.8","152.8","87.9","97.2",
"2규모(상용근로자 30~99인)","J.정보통신업(58~63)","채용관련비용(모집비)[천원]","천원","5.6","4.4","7.7","12.6","7.8","5.8",
"2규모(상용근로자 30~99인)","J.정보통신업(58~63)","교육훈련비용[천원]","천원","8.1","6.1","9.6","8.7","7.5","12.5",
"2규모(상용근로자 30~99인)","K.금융 및 보험업(64~66)","노동비용총액[천원]","천원","10842","9212.4","8442.6","10908.6","9461.1","8197.2",
"2규모(상용근로자 30~99인)","K.금융 및 보험업(64~66)","직접노동비용(계)[천원]","천원","9193.7","7646","7069.5","8593.8","7584","6848.9",
"2규모(상용근로자 30~99인)","K.금융 및 보험업(64~66)","정액 및 초과급여[천원]","천원","6539","6089.1","5605.6","6315","5911.3","5552.1",
"2규모(상용근로자 30~99인)","K.금융 및 보험업(64~66)","상여금 및 성과금[천원]","천원","2654.6","1556.9","1463.9","2278.8","1672.8","1296.7",
"2규모(상용근로자 30~99인)","K.금융 및 보험업(64~66)","간접노동비용(계)[천원]","천원","1648.4","1566.4","1373.1","2314.8","1877.1","1348.3",
"2규모(상용근로자 30~99인)","K.금융 및 보험업(64~66)","퇴직급여 등의 비용[천원]","천원","787.3","763","665","1502.1","1140.6","625.1",
"2규모(상용근로자 30~99인)","K.금융 및 보험업(64~66)","법정노동비용[천원]","천원","622","557.8","511.9","562.2","519.8","498.8",
"2규모(상용근로자 30~99인)","K.금융 및 보험업(64~66)","법정외 복지비용[천원]","천원","195.8","196.9","173","199.9","183.2","171.8",
"2규모(상용근로자 30~99인)","K.금융 및 보험업(64~66)","채용관련비용(모집비)[천원]","천원","16.8","18.8","8.2","20","12.4","26.3",
"2규모(상용근로자 30~99인)","K.금융 및 보험업(64~66)","교육훈련비용[천원]","천원","26.5","29.9","15","30.6","21.1","26.3",
"2규모(상용근로자 30~99인)","L.부동산업(68)","노동비용총액[천원]","천원","5207.7","5301.5","5192","3610.3","4065.4","3877.1",
"2규모(상용근로자 30~99인)","L.부동산업(68)","직접노동비용(계)[천원]","천원","4391.6","4312","4224.2","3078.6","3439.5","3278.5",
"2규모(상용근로자 30~99인)","L.부동산업(68)","정액 및 초과급여[천원]","천원","4078.4","4031.5","4075.1","2894.1","3055.5","2752.8",
"2규모(상용근로자 30~99인)","L.부동산업(68)","상여금 및 성과금[천원]","천원","313.2","280.5","149.2","184.5","384","525.7",
"2규모(상용근로자 30~99인)","L.부동산업(68)","간접노동비용(계)[천원]","천원","816.1","989.4","967.8","531.6","625.9","598.5",
"2규모(상용근로자 30~99인)","L.부동산업(68)","퇴직급여 등의 비용[천원]","천원","387.8","500","468.6","192.3","253.6","279.4",
"2규모(상용근로자 30~99인)","L.부동산업(68)","법정노동비용[천원]","천원","338","330.9","351.4","248.1","253.2","225.3",
"2규모(상용근로자 30~99인)","L.부동산업(68)","법정외 복지비용[천원]","천원","80.8","125.1","132.3","85.5","115.5","68.6",
"2규모(상용근로자 30~99인)","L.부동산업(68)","채용관련비용(모집비)[천원]","천원",".7","2","3.3",".6",".1",".4",
"2규모(상용근로자 30~99인)","L.부동산업(68)","교육훈련비용[천원]","천원","8.7","31.4","12.2","5.1","3.4","24.7",
"2규모(상용근로자 30~99인)","M.전문, 과학 및 기술 서비스업(70~73)","노동비용총액[천원]","천원","5198.6","5114.1","5116.3","5071","4768.6","4647.6",
"2규모(상용근로자 30~99인)","M.전문, 과학 및 기술 서비스업(70~73)","직접노동비용(계)[천원]","천원","4347.2","4267.6","4301.4","4245.8","3992.6","3923.3",
"2규모(상용근로자 30~99인)","M.전문, 과학 및 기술 서비스업(70~73)","정액 및 초과급여[천원]","천원","4146.8","3990.2","4005.9","3849.6","3677.2","3579.7",
"2규모(상용근로자 30~99인)","M.전문, 과학 및 기술 서비스업(70~73)","상여금 및 성과금[천원]","천원","200.4","277.4","295.5","396.2","315.4","343.6",
"2규모(상용근로자 30~99인)","M.전문, 과학 및 기술 서비스업(70~73)","간접노동비용(계)[천원]","천원","851.5","846.5","814.9","825.2","776","724.3",
"2규모(상용근로자 30~99인)","M.전문, 과학 및 기술 서비스업(70~73)","퇴직급여 등의 비용[천원]","천원","336.4","328.3","306.8","350.5","321.3","328",
"2규모(상용근로자 30~99인)","M.전문, 과학 및 기술 서비스업(70~73)","법정노동비용[천원]","천원","378.4","360.8","360.3","344.8","340.9","307.5",
"2규모(상용근로자 30~99인)","M.전문, 과학 및 기술 서비스업(70~73)","법정외 복지비용[천원]","천원","119.6","138.8","134.6","112.4","98.3","74",
"2규모(상용근로자 30~99인)","M.전문, 과학 및 기술 서비스업(70~73)","채용관련비용(모집비)[천원]","천원","9.9","10","6","5.1","3.5","3",
"2규모(상용근로자 30~99인)","M.전문, 과학 및 기술 서비스업(70~73)","교육훈련비용[천원]","천원","7.2","8.6","7.2","12.3","11.9","11.7",
"2규모(상용근로자 30~99인)","N.사업시설 관리, 사업 지원 및 임대 서비스업(74~76)","노동비용총액[천원]","천원","3037","3155.9","3264.3","3055.6","2981.5","2877.4",
"2규모(상용근로자 30~99인)","N.사업시설 관리, 사업 지원 및 임대 서비스업(74~76)","직접노동비용(계)[천원]","천원","2604.9","2654.7","2777.8","2571.8","2526.5","2364.9",
"2규모(상용근로자 30~99인)","N.사업시설 관리, 사업 지원 및 임대 서비스업(74~76)","정액 및 초과급여[천원]","천원","2549.8","2576","2659.8","2491","2453.5","2250.4",
"2규모(상용근로자 30~99인)","N.사업시설 관리, 사업 지원 및 임대 서비스업(74~76)","상여금 및 성과금[천원]","천원","55.1","78.6","118","80.8","72.9","114.5",
"2규모(상용근로자 30~99인)","N.사업시설 관리, 사업 지원 및 임대 서비스업(74~76)","간접노동비용(계)[천원]","천원","432.1","501.3","486.5","483.8","455","512.5",
"2규모(상용근로자 30~99인)","N.사업시설 관리, 사업 지원 및 임대 서비스업(74~76)","퇴직급여 등의 비용[천원]","천원","185.7","232.6","190.6","211.3","177.3","262.9",
"2규모(상용근로자 30~99인)","N.사업시설 관리, 사업 지원 및 임대 서비스업(74~76)","법정노동비용[천원]","천원","198.7","207.5","229","207.4","208.5","184.3",
"2규모(상용근로자 30~99인)","N.사업시설 관리, 사업 지원 및 임대 서비스업(74~76)","법정외 복지비용[천원]","천원","45.1","57.3","64.2","62.2","63.4","62.7",
"2규모(상용근로자 30~99인)","N.사업시설 관리, 사업 지원 및 임대 서비스업(74~76)","채용관련비용(모집비)[천원]","천원",".9","2.2","2",".8","4.4","1.1",
"2규모(상용근로자 30~99인)","N.사업시설 관리, 사업 지원 및 임대 서비스업(74~76)","교육훈련비용[천원]","천원","1.9","1.8",".8","2.1","1.4","1.5",
"2규모(상용근로자 30~99인)","R.예술, 스포츠 및 여가관련 서비스업(90~91)","노동비용총액[천원]","천원","5676.3","5401.1","5103.1","4811.9","4677.4","4888.1",
"2규모(상용근로자 30~99인)","R.예술, 스포츠 및 여가관련 서비스업(90~91)","직접노동비용(계)[천원]","천원","4647.9","4461.7","4188.2","3824.2","3693.1","3947",
"2규모(상용근로자 30~99인)","R.예술, 스포츠 및 여가관련 서비스업(90~91)","정액 및 초과급여[천원]","천원","4314.4","4090.3","3857.8","3575.4","3442.2","3537.6",
"2규모(상용근로자 30~99인)","R.예술, 스포츠 및 여가관련 서비스업(90~91)","상여금 및 성과금[천원]","천원","333.5","371.4","330.4","248.8","250.9","409.3",
"2규모(상용근로자 30~99인)","R.예술, 스포츠 및 여가관련 서비스업(90~91)","간접노동비용(계)[천원]","천원","1028.4","939.4","914.9","987.7","984.3","941.1",
"2규모(상용근로자 30~99인)","R.예술, 스포츠 및 여가관련 서비스업(90~91)","퇴직급여 등의 비용[천원]","천원","356","360.9","307.3","397.1","427.3","384.2",
"2규모(상용근로자 30~99인)","R.예술, 스포츠 및 여가관련 서비스업(90~91)","법정노동비용[천원]","천원","412.5","374.8","365.8","334.4","323.9","300",
"2규모(상용근로자 30~99인)","R.예술, 스포츠 및 여가관련 서비스업(90~91)","법정외 복지비용[천원]","천원","253.1","198.2","234.9","241.7","222.2","243",
"2규모(상용근로자 30~99인)","R.예술, 스포츠 및 여가관련 서비스업(90~91)","채용관련비용(모집비)[천원]","천원",".8",".8","2.8","2.1","2.4","4.2",
"2규모(상용근로자 30~99인)","R.예술, 스포츠 및 여가관련 서비스업(90~91)","교육훈련비용[천원]","천원","6","4.7","4","12.4","8.5","9.7",
"2규모(상용근로자 30~99인)","S.협회 및 단체, 수리 및 기타 개인 서비스업(94~96)","노동비용총액[천원]","천원","4101.1","3990.7","4366.1","3868.6","3714.2","3635.6",
"2규모(상용근로자 30~99인)","S.협회 및 단체, 수리 및 기타 개인 서비스업(94~96)","직접노동비용(계)[천원]","천원","3415.4","3352.6","3678.4","3256.5","3165.3","3064.4",
"2규모(상용근로자 30~99인)","S.협회 및 단체, 수리 및 기타 개인 서비스업(94~96)","정액 및 초과급여[천원]","천원","3297.9","3190.5","3530.8","3057.1","3012","2889.8",
"2규모(상용근로자 30~99인)","S.협회 및 단체, 수리 및 기타 개인 서비스업(94~96)","상여금 및 성과금[천원]","천원","117.5","162.1","147.7","199.3","153.4","174.6",
"2규모(상용근로자 30~99인)","S.협회 및 단체, 수리 및 기타 개인 서비스업(94~96)","간접노동비용(계)[천원]","천원","685.7","638.1","687.7","612.2","548.8","571.2",
"2규모(상용근로자 30~99인)","S.협회 및 단체, 수리 및 기타 개인 서비스업(94~96)","퇴직급여 등의 비용[천원]","천원","266.4","243.2","286.4","242.3","209.3","212.9",
"2규모(상용근로자 30~99인)","S.협회 및 단체, 수리 및 기타 개인 서비스업(94~96)","법정노동비용[천원]","천원","311.4","289.8","310.7","286.9","265.1","284.8",
"2규모(상용근로자 30~99인)","S.협회 및 단체, 수리 및 기타 개인 서비스업(94~96)","법정외 복지비용[천원]","천원","105.4","102.3","86.7","78.8","71.5","68.9",
"2규모(상용근로자 30~99인)","S.협회 및 단체, 수리 및 기타 개인 서비스업(94~96)","채용관련비용(모집비)[천원]","천원",".5","1.1","1.9","3.1","1","1.1",
"2규모(상용근로자 30~99인)","S.협회 및 단체, 수리 및 기타 개인 서비스업(94~96)","교육훈련비용[천원]","천원","2","1.7","1.9","1.2","1.8","3.5",
"3규모(상용근로자 100~299인)","전체","노동비용총액[천원]","천원","5700.6","5449.4","5215.8","5062","4790.8","4744.1",
"3규모(상용근로자 100~299인)","전체","직접노동비용(계)[천원]","천원","4604.2","4386.5","4218.1","4065.5","3828","3799.9",
"3규모(상용근로자 100~299인)","전체","정액 및 초과급여[천원]","천원","4142.7","3941.4","3777.7","3621.3","3452.1","3347.9",
"3규모(상용근로자 100~299인)","전체","상여금 및 성과금[천원]","천원","461.5","445.1","440.5","444.2","375.9","452",
"3규모(상용근로자 100~299인)","전체","간접노동비용(계)[천원]","천원","1096.4","1062.9","997.7","996.5","962.8","944.2",
"3규모(상용근로자 100~299인)","전체","퇴직급여 등의 비용[천원]","천원","452.6","450.9","427.3","424.9","425.8","426.3",
"3규모(상용근로자 100~299인)","전체","법정노동비용[천원]","천원","431.5","411","395.9","378","363.1","346.3",
"3규모(상용근로자 100~299인)","전체","법정외 복지비용[천원]","천원","195.6","183.5","158.7","179.7","162.9","157.2",
"3규모(상용근로자 100~299인)","전체","채용관련비용(모집비)[천원]","천원","4.9","6.2","6.6","6.1","3.7","4",
"3규모(상용근로자 100~299인)","전체","교육훈련비용[천원]","천원","11.8","11.3","9.3","7.9","7.4","10.5",
"3규모(상용근로자 100~299인)","B.광업(05~08)","노동비용총액[천원]","천원","7184.2","6503.1","5927.4","5690.1","5910.3","5171.8",
"3규모(상용근로자 100~299인)","B.광업(05~08)","직접노동비용(계)[천원]","천원","5403.3","4927.2","4808.2","4434.9","4600.4","3905.2",
"3규모(상용근로자 100~299인)","B.광업(05~08)","정액 및 초과급여[천원]","천원","4150.5","4310.1","4447.8","3464","3759.3","3152.9",
"3규모(상용근로자 100~299인)","B.광업(05~08)","상여금 및 성과금[천원]","천원","1252.8","617.1","360.4","970.8","841.1","752.4",
"3규모(상용근로자 100~299인)","B.광업(05~08)","간접노동비용(계)[천원]","천원","1780.9","1575.9","1119.2","1255.3","1309.9","1266.5",
"3규모(상용근로자 100~299인)","B.광업(05~08)","퇴직급여 등의 비용[천원]","천원","619.3","595.7","362.2","399.4","501.1","472.1",
"3규모(상용근로자 100~299인)","B.광업(05~08)","법정노동비용[천원]","천원","671","546.8","450.6","519.9","510.4","485",
"3규모(상용근로자 100~299인)","B.광업(05~08)","법정외 복지비용[천원]","천원","485.1","428.5","297.9","329.2","289","302.9",
"3규모(상용근로자 100~299인)","B.광업(05~08)","채용관련비용(모집비)[천원]","천원",".3","1","4.6",".8","7.3",".1",
"3규모(상용근로자 100~299인)","B.광업(05~08)","교육훈련비용[천원]","천원","5.3","4","3.9","5.9","2.1","6.4",
"3규모(상용근로자 100~299인)","C.제조업(10~34)","노동비용총액[천원]","천원","6106.5","5922.7","5724.4","5355.7","5089.5","5083.5",
"3규모(상용근로자 100~299인)","C.제조업(10~34)","직접노동비용(계)[천원]","천원","4863.8","4686.6","4560.5","4270.3","4023","3972.4",
"3규모(상용근로자 100~299인)","C.제조업(10~34)","정액 및 초과급여[천원]","천원","4302.5","4149.2","4012","3812","3616.8","3463.3",
"3규모(상용근로자 100~299인)","C.제조업(10~34)","상여금 및 성과금[천원]","천원","561.3","537.4","548.4","458.3","406.2","509.2",
"3규모(상용근로자 100~299인)","C.제조업(10~34)","간접노동비용(계)[천원]","천원","1242.7","1236.2","1163.9","1085.5","1066.5","1111.1",
"3규모(상용근로자 100~299인)","C.제조업(10~34)","퇴직급여 등의 비용[천원]","천원","502.8","526.9","509","459.8","464.3","531.8",
"3규모(상용근로자 100~299인)","C.제조업(10~34)","법정노동비용[천원]","천원","464.5","452.7","429.1","401.3","384","376.6",
"3규모(상용근로자 100~299인)","C.제조업(10~34)","법정외 복지비용[천원]","천원","260.8","244.3","215.8","214.2","208","193.1",
"3규모(상용근로자 100~299인)","C.제조업(10~34)","채용관련비용(모집비)[천원]","천원","3.7","4.2","3.2","5","3.4","2.8",
"3규모(상용근로자 100~299인)","C.제조업(10~34)","교육훈련비용[천원]","천원","10.8","8","6.7","5.1","6.9","6.8",
"3규모(상용근로자 100~299인)","D.전기, 가스, 증기 및 공기 조절 공급업(35)","노동비용총액[천원]","천원","10097.5","10647.2","10110.8","9449.8","9450.5","9828",
"3규모(상용근로자 100~299인)","D.전기, 가스, 증기 및 공기 조절 공급업(35)","직접노동비용(계)[천원]","천원","7601.2","8086.3","7656","7064.4","7283.1","7306.2",
"3규모(상용근로자 100~299인)","D.전기, 가스, 증기 및 공기 조절 공급업(35)","정액 및 초과급여[천원]","천원","5470.2","5663.5","5213.4","5072.5","4875.4","5017.9",
"3규모(상용근로자 100~299인)","D.전기, 가스, 증기 및 공기 조절 공급업(35)","상여금 및 성과금[천원]","천원","2130.9","2422.7","2442.6","1992","2407.7","2288.3",
"3규모(상용근로자 100~299인)","D.전기, 가스, 증기 및 공기 조절 공급업(35)","간접노동비용(계)[천원]","천원","2496.3","2560.9","2454.8","2385.3","2167.3","2521.8",
"3규모(상용근로자 100~299인)","D.전기, 가스, 증기 및 공기 조절 공급업(35)","퇴직급여 등의 비용[천원]","천원","1203.4","1250.9","1292.7","804.4","669.2","975.5",
"3규모(상용근로자 100~299인)","D.전기, 가스, 증기 및 공기 조절 공급업(35)","법정노동비용[천원]","천원","699.5","737.7","658.2","670.6","666.8","626.1",
"3규모(상용근로자 100~299인)","D.전기, 가스, 증기 및 공기 조절 공급업(35)","법정외 복지비용[천원]","천원","523.1","501.6","454.6","850.1","762.7","826",
"3규모(상용근로자 100~299인)","D.전기, 가스, 증기 및 공기 조절 공급업(35)","채용관련비용(모집비)[천원]","천원","7.7","6.6","10.3","9.5","14.4","13.2",
"3규모(상용근로자 100~299인)","D.전기, 가스, 증기 및 공기 조절 공급업(35)","교육훈련비용[천원]","천원","62.5","64.1","39","50.7","54.2","81.1",
"3규모(상용근로자 100~299인)","E.수도, 하수 및 폐기물 처리, 원료 재생업(36~39)","노동비용총액[천원]","천원","5888.5","5406.1","5785.1","5373.2","5494.4","5491.7",
"3규모(상용근로자 100~299인)","E.수도, 하수 및 폐기물 처리, 원료 재생업(36~39)","직접노동비용(계)[천원]","천원","4896.1","4601.3","4722.8","4303.5","4317.6","4398.1",
"3규모(상용근로자 100~299인)","E.수도, 하수 및 폐기물 처리, 원료 재생업(36~39)","정액 및 초과급여[천원]","천원","3995.4","3724.3","4186.3","3946","4036.5","3697.5",
"3규모(상용근로자 100~299인)","E.수도, 하수 및 폐기물 처리, 원료 재생업(36~39)","상여금 및 성과금[천원]","천원","900.7","877","536.5","357.4","281.1","700.6",
"3규모(상용근로자 100~299인)","E.수도, 하수 및 폐기물 처리, 원료 재생업(36~39)","간접노동비용(계)[천원]","천원","992.4","804.8","1062.3","1069.7","1176.8","1093.6",
"3규모(상용근로자 100~299인)","E.수도, 하수 및 폐기물 처리, 원료 재생업(36~39)","퇴직급여 등의 비용[천원]","천원","360.3","210.9","492.3","447.4","497.7","442.6",
"3규모(상용근로자 100~299인)","E.수도, 하수 및 폐기물 처리, 원료 재생업(36~39)","법정노동비용[천원]","천원","438.5","392.3","434","378.5","426.3","445.9",
"3규모(상용근로자 100~299인)","E.수도, 하수 및 폐기물 처리, 원료 재생업(36~39)","법정외 복지비용[천원]","천원","184.6","191.3","127.6","238","247","196.8",
"3규모(상용근로자 100~299인)","E.수도, 하수 및 폐기물 처리, 원료 재생업(36~39)","채용관련비용(모집비)[천원]","천원","1","5.6","3.4","2.1",".3",".1",
"3규모(상용근로자 100~299인)","E.수도, 하수 및 폐기물 처리, 원료 재생업(36~39)","교육훈련비용[천원]","천원","7.9","4.7","5","3.7","5.6","8.1",
"3규모(상용근로자 100~299인)","F.건설업(41~42)","노동비용총액[천원]","천원","6438.5","6395.8","5497.1","5788.3","5451.8","5292.1",
"3규모(상용근로자 100~299인)","F.건설업(41~42)","직접노동비용(계)[천원]","천원","5203","5266","4345","4514.8","4246","4280.4",
"3규모(상용근로자 100~299인)","F.건설업(41~42)","정액 및 초과급여[천원]","천원","4744.3","4788.9","3916.1","4236.2","3970.9","3898",
"3규모(상용근로자 100~299인)","F.건설업(41~42)","상여금 및 성과금[천원]","천원","458.7","477.1","428.9","278.5","275.1","382.4",
"3규모(상용근로자 100~299인)","F.건설업(41~42)","간접노동비용(계)[천원]","천원","1235.4","1129.8","1152.2","1273.5","1205.8","1011.7",
"3규모(상용근로자 100~299인)","F.건설업(41~42)","퇴직급여 등의 비용[천원]","천원","548","483.9","452.4","380.7","398.1","362.6",
"3규모(상용근로자 100~299인)","F.건설업(41~42)","법정노동비용[천원]","천원","536.7","520.2","573","656.5","609.6","481.6",
"3규모(상용근로자 100~299인)","F.건설업(41~42)","법정외 복지비용[천원]","천원","137","112.2","116.7","228.8","193.3","159.9",
"3규모(상용근로자 100~299인)","F.건설업(41~42)","채용관련비용(모집비)[천원]","천원",".7","1.1","5.2","3.2","1.2","1.1",
"3규모(상용근로자 100~299인)","F.건설업(41~42)","교육훈련비용[천원]","천원","13","12.5","4.9","4.3","3.5","6.6",
"3규모(상용근로자 100~299인)","G.도매 및 소매업(45~47)","노동비용총액[천원]","천원","5967.3","5337.8","5330.8","6120.5","5774.8","5631.6",
"3규모(상용근로자 100~299인)","G.도매 및 소매업(45~47)","직접노동비용(계)[천원]","천원","4938.2","4353.8","4351.9","4786.6","4552.3","4644.8",
"3규모(상용근로자 100~299인)","G.도매 및 소매업(45~47)","정액 및 초과급여[천원]","천원","4332.7","3799.2","3847.4","4086.1","3913.6","4063.2",
"3규모(상용근로자 100~299인)","G.도매 및 소매업(45~47)","상여금 및 성과금[천원]","천원","605.5","554.6","504.5","700.5","638.8","581.6",
"3규모(상용근로자 100~299인)","G.도매 및 소매업(45~47)","간접노동비용(계)[천원]","천원","1029.2","984","978.9","1333.9","1222.5","986.8",
"3규모(상용근로자 100~299인)","G.도매 및 소매업(45~47)","퇴직급여 등의 비용[천원]","천원","322.5","394","417.3","646.4","656.7","405.3",
"3규모(상용근로자 100~299인)","G.도매 및 소매업(45~47)","법정노동비용[천원]","천원","467.1","409.6","422.9","418.2","413.8","406.7",
"3규모(상용근로자 100~299인)","G.도매 및 소매업(45~47)","법정외 복지비용[천원]","천원","214.4","144.5","104.6","241.4","133","137.6",
"3규모(상용근로자 100~299인)","G.도매 및 소매업(45~47)","채용관련비용(모집비)[천원]","천원","9.1","16.8","15.5","16.2","11.2","12.3",
"3규모(상용근로자 100~299인)","G.도매 및 소매업(45~47)","교육훈련비용[천원]","천원","16","19.1","18.6","11.8","7.8","24.9",
"3규모(상용근로자 100~299인)","H.운수 및 창고업(49~52)","노동비용총액[천원]","천원","5202.2","4874.5","4732.4","4146.7","3859.6","3462.5",
"3규모(상용근로자 100~299인)","H.운수 및 창고업(49~52)","직접노동비용(계)[천원]","천원","4128.1","3942.7","3799.4","3422.3","3191.2","2848",
"3규모(상용근로자 100~299인)","H.운수 및 창고업(49~52)","정액 및 초과급여[천원]","천원","3720","3627.8","3515.8","3101","2945.4","2485",
"3규모(상용근로자 100~299인)","H.운수 및 창고업(49~52)","상여금 및 성과금[천원]","천원","408.1","314.8","283.6","321.3","245.7","363",
"3규모(상용근로자 100~299인)","H.운수 및 창고업(49~52)","간접노동비용(계)[천원]","천원","1074.1","931.9","933","724.4","668.4","614.6",
"3규모(상용근로자 100~299인)","H.운수 및 창고업(49~52)","퇴직급여 등의 비용[천원]","천원","562","409.3","423.3","316","287.8","259.8",
"3규모(상용근로자 100~299인)","H.운수 및 창고업(49~52)","법정노동비용[천원]","천원","374.2","369.9","359.8","302.3","294.8","243.2",
"3규모(상용근로자 100~299인)","H.운수 및 창고업(49~52)","법정외 복지비용[천원]","천원","131.8","146.9","146.7","102.8","83.1","109.1",
"3규모(상용근로자 100~299인)","H.운수 및 창고업(49~52)","채용관련비용(모집비)[천원]","천원",".4",".3",".1","1.8",".6",".5",
"3규모(상용근로자 100~299인)","H.운수 및 창고업(49~52)","교육훈련비용[천원]","천원","5.7","5.5","3.1","1.5","2.2","2",
"3규모(상용근로자 100~299인)","I.숙박 및 음식점업(55~56)","노동비용총액[천원]","천원","3793.1","3600.7","3238.9","3235.9","3179.5","3513.8",
"3규모(상용근로자 100~299인)","I.숙박 및 음식점업(55~56)","직접노동비용(계)[천원]","천원","3039.6","2902.4","2565.1","2538","2490","2833.9",
"3규모(상용근로자 100~299인)","I.숙박 및 음식점업(55~56)","정액 및 초과급여[천원]","천원","2944.5","2786.3","2494.9","2462.8","2396.7","2686.6",
"3규모(상용근로자 100~299인)","I.숙박 및 음식점업(55~56)","상여금 및 성과금[천원]","천원","95.1","116.1","70.2","75.2","93.3","147.3",
"3규모(상용근로자 100~299인)","I.숙박 및 음식점업(55~56)","간접노동비용(계)[천원]","천원","753.5","698.3","673.8","697.9","689.5","679.9",
"3규모(상용근로자 100~299인)","I.숙박 및 음식점업(55~56)","퇴직급여 등의 비용[천원]","천원","394.6","324.2","323.2","299.5","271.9","242.4",
"3규모(상용근로자 100~299인)","I.숙박 및 음식점업(55~56)","법정노동비용[천원]","천원","292.5","275.6","247.5","257.4","259.7","263.1",
"3규모(상용근로자 100~299인)","I.숙박 및 음식점업(55~56)","법정외 복지비용[천원]","천원","59.5","86.5","91.4","129.9","148.2","160",
"3규모(상용근로자 100~299인)","I.숙박 및 음식점업(55~56)","채용관련비용(모집비)[천원]","천원","4.9","9.3","10.6","1.4","1.3","3.9",
"3규모(상용근로자 100~299인)","I.숙박 및 음식점업(55~56)","교육훈련비용[천원]","천원","1.9","2.8","1","9.7","8.4","10.6",
"3규모(상용근로자 100~299인)","J.정보통신업(58~63)","노동비용총액[천원]","천원","6312.7","6038.8","5765.1","5829.1","5672.7","5359.1",
"3규모(상용근로자 100~299인)","J.정보통신업(58~63)","직접노동비용(계)[천원]","천원","5196.3","4852.5","4820.2","4768.3","4601.6","4333.9",
"3규모(상용근로자 100~299인)","J.정보통신업(58~63)","정액 및 초과급여[천원]","천원","4790.1","4425.7","4399.5","4230.7","4178.8","3975.9",
"3규모(상용근로자 100~299인)","J.정보통신업(58~63)","상여금 및 성과금[천원]","천원","406.2","426.7","420.7","537.6","422.7","358.1",
"3규모(상용근로자 100~299인)","J.정보통신업(58~63)","간접노동비용(계)[천원]","천원","1116.4","1186.3","944.9","1060.8","1071.2","1025.1",
"3규모(상용근로자 100~299인)","J.정보통신업(58~63)","퇴직급여 등의 비용[천원]","천원","419.8","527.5","332.3","443.1","463.4","446.3",
"3규모(상용근로자 100~299인)","J.정보통신업(58~63)","법정노동비용[천원]","천원","480.4","442.1","428.2","419.7","415.9","402.9",
"3규모(상용근로자 100~299인)","J.정보통신업(58~63)","법정외 복지비용[천원]","천원","181","173.5","139","160.7","169.1","149.1",
"3규모(상용근로자 100~299인)","J.정보통신업(58~63)","채용관련비용(모집비)[천원]","천원","11","12.9","21.1","13.6","9.2","6.6",
"3규모(상용근로자 100~299인)","J.정보통신업(58~63)","교육훈련비용[천원]","천원","24.2","30.2","24.3","23.7","13.6","20.2",
"3규모(상용근로자 100~299인)","K.금융 및 보험업(64~66)","노동비용총액[천원]","천원","8558.9","8641.8","8627.5","8465.9","8033.8","8034.8",
"3규모(상용근로자 100~299인)","K.금융 및 보험업(64~66)","직접노동비용(계)[천원]","천원","7011.4","7055.2","6964.6","6938.2","6376.4","6429.1",
"3규모(상용근로자 100~299인)","K.금융 및 보험업(64~66)","정액 및 초과급여[천원]","천원","5670.3","5643.6","5511.7","5457.3","5198.4","5113.8",
"3규모(상용근로자 100~299인)","K.금융 및 보험업(64~66)","상여금 및 성과금[천원]","천원","1341.1","1411.6","1452.9","1480.9","1178","1315.3",
"3규모(상용근로자 100~299인)","K.금융 및 보험업(64~66)","간접노동비용(계)[천원]","천원","1547.5","1586.5","1662.9","1527.8","1657.4","1605.7",
"3규모(상용근로자 100~299인)","K.금융 및 보험업(64~66)","퇴직급여 등의 비용[천원]","천원","642.9","626.4","725.3","688.5","835.9","696",
"3규모(상용근로자 100~299인)","K.금융 및 보험업(64~66)","법정노동비용[천원]","천원","624.8","633.6","588.2","544.5","499.3","477.9",
"3규모(상용근로자 100~299인)","K.금융 및 보험업(64~66)","법정외 복지비용[천원]","천원","230.1","272.8","286.1","250.4","280.4","360.8",
"3규모(상용근로자 100~299인)","K.금융 및 보험업(64~66)","채용관련비용(모집비)[천원]","천원","13.6","19.4","25.7","5.9","4.2","7.7",
"3규모(상용근로자 100~299인)","K.금융 및 보험업(64~66)","교육훈련비용[천원]","천원","36.1","34.4","37.6","38.4","37.7","63.4",
"3규모(상용근로자 100~299인)","L.부동산업(68)","노동비용총액[천원]","천원","4305.5","4155.8","3682.4","2303.6","2175","4514.5",
"3규모(상용근로자 100~299인)","L.부동산업(68)","직접노동비용(계)[천원]","천원","3584.3","3371.8","3094.3","2006","1938.5","3824.3",
"3규모(상용근로자 100~299인)","L.부동산업(68)","정액 및 초과급여[천원]","천원","3548.5","3305.1","3034.9","1990.5","1923.2","3442.4",
"3규모(상용근로자 100~299인)","L.부동산업(68)","상여금 및 성과금[천원]","천원","35.9","66.7","59.4","15.5","15.3","381.8",
"3규모(상용근로자 100~299인)","L.부동산업(68)","간접노동비용(계)[천원]","천원","721.1","784","588.1","297.6","236.4","690.2",
"3규모(상용근로자 100~299인)","L.부동산업(68)","퇴직급여 등의 비용[천원]","천원","390.6","359.7","241.3","129.1","90","370.1",
"3규모(상용근로자 100~299인)","L.부동산업(68)","법정노동비용[천원]","천원","270.5","286.9","268.4","131.8","122.2","293",
"3규모(상용근로자 100~299인)","L.부동산업(68)","법정외 복지비용[천원]","천원","53.8","131.2","72.9","35.7","20.5","22.5",
"3규모(상용근로자 100~299인)","L.부동산업(68)","채용관련비용(모집비)[천원]","천원",".5",".8","1.1",".5",".1",".1",
"3규모(상용근로자 100~299인)","L.부동산업(68)","교육훈련비용[천원]","천원","5.7","5.4","4.4",".5","3.5","4.5",
"3규모(상용근로자 100~299인)","M.전문, 과학 및 기술 서비스업(70~73)","노동비용총액[천원]","천원","5568.2","5404.6","5049.7","5480.3","5092.9","5422.2",
"3규모(상용근로자 100~299인)","M.전문, 과학 및 기술 서비스업(70~73)","직접노동비용(계)[천원]","천원","4584.1","4462.5","4231.2","4463.7","4214","4362.7",
"3규모(상용근로자 100~299인)","M.전문, 과학 및 기술 서비스업(70~73)","정액 및 초과급여[천원]","천원","4476.3","4318.5","4046.6","3880.8","3747.2","3873.4",
"3규모(상용근로자 100~299인)","M.전문, 과학 및 기술 서비스업(70~73)","상여금 및 성과금[천원]","천원","107.8","144","184.6","582.9","466.8","489.4",
"3규모(상용근로자 100~299인)","M.전문, 과학 및 기술 서비스업(70~73)","간접노동비용(계)[천원]","천원","984.1","942.1","818.5","1016.6","878.9","1059.5",
"3규모(상용근로자 100~299인)","M.전문, 과학 및 기술 서비스업(70~73)","퇴직급여 등의 비용[천원]","천원","398.2","368.8","320.6","411.7","336.9","475.5",
"3규모(상용근로자 100~299인)","M.전문, 과학 및 기술 서비스업(70~73)","법정노동비용[천원]","천원","429.6","406.7","379.2","385.3","376.8","377.1",
"3규모(상용근로자 100~299인)","M.전문, 과학 및 기술 서비스업(70~73)","법정외 복지비용[천원]","천원","144","152.4","109.6","196.3","145.7","175.2",
"3규모(상용근로자 100~299인)","M.전문, 과학 및 기술 서비스업(70~73)","채용관련비용(모집비)[천원]","천원","3.2","3.8","3.2","4.6","4.1","6.8",
"3규모(상용근로자 100~299인)","M.전문, 과학 및 기술 서비스업(70~73)","교육훈련비용[천원]","천원","9.1","10.4","5.9","18.6","15.4","25",
"3규모(상용근로자 100~299인)","N.사업시설 관리, 사업 지원 및 임대 서비스업(74~76)","노동비용총액[천원]","천원","3492.4","3094.9","2841.6","3009.4","3070.3","2743.2",
"3규모(상용근로자 100~299인)","N.사업시설 관리, 사업 지원 및 임대 서비스업(74~76)","직접노동비용(계)[천원]","천원","2852.1","2612.5","2384.4","2502.8","2498.3","2330.5",
"3규모(상용근로자 100~299인)","N.사업시설 관리, 사업 지원 및 임대 서비스업(74~76)","정액 및 초과급여[천원]","천원","2742.8","2513.8","2295.9","2368.4","2391.4","2186.2",
"3규모(상용근로자 100~299인)","N.사업시설 관리, 사업 지원 및 임대 서비스업(74~76)","상여금 및 성과금[천원]","천원","109.3","98.7","88.5","134.4","106.9","144.2",
"3규모(상용근로자 100~299인)","N.사업시설 관리, 사업 지원 및 임대 서비스업(74~76)","간접노동비용(계)[천원]","천원","640.3","482.4","457.2","506.6","571.9","412.8",
"3규모(상용근로자 100~299인)","N.사업시설 관리, 사업 지원 및 임대 서비스업(74~76)","퇴직급여 등의 비용[천원]","천원","319.3","209","211.7","225.6","274.2","181.8",
"3규모(상용근로자 100~299인)","N.사업시설 관리, 사업 지원 및 임대 서비스업(74~76)","법정노동비용[천원]","천원","244.7","211.8","198.1","222.4","221.2","184.6",
"3규모(상용근로자 100~299인)","N.사업시설 관리, 사업 지원 및 임대 서비스업(74~76)","법정외 복지비용[천원]","천원","69.9","55.9","41.1","53.8","73.3","40.9",
"3규모(상용근로자 100~299인)","N.사업시설 관리, 사업 지원 및 임대 서비스업(74~76)","채용관련비용(모집비)[천원]","천원","4.2","3.5","3.6","3.8",".8","3.4",
"3규모(상용근로자 100~299인)","N.사업시설 관리, 사업 지원 및 임대 서비스업(74~76)","교육훈련비용[천원]","천원","2.2","2.2","2.7","1","2.4","2.1",
"3규모(상용근로자 100~299인)","R.예술, 스포츠 및 여가관련 서비스업(90~91)","노동비용총액[천원]","천원","5478.1","5162","4821.3","4691.3","4009.3","4717.2",
"3규모(상용근로자 100~299인)","R.예술, 스포츠 및 여가관련 서비스업(90~91)","직접노동비용(계)[천원]","천원","4245.1","4057.5","3947","3561","3145.1","3904.4",
"3규모(상용근로자 100~299인)","R.예술, 스포츠 및 여가관련 서비스업(90~91)","정액 및 초과급여[천원]","천원","3933.3","3807.4","3557.6","3339.1","2989.5","3603.2",
"3규모(상용근로자 100~299인)","R.예술, 스포츠 및 여가관련 서비스업(90~91)","상여금 및 성과금[천원]","천원","311.8","250.1","389.4","222","155.6","301.2",
"3규모(상용근로자 100~299인)","R.예술, 스포츠 및 여가관련 서비스업(90~91)","간접노동비용(계)[천원]","천원","1233.1","1104.4","874.3","1130.3","864.2","812.8",
"3규모(상용근로자 100~299인)","R.예술, 스포츠 및 여가관련 서비스업(90~91)","퇴직급여 등의 비용[천원]","천원","478.8","420.9","301.5","545.9","307.1","310.6",
"3규모(상용근로자 100~299인)","R.예술, 스포츠 및 여가관련 서비스업(90~91)","법정노동비용[천원]","천원","412.1","397.5","349","335.7","310.9","312.7",
"3규모(상용근로자 100~299인)","R.예술, 스포츠 및 여가관련 서비스업(90~91)","법정외 복지비용[천원]","천원","317.2","269.1","212.6","238","237.3","182.3",
"3규모(상용근로자 100~299인)","R.예술, 스포츠 및 여가관련 서비스업(90~91)","채용관련비용(모집비)[천원]","천원","8","7.3","7.7","4.1","5.3","2.9",
"3규모(상용근로자 100~299인)","R.예술, 스포츠 및 여가관련 서비스업(90~91)","교육훈련비용[천원]","천원","16.9","9.6","3.4","6.6","3.6","4.2",
"3규모(상용근로자 100~299인)","S.협회 및 단체, 수리 및 기타 개인 서비스업(94~96)","노동비용총액[천원]","천원","4905.8","4448.3","4147","4247.4","3980.9","3110.6",
"3규모(상용근로자 100~299인)","S.협회 및 단체, 수리 및 기타 개인 서비스업(94~96)","직접노동비용(계)[천원]","천원","4094.5","3673.1","3271.2","3530.3","3324.6","2659.1",
"3규모(상용근로자 100~299인)","S.협회 및 단체, 수리 및 기타 개인 서비스업(94~96)","정액 및 초과급여[천원]","천원","3613","3380.4","3143.2","3150.3","2933.9","2389.2",
"3규모(상용근로자 100~299인)","S.협회 및 단체, 수리 및 기타 개인 서비스업(94~96)","상여금 및 성과금[천원]","천원","481.4","292.7","127.9","380","390.7","269.9",
"3규모(상용근로자 100~299인)","S.협회 및 단체, 수리 및 기타 개인 서비스업(94~96)","간접노동비용(계)[천원]","천원","811.3","775.2","875.9","717.1","656.4","451.5",
"3규모(상용근로자 100~299인)","S.협회 및 단체, 수리 및 기타 개인 서비스업(94~96)","퇴직급여 등의 비용[천원]","천원","318","315.8","439.7","268","304","196.7",
"3규모(상용근로자 100~299인)","S.협회 및 단체, 수리 및 기타 개인 서비스업(94~96)","법정노동비용[천원]","천원","396.4","352.6","319.4","332.5","273.7","200.5",
"3규모(상용근로자 100~299인)","S.협회 및 단체, 수리 및 기타 개인 서비스업(94~96)","법정외 복지비용[천원]","천원","83.7","94.3","103.3","86.4","69.4","45.1",
"3규모(상용근로자 100~299인)","S.협회 및 단체, 수리 및 기타 개인 서비스업(94~96)","채용관련비용(모집비)[천원]","천원","4.1","4.4","7.5","7.6","8.5","8",
"3규모(상용근로자 100~299인)","S.협회 및 단체, 수리 및 기타 개인 서비스업(94~96)","교육훈련비용[천원]","천원","9.2","8","6","22.6",".9","1.1",
"4규모(상용근로자 300~499인)","전체","노동비용총액[천원]","천원","5810.2","5757.9","5824.9","5716.2","5069","4868.3",
"4규모(상용근로자 300~499인)","전체","직접노동비용(계)[천원]","천원","4620.2","4605.1","4586.4","4562.8","4052.5","3960.8",
"4규모(상용근로자 300~499인)","전체","정액 및 초과급여[천원]","천원","4023.5","3970.5","3878.3","3786.5","3423.9","3383.6",
"4규모(상용근로자 300~499인)","전체","상여금 및 성과금[천원]","천원","596.7","634.7","708.2","776.2","628.5","577.2",
"4규모(상용근로자 300~499인)","전체","간접노동비용(계)[천원]","천원","1190","1152.8","1238.5","1153.4","1016.5","907.5",
"4규모(상용근로자 300~499인)","전체","퇴직급여 등의 비용[천원]","천원","505.4","455.6","563","505","444.3","390.2",
"4규모(상용근로자 300~499인)","전체","법정노동비용[천원]","천원","436","435.9","428","430.2","401.4","353.7",
"4규모(상용근로자 300~499인)","전체","법정외 복지비용[천원]","천원","228.2","241.7","228.9","193.6","156.9","143.7",
"4규모(상용근로자 300~499인)","전체","채용관련비용(모집비)[천원]","천원","7.6","5.7","6.4","8.3","3.9","5.1",
"4규모(상용근로자 300~499인)","전체","교육훈련비용[천원]","천원","12.8","13.9","12.1","16.4","10","14.7",
"4규모(상용근로자 300~499인)","B.광업(05~08)","노동비용총액[천원]","천원","-","-","-","-","-","-",
"4규모(상용근로자 300~499인)","B.광업(05~08)","직접노동비용(계)[천원]","천원","-","-","-","-","-","-",
"4규모(상용근로자 300~499인)","B.광업(05~08)","정액 및 초과급여[천원]","천원","-","-","-","-","-","-",
"4규모(상용근로자 300~499인)","B.광업(05~08)","상여금 및 성과금[천원]","천원","-","-","-","-","-","-",
"4규모(상용근로자 300~499인)","B.광업(05~08)","간접노동비용(계)[천원]","천원","-","-","-","-","-","-",
"4규모(상용근로자 300~499인)","B.광업(05~08)","퇴직급여 등의 비용[천원]","천원","-","-","-","-","-","-",
"4규모(상용근로자 300~499인)","B.광업(05~08)","법정노동비용[천원]","천원","-","-","-","-","-","-",
"4규모(상용근로자 300~499인)","B.광업(05~08)","법정외 복지비용[천원]","천원","-","-","-","-","-","-",
"4규모(상용근로자 300~499인)","B.광업(05~08)","채용관련비용(모집비)[천원]","천원","-","-","-","-","-","-",
"4규모(상용근로자 300~499인)","B.광업(05~08)","교육훈련비용[천원]","천원","-","-","-","-","-","-",
"4규모(상용근로자 300~499인)","C.제조업(10~34)","노동비용총액[천원]","천원","6425.6","6201.3","6304.9","5997.2","5399.2","5478.1",
"4규모(상용근로자 300~499인)","C.제조업(10~34)","직접노동비용(계)[천원]","천원","5044.7","4943.5","4926.8","4700.9","4263.9","4427.2",
"4규모(상용근로자 300~499인)","C.제조업(10~34)","정액 및 초과급여[천원]","천원","4281.1","4190.9","4091.8","3929","3647.3","3699.7",
"4규모(상용근로자 300~499인)","C.제조업(10~34)","상여금 및 성과금[천원]","천원","763.7","752.6","835","771.9","616.6","727.5",
"4규모(상용근로자 300~499인)","C.제조업(10~34)","간접노동비용(계)[천원]","천원","1380.8","1257.8","1378","1296.3","1135.3","1050.9",
"4규모(상용근로자 300~499인)","C.제조업(10~34)","퇴직급여 등의 비용[천원]","천원","569.4","471","633.2","587.1","455.2","445",
"4규모(상용근로자 300~499인)","C.제조업(10~34)","법정노동비용[천원]","천원","502.6","483.8","465.3","457.7","437.3","411.9",
"4규모(상용근로자 300~499인)","C.제조업(10~34)","법정외 복지비용[천원]","천원","289.5","284.2","265","228.2","228.8","175.9",
"4규모(상용근로자 300~499인)","C.제조업(10~34)","채용관련비용(모집비)[천원]","천원","6.1","6.3","5.6","9.3","5","6.2",
"4규모(상용근로자 300~499인)","C.제조업(10~34)","교육훈련비용[천원]","천원","13.2","12.5","9","14.1","9","11.9",
"4규모(상용근로자 300~499인)","D.전기, 가스, 증기 및 공기 조절 공급업(35)","노동비용총액[천원]","천원","10001.6","10296.4","10231.5","10330","10234.9","9830.6",
"4규모(상용근로자 300~499인)","D.전기, 가스, 증기 및 공기 조절 공급업(35)","직접노동비용(계)[천원]","천원","7943.4","7960.7","7195.9","7800.9","7679.2","7681.1",
"4규모(상용근로자 300~499인)","D.전기, 가스, 증기 및 공기 조절 공급업(35)","정액 및 초과급여[천원]","천원","5017.6","5015","4405.9","4972.3","4769.6","5167",
"4규모(상용근로자 300~499인)","D.전기, 가스, 증기 및 공기 조절 공급업(35)","상여금 및 성과금[천원]","천원","2925.8","2945.7","2790.1","2828.6","2909.6","2514.1",
"4규모(상용근로자 300~499인)","D.전기, 가스, 증기 및 공기 조절 공급업(35)","간접노동비용(계)[천원]","천원","2058.1","2335.7","3035.6","2529","2555.7","2149.5",
"4규모(상용근로자 300~499인)","D.전기, 가스, 증기 및 공기 조절 공급업(35)","퇴직급여 등의 비용[천원]","천원","496.1","775.7","1456.8","837.8","980.7","755.8",
"4규모(상용근로자 300~499인)","D.전기, 가스, 증기 및 공기 조절 공급업(35)","법정노동비용[천원]","천원","805.8","766.6","726.6","692.2","731.2","658",
"4규모(상용근로자 300~499인)","D.전기, 가스, 증기 및 공기 조절 공급업(35)","법정외 복지비용[천원]","천원","684.1","709.6","767.5","813.5","651.7","556.4",
"4규모(상용근로자 300~499인)","D.전기, 가스, 증기 및 공기 조절 공급업(35)","채용관련비용(모집비)[천원]","천원","12.6","10.6","11","35.7","14.9","15.5",
"4규모(상용근로자 300~499인)","D.전기, 가스, 증기 및 공기 조절 공급업(35)","교육훈련비용[천원]","천원","59.6","73.2","73.6","149.9","177.2","163.7",
"4규모(상용근로자 300~499인)","E.수도, 하수 및 폐기물 처리, 원료 재생업(36~39)","노동비용총액[천원]","천원","-","-","-","4026","-","-",
"4규모(상용근로자 300~499인)","E.수도, 하수 및 폐기물 처리, 원료 재생업(36~39)","직접노동비용(계)[천원]","천원","-","-","-","3269.5","-","-",
"4규모(상용근로자 300~499인)","E.수도, 하수 및 폐기물 처리, 원료 재생업(36~39)","정액 및 초과급여[천원]","천원","-","-","-","2831.9","-","-",
"4규모(상용근로자 300~499인)","E.수도, 하수 및 폐기물 처리, 원료 재생업(36~39)","상여금 및 성과금[천원]","천원","-","-","-","437.6","-","-",
"4규모(상용근로자 300~499인)","E.수도, 하수 및 폐기물 처리, 원료 재생업(36~39)","간접노동비용(계)[천원]","천원","-","-","-","756.5","-","-",
"4규모(상용근로자 300~499인)","E.수도, 하수 및 폐기물 처리, 원료 재생업(36~39)","퇴직급여 등의 비용[천원]","천원","-","-","-","263.7","-","-",
"4규모(상용근로자 300~499인)","E.수도, 하수 및 폐기물 처리, 원료 재생업(36~39)","법정노동비용[천원]","천원","-","-","-","320.7","-","-",
"4규모(상용근로자 300~499인)","E.수도, 하수 및 폐기물 처리, 원료 재생업(36~39)","법정외 복지비용[천원]","천원","-","-","-","157","-","-",
"4규모(상용근로자 300~499인)","E.수도, 하수 및 폐기물 처리, 원료 재생업(36~39)","채용관련비용(모집비)[천원]","천원","-","-","-",".6","-","-",
"4규모(상용근로자 300~499인)","E.수도, 하수 및 폐기물 처리, 원료 재생업(36~39)","교육훈련비용[천원]","천원","-","-","-","14.5","-","-",
"4규모(상용근로자 300~499인)","F.건설업(41~42)","노동비용총액[천원]","천원","6885","6536.5","7439.5","6977.4","6208.7","6052.3",
"4규모(상용근로자 300~499인)","F.건설업(41~42)","직접노동비용(계)[천원]","천원","4985.2","5069.2","6401","5501.7","4957.4","4721.4",
"4규모(상용근로자 300~499인)","F.건설업(41~42)","정액 및 초과급여[천원]","천원","4946.5","5066.2","5974.4","5040.1","4538.1","4266.8",
"4규모(상용근로자 300~499인)","F.건설업(41~42)","상여금 및 성과금[천원]","천원","38.8","3.1","426.7","461.6","419.3","454.5",
"4규모(상용근로자 300~499인)","F.건설업(41~42)","간접노동비용(계)[천원]","천원","1899.8","1467.3","1038.5","1475.7","1251.4","1330.9",
"4규모(상용근로자 300~499인)","F.건설업(41~42)","퇴직급여 등의 비용[천원]","천원","1081.9","630.8","498.4","453.4","523.3","559.8",
"4규모(상용근로자 300~499인)","F.건설업(41~42)","법정노동비용[천원]","천원","465.6","486.1","471.1","836","618.3","554.6",
"4규모(상용근로자 300~499인)","F.건설업(41~42)","법정외 복지비용[천원]","천원","340.6","337.5","68.9","181","103.2","208.6",
"4규모(상용근로자 300~499인)","F.건설업(41~42)","채용관련비용(모집비)[천원]","천원","1.8",".6","0","1.1","1","2.5",
"4규모(상용근로자 300~499인)","F.건설업(41~42)","교육훈련비용[천원]","천원","9.8","12.3","0","4.1","5.7","5.3",
"4규모(상용근로자 300~499인)","G.도매 및 소매업(45~47)","노동비용총액[천원]","천원","6412.2","7777.7","6811.1","7057.7","6720","5407.3",
"4규모(상용근로자 300~499인)","G.도매 및 소매업(45~47)","직접노동비용(계)[천원]","천원","5320.8","6053.5","5322.9","5536.3","5070.5","4332.4",
"4규모(상용근로자 300~499인)","G.도매 및 소매업(45~47)","정액 및 초과급여[천원]","천원","4493.7","5021.6","4472","4244.5","3888.2","3669",
"4규모(상용근로자 300~499인)","G.도매 및 소매업(45~47)","상여금 및 성과금[천원]","천원","827.1","1032","850.9","1291.9","1182.3","663.4",
"4규모(상용근로자 300~499인)","G.도매 및 소매업(45~47)","간접노동비용(계)[천원]","천원","1091.4","1724.2","1488.2","1521.3","1649.5","1074.9",
"4규모(상용근로자 300~499인)","G.도매 및 소매업(45~47)","퇴직급여 등의 비용[천원]","천원","385.9","696.1","610.2","853.8","1004.5","498.9",
"4규모(상용근로자 300~499인)","G.도매 및 소매업(45~47)","법정노동비용[천원]","천원","523.8","581.8","515.7","509.4","478.3","402.9",
"4규모(상용근로자 300~499인)","G.도매 및 소매업(45~47)","법정외 복지비용[천원]","천원","145.6","417.7","335.2","117.6","136.5","123.2",
"4규모(상용근로자 300~499인)","G.도매 및 소매업(45~47)","채용관련비용(모집비)[천원]","천원","28.7","8.6","10.6","20.7","4.2","12.5",
"4규모(상용근로자 300~499인)","G.도매 및 소매업(45~47)","교육훈련비용[천원]","천원","7.3","19.9","16.6","19.8","25.9","37.4",
"4규모(상용근로자 300~499인)","H.운수 및 창고업(49~52)","노동비용총액[천원]","천원","5937","5816.9","5897.5","6010.6","5059.5","5031.1",
"4규모(상용근로자 300~499인)","H.운수 및 창고업(49~52)","직접노동비용(계)[천원]","천원","4978.1","4778.5","4858.2","5021.6","4287.8","4038.7",
"4규모(상용근로자 300~499인)","H.운수 및 창고업(49~52)","정액 및 초과급여[천원]","천원","4293.2","3884.8","3991","3961.5","3556","3360",
"4규모(상용근로자 300~499인)","H.운수 및 창고업(49~52)","상여금 및 성과금[천원]","천원","684.9","893.7","867.2","1060.2","731.8","678.7",
"4규모(상용근로자 300~499인)","H.운수 및 창고업(49~52)","간접노동비용(계)[천원]","천원","958.9","1038.4","1039.2","989","771.7","992.4",
"4규모(상용근로자 300~499인)","H.운수 및 창고업(49~52)","퇴직급여 등의 비용[천원]","천원","335.6","430.2","455.4","358","221.2","433.6",
"4규모(상용근로자 300~499인)","H.운수 및 창고업(49~52)","법정노동비용[천원]","천원","452","458.8","444.8","471.5","415.5","385.7",
"4규모(상용근로자 300~499인)","H.운수 및 창고업(49~52)","법정외 복지비용[천원]","천원","167.4","137.9","129.8","154.8","134.1","166.3",
"4규모(상용근로자 300~499인)","H.운수 및 창고업(49~52)","채용관련비용(모집비)[천원]","천원","1",".9","3",".8",".1",".2",
"4규모(상용근로자 300~499인)","H.운수 및 창고업(49~52)","교육훈련비용[천원]","천원","2.9","10.5","6.1","4",".8","6.6",
"4규모(상용근로자 300~499인)","I.숙박 및 음식점업(55~56)","노동비용총액[천원]","천원","3996.5","4879.2","4202.5","3828.1","3973.4","3730.3",
"4규모(상용근로자 300~499인)","I.숙박 및 음식점업(55~56)","직접노동비용(계)[천원]","천원","3106.4","3838.9","3327.4","3005.8","3082.1","3058.8",
"4규모(상용근로자 300~499인)","I.숙박 및 음식점업(55~56)","정액 및 초과급여[천원]","천원","2821.5","2955.3","2967.7","2774.1","2826","2741.2",
"4규모(상용근로자 300~499인)","I.숙박 및 음식점업(55~56)","상여금 및 성과금[천원]","천원","284.9","883.6","359.7","231.7","256.1","317.5",
"4규모(상용근로자 300~499인)","I.숙박 및 음식점업(55~56)","간접노동비용(계)[천원]","천원","890.2","1040.3","875.1","822.3","891.2","671.5",
"4규모(상용근로자 300~499인)","I.숙박 및 음식점업(55~56)","퇴직급여 등의 비용[천원]","천원","411.9","330.2","417.1","288.2","359.2","197.4",
"4규모(상용근로자 300~499인)","I.숙박 및 음식점업(55~56)","법정노동비용[천원]","천원","315.6","398.3","291.1","300.4","313.4","290.2",
"4규모(상용근로자 300~499인)","I.숙박 및 음식점업(55~56)","법정외 복지비용[천원]","천원","141.3","305.8","155.2","221.9","209.7","172.7",
"4규모(상용근로자 300~499인)","I.숙박 및 음식점업(55~56)","채용관련비용(모집비)[천원]","천원","9.5",".4","7.9","2.3",".8","1.5",
"4규모(상용근로자 300~499인)","I.숙박 및 음식점업(55~56)","교육훈련비용[천원]","천원","11.9","5.5","3.8","9.5","8","9.7",
"4규모(상용근로자 300~499인)","J.정보통신업(58~63)","노동비용총액[천원]","천원","6767.7","7105.3","7020.4","6142","5816.1","5613.8",
"4규모(상용근로자 300~499인)","J.정보통신업(58~63)","직접노동비용(계)[천원]","천원","5193","5638.7","5411.1","4674.9","4539.3","4507.1",
"4규모(상용근로자 300~499인)","J.정보통신업(58~63)","정액 및 초과급여[천원]","천원","4763.6","5080.5","4678","3968.1","3785.6","4122",
"4규모(상용근로자 300~499인)","J.정보통신업(58~63)","상여금 및 성과금[천원]","천원","429.4","558.3","733.1","706.8","753.7","385.1",
"4규모(상용근로자 300~499인)","J.정보통신업(58~63)","간접노동비용(계)[천원]","천원","1574.7","1466.6","1609.3","1467.1","1276.8","1106.7",
"4규모(상용근로자 300~499인)","J.정보통신업(58~63)","퇴직급여 등의 비용[천원]","천원","750.6","608.9","710.5","708.4","571.8","461.5",
"4규모(상용근로자 300~499인)","J.정보통신업(58~63)","법정노동비용[천원]","천원","517","531.6","518.2","450.5","491.5","385.2",
"4규모(상용근로자 300~499인)","J.정보통신업(58~63)","법정외 복지비용[천원]","천원","280.4","287.3","339.7","288","202.2","235.1",
"4규모(상용근로자 300~499인)","J.정보통신업(58~63)","채용관련비용(모집비)[천원]","천원","9.9","13.7","13.4","9.3","3.7","4.6",
"4규모(상용근로자 300~499인)","J.정보통신업(58~63)","교육훈련비용[천원]","천원","16.8","25.1","27.6","10.8","7.6","20.4",
"4규모(상용근로자 300~499인)","K.금융 및 보험업(64~66)","노동비용총액[천원]","천원","9865.4","9817.4","10298.8","10167.6","8863.9","7844.1",
"4규모(상용근로자 300~499인)","K.금융 및 보험업(64~66)","직접노동비용(계)[천원]","천원","7778.4","7642.5","7950.3","8468.9","7349.3","6295.5",
"4규모(상용근로자 300~499인)","K.금융 및 보험업(64~66)","정액 및 초과급여[천원]","천원","5947.8","5748.1","5874.6","6308.1","5086.5","4646.8",
"4규모(상용근로자 300~499인)","K.금융 및 보험업(64~66)","상여금 및 성과금[천원]","천원","1830.6","1894.3","2075.7","2160.8","2262.9","1648.7",
"4규모(상용근로자 300~499인)","K.금융 및 보험업(64~66)","간접노동비용(계)[천원]","천원","2087","2174.9","2348.5","1698.7","1514.6","1548.6",
"4규모(상용근로자 300~499인)","K.금융 및 보험업(64~66)","퇴직급여 등의 비용[천원]","천원","812.8","884.5","1169.2","682","619.7","658.3",
"4규모(상용근로자 300~499인)","K.금융 및 보험업(64~66)","법정노동비용[천원]","천원","688","711.9","707.7","658.3","589.9","549.6",
"4규모(상용근로자 300~499인)","K.금융 및 보험업(64~66)","법정외 복지비용[천원]","천원","500.5","502.6","397.2","306.5","272.3","272.3",
"4규모(상용근로자 300~499인)","K.금융 및 보험업(64~66)","채용관련비용(모집비)[천원]","천원","19","16.5","24.1","11.3","7","14.6",
"4규모(상용근로자 300~499인)","K.금융 및 보험업(64~66)","교육훈련비용[천원]","천원","66.8","59.5","50.3","40.6","25.6","53.8",
"4규모(상용근로자 300~499인)","L.부동산업(68)","노동비용총액[천원]","천원","5106.5","2765.3","4072.8","6148.2","6744.2","4389.2",
"4규모(상용근로자 300~499인)","L.부동산업(68)","직접노동비용(계)[천원]","천원","4387.1","2437.5","3042.2","4995.5","5555.5","3722.9",
"4규모(상용근로자 300~499인)","L.부동산업(68)","정액 및 초과급여[천원]","천원","3699.8","2355.7","2570.6","3681.4","3588.2","2790.3",
"4규모(상용근로자 300~499인)","L.부동산업(68)","상여금 및 성과금[천원]","천원","687.3","81.8","471.6","1314.2","1967.3","932.6",
"4규모(상용근로자 300~499인)","L.부동산업(68)","간접노동비용(계)[천원]","천원","719.5","327.8","1030.6","1152.7","1188.7","666.3",
"4규모(상용근로자 300~499인)","L.부동산업(68)","퇴직급여 등의 비용[천원]","천원","310.5","139.9","551.8","312.2","543.7","306.1",
"4규모(상용근로자 300~499인)","L.부동산업(68)","법정노동비용[천원]","천원","230","167.9","263.4","451.2","496.9","293.5",
"4규모(상용근로자 300~499인)","L.부동산업(68)","법정외 복지비용[천원]","천원","169.6","17.3","203.5","328.2","131.6","60.6",
"4규모(상용근로자 300~499인)","L.부동산업(68)","채용관련비용(모집비)[천원]","천원",".3",".2","1.5","10.4",".3","0",
"4규모(상용근로자 300~499인)","L.부동산업(68)","교육훈련비용[천원]","천원","9","2.5","10.4","50.7","16.3","6",
"4규모(상용근로자 300~499인)","M.전문, 과학 및 기술 서비스업(70~73)","노동비용총액[천원]","천원","5521.5","5322","5374.5","6098.3","5313.8","6161.4",
"4규모(상용근로자 300~499인)","M.전문, 과학 및 기술 서비스업(70~73)","직접노동비용(계)[천원]","천원","4361.6","4359.8","4401.4","5016.4","4413.3","4989.8",
"4규모(상용근로자 300~499인)","M.전문, 과학 및 기술 서비스업(70~73)","정액 및 초과급여[천원]","천원","4121.4","4112.3","4076.2","4574.8","4126.6","4344.1",
"4규모(상용근로자 300~499인)","M.전문, 과학 및 기술 서비스업(70~73)","상여금 및 성과금[천원]","천원","240.2","247.5","325.2","441.6","286.7","645.7",
"4규모(상용근로자 300~499인)","M.전문, 과학 및 기술 서비스업(70~73)","간접노동비용(계)[천원]","천원","1159.8","962.2","973.1","1081.9","900.5","1171.6",
"4규모(상용근로자 300~499인)","M.전문, 과학 및 기술 서비스업(70~73)","퇴직급여 등의 비용[천원]","천원","554","398.1","417.1","522.6","351.9","602.9",
"4규모(상용근로자 300~499인)","M.전문, 과학 및 기술 서비스업(70~73)","법정노동비용[천원]","천원","373.3","394.1","430.4","405.9","380.7","390.6",
"4규모(상용근로자 300~499인)","M.전문, 과학 및 기술 서비스업(70~73)","법정외 복지비용[천원]","천원","209","156.9","106","124.1","145.1","124.3",
"4규모(상용근로자 300~499인)","M.전문, 과학 및 기술 서비스업(70~73)","채용관련비용(모집비)[천원]","천원","6.4","5.2","5.8","5.6","3.1","6.8",
"4규모(상용근로자 300~499인)","M.전문, 과학 및 기술 서비스업(70~73)","교육훈련비용[천원]","천원","17.1","7.8","13.8","23.7","19.7","47",
"4규모(상용근로자 300~499인)","N.사업시설 관리, 사업 지원 및 임대 서비스업(74~76)","노동비용총액[천원]","천원","3017.4","2924.6","3043.2","2785","2816.3","2524.4",
"4규모(상용근로자 300~499인)","N.사업시설 관리, 사업 지원 및 임대 서비스업(74~76)","직접노동비용(계)[천원]","천원","2493.8","2454.5","2507.1","2368.2","2315.5","2202",
"4규모(상용근로자 300~499인)","N.사업시설 관리, 사업 지원 및 임대 서비스업(74~76)","정액 및 초과급여[천원]","천원","2390.6","2334.5","2351","2281.7","2257.7","2119",
"4규모(상용근로자 300~499인)","N.사업시설 관리, 사업 지원 및 임대 서비스업(74~76)","상여금 및 성과금[천원]","천원","103.2","120","156.1","86.6","57.9","82.9",
"4규모(상용근로자 300~499인)","N.사업시설 관리, 사업 지원 및 임대 서비스업(74~76)","간접노동비용(계)[천원]","천원","523.6","470.1","536.2","416.7","500.8","322.4",
"4규모(상용근로자 300~499인)","N.사업시설 관리, 사업 지원 및 임대 서비스업(74~76)","퇴직급여 등의 비용[천원]","천원","231.4","189.3","228.4","184.2","247.5","139.2",
"4규모(상용근로자 300~499인)","N.사업시설 관리, 사업 지원 및 임대 서비스업(74~76)","법정노동비용[천원]","천원","219.7","215.1","223.1","192.6","223.3","155.1",
"4규모(상용근로자 300~499인)","N.사업시설 관리, 사업 지원 및 임대 서비스업(74~76)","법정외 복지비용[천원]","천원","66.9","62","80.1","35.9","24.3","24.7",
"4규모(상용근로자 300~499인)","N.사업시설 관리, 사업 지원 및 임대 서비스업(74~76)","채용관련비용(모집비)[천원]","천원","1.4","1.2","1.7","2.4","4.1","2.6",
"4규모(상용근로자 300~499인)","N.사업시설 관리, 사업 지원 및 임대 서비스업(74~76)","교육훈련비용[천원]","천원","4.1","2.6","2.9","1.6","1.6",".8",
"4규모(상용근로자 300~499인)","R.예술, 스포츠 및 여가관련 서비스업(90~91)","노동비용총액[천원]","천원","5230.5","6578.1","5523.3","-","4379.3","3182.2",
"4규모(상용근로자 300~499인)","R.예술, 스포츠 및 여가관련 서비스업(90~91)","직접노동비용(계)[천원]","천원","4088.6","3965.7","3454.7","-","3540.5","2828.7",
"4규모(상용근로자 300~499인)","R.예술, 스포츠 및 여가관련 서비스업(90~91)","정액 및 초과급여[천원]","천원","4088.6","3965.7","3442.7","-","3540.5","2606.6",
"4규모(상용근로자 300~499인)","R.예술, 스포츠 및 여가관련 서비스업(90~91)","상여금 및 성과금[천원]","천원","0","0","11.9","-","0","222.2",
"4규모(상용근로자 300~499인)","R.예술, 스포츠 및 여가관련 서비스업(90~91)","간접노동비용(계)[천원]","천원","1141.9","2612.4","2068.7","-","838.8","353.4",
"4규모(상용근로자 300~499인)","R.예술, 스포츠 및 여가관련 서비스업(90~91)","퇴직급여 등의 비용[천원]","천원","372.4","1791.6","1392.8","-","503","140.6",
"4규모(상용근로자 300~499인)","R.예술, 스포츠 및 여가관련 서비스업(90~91)","법정노동비용[천원]","천원","253.3","366.4","309.7","-","335.8","198",
"4규모(상용근로자 300~499인)","R.예술, 스포츠 및 여가관련 서비스업(90~91)","법정외 복지비용[천원]","천원","509.5","441.4","355.7","-","0","9.3",
"4규모(상용근로자 300~499인)","R.예술, 스포츠 및 여가관련 서비스업(90~91)","채용관련비용(모집비)[천원]","천원","5.6","5.7","4.2","-","0","2.8",
"4규모(상용근로자 300~499인)","R.예술, 스포츠 및 여가관련 서비스업(90~91)","교육훈련비용[천원]","천원","1","7.3","6.2","-","0","2.7",
"4규모(상용근로자 300~499인)","S.협회 및 단체, 수리 및 기타 개인 서비스업(94~96)","노동비용총액[천원]","천원","8068","6019.7","4493.9","4269.8","4223.4","4410.5",
"4규모(상용근로자 300~499인)","S.협회 및 단체, 수리 및 기타 개인 서비스업(94~96)","직접노동비용(계)[천원]","천원","5530","5121.3","3650.8","3582.5","3565.1","3423.3",
"4규모(상용근로자 300~499인)","S.협회 및 단체, 수리 및 기타 개인 서비스업(94~96)","정액 및 초과급여[천원]","천원","4762.9","4491.2","3316.6","3251.6","3272.8","3092.3",
"4규모(상용근로자 300~499인)","S.협회 및 단체, 수리 및 기타 개인 서비스업(94~96)","상여금 및 성과금[천원]","천원","767","630.1","334.2","330.9","292.3","331",
"4규모(상용근로자 300~499인)","S.협회 및 단체, 수리 및 기타 개인 서비스업(94~96)","간접노동비용(계)[천원]","천원","2538.1","898.4","843.1","687.3","658.3","987.2",
"4규모(상용근로자 300~499인)","S.협회 및 단체, 수리 및 기타 개인 서비스업(94~96)","퇴직급여 등의 비용[천원]","천원","1832.2","241.1","312.2","192","166.2","455.1",
"4규모(상용근로자 300~499인)","S.협회 및 단체, 수리 및 기타 개인 서비스업(94~96)","법정노동비용[천원]","천원","508.4","495.7","337.5","350","349.8","360.5",
"4규모(상용근로자 300~499인)","S.협회 및 단체, 수리 및 기타 개인 서비스업(94~96)","법정외 복지비용[천원]","천원","187.5","139.5","159.6","136.6","133.5","154.9",
"4규모(상용근로자 300~499인)","S.협회 및 단체, 수리 및 기타 개인 서비스업(94~96)","채용관련비용(모집비)[천원]","천원","1.2",".6","9.1","7.6",".9","2.9",
"4규모(상용근로자 300~499인)","S.협회 및 단체, 수리 및 기타 개인 서비스업(94~96)","교육훈련비용[천원]","천원","8.7","21.5","24.8","1.1","7.9","13.8",
"5규모(상용근로자 500~999인)","전체","노동비용총액[천원]","천원","6408.1","6155.9","5946.7","5891.1","5408.8","5383",
"5규모(상용근로자 500~999인)","전체","직접노동비용(계)[천원]","천원","5136.8","4880.1","4695.9","4638.1","4226.9","4284.7",
"5규모(상용근로자 500~999인)","전체","정액 및 초과급여[천원]","천원","4338.9","4112.2","3915","3846.7","3571.6","3558",
"5규모(상용근로자 500~999인)","전체","상여금 및 성과금[천원]","천원","797.9","767.9","780.9","791.4","655.2","726.6",
"5규모(상용근로자 500~999인)","전체","간접노동비용(계)[천원]","천원","1271.3","1275.7","1250.8","1252.9","1181.9","1098.3",
"5규모(상용근로자 500~999인)","전체","퇴직급여 등의 비용[천원]","천원","488.8","504.3","539.6","560","552.1","462.5",
"5규모(상용근로자 500~999인)","전체","법정노동비용[천원]","천원","503.1","500.9","479.7","455.6","413.5","384.5",
"5규모(상용근로자 500~999인)","전체","법정외 복지비용[천원]","천원","250.4","242.9","206.3","219.2","201.2","220.3",
"5규모(상용근로자 500~999인)","전체","채용관련비용(모집비)[천원]","천원","8.4","8.3","9.2","6.3","4.6","5.4",
"5규모(상용근로자 500~999인)","전체","교육훈련비용[천원]","천원","20.7","19.3","16","11.8","10.5","25.6",
"5규모(상용근로자 500~999인)","B.광업(05~08)","노동비용총액[천원]","천원","10437.7","9423.5","8887.1","10256.4","8711.2","7765.9",
"5규모(상용근로자 500~999인)","B.광업(05~08)","직접노동비용(계)[천원]","천원","7252","6457.3","6436.9","6292.9","6153.2","5854.9",
"5규모(상용근로자 500~999인)","B.광업(05~08)","정액 및 초과급여[천원]","천원","4889.8","4382.6","4213.6","4166.3","3990.4","3815.9",
"5규모(상용근로자 500~999인)","B.광업(05~08)","상여금 및 성과금[천원]","천원","2362.2","2074.6","2223.2","2126.6","2162.7","2039",
"5규모(상용근로자 500~999인)","B.광업(05~08)","간접노동비용(계)[천원]","천원","3185.8","2966.3","2450.2","3963.6","2558","1911.1",
"5규모(상용근로자 500~999인)","B.광업(05~08)","퇴직급여 등의 비용[천원]","천원","2079.2","1865.2","1520.2","3101.8","1764.9","1123.7",
"5규모(상용근로자 500~999인)","B.광업(05~08)","법정노동비용[천원]","천원","817.5","808.1","757.6","718.4","692.4","682",
"5규모(상용근로자 500~999인)","B.광업(05~08)","법정외 복지비용[천원]","천원","283.4","287.3","164.8","137.8","97","95.7",
"5규모(상용근로자 500~999인)","B.광업(05~08)","채용관련비용(모집비)[천원]","천원",".7",".5",".7","0","0","0",
"5규모(상용근로자 500~999인)","B.광업(05~08)","교육훈련비용[천원]","천원","4.9","5.3","6.9","5.5","3.7","9.6",
"5규모(상용근로자 500~999인)","C.제조업(10~34)","노동비용총액[천원]","천원","7332.9","6940","6777.8","6818.1","6387.3","6666.1",
"5규모(상용근로자 500~999인)","C.제조업(10~34)","직접노동비용(계)[천원]","천원","5812.6","5423.8","5262.9","5262.8","4825","5173.4",
"5규모(상용근로자 500~999인)","C.제조업(10~34)","정액 및 초과급여[천원]","천원","4742.4","4460.1","4250.7","4202.3","3968.6","4098.3",
"5규모(상용근로자 500~999인)","C.제조업(10~34)","상여금 및 성과금[천원]","천원","1070.2","963.7","1012.1","1060.5","856.5","1075.1",
"5규모(상용근로자 500~999인)","C.제조업(10~34)","간접노동비용(계)[천원]","천원","1520.3","1516.2","1514.9","1555.3","1562.3","1492.7",
"5규모(상용근로자 500~999인)","C.제조업(10~34)","퇴직급여 등의 비용[천원]","천원","552.9","609.1","667.4","728.5","771","614.4",
"5규모(상용근로자 500~999인)","C.제조업(10~34)","법정노동비용[천원]","천원","592","561.9","544.7","511.7","483","479.8",
"5규모(상용근로자 500~999인)","C.제조업(10~34)","법정외 복지비용[천원]","천원","350.2","319.9","282.7","296.6","291.6","346.6",
"5규모(상용근로자 500~999인)","C.제조업(10~34)","채용관련비용(모집비)[천원]","천원","6.2","5.3","6.4","5.6","4.2","5.7",
"5규모(상용근로자 500~999인)","C.제조업(10~34)","교육훈련비용[천원]","천원","19.1","20","13.6","12.8","12.5","46.2",
"5규모(상용근로자 500~999인)","D.전기, 가스, 증기 및 공기 조절 공급업(35)","노동비용총액[천원]","천원","11598.9","9704.6","9875.9","9296","8610","8566.8",
"5규모(상용근로자 500~999인)","D.전기, 가스, 증기 및 공기 조절 공급업(35)","직접노동비용(계)[천원]","천원","9270.5","7761.8","7954.7","7347.5","6370.8","6852.9",
"5규모(상용근로자 500~999인)","D.전기, 가스, 증기 및 공기 조절 공급업(35)","정액 및 초과급여[천원]","천원","6203.5","5264.4","5883","5413.6","4686","4717.1",
"5규모(상용근로자 500~999인)","D.전기, 가스, 증기 및 공기 조절 공급업(35)","상여금 및 성과금[천원]","천원","3066.9","2497.4","2071.7","1933.8","1684.8","2135.7",
"5규모(상용근로자 500~999인)","D.전기, 가스, 증기 및 공기 조절 공급업(35)","간접노동비용(계)[천원]","천원","2328.4","1942.8","1921.2","1948.5","2239.2","1713.9",
"5규모(상용근로자 500~999인)","D.전기, 가스, 증기 및 공기 조절 공급업(35)","퇴직급여 등의 비용[천원]","천원","650.1","566.6","497.4","597.5","1149.4","747.3",
"5규모(상용근로자 500~999인)","D.전기, 가스, 증기 및 공기 조절 공급업(35)","법정노동비용[천원]","천원","804.1","689.5","716.6","658.5","549.7","529.2",
"5규모(상용근로자 500~999인)","D.전기, 가스, 증기 및 공기 조절 공급업(35)","법정외 복지비용[천원]","천원","835.1","649.4","652.9","647.4","506.1","399",
"5규모(상용근로자 500~999인)","D.전기, 가스, 증기 및 공기 조절 공급업(35)","채용관련비용(모집비)[천원]","천원","3.2","2.1","5.1","9.2","3.7","2.8",
"5규모(상용근로자 500~999인)","D.전기, 가스, 증기 및 공기 조절 공급업(35)","교육훈련비용[천원]","천원","35.9","35.3","49.3","35.9","30.5","35.6",
"5규모(상용근로자 500~999인)","E.수도, 하수 및 폐기물 처리, 원료 재생업(36~39)","노동비용총액[천원]","천원","-","-","-","-","4173.3","4987",
"5규모(상용근로자 500~999인)","E.수도, 하수 및 폐기물 처리, 원료 재생업(36~39)","직접노동비용(계)[천원]","천원","-","-","-","-","3156.1","4138",
"5규모(상용근로자 500~999인)","E.수도, 하수 및 폐기물 처리, 원료 재생업(36~39)","정액 및 초과급여[천원]","천원","-","-","-","-","2825.5","3434.2",
"5규모(상용근로자 500~999인)","E.수도, 하수 및 폐기물 처리, 원료 재생업(36~39)","상여금 및 성과금[천원]","천원","-","-","-","-","330.7","703.8",
"5규모(상용근로자 500~999인)","E.수도, 하수 및 폐기물 처리, 원료 재생업(36~39)","간접노동비용(계)[천원]","천원","-","-","-","-","1017.2","849",
"5규모(상용근로자 500~999인)","E.수도, 하수 및 폐기물 처리, 원료 재생업(36~39)","퇴직급여 등의 비용[천원]","천원","-","-","-","-","259.8","151.7",
"5규모(상용근로자 500~999인)","E.수도, 하수 및 폐기물 처리, 원료 재생업(36~39)","법정노동비용[천원]","천원","-","-","-","-","389.2","394.7",
"5규모(상용근로자 500~999인)","E.수도, 하수 및 폐기물 처리, 원료 재생업(36~39)","법정외 복지비용[천원]","천원","-","-","-","-","368.2","282.3",
"5규모(상용근로자 500~999인)","E.수도, 하수 및 폐기물 처리, 원료 재생업(36~39)","채용관련비용(모집비)[천원]","천원","-","-","-","-","0",".7",
"5규모(상용근로자 500~999인)","E.수도, 하수 및 폐기물 처리, 원료 재생업(36~39)","교육훈련비용[천원]","천원","-","-","-","-","0","19.5",
"5규모(상용근로자 500~999인)","F.건설업(41~42)","노동비용총액[천원]","천원","8071.8","8050.8","8239.4","8014.7","7568.5","7630.8",
"5규모(상용근로자 500~999인)","F.건설업(41~42)","직접노동비용(계)[천원]","천원","6439.9","6110.6","6099.6","5618.4","5042.1","5611.7",
"5규모(상용근로자 500~999인)","F.건설업(41~42)","정액 및 초과급여[천원]","천원","6234.6","5773.4","5872.6","4888.9","4252.2","5025.8",
"5규모(상용근로자 500~999인)","F.건설업(41~42)","상여금 및 성과금[천원]","천원","205.3","337.3","227","729.5","789.9","585.9",
"5규모(상용근로자 500~999인)","F.건설업(41~42)","간접노동비용(계)[천원]","천원","1631.9","1940.2","2139.8","2396.3","2526.4","2019.1",
"5규모(상용근로자 500~999인)","F.건설업(41~42)","퇴직급여 등의 비용[천원]","천원","508","551.1","621.5","606.9","1161.5","734.6",
"5규모(상용근로자 500~999인)","F.건설업(41~42)","법정노동비용[천원]","천원","961.8","1238.7","1226.3","1335","1093.1","1001.2",
"5규모(상용근로자 500~999인)","F.건설업(41~42)","법정외 복지비용[천원]","천원","143.7","135.1","262.7","426.4","244.7","248.4",
"5규모(상용근로자 500~999인)","F.건설업(41~42)","채용관련비용(모집비)[천원]","천원","12.1","8.1","9","5.9","4.6","5.3",
"5규모(상용근로자 500~999인)","F.건설업(41~42)","교육훈련비용[천원]","천원","6.4","7.1","20.3","22.1","22.4","29.6",
"5규모(상용근로자 500~999인)","G.도매 및 소매업(45~47)","노동비용총액[천원]","천원","7022.2","6914.8","6681.3","6963.5","5989.9","6310.4",
"5규모(상용근로자 500~999인)","G.도매 및 소매업(45~47)","직접노동비용(계)[천원]","천원","5659.9","5543.9","5373.4","5426.5","4796.7","4942.9",
"5규모(상용근로자 500~999인)","G.도매 및 소매업(45~47)","정액 및 초과급여[천원]","천원","5087.1","4588.3","4440.7","4659.3","4005.8","4103.4",
"5규모(상용근로자 500~999인)","G.도매 및 소매업(45~47)","상여금 및 성과금[천원]","천원","572.8","955.5","932.7","767.1","790.9","839.4",
"5규모(상용근로자 500~999인)","G.도매 및 소매업(45~47)","간접노동비용(계)[천원]","천원","1362.3","1371","1307.9","1537.1","1193.2","1367.6",
"5규모(상용근로자 500~999인)","G.도매 및 소매업(45~47)","퇴직급여 등의 비용[천원]","천원","520.9","499.5","563.2","740","522.2","729.7",
"5규모(상용근로자 500~999인)","G.도매 및 소매업(45~47)","법정노동비용[천원]","천원","580.9","579.4","510.8","510.9","467.2","395.9",
"5규모(상용근로자 500~999인)","G.도매 및 소매업(45~47)","법정외 복지비용[천원]","천원","213.6","229.7","181","250.1","174.3","202.2",
"5규모(상용근로자 500~999인)","G.도매 및 소매업(45~47)","채용관련비용(모집비)[천원]","천원","15.3","15.2","19.3","12.3","11.5","10.6",
"5규모(상용근로자 500~999인)","G.도매 및 소매업(45~47)","교육훈련비용[천원]","천원","31.5","47.1","33.7","23.8","18","29.1",
"5규모(상용근로자 500~999인)","H.운수 및 창고업(49~52)","노동비용총액[천원]","천원","7071.7","6419.1","6018.1","5493.4","5231.7","6070.8",
"5규모(상용근로자 500~999인)","H.운수 및 창고업(49~52)","직접노동비용(계)[천원]","천원","5580.8","5082.4","4771.4","4572.8","4353.8","4897.2",
"5규모(상용근로자 500~999인)","H.운수 및 창고업(49~52)","정액 및 초과급여[천원]","천원","4757.7","4387.9","3979.6","4050","3878.3","4191.6",
"5규모(상용근로자 500~999인)","H.운수 및 창고업(49~52)","상여금 및 성과금[천원]","천원","823","694.5","791.8","522.8","475.5","705.5",
"5규모(상용근로자 500~999인)","H.운수 및 창고업(49~52)","간접노동비용(계)[천원]","천원","1490.9","1336.6","1246.8","920.6","877.9","1173.7",
"5규모(상용근로자 500~999인)","H.운수 및 창고업(49~52)","퇴직급여 등의 비용[천원]","천원","688.5","623.9","584.3","317.4","272.6","464.4",
"5규모(상용근로자 500~999인)","H.운수 및 창고업(49~52)","법정노동비용[천원]","천원","542.1","469.7","445.6","433","415","430",
"5규모(상용근로자 500~999인)","H.운수 및 창고업(49~52)","법정외 복지비용[천원]","천원","235","231","203.5","166.4","183.6","262.6",
"5규모(상용근로자 500~999인)","H.운수 및 창고업(49~52)","채용관련비용(모집비)[천원]","천원","3.7","3.1","2.8","1.1",".4","1.4",
"5규모(상용근로자 500~999인)","H.운수 및 창고업(49~52)","교육훈련비용[천원]","천원","21.6","9","10.5","2.7","6.3","15.2",
"5규모(상용근로자 500~999인)","I.숙박 및 음식점업(55~56)","노동비용총액[천원]","천원","4589","3852.6","3788.8","3557.7","3524","3687.3",
"5규모(상용근로자 500~999인)","I.숙박 및 음식점업(55~56)","직접노동비용(계)[천원]","천원","3757.2","3142.1","3079","2838.7","2848.2","2999.7",
"5규모(상용근로자 500~999인)","I.숙박 및 음식점업(55~56)","정액 및 초과급여[천원]","천원","3587.9","2959.3","2861.8","2508.1","2436","2740.2",
"5규모(상용근로자 500~999인)","I.숙박 및 음식점업(55~56)","상여금 및 성과금[천원]","천원","169.3","182.7","217.3","330.7","412.2","259.5",
"5규모(상용근로자 500~999인)","I.숙박 및 음식점업(55~56)","간접노동비용(계)[천원]","천원","831.8","710.5","709.7","719","675.8","687.6",
"5규모(상용근로자 500~999인)","I.숙박 및 음식점업(55~56)","퇴직급여 등의 비용[천원]","천원","344.1","239.1","289.7","366.1","265.5","233.8",
"5규모(상용근로자 500~999인)","I.숙박 및 음식점업(55~56)","법정노동비용[천원]","천원","363.3","310.7","281.6","279","314.1","303.7",
"5규모(상용근로자 500~999인)","I.숙박 및 음식점업(55~56)","법정외 복지비용[천원]","천원","102.2","139","122.9","67.2","88.9","114.6",
"5규모(상용근로자 500~999인)","I.숙박 및 음식점업(55~56)","채용관련비용(모집비)[천원]","천원","10.9","10.6","6.4","2.1","2.1","15.5",
"5규모(상용근로자 500~999인)","I.숙박 및 음식점업(55~56)","교육훈련비용[천원]","천원","11.4","11.1","9.1","4.6","5.2","19.9",
"5규모(상용근로자 500~999인)","J.정보통신업(58~63)","노동비용총액[천원]","천원","8139.5","7778.4","7137.9","7552.6","7376","6519",
"5규모(상용근로자 500~999인)","J.정보통신업(58~63)","직접노동비용(계)[천원]","천원","6421.7","6057.3","5559.7","6043.4","5692.5","5234.9",
"5규모(상용근로자 500~999인)","J.정보통신업(58~63)","정액 및 초과급여[천원]","천원","5344.7","5067","4746.6","4806.6","4675.8","4387.4",
"5규모(상용근로자 500~999인)","J.정보통신업(58~63)","상여금 및 성과금[천원]","천원","1077","990.3","813.1","1236.8","1016.7","847.6",
"5규모(상용근로자 500~999인)","J.정보통신업(58~63)","간접노동비용(계)[천원]","천원","1717.7","1721.1","1578.1","1509.3","1683.5","1284.1",
"5규모(상용근로자 500~999인)","J.정보통신업(58~63)","퇴직급여 등의 비용[천원]","천원","605","629.7","653.3","601.9","734.2","417.5",
"5규모(상용근로자 500~999인)","J.정보통신업(58~63)","법정노동비용[천원]","천원","625.6","625.2","544.8","558.1","524.3","467.8",
"5규모(상용근로자 500~999인)","J.정보통신업(58~63)","법정외 복지비용[천원]","천원","419.2","419","327","327.2","409.4","373",
"5규모(상용근로자 500~999인)","J.정보통신업(58~63)","채용관련비용(모집비)[천원]","천원","19.8","21.5","22.8","13.8","9.3","10.1",
"5규모(상용근로자 500~999인)","J.정보통신업(58~63)","교육훈련비용[천원]","천원","48.1","25.7","30.3","8.4","6.3","15.7",
"5규모(상용근로자 500~999인)","K.금융 및 보험업(64~66)","노동비용총액[천원]","천원","9591.9","8784.1","9213.1","8542.4","8450.8","8239.7",
"5규모(상용근로자 500~999인)","K.금융 및 보험업(64~66)","직접노동비용(계)[천원]","천원","7829.6","7062.8","7397.5","6611.3","6546.2","6615.8",
"5규모(상용근로자 500~999인)","K.금융 및 보험업(64~66)","정액 및 초과급여[천원]","천원","5450.3","5192.3","5101.8","4846.1","4847.9","4811.4",
"5규모(상용근로자 500~999인)","K.금융 및 보험업(64~66)","상여금 및 성과금[천원]","천원","2379.3","1870.4","2295.7","1765.2","1698.4","1804.3",
"5규모(상용근로자 500~999인)","K.금융 및 보험업(64~66)","간접노동비용(계)[천원]","천원","1762.3","1721.3","1815.7","1931.2","1904.5","1623.9",
"5규모(상용근로자 500~999인)","K.금융 및 보험업(64~66)","퇴직급여 등의 비용[천원]","천원","671.7","625.4","787.7","1006.8","950.6","777.2",
"5규모(상용근로자 500~999인)","K.금융 및 보험업(64~66)","법정노동비용[천원]","천원","673.6","662","682","593","558.5","532.3",
"5규모(상용근로자 500~999인)","K.금융 및 보험업(64~66)","법정외 복지비용[천원]","천원","354.8","375.5","292","288.7","355.7","259.9",
"5규모(상용근로자 500~999인)","K.금융 및 보험업(64~66)","채용관련비용(모집비)[천원]","천원","14.9","14.1","15.9","12.9","10.8","13.1",
"5규모(상용근로자 500~999인)","K.금융 및 보험업(64~66)","교육훈련비용[천원]","천원","47.3","44.2","38.1","29.7","28.9","41.5",
"5규모(상용근로자 500~999인)","L.부동산업(68)","노동비용총액[천원]","천원","3658.8","3002.5","2611.8","2666.8","3361.6","2026.8",
"5규모(상용근로자 500~999인)","L.부동산업(68)","직접노동비용(계)[천원]","천원","3044.9","2591.7","2252.5","2326.4","2741.3","1869.8",
"5규모(상용근로자 500~999인)","L.부동산업(68)","정액 및 초과급여[천원]","천원","3008.7","2565.3","2237.2","2271","2694.3","1817.7",
"5규모(상용근로자 500~999인)","L.부동산업(68)","상여금 및 성과금[천원]","천원","36.2","26.4","15.2","55.4","46.9","52",
"5규모(상용근로자 500~999인)","L.부동산업(68)","간접노동비용(계)[천원]","천원","613.9","410.9","359.3","340.5","620.3","157.1",
"5규모(상용근로자 500~999인)","L.부동산업(68)","퇴직급여 등의 비용[천원]","천원","228.1","148.3","167.8","126.1","367.1","62.7",
"5규모(상용근로자 500~999인)","L.부동산업(68)","법정노동비용[천원]","천원","275.1","213.2","177.4","195","246.7","77.5",
"5규모(상용근로자 500~999인)","L.부동산업(68)","법정외 복지비용[천원]","천원","105.3","45.1","9.8","17.6","6.2","14.8",
"5규모(상용근로자 500~999인)","L.부동산업(68)","채용관련비용(모집비)[천원]","천원","2.9","1.3","1.3",".3",".1","0",
"5규모(상용근로자 500~999인)","L.부동산업(68)","교육훈련비용[천원]","천원","2.6","2.9","3","1.5",".4","2",
"5규모(상용근로자 500~999인)","M.전문, 과학 및 기술 서비스업(70~73)","노동비용총액[천원]","천원","7123.8","6706.4","6555.7","5616.5","5701.6","6174.1",
"5규모(상용근로자 500~999인)","M.전문, 과학 및 기술 서비스업(70~73)","직접노동비용(계)[천원]","천원","5811.9","5422.3","5161.9","4760.7","4832.8","5248.4",
"5규모(상용근로자 500~999인)","M.전문, 과학 및 기술 서비스업(70~73)","정액 및 초과급여[천원]","천원","5323.9","4846.6","4559.8","4089.8","4157","4452.2",
"5규모(상용근로자 500~999인)","M.전문, 과학 및 기술 서비스업(70~73)","상여금 및 성과금[천원]","천원","488","575.7","602.1","670.9","675.8","796.3",
"5규모(상용근로자 500~999인)","M.전문, 과학 및 기술 서비스업(70~73)","간접노동비용(계)[천원]","천원","1311.9","1284.1","1393.7","855.8","868.8","925.6",
"5규모(상용근로자 500~999인)","M.전문, 과학 및 기술 서비스업(70~73)","퇴직급여 등의 비용[천원]","천원","500.4","554.7","642.7","293.4","314.8","354.9",
"5규모(상용근로자 500~999인)","M.전문, 과학 및 기술 서비스업(70~73)","법정노동비용[천원]","천원","519.3","483.4","493.3","370.7","363.1","341.4",
"5규모(상용근로자 500~999인)","M.전문, 과학 및 기술 서비스업(70~73)","법정외 복지비용[천원]","천원","251.9","215.8","225.3","182.1","174.9","204.4",
"5규모(상용근로자 500~999인)","M.전문, 과학 및 기술 서비스업(70~73)","채용관련비용(모집비)[천원]","천원","12","13.8","12.9","2.6","3.1","3.1",
"5규모(상용근로자 500~999인)","M.전문, 과학 및 기술 서비스업(70~73)","교육훈련비용[천원]","천원","28.3","16.4","19.5","7","12.9","21.8",
"5규모(상용근로자 500~999인)","N.사업시설 관리, 사업 지원 및 임대 서비스업(74~76)","노동비용총액[천원]","천원","3200.4","3247.4","3094.2","2767","2662.4","2675.6",
"5규모(상용근로자 500~999인)","N.사업시설 관리, 사업 지원 및 임대 서비스업(74~76)","직접노동비용(계)[천원]","천원","2652.9","2677.2","2566","2294.3","2239.4","2254.3",
"5규모(상용근로자 500~999인)","N.사업시설 관리, 사업 지원 및 임대 서비스업(74~76)","정액 및 초과급여[천원]","천원","2501.6","2502.5","2415","2221.5","2172.1","2150.9",
"5규모(상용근로자 500~999인)","N.사업시설 관리, 사업 지원 및 임대 서비스업(74~76)","상여금 및 성과금[천원]","천원","151.3","174.7","151","72.7","67.3","103.4",
"5규모(상용근로자 500~999인)","N.사업시설 관리, 사업 지원 및 임대 서비스업(74~76)","간접노동비용(계)[천원]","천원","547.5","570.1","528.2","472.7","423","421.4",
"5규모(상용근로자 500~999인)","N.사업시설 관리, 사업 지원 및 임대 서비스업(74~76)","퇴직급여 등의 비용[천원]","천원","251.1","245.4","238.1","219.8","200","193.1",
"5규모(상용근로자 500~999인)","N.사업시설 관리, 사업 지원 및 임대 서비스업(74~76)","법정노동비용[천원]","천원","231","248","241.1","209.1","197.8","188.8",
"5규모(상용근로자 500~999인)","N.사업시설 관리, 사업 지원 및 임대 서비스업(74~76)","법정외 복지비용[천원]","천원","57.4","67.8","39.7","37.6","21.1","35.5",
"5규모(상용근로자 500~999인)","N.사업시설 관리, 사업 지원 및 임대 서비스업(74~76)","채용관련비용(모집비)[천원]","천원","3.8","4.6","5.5","3.5","2.3","1.9",
"5규모(상용근로자 500~999인)","N.사업시설 관리, 사업 지원 및 임대 서비스업(74~76)","교육훈련비용[천원]","천원","4.2","4.3","3.8","2.6","1.9","2",
"5규모(상용근로자 500~999인)","R.예술, 스포츠 및 여가관련 서비스업(90~91)","노동비용총액[천원]","천원","14969","16143.9","-","-","-","5203.2",
"5규모(상용근로자 500~999인)","R.예술, 스포츠 및 여가관련 서비스업(90~91)","직접노동비용(계)[천원]","천원","7812.6","8167.2","-","-","-","3749.8",
"5규모(상용근로자 500~999인)","R.예술, 스포츠 및 여가관련 서비스업(90~91)","정액 및 초과급여[천원]","천원","6277.2","6130.4","-","-","-","3749.8",
"5규모(상용근로자 500~999인)","R.예술, 스포츠 및 여가관련 서비스업(90~91)","상여금 및 성과금[천원]","천원","1535.3","2036.8","-","-","-","0",
"5규모(상용근로자 500~999인)","R.예술, 스포츠 및 여가관련 서비스업(90~91)","간접노동비용(계)[천원]","천원","7156.5","7976.7","-","-","-","1453.4",
"5규모(상용근로자 500~999인)","R.예술, 스포츠 및 여가관련 서비스업(90~91)","퇴직급여 등의 비용[천원]","천원","5609.8","6417.7","-","-","-","692.5",
"5규모(상용근로자 500~999인)","R.예술, 스포츠 및 여가관련 서비스업(90~91)","법정노동비용[천원]","천원","719.3","732.5","-","-","-","358",
"5규모(상용근로자 500~999인)","R.예술, 스포츠 및 여가관련 서비스업(90~91)","법정외 복지비용[천원]","천원","810.7","818.2","-","-","-","395.6",
"5규모(상용근로자 500~999인)","R.예술, 스포츠 및 여가관련 서비스업(90~91)","채용관련비용(모집비)[천원]","천원","5","5","-","-","-","6.8",
"5규모(상용근로자 500~999인)","R.예술, 스포츠 및 여가관련 서비스업(90~91)","교육훈련비용[천원]","천원","11.7","3.3","-","-","-",".5",
"5규모(상용근로자 500~999인)","S.협회 및 단체, 수리 및 기타 개인 서비스업(94~96)","노동비용총액[천원]","천원","3746.3","4316.6","-","5138","5683.1","4859.1",
"5규모(상용근로자 500~999인)","S.협회 및 단체, 수리 및 기타 개인 서비스업(94~96)","직접노동비용(계)[천원]","천원","3183.8","3670.1","-","4239.5","4571.9","3977.1",
"5규모(상용근로자 500~999인)","S.협회 및 단체, 수리 및 기타 개인 서비스업(94~96)","정액 및 초과급여[천원]","천원","3017","3380.3","-","3644.8","4014.6","3523.6",
"5규모(상용근로자 500~999인)","S.협회 및 단체, 수리 및 기타 개인 서비스업(94~96)","상여금 및 성과금[천원]","천원","166.7","289.8","-","594.6","557.3","453.5",
"5규모(상용근로자 500~999인)","S.협회 및 단체, 수리 및 기타 개인 서비스업(94~96)","간접노동비용(계)[천원]","천원","562.5","646.5","-","898.6","1111.3","882",
"5규모(상용근로자 500~999인)","S.협회 및 단체, 수리 및 기타 개인 서비스업(94~96)","퇴직급여 등의 비용[천원]","천원","93","134.4","-","339.7","447","346.7",
"5규모(상용근로자 500~999인)","S.협회 및 단체, 수리 및 기타 개인 서비스업(94~96)","법정노동비용[천원]","천원","299.4","316.8","-","368.1","400.4","360.8",
"5규모(상용근로자 500~999인)","S.협회 및 단체, 수리 및 기타 개인 서비스업(94~96)","법정외 복지비용[천원]","천원","156.3","179.2","-","147.4","207.9","147.3",
"5규모(상용근로자 500~999인)","S.협회 및 단체, 수리 및 기타 개인 서비스업(94~96)","채용관련비용(모집비)[천원]","천원","13.3","15.3","-","9.8","5.2","7.2",
"5규모(상용근로자 500~999인)","S.협회 및 단체, 수리 및 기타 개인 서비스업(94~96)","교육훈련비용[천원]","천원",".6",".8","-","33.6","50.8","20",
"6규모(상용근로자 1000인 이상)","전체","노동비용총액[천원]","천원","8528.8","8276.9","8428.4","7794.4","7081.7","7154.9",
"6규모(상용근로자 1000인 이상)","전체","직접노동비용(계)[천원]","천원","6601.9","6386.2","6384.5","5948.7","5412.9","5480.8",
"6규모(상용근로자 1000인 이상)","전체","정액 및 초과급여[천원]","천원","4968","4756.5","4546.7","4268.6","4068.2","3967.1",
"6규모(상용근로자 1000인 이상)","전체","상여금 및 성과금[천원]","천원","1633.9","1629.7","1837.9","1680","1344.7","1513.7",
"6규모(상용근로자 1000인 이상)","전체","간접노동비용(계)[천원]","천원","1926.9","1890.8","2043.9","1845.7","1668.8","1674.1",
"6규모(상용근로자 1000인 이상)","전체","퇴직급여 등의 비용[천원]","천원","620.6","629.5","871","799.6","668.9","698.4",
"6규모(상용근로자 1000인 이상)","전체","법정노동비용[천원]","천원","665.7","660.1","612.9","550","527.5","515.1",
"6규모(상용근로자 1000인 이상)","전체","법정외 복지비용[천원]","천원","564.3","526.1","489.3","442.5","422.1","396.9",
"6규모(상용근로자 1000인 이상)","전체","채용관련비용(모집비)[천원]","천원","15.3","14.9","15.7","9.9","10.6","11.3",
"6규모(상용근로자 1000인 이상)","전체","교육훈련비용[천원]","천원","61","60.2","54.9","43.6","39.7","52.5",
"6규모(상용근로자 1000인 이상)","B.광업(05~08)","노동비용총액[천원]","천원","-","-","-","-","-","-",
"6규모(상용근로자 1000인 이상)","B.광업(05~08)","직접노동비용(계)[천원]","천원","-","-","-","-","-","-",
"6규모(상용근로자 1000인 이상)","B.광업(05~08)","정액 및 초과급여[천원]","천원","-","-","-","-","-","-",
"6규모(상용근로자 1000인 이상)","B.광업(05~08)","상여금 및 성과금[천원]","천원","-","-","-","-","-","-",
"6규모(상용근로자 1000인 이상)","B.광업(05~08)","간접노동비용(계)[천원]","천원","-","-","-","-","-","-",
"6규모(상용근로자 1000인 이상)","B.광업(05~08)","퇴직급여 등의 비용[천원]","천원","-","-","-","-","-","-",
"6규모(상용근로자 1000인 이상)","B.광업(05~08)","법정노동비용[천원]","천원","-","-","-","-","-","-",
"6규모(상용근로자 1000인 이상)","B.광업(05~08)","법정외 복지비용[천원]","천원","-","-","-","-","-","-",
"6규모(상용근로자 1000인 이상)","B.광업(05~08)","채용관련비용(모집비)[천원]","천원","-","-","-","-","-","-",
"6규모(상용근로자 1000인 이상)","B.광업(05~08)","교육훈련비용[천원]","천원","-","-","-","-","-","-",
"6규모(상용근로자 1000인 이상)","C.제조업(10~34)","노동비용총액[천원]","천원","10826.2","10326.4","10533.7","9946.6","8961.4","9065.1",
"6규모(상용근로자 1000인 이상)","C.제조업(10~34)","직접노동비용(계)[천원]","천원","8338.5","7887.5","7953.7","7497.2","6712.2","6830.6",
"6규모(상용근로자 1000인 이상)","C.제조업(10~34)","정액 및 초과급여[천원]","천원","5871.7","5527.2","5222.6","4982.9","4724.8","4526.9",
"6규모(상용근로자 1000인 이상)","C.제조업(10~34)","상여금 및 성과금[천원]","천원","2466.8","2360.3","2731.1","2514.3","1987.4","2303.8",
"6규모(상용근로자 1000인 이상)","C.제조업(10~34)","간접노동비용(계)[천원]","천원","2487.7","2438.9","2580","2449.4","2249.2","2234.5",
"6규모(상용근로자 1000인 이상)","C.제조업(10~34)","퇴직급여 등의 비용[천원]","천원","754.5","780.4","1053.9","1096.2","912.9","945",
"6규모(상용근로자 1000인 이상)","C.제조업(10~34)","법정노동비용[천원]","천원","813.3","792.1","731.3","650.5","635.1","624.9",
"6규모(상용근로자 1000인 이상)","C.제조업(10~34)","법정외 복지비용[천원]","천원","813.9","764.8","704.4","644.6","638.2","583.5",
"6규모(상용근로자 1000인 이상)","C.제조업(10~34)","채용관련비용(모집비)[천원]","천원","22.1","20.1","17.6","10.3","16.1","18.6",
"6규모(상용근로자 1000인 이상)","C.제조업(10~34)","교육훈련비용[천원]","천원","83.9","81.5","72.6","47.9","47","62.5",
"6규모(상용근로자 1000인 이상)","D.전기, 가스, 증기 및 공기 조절 공급업(35)","노동비용총액[천원]","천원","10197.1","9735.2","9759.7","9390.5","9474.2","9496.3",
"6규모(상용근로자 1000인 이상)","D.전기, 가스, 증기 및 공기 조절 공급업(35)","직접노동비용(계)[천원]","천원","8083.9","7840.7","7805.8","7745","7808.8","7739.1",
"6규모(상용근로자 1000인 이상)","D.전기, 가스, 증기 및 공기 조절 공급업(35)","정액 및 초과급여[천원]","천원","5838.5","5850.1","5792.8","5718","5737.4","5798.6",
"6규모(상용근로자 1000인 이상)","D.전기, 가스, 증기 및 공기 조절 공급업(35)","상여금 및 성과금[천원]","천원","2245.4","1990.7","2013.1","2027","2071.4","1940.6",
"6규모(상용근로자 1000인 이상)","D.전기, 가스, 증기 및 공기 조절 공급업(35)","간접노동비용(계)[천원]","천원","2113.2","1894.5","1953.9","1645.5","1665.4","1757.1",
"6규모(상용근로자 1000인 이상)","D.전기, 가스, 증기 및 공기 조절 공급업(35)","퇴직급여 등의 비용[천원]","천원","929.5","782.1","819.3","455.9","700.1","714.9",
"6규모(상용근로자 1000인 이상)","D.전기, 가스, 증기 및 공기 조절 공급업(35)","법정노동비용[천원]","천원","745.6","721.1","713.9","739.8","668.6","630.3",
"6규모(상용근로자 1000인 이상)","D.전기, 가스, 증기 및 공기 조절 공급업(35)","법정외 복지비용[천원]","천원","171.1","175.2","206.3","216","148.5","145.8",
"6규모(상용근로자 1000인 이상)","D.전기, 가스, 증기 및 공기 조절 공급업(35)","채용관련비용(모집비)[천원]","천원","26.2","18.3","21.5","24.9","20.5","18.3",
"6규모(상용근로자 1000인 이상)","D.전기, 가스, 증기 및 공기 조절 공급업(35)","교육훈련비용[천원]","천원","240.9","197.8","193","209","127.7","247.8",
"6규모(상용근로자 1000인 이상)","E.수도, 하수 및 폐기물 처리, 원료 재생업(36~39)","노동비용총액[천원]","천원","5026.7","4868.4","4889.9","5090.1","4614.1","4501.4",
"6규모(상용근로자 1000인 이상)","E.수도, 하수 및 폐기물 처리, 원료 재생업(36~39)","직접노동비용(계)[천원]","천원","4018","3782.6","3703.2","3847","3631.9","3531.8",
"6규모(상용근로자 1000인 이상)","E.수도, 하수 및 폐기물 처리, 원료 재생업(36~39)","정액 및 초과급여[천원]","천원","3838.7","3589.2","3481.6","3613.4","3375","3327.4",
"6규모(상용근로자 1000인 이상)","E.수도, 하수 및 폐기물 처리, 원료 재생업(36~39)","상여금 및 성과금[천원]","천원","179.3","193.4","221.6","233.6","256.9","204.3",
"6규모(상용근로자 1000인 이상)","E.수도, 하수 및 폐기물 처리, 원료 재생업(36~39)","간접노동비용(계)[천원]","천원","1008.7","1085.8","1186.7","1243.1","982.1","969.6",
"6규모(상용근로자 1000인 이상)","E.수도, 하수 및 폐기물 처리, 원료 재생업(36~39)","퇴직급여 등의 비용[천원]","천원","376.9","469.6","577.8","691.1","493.4","462.7",
"6규모(상용근로자 1000인 이상)","E.수도, 하수 및 폐기물 처리, 원료 재생업(36~39)","법정노동비용[천원]","천원","421.6","397.5","405.8","405.4","346.1","336.1",
"6규모(상용근로자 1000인 이상)","E.수도, 하수 및 폐기물 처리, 원료 재생업(36~39)","법정외 복지비용[천원]","천원","206.3","211.6","199.5","137.8","134.8","162.5",
"6규모(상용근로자 1000인 이상)","E.수도, 하수 및 폐기물 처리, 원료 재생업(36~39)","채용관련비용(모집비)[천원]","천원","1.1","1.1",".9",".2",".4",".4",
"6규모(상용근로자 1000인 이상)","E.수도, 하수 및 폐기물 처리, 원료 재생업(36~39)","교육훈련비용[천원]","천원","2.8","5.9","2.7","8.5","7.5","8",
"6규모(상용근로자 1000인 이상)","F.건설업(41~42)","노동비용총액[천원]","천원","10956.8","10617.4","10527.5","9415.7","9067","8991.7",
"6규모(상용근로자 1000인 이상)","F.건설업(41~42)","직접노동비용(계)[천원]","천원","7792","7867.1","7626.8","6980.6","6708.4","6671.3",
"6규모(상용근로자 1000인 이상)","F.건설업(41~42)","정액 및 초과급여[천원]","천원","6753.2","6598.1","6284","5893.3","5801.6","5814.5",
"6규모(상용근로자 1000인 이상)","F.건설업(41~42)","상여금 및 성과금[천원]","천원","1038.8","1269","1342.8","1087.3","906.9","856.8",
"6규모(상용근로자 1000인 이상)","F.건설업(41~42)","간접노동비용(계)[천원]","천원","3164.7","2750.3","2900.6","2435.1","2358.5","2320.4",
"6규모(상용근로자 1000인 이상)","F.건설업(41~42)","퇴직급여 등의 비용[천원]","천원","1260.9","909.5","1224","955.5","931.6","848.5",
"6규모(상용근로자 1000인 이상)","F.건설업(41~42)","법정노동비용[천원]","천원","1369","1348.2","1194.3","1117.5","1066.5","1108.7",
"6규모(상용근로자 1000인 이상)","F.건설업(41~42)","법정외 복지비용[천원]","천원","448.2","410.6","407.8","299.4","297.8","306.4",
"6규모(상용근로자 1000인 이상)","F.건설업(41~42)","채용관련비용(모집비)[천원]","천원","8.4","10.9","11.6","6.4","7.1","4.7",
"6규모(상용근로자 1000인 이상)","F.건설업(41~42)","교육훈련비용[천원]","천원","78.3","71.2","62.9","56.2","55.4","52.1",
"6규모(상용근로자 1000인 이상)","G.도매 및 소매업(45~47)","노동비용총액[천원]","천원","5842","5503.6","5405.1","4984.9","4669","4765.7",
"6규모(상용근로자 1000인 이상)","G.도매 및 소매업(45~47)","직접노동비용(계)[천원]","천원","4496.1","4338.1","4210.9","3878.9","3684.7","3728.8",
"6규모(상용근로자 1000인 이상)","G.도매 및 소매업(45~47)","정액 및 초과급여[천원]","천원","3859.7","3730.4","3614.7","3294","3194.7","3036.7",
"6규모(상용근로자 1000인 이상)","G.도매 및 소매업(45~47)","상여금 및 성과금[천원]","천원","636.4","607.7","596.2","584.9","490","692.1",
"6규모(상용근로자 1000인 이상)","G.도매 및 소매업(45~47)","간접노동비용(계)[천원]","천원","1345.9","1165.4","1194.3","1106","984.3","1036.8",
"6규모(상용근로자 1000인 이상)","G.도매 및 소매업(45~47)","퇴직급여 등의 비용[천원]","천원","456.1","413.5","499.4","472.3","343","437.2",
"6규모(상용근로자 1000인 이상)","G.도매 및 소매업(45~47)","법정노동비용[천원]","천원","463.5","440.9","414.5","388","364.9","343.9",
"6규모(상용근로자 1000인 이상)","G.도매 및 소매업(45~47)","법정외 복지비용[천원]","천원","392.4","281.7","251","211.8","254.3","228",
"6규모(상용근로자 1000인 이상)","G.도매 및 소매업(45~47)","채용관련비용(모집비)[천원]","천원","11.6","9.9","11","16.7","9.8","7.1",
"6규모(상용근로자 1000인 이상)","G.도매 및 소매업(45~47)","교육훈련비용[천원]","천원","22.3","19.4","18.4","17.2","12.4","20.6",
"6규모(상용근로자 1000인 이상)","H.운수 및 창고업(49~52)","노동비용총액[천원]","천원","6898.3","6227.3","6003.5","5870.4","5733.2","6749",
"6규모(상용근로자 1000인 이상)","H.운수 및 창고업(49~52)","직접노동비용(계)[천원]","천원","5390","4811.2","4581","4513.4","4354","5306.5",
"6규모(상용근로자 1000인 이상)","H.운수 및 창고업(49~52)","정액 및 초과급여[천원]","천원","4439.5","3971.2","3667.9","3509.9","3422","3967.8",
"6규모(상용근로자 1000인 이상)","H.운수 및 창고업(49~52)","상여금 및 성과금[천원]","천원","950.5","840","913.1","1003.5","932","1338.7",
"6규모(상용근로자 1000인 이상)","H.운수 및 창고업(49~52)","간접노동비용(계)[천원]","천원","1508.2","1416.1","1422.5","1357","1379.1","1442.5",
"6규모(상용근로자 1000인 이상)","H.운수 및 창고업(49~52)","퇴직급여 등의 비용[천원]","천원","474.5","460.9","558.6","529","457.3","490.5",
"6규모(상용근로자 1000인 이상)","H.운수 및 창고업(49~52)","법정노동비용[천원]","천원","542.7","486.1","441.4","474.7","534.5","501.8",
"6규모(상용근로자 1000인 이상)","H.운수 및 창고업(49~52)","법정외 복지비용[천원]","천원","442","424.1","370.3","319.9","349.2","381.5",
"6규모(상용근로자 1000인 이상)","H.운수 및 창고업(49~52)","채용관련비용(모집비)[천원]","천원","14.3","14.2","23.4","5.3","3.4","4.3",
"6규모(상용근로자 1000인 이상)","H.운수 및 창고업(49~52)","교육훈련비용[천원]","천원","34.8","30.8","28.8","28","34.8","64.4",
"6규모(상용근로자 1000인 이상)","I.숙박 및 음식점업(55~56)","노동비용총액[천원]","천원","3988.9","3787.6","3636.3","3386.8","3267.5","3382.5",
"6규모(상용근로자 1000인 이상)","I.숙박 및 음식점업(55~56)","직접노동비용(계)[천원]","천원","3136.3","2990","2842.1","2603.8","2511.7","2695.2",
"6규모(상용근로자 1000인 이상)","I.숙박 및 음식점업(55~56)","정액 및 초과급여[천원]","천원","2708.9","2609.9","2442.2","2233.5","2163.2","2135.6",
"6규모(상용근로자 1000인 이상)","I.숙박 및 음식점업(55~56)","상여금 및 성과금[천원]","천원","427.4","380.1","399.9","370.3","348.4","559.6",
"6규모(상용근로자 1000인 이상)","I.숙박 및 음식점업(55~56)","간접노동비용(계)[천원]","천원","852.7","797.6","794.2","783","755.9","687.2",
"6규모(상용근로자 1000인 이상)","I.숙박 및 음식점업(55~56)","퇴직급여 등의 비용[천원]","천원","254.6","304.5","330.6","334.1","325.1","281.9",
"6규모(상용근로자 1000인 이상)","I.숙박 및 음식점업(55~56)","법정노동비용[천원]","천원","322.6","296.3","280.2","262.6","266.3","245.8",
"6규모(상용근로자 1000인 이상)","I.숙박 및 음식점업(55~56)","법정외 복지비용[천원]","천원","249.1","169.9","161.2","173.9","139.5","137.1",
"6규모(상용근로자 1000인 이상)","I.숙박 및 음식점업(55~56)","채용관련비용(모집비)[천원]","천원","4.9","6.3","5.8","2.8","3.6","3.2",
"6규모(상용근로자 1000인 이상)","I.숙박 및 음식점업(55~56)","교육훈련비용[천원]","천원","21.5","20.7","16.4","9.6","21.4","19.3",
"6규모(상용근로자 1000인 이상)","J.정보통신업(58~63)","노동비용총액[천원]","천원","9517.2","9502.8","9849.6","8961.4","8210.1","8200.7",
"6규모(상용근로자 1000인 이상)","J.정보통신업(58~63)","직접노동비용(계)[천원]","천원","7431.9","7331.3","7376.9","6757","6329.1","6226.3",
"6규모(상용근로자 1000인 이상)","J.정보통신업(58~63)","정액 및 초과급여[천원]","천원","5912.8","5625.5","5588.7","5176.8","4965.5","4758.8",
"6규모(상용근로자 1000인 이상)","J.정보통신업(58~63)","상여금 및 성과금[천원]","천원","1519.1","1705.8","1788.2","1580.2","1363.6","1467.5",
"6규모(상용근로자 1000인 이상)","J.정보통신업(58~63)","간접노동비용(계)[천원]","천원","2085.3","2171.5","2472.7","2204.4","1881","1974.3",
"6규모(상용근로자 1000인 이상)","J.정보통신업(58~63)","퇴직급여 등의 비용[천원]","천원","593.4","705.3","937.8","900","677.6","731.1",
"6규모(상용근로자 1000인 이상)","J.정보통신업(58~63)","법정노동비용[천원]","천원","708.3","703","692.2","612.6","576.8","574.5",
"6규모(상용근로자 1000인 이상)","J.정보통신업(58~63)","법정외 복지비용[천원]","천원","685.3","648.8","699.6","550.4","507.3","532.5",
"6규모(상용근로자 1000인 이상)","J.정보통신업(58~63)","채용관련비용(모집비)[천원]","천원","15.8","16.9","44.9","13.3","11.1","11",
"6규모(상용근로자 1000인 이상)","J.정보통신업(58~63)","교육훈련비용[천원]","천원","82.5","97.5","98.3","128","108.1","125.3",
"6규모(상용근로자 1000인 이상)","K.금융 및 보험업(64~66)","노동비용총액[천원]","천원","12226.1","11535.2","12602.7","11273.6","10302.8","9737.7",
"6규모(상용근로자 1000인 이상)","K.금융 및 보험업(64~66)","직접노동비용(계)[천원]","천원","9440","8950.6","9218.1","8629.1","7917.4","7388.6",
"6규모(상용근로자 1000인 이상)","K.금융 및 보험업(64~66)","정액 및 초과급여[천원]","천원","6092.4","5757.5","5638.6","5358.4","5209.7","4975.2",
"6규모(상용근로자 1000인 이상)","K.금융 및 보험업(64~66)","상여금 및 성과금[천원]","천원","3347.6","3193.1","3579.5","3270.8","2707.8","2413.4",
"6규모(상용근로자 1000인 이상)","K.금융 및 보험업(64~66)","간접노동비용(계)[천원]","천원","2786.1","2584.6","3384.5","2644.5","2385.3","2349",
"6규모(상용근로자 1000인 이상)","K.금융 및 보험업(64~66)","퇴직급여 등의 비용[천원]","천원","958.5","876.7","1784","1108.8","1000.4","1056.5",
"6규모(상용근로자 1000인 이상)","K.금융 및 보험업(64~66)","법정노동비용[천원]","천원","860.8","865.1","840.9","739.5","702.5","655.3",
"6규모(상용근로자 1000인 이상)","K.금융 및 보험업(64~66)","법정외 복지비용[천원]","천원","860.9","748.1","672.8","723.5","620.4","555.4",
"6규모(상용근로자 1000인 이상)","K.금융 및 보험업(64~66)","채용관련비용(모집비)[천원]","천원","14","12.3","10.6","8.5","6.5","8.6",
"6규모(상용근로자 1000인 이상)","K.금융 및 보험업(64~66)","교육훈련비용[천원]","천원","91.8","82.4","76.3","64.2","55.4","73.3",
"6규모(상용근로자 1000인 이상)","L.부동산업(68)","노동비용총액[천원]","천원","3644.4","3820.8","3751.6","2998.4","3162.5","3217",
"6규모(상용근로자 1000인 이상)","L.부동산업(68)","직접노동비용(계)[천원]","천원","3073.1","3172.5","3110.4","2530.8","2610.8","2663.7",
"6규모(상용근로자 1000인 이상)","L.부동산업(68)","정액 및 초과급여[천원]","천원","2820.3","2852.4","2805.6","2440","2403.5","2498.6",
"6규모(상용근로자 1000인 이상)","L.부동산업(68)","상여금 및 성과금[천원]","천원","252.8","320.1","304.7","90.9","207.3","165.1",
"6규모(상용근로자 1000인 이상)","L.부동산업(68)","간접노동비용(계)[천원]","천원","571.2","648.3","641.2","467.5","551.7","553.3",
"6규모(상용근로자 1000인 이상)","L.부동산업(68)","퇴직급여 등의 비용[천원]","천원","234.4","284.1","283.4","216.2","254.7","239.6",
"6규모(상용근로자 1000인 이상)","L.부동산업(68)","법정노동비용[천원]","천원","271","272.4","265","227.3","222.1","232",
"6규모(상용근로자 1000인 이상)","L.부동산업(68)","법정외 복지비용[천원]","천원","50.9","74.2","74.3","18.5","65.5","70.6",
"6규모(상용근로자 1000인 이상)","L.부동산업(68)","채용관련비용(모집비)[천원]","천원","3","3.4","5.5","1.4","1.7","1.6",
"6규모(상용근로자 1000인 이상)","L.부동산업(68)","교육훈련비용[천원]","천원","12","14.2","13.2","4.2","7.7","9.5",
"6규모(상용근로자 1000인 이상)","M.전문, 과학 및 기술 서비스업(70~73)","노동비용총액[천원]","천원","8387.6","8586.6","8153.1","8534.4","8400.1","7406.3",
"6규모(상용근로자 1000인 이상)","M.전문, 과학 및 기술 서비스업(70~73)","직접노동비용(계)[천원]","천원","6721.2","6652.3","6443","6743.8","6581.7","6008.6",
"6규모(상용근로자 1000인 이상)","M.전문, 과학 및 기술 서비스업(70~73)","정액 및 초과급여[천원]","천원","5669.7","5449.2","5230.8","4941.1","4906.4","4920.9",
"6규모(상용근로자 1000인 이상)","M.전문, 과학 및 기술 서비스업(70~73)","상여금 및 성과금[천원]","천원","1051.6","1203.2","1212.2","1802.7","1675.3","1087.7",
"6규모(상용근로자 1000인 이상)","M.전문, 과학 및 기술 서비스업(70~73)","간접노동비용(계)[천원]","천원","1666.4","1934.3","1710.1","1790.6","1818.5","1397.7",
"6규모(상용근로자 1000인 이상)","M.전문, 과학 및 기술 서비스업(70~73)","퇴직급여 등의 비용[천원]","천원","566.2","674","783.7","758.8","733.4","605.6",
"6규모(상용근로자 1000인 이상)","M.전문, 과학 및 기술 서비스업(70~73)","법정노동비용[천원]","천원","748","933.5","632.5","654.2","597.7","527.2",
"6규모(상용근로자 1000인 이상)","M.전문, 과학 및 기술 서비스업(70~73)","법정외 복지비용[천원]","천원","290.6","266","231.4","321.8","415.8","207.9",
"6규모(상용근로자 1000인 이상)","M.전문, 과학 및 기술 서비스업(70~73)","채용관련비용(모집비)[천원]","천원","9.7","11.6","11","18.2","23","8",
"6규모(상용근로자 1000인 이상)","M.전문, 과학 및 기술 서비스업(70~73)","교육훈련비용[천원]","천원","51.8","49.2","51.6","37.6","48.6","49",
"6규모(상용근로자 1000인 이상)","N.사업시설 관리, 사업 지원 및 임대 서비스업(74~76)","노동비용총액[천원]","천원","3564.6","3491.3","3330.6","3057.7","2989.8","2881.4",
"6규모(상용근로자 1000인 이상)","N.사업시설 관리, 사업 지원 및 임대 서비스업(74~76)","직접노동비용(계)[천원]","천원","2924.5","2855.8","2730.7","2528","2477.8","2417.7",
"6규모(상용근로자 1000인 이상)","N.사업시설 관리, 사업 지원 및 임대 서비스업(74~76)","정액 및 초과급여[천원]","천원","2758.3","2664.3","2543.5","2365.2","2332","2276.1",
"6규모(상용근로자 1000인 이상)","N.사업시설 관리, 사업 지원 및 임대 서비스업(74~76)","상여금 및 성과금[천원]","천원","166.2","191.4","187.2","162.8","145.8","141.6",
"6규모(상용근로자 1000인 이상)","N.사업시설 관리, 사업 지원 및 임대 서비스업(74~76)","간접노동비용(계)[천원]","천원","640.1","635.5","600","529.7","512","463.7",
"6규모(상용근로자 1000인 이상)","N.사업시설 관리, 사업 지원 및 임대 서비스업(74~76)","퇴직급여 등의 비용[천원]","천원","249.8","255.3","249.2","225.6","221.7","200.2",
"6규모(상용근로자 1000인 이상)","N.사업시설 관리, 사업 지원 및 임대 서비스업(74~76)","법정노동비용[천원]","천원","280.9","274.1","258.6","231.2","227.6","204.4",
"6규모(상용근로자 1000인 이상)","N.사업시설 관리, 사업 지원 및 임대 서비스업(74~76)","법정외 복지비용[천원]","천원","91.9","87","76.6","59.6","53.6","49.7",
"6규모(상용근로자 1000인 이상)","N.사업시설 관리, 사업 지원 및 임대 서비스업(74~76)","채용관련비용(모집비)[천원]","천원","7.2","9","6.6","7","3.6","3.1",
"6규모(상용근로자 1000인 이상)","N.사업시설 관리, 사업 지원 및 임대 서비스업(74~76)","교육훈련비용[천원]","천원","10.3","10.1","8.9","6.2","5.6","6.3",
"6규모(상용근로자 1000인 이상)","R.예술, 스포츠 및 여가관련 서비스업(90~91)","노동비용총액[천원]","천원","6604.7","6720","6584","7930.8","6970.5","6892.1",
"6규모(상용근로자 1000인 이상)","R.예술, 스포츠 및 여가관련 서비스업(90~91)","직접노동비용(계)[천원]","천원","5247.9","5002.5","4730","5159.3","4756.3","5181.7",
"6규모(상용근로자 1000인 이상)","R.예술, 스포츠 및 여가관련 서비스업(90~91)","정액 및 초과급여[천원]","천원","4493.1","4366.3","4237","4554.7","4000.7","4203.8",
"6규모(상용근로자 1000인 이상)","R.예술, 스포츠 및 여가관련 서비스업(90~91)","상여금 및 성과금[천원]","천원","754.8","636.2","493.1","604.6","755.6","977.8",
"6규모(상용근로자 1000인 이상)","R.예술, 스포츠 및 여가관련 서비스업(90~91)","간접노동비용(계)[천원]","천원","1356.8","1717.4","1853.9","2771.5","2214.2","1710.4",
"6규모(상용근로자 1000인 이상)","R.예술, 스포츠 및 여가관련 서비스업(90~91)","퇴직급여 등의 비용[천원]","천원","302","808","995.3","1759.5","1119.1","545.6",
"6규모(상용근로자 1000인 이상)","R.예술, 스포츠 및 여가관련 서비스업(90~91)","법정노동비용[천원]","천원","529.2","507.9","461.8","553.7","549.1","535.4",
"6규모(상용근로자 1000인 이상)","R.예술, 스포츠 및 여가관련 서비스업(90~91)","법정외 복지비용[천원]","천원","465.3","360","357.4","436.8","509.7","557.4",
"6규모(상용근로자 1000인 이상)","R.예술, 스포츠 및 여가관련 서비스업(90~91)","채용관련비용(모집비)[천원]","천원","13.7","13.5","9.7","3.7","1.4","6.9",
"6규모(상용근로자 1000인 이상)","R.예술, 스포츠 및 여가관련 서비스업(90~91)","교육훈련비용[천원]","천원","46.5","28","29.8","17.7","35","65.1",
"6규모(상용근로자 1000인 이상)","S.협회 및 단체, 수리 및 기타 개인 서비스업(94~96)","노동비용총액[천원]","천원","8182.8","7839","7515.7","7005.8","6082.5","7878.5",
"6규모(상용근로자 1000인 이상)","S.협회 및 단체, 수리 및 기타 개인 서비스업(94~96)","직접노동비용(계)[천원]","천원","6416.2","6281.4","5954.7","5482.1","4664.2","6129.5",
"6규모(상용근로자 1000인 이상)","S.협회 및 단체, 수리 및 기타 개인 서비스업(94~96)","정액 및 초과급여[천원]","천원","5129.2","4928.7","4651.4","4226.2","3698.1","4778.9",
"6규모(상용근로자 1000인 이상)","S.협회 및 단체, 수리 및 기타 개인 서비스업(94~96)","상여금 및 성과금[천원]","천원","1287","1352.8","1303.3","1255.9","966.1","1350.6",
"6규모(상용근로자 1000인 이상)","S.협회 및 단체, 수리 및 기타 개인 서비스업(94~96)","간접노동비용(계)[천원]","천원","1766.6","1557.5","1561","1523.7","1418.3","1749",
"6규모(상용근로자 1000인 이상)","S.협회 및 단체, 수리 및 기타 개인 서비스업(94~96)","퇴직급여 등의 비용[천원]","천원","456","331.8","506","469.7","496.2","756.5",
"6규모(상용근로자 1000인 이상)","S.협회 및 단체, 수리 및 기타 개인 서비스업(94~96)","법정노동비용[천원]","천원","700.4","701.6","641.2","576.2","455.1","479.7",
"6규모(상용근로자 1000인 이상)","S.협회 및 단체, 수리 및 기타 개인 서비스업(94~96)","법정외 복지비용[천원]","천원","594.4","507.4","400.4","468.6","461","454",
"6규모(상용근로자 1000인 이상)","S.협회 및 단체, 수리 및 기타 개인 서비스업(94~96)","채용관련비용(모집비)[천원]","천원","2.2","2.3",".5",".2",".5","1.3",
"6규모(상용근로자 1000인 이상)","S.협회 및 단체, 수리 및 기타 개인 서비스업(94~96)","교육훈련비용[천원]","천원","13.6","14.4","12.9","9","5.5","57.4",
