"규모별","산업별","항목","단위","2003 년","2002 년","2001 년","2000 년","1999 년","1998 년",
"전규모(10인이상)","전산업","노동비용총액[천원]","천원","3206","2827.57111","2661.10679","2777.33279","2370.76527","2324.7",
"전규모(10인이상)","전산업","현금급여총계[천원]","천원","2293.3","2053.45705","1840.42244","1740.69132","1550.01203","1409.4",
"전규모(10인이상)","전산업","정액및초과[천원]","천원","1756.9","1579.73582","1425.15107","1349.55655","1217.32804","1139",
"전규모(10인이상)","전산업","상여금등특별급여[천원]","천원","536.5","473.72123","415.27137","391.13477","332.68399","270.4",
"전규모(10인이상)","전산업","현금급여외 노동비용(계)[천원]","천원","912.6","774.11406","820.68435","1036.64147","820.75324","915.3",
"전규모(10인이상)","전산업","퇴직금등비용[천원]","천원","378.5","291.12171","384.73223","628.64807","435.97554","612.7",
"전규모(10인이상)","전산업","현물지급비용[천원]","천원","3.4","3.2937","1.88347","3.94733","4.69324","2.4",
"전규모(10인이상)","전산업","법정복리비[천원]","천원","242.8","220.47794","209.17506","182.1948","163.01807","121.3",
"전규모(10인이상)","전산업","법정외복리비[천원]","천원","227.3","197.29472","173.69213","168.68862","173.52039","140.8",
"전규모(10인이상)","전산업","모집비[천원]","천원","3.1","2.7431","3.08927","3.04285","2.48588","1.2",
"전규모(10인이상)","전산업","교육훈련비[천원]","천원","46.9","48.33792","40.57889","40.003","33.11226","28.6",
"전규모(10인이상)","전산업","기타노동비용[천원]","천원","10.5","10.84498","7.5333","10.1168","7.94786","8.4",
"전규모(10인이상)","광 업(10-14)","노동비용총액[천원]","천원","3708.9","3167.8602","3467.91959","3867.02345","2522.3677","3097.1",
"전규모(10인이상)","광 업(10-14)","현금급여총계[천원]","천원","2298.5","1992.48831","1778.31639","1696.16984","1560.32943","1513.5",
"전규모(10인이상)","광 업(10-14)","정액및초과[천원]","천원","1755.1","1580.22021","1440.3507","1362.38104","1285.88301","1264.7",
"전규모(10인이상)","광 업(10-14)","상여금등특별급여[천원]","천원","543.4","412.2681","337.96569","333.78879","274.44642","248.8",
"전규모(10인이상)","광 업(10-14)","현금급여외 노동비용(계)[천원]","천원","1410.4","1175.37188","1689.6032","2170.85361","962.03827","1583.7",
"전규모(10인이상)","광 업(10-14)","퇴직금등비용[천원]","천원","270.2","213.3192","839.7006","1430.88367","309.66707","1006.4",
"전규모(10인이상)","광 업(10-14)","현물지급비용[천원]","천원","1.5","1.35959","1.15456","1.32187","1.08744","1",
"전규모(10인이상)","광 업(10-14)","법정복리비[천원]","천원","965.6","799.80838","708.7932","601.98732","522.9655","405",
"전규모(10인이상)","광 업(10-14)","법정외복리비[천원]","천원","162.6","151.66076","132.5281","126.07834","123.56995","160.2",
"전규모(10인이상)","광 업(10-14)","모집비[천원]","천원",".3",".70561",".12438",".10862",".18404",".2",
"전규모(10인이상)","광 업(10-14)","교육훈련비[천원]","천원","4.1","3.68282","3.34272","7.26353","2.05407","8.4",
"전규모(10인이상)","광 업(10-14)","기타노동비용[천원]","천원","6.1","4.83551","3.95962","3.21026","2.5102","2.5",
"전규모(10인이상)","석탄광업","노동비용총액[천원]","천원","3877.1","3415.12245","3825.48886","4361.68891","2651.21574","3463.2",
"전규모(10인이상)","석탄광업","현금급여총계[천원]","천원","2383.1","2140.41521","1877.9515","1820.59622","1587.098","1632.8",
"전규모(10인이상)","석탄광업","정액및초과[천원]","천원","1754.7","1601.80165","1414.57689","1312.61968","1302.43491","1214.8",
"전규모(10인이상)","석탄광업","상여금등특별급여[천원]","천원","628.4","538.61357","463.37461","507.97654","284.66309","418",
"전규모(10인이상)","석탄광업","현금급여외 노동비용(계)[천원]","천원","1494","1274.70724","1947.53736","2541.09269","1064.11774","1830.4",
"전규모(10인이상)","석탄광업","퇴직금등비용[천원]","천원","216.6","212.92847","1013.73754","1725.30784","336.17776","1173.7",
"전규모(10인이상)","석탄광업","현물지급비용[천원]","천원","1.7","1.51952","1.4339","1.55306","1.29883","1.2",
"전규모(10인이상)","석탄광업","법정복리비[천원]","천원","1115.4","904.74896","815.2005","683.11941","596.27434","465.3",
"전규모(10인이상)","석탄광업","법정외복리비[천원]","천원","151.6","147.31094","110.8821","120.11873","126.24515","177.6",
"전규모(10인이상)","석탄광업","모집비[천원]","천원",".3",".76036",".06986",".11442",".18081",".2",
"전규모(10인이상)","석탄광업","교육훈련비[천원]","천원","4.3","3.88797","2.4046","8.08028","2.10695","10.3",
"전규모(10인이상)","석탄광업","기타노동비용[천원]","천원","4.2","3.55102","3.80886","2.79893","1.83391","2.1",
"전규모(10인이상)","금속 광업","노동비용총액[천원]","천원","2678.8","2595.03349","2262.07198","2170.05809","1722.55717","1602.9",
"전규모(10인이상)","금속 광업","현금급여총계[천원]","천원","2025.2","2076.58917","1818.12666","1773.32614","1178.1599","1135.6",
"전규모(10인이상)","금속 광업","정액및초과[천원]","천원","1698.7","1647.14848","1209.99027","1242.35261","998.24873","1040.3",
"전규모(10인이상)","금속 광업","상여금등특별급여[천원]","천원","326.5","429.44069","608.13639","530.97353","179.91117","95.3",
"전규모(10인이상)","금속 광업","현금급여외 노동비용(계)[천원]","천원","653.6","518.44432","443.94532","396.73195","544.39727","467.3",
"전규모(10인이상)","금속 광업","퇴직금등비용[천원]","천원","266.5","248.83868","121.65122","134.84826","315.72642","227.6",
"전규모(10인이상)","금속 광업","현물지급비용[천원]","천원","0","1.09071","0",".65147",".30724","0",
"전규모(10인이상)","금속 광업","법정복리비[천원]","천원","221.6","183.16495","184.69679","162.58795","152.85052","170.1",
"전규모(10인이상)","금속 광업","법정외복리비[천원]","천원","143.1","79.5367","136.1869","95.54438","73.43401","66.3",
"전규모(10인이상)","금속 광업","모집비[천원]","천원","1.2",".34078","0","0",".42746",".2",
"전규모(10인이상)","금속 광업","교육훈련비[천원]","천원","2","1.43902","1.41041","1.86211",".59631",".1",
"전규모(10인이상)","금속 광업","기타노동비용[천원]","천원","19.3","4.03349","0","1.23779","1.0553","3",
"전규모(10인이상)","기타 광업 및 채석업","노동비용총액[천원]","천원","3460.6","2644.79091","2438.06703","2217.70804","2102.7216","2082.6",
"전규모(10인이상)","기타 광업 및 채석업","현금급여총계[천원]","천원","2231.4","1886.90643","1684.88334","1613.31617","1635.14075","1434.4",
"전규모(10인이상)","기타 광업 및 채석업","정액및초과[천원]","천원","1753.1","1568.75752","1488.34497","1414.58989","1370.63334","1317.1",
"전규모(10인이상)","기타 광업 및 채석업","상여금등특별급여[천원]","천원","478.3","318.14891","196.53837","198.72627","264.50741","117.3",
"전규모(10인이상)","기타 광업 및 채석업","현금급여외 노동비용(계)[천원]","천원","1229.1","757.88448","753.18369","604.39187","467.58085","648.2",
"전규모(10인이상)","기타 광업 및 채석업","퇴직금등비용[천원]","천원","633.5","201.03717","119.45862","95.00043","95.36656","387",
"전규모(10인이상)","기타 광업 및 채석업","현물지급비용[천원]","천원",".3",".35398","0","0","0","0",
"전규모(10인이상)","기타 광업 및 채석업","법정복리비[천원]","천원","332.5","326.06065","329.86304","298.49893","220.50331","149.6",
"전규모(10인이상)","기타 광업 및 채석업","법정외복리비[천원]","천원","246.7","212.59599","283.95282","197.71934","140.00281","104.9",
"전규모(10인이상)","기타 광업 및 채석업","모집비[천원]","천원",".1",".4767",".60228",".14758",".02705","0",
"전규모(10인이상)","기타 광업 및 채석업","교육훈련비[천원]","천원","3.9","3.19563","11.41512","4.97675","2.72891","1.4",
"전규모(10인이상)","기타 광업 및 채석업","기타노동비용[천원]","천원","12.1","14.16437","7.89181","8.04884","8.95221","5.3",
"전규모(10인이상)","제 조 업(15-37)","노동비용총액[천원]","천원","2927.9","2684.35596","2403.86722","2450.83263","2116.515","2012.4",
"전규모(10인이상)","제 조 업(15-37)","현금급여총계[천원]","천원","2065.1","1907.62409","1696.70164","1601.0027","1437.6564","1289.4",
"전규모(10인이상)","제 조 업(15-37)","정액및초과[천원]","천원","1596.5","1482.53872","1308.56377","1243.12763","1137.12833","1056",
"전규모(10인이상)","제 조 업(15-37)","상여금등특별급여[천원]","천원","468.6","425.08537","388.13787","357.87507","300.52807","233.4",
"전규모(10인이상)","제 조 업(15-37)","현금급여외 노동비용(계)[천원]","천원","862.8","776.73187","707.16558","849.82993","678.8586","723",
"전규모(10인이상)","제 조 업(15-37)","퇴직금등비용[천원]","천원","311.8","305.82666","286.5223","459.33894","329.8194","447",
"전규모(10인이상)","제 조 업(15-37)","현물지급비용[천원]","천원","5.1","4.60132","2.62976","5.56684","8.0678","3.5",
"전규모(10인이상)","제 조 업(15-37)","법정복리비[천원]","천원","236.6","203.41438","200.99323","165.78117","147.16697","106.8",
"전규모(10인이상)","제 조 업(15-37)","법정외복리비[천원]","천원","247","202.8955","169.89127","173.6838","156.77388","134.3",
"전규모(10인이상)","제 조 업(15-37)","모집비[천원]","천원","4.1","3.23899","4.0953","3.94564","2.77574","1.3",
"전규모(10인이상)","제 조 업(15-37)","교육훈련비[천원]","천원","45.5","42.94018","34.70135","29.82657","24.89382","21.7",
"전규모(10인이상)","제 조 업(15-37)","기타노동비용[천원]","천원","12.8","13.81485","8.33237","11.68697","9.36098","8.3",
"전규모(10인이상)","음식료품 제조업","노동비용총액[천원]","천원","2673.5","2498.84981","2324.77918","2145.50627","1763.66772","1695.2",
"전규모(10인이상)","음식료품 제조업","현금급여총계[천원]","천원","1953","1857.31651","1756.23076","1599.69623","1181.71634","1102",
"전규모(10인이상)","음식료품 제조업","정액및초과[천원]","천원","1502.5","1434.9532","1341.9062","1217.0289","1026.93603","925.3",
"전규모(10인이상)","음식료품 제조업","상여금등특별급여[천원]","천원","450.5","422.36331","414.32457","382.66732","154.78031","176.7",
"전규모(10인이상)","음식료품 제조업","현금급여외 노동비용(계)[천원]","천원","720.6","641.5333","568.54842","545.81005","581.95138","593.2",
"전규모(10인이상)","음식료품 제조업","퇴직금등비용[천원]","천원","314.5","261.7508","228.73021","253.72343","299.45851","352.5",
"전규모(10인이상)","음식료품 제조업","현물지급비용[천원]","천원","4.1","4.05588","3.11454","3.13947","8.44019","6.8",
"전규모(10인이상)","음식료품 제조업","법정복리비[천원]","천원","187.9","171.96411","154.18018","131.44555","116.33099","81.8",
"전규모(10인이상)","음식료품 제조업","법정외복리비[천원]","천원","175.8","154.52907","136.41365","126.22615","126.49032","128.6",
"전규모(10인이상)","음식료품 제조업","모집비[천원]","천원","2.6","2.69961","1.80388","2.19264","5.74908",".4",
"전규모(10인이상)","음식료품 제조업","교육훈련비[천원]","천원","26.2","34.72583","30.95464","21.41845","19.76501","16.4",
"전규모(10인이상)","음식료품 제조업","기타노동비용[천원]","천원","9.4","11.808","13.35132","7.66435","5.71728","6.9",
"전규모(10인이상)","담배제조업","노동비용총액[천원]","천원","4839.3","4386.16921","4471.63658","4497.32074","8481.52312","4372.6",
"전규모(10인이상)","담배제조업","현금급여총계[천원]","천원","3759.4","3322.77998","3537.36006","3488.10981","2174.42376","2324.9",
"전규모(10인이상)","담배제조업","정액및초과[천원]","천원","3054.2","2686.56082","2639.25167","2469.79549","1757.39967","1608.7",
"전규모(10인이상)","담배제조업","상여금등특별급여[천원]","천원","705.2","636.21916","898.10838","1018.31432","417.02409","716.2",
"전규모(10인이상)","담배제조업","현금급여외 노동비용(계)[천원]","천원","1079.9","1063.38923","934.27653","1009.21094","6307.09936","2047.7",
"전규모(10인이상)","담배제조업","퇴직금등비용[천원]","천원","139.8","89.58627","53.30203","466.2846","5919.29541","1619.8",
"전규모(10인이상)","담배제조업","현물지급비용[천원]","천원","0","0","0","0","0","0",
"전규모(10인이상)","담배제조업","법정복리비[천원]","천원","316.9","310.03039","294.65154","248.28196","203.49442","116.3",
"전규모(10인이상)","담배제조업","법정외복리비[천원]","천원","447.2","462.12827","427.72327","200.40646","98.30113","228.4",
"전규모(10인이상)","담배제조업","모집비[천원]","천원","1.1","0","2.81381",".00625","0",".6",
"전규모(10인이상)","담배제조업","교육훈련비[천원]","천원","116.1","146.15565","75.23707","57.74471","60.28536","37.4",
"전규모(10인이상)","담배제조업","기타노동비용[천원]","천원","58.8","55.48865","80.5488","36.48696","25.72303","45",
"전규모(10인이상)","섬유제품 제조업","노동비용총액[천원]","천원","2378.9","2177.55992","1772.11663","1687.54973","1483.08162","1533.8",
"전규모(10인이상)","섬유제품 제조업","현금급여총계[천원]","천원","1542.9","1458.51035","1314.73573","1196.76096","1077.56386","1085.4",
"전규모(10인이상)","섬유제품 제조업","정액및초과[천원]","천원","1320.8","1247.91292","1135.25782","1041.43091","875.21786","962.8",
"전규모(10인이상)","섬유제품 제조업","상여금등특별급여[천원]","천원","222.1","210.59743","179.4779","155.33005","202.34601","122.6",
"전규모(10인이상)","섬유제품 제조업","현금급여외 노동비용(계)[천원]","천원","836","719.04957","457.3809","490.78877","405.51776","448.5",
"전규모(10인이상)","섬유제품 제조업","퇴직금등비용[천원]","천원","404.2","287.52111","198.45832","231.10986","174.19385","260.9",
"전규모(10인이상)","섬유제품 제조업","현물지급비용[천원]","천원",".5",".27719",".21947",".28189",".22396","6.4",
"전규모(10인이상)","섬유제품 제조업","법정복리비[천원]","천원","200.8","169.81016","122.27208","115.5487","105.6122","68.2",
"전규모(10인이상)","섬유제품 제조업","법정외복리비[천원]","천원","205.1","232.17486","122.8121","123.91228","102.38101","99.1",
"전규모(10인이상)","섬유제품 제조업","모집비[천원]","천원","1.1",".31113",".85084",".47253","1.02694","2",
"전규모(10인이상)","섬유제품 제조업","교육훈련비[천원]","천원","22.4","27.61961","11.16771","18.40888","17.95601","11.2",
"전규모(10인이상)","섬유제품 제조업","기타노동비용[천원]","천원","1.9","1.33551","1.60038","1.05461","4.12378",".8",
"전규모(10인이상)","의복 및 모피제품 제조업","노동비용총액[천원]","천원","1744.1","1606.34777","1462.2077","1399.35287","1273.09985","1177",
"전규모(10인이상)","의복 및 모피제품 제조업","현금급여총계[천원]","천원","1381","1261.71103","1131.60974","1042.92666","912.54786","830.1",
"전규모(10인이상)","의복 및 모피제품 제조업","정액및초과[천원]","천원","1266.4","1149.70053","1013.11612","937.82359","829.90411","792.6",
"전규모(10인이상)","의복 및 모피제품 제조업","상여금등특별급여[천원]","천원","114.7","112.0105","118.49362","105.10307","82.64376","37.5",
"전규모(10인이상)","의복 및 모피제품 제조업","현금급여외 노동비용(계)[천원]","천원","363.1","344.63674","330.59796","356.42621","360.55199","346.9",
"전규모(10인이상)","의복 및 모피제품 제조업","퇴직금등비용[천원]","천원","161.4","144.01808","154.73808","190.10584","178.6656","214.4",
"전규모(10인이상)","의복 및 모피제품 제조업","현물지급비용[천원]","천원",".1",".06554","9.529",".03518",".095",".1",
"전규모(10인이상)","의복 및 모피제품 제조업","법정복리비[천원]","천원","127.5","112.03072","98.31305","95.48189","87.38741","53.6",
"전규모(10인이상)","의복 및 모피제품 제조업","법정외복리비[천원]","천원","58.6","72.72071","59.37049","63.95306","87.47282","71.6",
"전규모(10인이상)","의복 및 모피제품 제조업","모집비[천원]","천원",".9","1.20456",".48417",".38391",".38401",".5",
"전규모(10인이상)","의복 및 모피제품 제조업","교육훈련비[천원]","천원","10.6","10.73405","7.26964","5.8148","3.59549","4.2",
"전규모(10인이상)","의복 및 모피제품 제조업","기타노동비용[천원]","천원","4","3.86308",".89354",".65152","2.95165","2.5",
"전규모(10인이상)","가죽, 가방 및 신발 제조업","노동비용총액[천원]","천원","2086.7","1933.38148","1637.59813","1508.59206","1382.93037","1241.5",
"전규모(10인이상)","가죽, 가방 및 신발 제조업","현금급여총계[천원]","천원","1540.1","1412.91672","1274.37675","1146.93728","1011.84413","929.1",
"전규모(10인이상)","가죽, 가방 및 신발 제조업","정액및초과[천원]","천원","1337.3","1220.28377","1130.38062","1047.57154","895.14317","862.2",
"전규모(10인이상)","가죽, 가방 및 신발 제조업","상여금등특별급여[천원]","천원","202.7","192.63294","143.99613","99.36574","116.70097","66.9",
"전규모(10인이상)","가죽, 가방 및 신발 제조업","현금급여외 노동비용(계)[천원]","천원","546.6","520.46477","363.22138","361.65479","371.08624","312.4",
"전규모(10인이상)","가죽, 가방 및 신발 제조업","퇴직금등비용[천원]","천원","277.1","226.07106","140.41197","165.15527","175.33372","186",
"전규모(10인이상)","가죽, 가방 및 신발 제조업","현물지급비용[천원]","천원","2.8","2.77006","5.69701",".61532",".36534",".4",
"전규모(10인이상)","가죽, 가방 및 신발 제조업","법정복리비[천원]","천원","159.4","146.96617","126.12411","107.44731","95.79925","76",
"전규모(10인이상)","가죽, 가방 및 신발 제조업","법정외복리비[천원]","천원","97.3","130.34752","80.28041","78.02705","93.18487","45.8",
"전규모(10인이상)","가죽, 가방 및 신발 제조업","모집비[천원]","천원",".7",".86111","1.08782",".52368",".52077",".6",
"전규모(10인이상)","가죽, 가방 및 신발 제조업","교육훈련비[천원]","천원","5.7","11.16686","7.28363","7.45849","3.76399","2.3",
"전규모(10인이상)","가죽, 가방 및 신발 제조업","기타노동비용[천원]","천원","3.8","2.28198","2.33641","2.42767","2.1183","1.3",
"전규모(10인이상)","목재 및 나무제품 제조업(가구제외)","노동비용총액[천원]","천원","2596.3","2322.69022","2081.08521","1829.21068","1613.83781","1616.5",
"전규모(10인이상)","목재 및 나무제품 제조업(가구제외)","현금급여총계[천원]","천원","1814.8","1650.58888","1507.21124","1347.40496","1138.0066","1115",
"전규모(10인이상)","목재 및 나무제품 제조업(가구제외)","정액및초과[천원]","천원","1584.7","1436.37168","1325.22831","1166.50407","992.29128","1022.4",
"전규모(10인이상)","목재 및 나무제품 제조업(가구제외)","상여금등특별급여[천원]","천원","230.2","214.2172","181.98293","180.90089","145.71531","92.6",
"전규모(10인이상)","목재 및 나무제품 제조업(가구제외)","현금급여외 노동비용(계)[천원]","천원","781.4","672.10134","573.87397","481.80572","475.83121","501.5",
"전규모(10인이상)","목재 및 나무제품 제조업(가구제외)","퇴직금등비용[천원]","천원","429.2","311.79662","235.87208","205.21359","199.58013","227.6",
"전규모(10인이상)","목재 및 나무제품 제조업(가구제외)","현물지급비용[천원]","천원",".4","9.24273","5.77515","1.66511","1.82963","10.3",
"전규모(10인이상)","목재 및 나무제품 제조업(가구제외)","법정복리비[천원]","천원","200.3","197.77274","192.45705","158.6406","140.26625","117.9",
"전규모(10인이상)","목재 및 나무제품 제조업(가구제외)","법정외복리비[천원]","천원","130.1","126.30856","120.41865","104.6537","111.51559","126.9",
"전규모(10인이상)","목재 및 나무제품 제조업(가구제외)","모집비[천원]","천원",".5",".24491",".33166","1.20927","9.93544","7.5",
"전규모(10인이상)","목재 및 나무제품 제조업(가구제외)","교육훈련비[천원]","천원","11.1","12.08417","13.06656","7.1632","9.00642","8.7",
"전규모(10인이상)","목재 및 나무제품 제조업(가구제외)","기타노동비용[천원]","천원","9.8","14.65159","5.95284","3.26026","3.69776","2.6",
"전규모(10인이상)","펄프, 종이 및 종이제품 제조업","노동비용총액[천원]","천원","3160.5","2808.36799","2890.19316","2445.73347","2494.77967","2165.5",
"전규모(10인이상)","펄프, 종이 및 종이제품 제조업","현금급여총계[천원]","천원","2159.2","1984.06535","1771.27375","1671.63947","1511.10776","1329.9",
"전규모(10인이상)","펄프, 종이 및 종이제품 제조업","정액및초과[천원]","천원","1663.7","1492.07266","1403.58135","1332.48294","1186.64051","1088.3",
"전규모(10인이상)","펄프, 종이 및 종이제품 제조업","상여금등특별급여[천원]","천원","495.5","491.99269","367.6924","339.15653","324.46724","241.6",
"전규모(10인이상)","펄프, 종이 및 종이제품 제조업","현금급여외 노동비용(계)[천원]","천원","1001.2","824.30265","1118.91941","774.09401","983.67191","835.6",
"전규모(10인이상)","펄프, 종이 및 종이제품 제조업","퇴직금등비용[천원]","천원","502.3","325.58345","639.1886","341.21607","629.01184","559",
"전규모(10인이상)","펄프, 종이 및 종이제품 제조업","현물지급비용[천원]","천원","0",".98796",".54768",".01949",".09377",".1",
"전규모(10인이상)","펄프, 종이 및 종이제품 제조업","법정복리비[천원]","천원","244.8","236.84991","215.18661","190.08063","156.48668","108.6",
"전규모(10인이상)","펄프, 종이 및 종이제품 제조업","법정외복리비[천원]","천원","198.1","197.30129","209.6567","187.99347","157.81802","126.9",
"전규모(10인이상)","펄프, 종이 및 종이제품 제조업","모집비[천원]","천원","1.3","2.16012","1.45108","2.34609","1.16929","1.7",
"전규모(10인이상)","펄프, 종이 및 종이제품 제조업","교육훈련비[천원]","천원","40.9","47.58084","35.7457","34.17062","31.97402","35.2",
"전규모(10인이상)","펄프, 종이 및 종이제품 제조업","기타노동비용[천원]","천원","13.9","13.83908","17.14304","18.26764","7.1183","4.2",
"전규모(10인이상)","출판, 인쇄 및 기록매체 복제업","노동비용총액[천원]","천원","2937.5","2771.45387","2762.53196","3371.76182","2209.61056","2905.5",
"전규모(10인이상)","출판, 인쇄 및 기록매체 복제업","현금급여총계[천원]","천원","2185.2","2026.80909","2070.59498","1875.67595","1459.48512","1407.8",
"전규모(10인이상)","출판, 인쇄 및 기록매체 복제업","정액및초과[천원]","천원","1828.8","1682.3004","1555.69458","1407.14038","1207.48754","1211.3",
"전규모(10인이상)","출판, 인쇄 및 기록매체 복제업","상여금등특별급여[천원]","천원","356.5","344.5087","514.9004","468.53556","251.99758","196.6",
"전규모(10인이상)","출판, 인쇄 및 기록매체 복제업","현금급여외 노동비용(계)[천원]","천원","752.3","744.64477","691.93698","1496.08587","750.12544","1497.7",
"전규모(10인이상)","출판, 인쇄 및 기록매체 복제업","퇴직금등비용[천원]","천원","318","347.96296","257.74897","1183.2316","418.17874","1259.1",
"전규모(10인이상)","출판, 인쇄 및 기록매체 복제업","현물지급비용[천원]","천원",".5","5.77679",".17815","10.62616","22.70406","1.4",
"전규모(10인이상)","출판, 인쇄 및 기록매체 복제업","법정복리비[천원]","천원","215.3","194.91083","180.40994","158.75006","131.72723","103.8",
"전규모(10인이상)","출판, 인쇄 및 기록매체 복제업","법정외복리비[천원]","천원","187.4","162.19814","213.08217","120.63803","151.63458","119.6",
"전규모(10인이상)","출판, 인쇄 및 기록매체 복제업","모집비[천원]","천원","1.1","3.06383",".72093",".75938",".75791",".3",
"전규모(10인이상)","출판, 인쇄 및 기록매체 복제업","교육훈련비[천원]","천원","22.1","22.84809","20.87457","12.71237","11.81376","5.9",
"전규모(10인이상)","출판, 인쇄 및 기록매체 복제업","기타노동비용[천원]","천원","7.9","7.88413","18.92225","9.36826","13.30916","7.6",
"전규모(10인이상)","코크스, 석유 정제품 및 핵연료 제조업","노동비용총액[천원]","천원","5014.2","4923.71959","4196.07848","3651.65248","3176.31915","3705.1",
"전규모(10인이상)","코크스, 석유 정제품 및 핵연료 제조업","현금급여총계[천원]","천원","3665.2","3258.76407","2847.78654","2603.95376","1904.36755","2276.1",
"전규모(10인이상)","코크스, 석유 정제품 및 핵연료 제조업","정액및초과[천원]","천원","2388","2120.84513","1889.90181","1743.79515","1377.92658","1508.8",
"전규모(10인이상)","코크스, 석유 정제품 및 핵연료 제조업","상여금등특별급여[천원]","천원","1277.2","1137.91894","957.88473","860.15861","526.44097","767.4",
"전규모(10인이상)","코크스, 석유 정제품 및 핵연료 제조업","현금급여외 노동비용(계)[천원]","천원","1349","1664.95552","1348.29194","1047.69872","1271.9516","1429",
"전규모(10인이상)","코크스, 석유 정제품 및 핵연료 제조업","퇴직금등비용[천원]","천원","542.3","863.30702","694.24227","366.54693","747.11741","1085",
"전규모(10인이상)","코크스, 석유 정제품 및 핵연료 제조업","현물지급비용[천원]","천원","16.9","15.27198","5.35085","3.92855",".82776","1",
"전규모(10인이상)","코크스, 석유 정제품 및 핵연료 제조업","법정복리비[천원]","천원","332.1","293.44011","243.53153","226.07607","195.73484","134.7",
"전규모(10인이상)","코크스, 석유 정제품 및 핵연료 제조업","법정외복리비[천원]","천원","349.3","319.16524","319.6043","379.42748","253.32584","176.9",
"전규모(10인이상)","코크스, 석유 정제품 및 핵연료 제조업","모집비[천원]","천원","2.2","4.00148","3.65129","3.10758",".49623","4.5",
"전규모(10인이상)","코크스, 석유 정제품 및 핵연료 제조업","교육훈련비[천원]","천원","84.7","73.18454","63.35045","55.58172","56.56388","20.5",
"전규모(10인이상)","코크스, 석유 정제품 및 핵연료 제조업","기타노동비용[천원]","천원","21.6","96.58515","18.56125","13.03038","17.88564","6.4",
"전규모(10인이상)","화합물 및 화학제품 제조업","노동비용총액[천원]","천원","3617","3058.48435","2993.14475","2814.14642","2223.69666","2209.6",
"전규모(10인이상)","화합물 및 화학제품 제조업","현금급여총계[천원]","천원","2803","2465.05996","2282.69176","2116.33135","1448.28823","1540.6",
"전규모(10인이상)","화합물 및 화학제품 제조업","정액및초과[천원]","천원","1930.8","1744.73171","1626.54851","1519.56038","1132.96209","1188.1",
"전규모(10인이상)","화합물 및 화학제품 제조업","상여금등특별급여[천원]","천원","872.2","720.32824","656.14325","596.77098","315.32614","352.5",
"전규모(10인이상)","화합물 및 화학제품 제조업","현금급여외 노동비용(계)[천원]","천원","814.1","593.4244","710.45299","697.81507","775.40843","669",
"전규모(10인이상)","화합물 및 화학제품 제조업","퇴직금등비용[천원]","천원","340.1","241.64101","299.05251","326.38208","383.60367","360.4",
"전규모(10인이상)","화합물 및 화학제품 제조업","현물지급비용[천원]","천원","2.8","1.1933",".77039","1.54329","11.47166","8.4",
"전규모(10인이상)","화합물 및 화학제품 제조업","법정복리비[천원]","천원","213.5","155.37596","177.61852","151.4181","142.79726","100.3",
"전규모(10인이상)","화합물 및 화학제품 제조업","법정외복리비[천원]","천원","185.1","148.05628","173.27851","156.35457","174.9766","157.3",
"전규모(10인이상)","화합물 및 화학제품 제조업","모집비[천원]","천원","2.9","2.32015","3.17938","3.25918","1.75713",".8",
"전규모(10인이상)","화합물 및 화학제품 제조업","교육훈련비[천원]","천원","57.7","37.21164","45.06644","44.42902","46.05731","31.8",
"전규모(10인이상)","화합물 및 화학제품 제조업","기타노동비용[천원]","천원","11.9","7.62606","11.48725","14.42883","14.74479","10.2",
"전규모(10인이상)","고무 및 플라스틱 제품 제조업","노동비용총액[천원]","천원","2609.3","2401.61965","2146.45611","2012.88907","1677.71655","1832.5",
"전규모(10인이상)","고무 및 플라스틱 제품 제조업","현금급여총계[천원]","천원","1879.6","1745.29479","1601.36182","1492.66167","1256.59923","1190.4",
"전규모(10인이상)","고무 및 플라스틱 제품 제조업","정액및초과[천원]","천원","1507.1","1397.28448","1302.00775","1200.93398","994.09133","1021.7",
"전규모(10인이상)","고무 및 플라스틱 제품 제조업","상여금등특별급여[천원]","천원","372.5","348.01031","299.35407","291.72768","262.5079","168.7",
"전규모(10인이상)","고무 및 플라스틱 제품 제조업","현금급여외 노동비용(계)[천원]","천원","729.7","656.32485","545.09429","520.2274","421.11731","642.1",
"전규모(10인이상)","고무 및 플라스틱 제품 제조업","퇴직금등비용[천원]","천원","295.9","243.76294","228.65442","132.25929","162.75225","401.1",
"전규모(10인이상)","고무 및 플라스틱 제품 제조업","현물지급비용[천원]","천원",".2","1.92329","1.18961","1.42841","1.13177","7.6",
"전규모(10인이상)","고무 및 플라스틱 제품 제조업","법정복리비[천원]","천원","205.3","189.47601","163.52201","239.61019","80.88629","99.1",
"전규모(10인이상)","고무 및 플라스틱 제품 제조업","법정외복리비[천원]","천원","188.8","177.43099","129.64737","100.28862","151.83803","116.3",
"전규모(10인이상)","고무 및 플라스틱 제품 제조업","모집비[천원]","천원","1.4","1.49848","1.02069","1.28236",".7046",".8",
"전규모(10인이상)","고무 및 플라스틱 제품 제조업","교육훈련비[천원]","천원","31.7","18.64787","8.97378","13.95019","13.26437","12.4",
"전규모(10인이상)","고무 및 플라스틱 제품 제조업","기타노동비용[천원]","천원","6.4","23.58528","12.08642","31.40834","10.53999","4.8",
"전규모(10인이상)","비금속 광물제품 제조업","노동비용총액[천원]","천원","2884.2","2651.96249","2552.60172","2205.69081","1968.92511","2082.5",
"전규모(10인이상)","비금속 광물제품 제조업","현금급여총계[천원]","천원","2115.1","1889.20195","1945.35894","1628.99703","1264.60813","1303.3",
"전규모(10인이상)","비금속 광물제품 제조업","정액및초과[천원]","천원","1617.1","1475.23893","1469.26027","1312.41703","1026.67081","1097.1",
"전규모(10인이상)","비금속 광물제품 제조업","상여금등특별급여[천원]","천원","498","413.96303","476.09867","316.58","237.93733","206.2",
"전규모(10인이상)","비금속 광물제품 제조업","현금급여외 노동비용(계)[천원]","천원","769.2","762.76054","607.24278","576.69378","704.31697","779.1",
"전규모(10인이상)","비금속 광물제품 제조업","퇴직금등비용[천원]","천원","291.7","330.99152","224.10179","234.27682","386.95962","502.2",
"전규모(10인이상)","비금속 광물제품 제조업","현물지급비용[천원]","천원","6.2","6.16238","4.37569","4.0524","10.76031","2",
"전규모(10인이상)","비금속 광물제품 제조업","법정복리비[천원]","천원","221","193.72283","178.05498","144.9555","146.22003","118.9",
"전규모(10인이상)","비금속 광물제품 제조업","법정외복리비[천원]","천원","210.3","195.84937","171.43143","170.07889","139.02179","134.7",
"전규모(10인이상)","비금속 광물제품 제조업","모집비[천원]","천원","1.1",".7517",".75602",".58635","1.47253",".2",
"전규모(10인이상)","비금속 광물제품 제조업","교육훈련비[천원]","천원","20.6","17.04966","13.46828","10.47824","9.81046","10.4",
"전규모(10인이상)","비금속 광물제품 제조업","기타노동비용[천원]","천원","18.3","18.23309","15.05459","12.26557","10.07223","10.7",
"전규모(10인이상)","제1차 금속산업","노동비용총액[천원]","천원","3306.6","2839.07264","2431.88984","5628.16521","2414.19646","2201.7",
"전규모(10인이상)","제1차 금속산업","현금급여총계[천원]","천원","2216.6","2047.43212","1758.59313","1746.18204","1683.09013","1549.2",
"전규모(10인이상)","제1차 금속산업","정액및초과[천원]","천원","1726.5","1631.63836","1387.33842","1341.09301","1243.04929","1223.5",
"전규모(10인이상)","제1차 금속산업","상여금등특별급여[천원]","천원","490.1","415.79376","371.25471","405.08903","440.04085","325.7",
"전규모(10인이상)","제1차 금속산업","현금급여외 노동비용(계)[천원]","천원","1090","791.64052","673.29671","3881.98317","731.10633","652.5",
"전규모(10인이상)","제1차 금속산업","퇴직금등비용[천원]","천원","202.5","149.92719","120.1234","3346.88284","189.77192","273.2",
"전규모(10인이상)","제1차 금속산업","현물지급비용[천원]","천원","2.8","1.1907",".54949",".68778","7.35751",".3",
"전규모(10인이상)","제1차 금속산업","법정복리비[천원]","천원","278.4","245.52948","226.60692","204.67225","176.06961","121",
"전규모(10인이상)","제1차 금속산업","법정외복리비[천원]","천원","517.2","312.05992","293.3974","268.15565","299.18806","198.8",
"전규모(10인이상)","제1차 금속산업","모집비[천원]","천원","1.4","1.14791",".97692","1.5141",".37964",".4",
"전규모(10인이상)","제1차 금속산업","교육훈련비[천원]","천원","59.4","49.3469","25.83698","38.66017","39.13977","41.5",
"전규모(10인이상)","제1차 금속산업","기타노동비용[천원]","천원","28.3","32.43842","5.8056","21.41038","19.19982","17.4",
"전규모(10인이상)","조립금속제품 제조업","노동비용총액[천원]","천원","2427.2","2253.122","2057.66497","1977.99742","1441.26497","1556.2",
"전규모(10인이상)","조립금속제품 제조업","현금급여총계[천원]","천원","1803","1701.21297","1595.78119","1505.49117","1026.90226","1114",
"전규모(10인이상)","조립금속제품 제조업","정액및초과[천원]","천원","1497.5","1406.50805","1257.94465","1198.71675","892.31053","1007",
"전규모(10인이상)","조립금속제품 제조업","상여금등특별급여[천원]","천원","305.5","294.70493","337.83654","306.77442","134.59173","107.1",
"전규모(10인이상)","조립금속제품 제조업","현금급여외 노동비용(계)[천원]","천원","624.2","551.90903","461.88378","472.50625","414.36272","442.2",
"전규모(10인이상)","조립금속제품 제조업","퇴직금등비용[천원]","천원","265.3","210.37944","163.69373","201.54967","192.2574","239.3",
"전규모(10인이상)","조립금속제품 제조업","현물지급비용[천원]","천원","3.2","6.24617","1.65502",".93461","3.53495","1.3",
"전규모(10인이상)","조립금속제품 제조업","법정복리비[천원]","천원","176.4","162.65852","152.76725","130.18427","109.39441","84.1",
"전규모(10인이상)","조립금속제품 제조업","법정외복리비[천원]","천원","154.8","151.95584","127.87518","117.29352","95.87605","105.7",
"전규모(10인이상)","조립금속제품 제조업","모집비[천원]","천원","1.5","1.71073",".97682","5.94087","1.62033","1",
"전규모(10인이상)","조립금속제품 제조업","교육훈련비[천원]","천원","15.6","11.82538","9.43293","11.11352","8.99597","9",
"전규모(10인이상)","조립금속제품 제조업","기타노동비용[천원]","천원","7.5","7.13294","5.48285","5.48978","2.68361","1.8",
"전규모(10인이상)","달리 분류되지 않은 기계 및 장비 제조업","노동비용총액[천원]","천원","2949","2969.04233","2638.71776","2423.81935","2166.75812","1878.2",
"전규모(10인이상)","달리 분류되지 않은 기계 및 장비 제조업","현금급여총계[천원]","천원","1977.7","1807.18813","1784.71958","1647.30873","1505.50672","1299.3",
"전규모(10인이상)","달리 분류되지 않은 기계 및 장비 제조업","정액및초과[천원]","천원","1569.7","1456.61759","1353.0076","1287.41962","1145.69681","1092",
"전규모(10인이상)","달리 분류되지 않은 기계 및 장비 제조업","상여금등특별급여[천원]","천원","408","350.57054","431.71199","359.88911","359.80991","207.3",
"전규모(10인이상)","달리 분류되지 않은 기계 및 장비 제조업","현금급여외 노동비용(계)[천원]","천원","971.3","1161.8542","853.99817","776.51062","661.2514","578.9",
"전규모(10인이상)","달리 분류되지 않은 기계 및 장비 제조업","퇴직금등비용[천원]","천원","386","647.31703","406.24489","361.41115","347.49998","327.5",
"전규모(10인이상)","달리 분류되지 않은 기계 및 장비 제조업","현물지급비용[천원]","천원","1","1.1495","1.26367",".70088",".9299",".7",
"전규모(10인이상)","달리 분류되지 않은 기계 및 장비 제조업","법정복리비[천원]","천원","236.3","205.71904","184.30446","167.12756","156.31765","109.3",
"전규모(10인이상)","달리 분류되지 않은 기계 및 장비 제조업","법정외복리비[천원]","천원","241.5","226.74997","195.52754","191.44615","114.66712","120.4",
"전규모(10인이상)","달리 분류되지 않은 기계 및 장비 제조업","모집비[천원]","천원","2.3","1.9101","1.79393",".83212",".14629",".3",
"전규모(10인이상)","달리 분류되지 않은 기계 및 장비 제조업","교육훈련비[천원]","천원","98.6","74.80731","61.57442","51.22172","31.85731","17.1",
"전규모(10인이상)","달리 분류되지 않은 기계 및 장비 제조업","기타노동비용[천원]","천원","5.7","4.20127","3.28927","3.77103","9.83315","3.6",
"전규모(10인이상)","사무, 계산 및 회계용 기계 제조업","노동비용총액[천원]","천원","2671.9","2331.99503","2273.83859","2493.33184","1752.49264","1671.8",
"전규모(10인이상)","사무, 계산 및 회계용 기계 제조업","현금급여총계[천원]","천원","1972.9","1817.59582","1729.24885","1789.64834","1274.11092","1193.6",
"전규모(10인이상)","사무, 계산 및 회계용 기계 제조업","정액및초과[천원]","천원","1563","1484.12431","1282.42141","1259.29116","1113.95605","962.1",
"전규모(10인이상)","사무, 계산 및 회계용 기계 제조업","상여금등특별급여[천원]","천원","409.9","333.4715","446.82745","530.35718","160.15487","231.6",
"전규모(10인이상)","사무, 계산 및 회계용 기계 제조업","현금급여외 노동비용(계)[천원]","천원","699","514.39922","544.58974","703.6835","478.38171","478.1",
"전규모(10인이상)","사무, 계산 및 회계용 기계 제조업","퇴직금등비용[천원]","천원","377.7","235.86839","274.80233","262.52555","234.50999","247.7",
"전규모(10인이상)","사무, 계산 및 회계용 기계 제조업","현물지급비용[천원]","천원",".5",".37609",".22529",".01959","10.06653","0",
"전규모(10인이상)","사무, 계산 및 회계용 기계 제조업","법정복리비[천원]","천원","175.7","154.07204","135.5532","134.55148","115.88184","81.6",
"전규모(10인이상)","사무, 계산 및 회계용 기계 제조업","법정외복리비[천원]","천원","115.5","101.09035","95.01443","226.5417","88.63747","82.9",
"전규모(10인이상)","사무, 계산 및 회계용 기계 제조업","모집비[천원]","천원","1.7","1.50176","1.63622","6.55499","1.11733",".4",
"전규모(10인이상)","사무, 계산 및 회계용 기계 제조업","교육훈련비[천원]","천원","21.4","17.25328","22.04558","24.79189","25.23645","32.1",
"전규모(10인이상)","사무, 계산 및 회계용 기계 제조업","기타노동비용[천원]","천원","6.5","4.2373","15.31269","48.69829","2.93209","33.4",
"전규모(10인이상)","달리 분류되지 않은 전기기계 및 전기 변환장치 제조업","노동비용총액[천원]","천원","2861.4","2757.52538","2097.31614","1961.90855","2015.85087","1636.7",
"전규모(10인이상)","달리 분류되지 않은 전기기계 및 전기 변환장치 제조업","현금급여총계[천원]","천원","1903","1739.61927","1323.62051","1347.28435","1281.02034","1144",
"전규모(10인이상)","달리 분류되지 않은 전기기계 및 전기 변환장치 제조업","정액및초과[천원]","천원","1491.7","1371.5975","1124.29407","1098.39163","1122.15336","951.2",
"전규모(10인이상)","달리 분류되지 않은 전기기계 및 전기 변환장치 제조업","상여금등특별급여[천원]","천원","411.3","368.02177","199.32645","248.89272","158.86698","192.8",
"전규모(10인이상)","달리 분류되지 않은 전기기계 및 전기 변환장치 제조업","현금급여외 노동비용(계)[천원]","천원","958.3","1017.90611","773.69563","614.6242","734.83053","492.6",
"전규모(10인이상)","달리 분류되지 않은 전기기계 및 전기 변환장치 제조업","퇴직금등비용[천원]","천원","499.4","500.79131","393.33668","278.02862","409.4094","223.1",
"전규모(10인이상)","달리 분류되지 않은 전기기계 및 전기 변환장치 제조업","현물지급비용[천원]","천원","4.6","3.24075","3.26999","2.50463","15.72094","8.7",
"전규모(10인이상)","달리 분류되지 않은 전기기계 및 전기 변환장치 제조업","법정복리비[천원]","천원","198.8","186.18983","156.98035","129.53283","111.18406","93.4",
"전규모(10인이상)","달리 분류되지 않은 전기기계 및 전기 변환장치 제조업","법정외복리비[천원]","천원","178.7","168.88628","171.24895","150.03177","150.09235","134.7",
"전규모(10인이상)","달리 분류되지 않은 전기기계 및 전기 변환장치 제조업","모집비[천원]","천원","8.4","4.32589","3.04881","5.18169","2.29691","1.3",
"전규모(10인이상)","달리 분류되지 않은 전기기계 및 전기 변환장치 제조업","교육훈련비[천원]","천원","63.5","149.80307","37.16751","40.79727","37.90504","26.2",
"전규모(10인이상)","달리 분류되지 않은 전기기계 및 전기 변환장치 제조업","기타노동비용[천원]","천원","4.9","4.66899","8.64334","8.5474","8.22183","5.1",
"전규모(10인이상)","영상, 음향 및 통신장비 제조업","노동비용총액[천원]","천원","2895.4","2637.81566","2242.19712","2157.28828","2008.18997","2324.9",
"전규모(10인이상)","영상, 음향 및 통신장비 제조업","현금급여총계[천원]","천원","2163.7","2009.37349","1671.88799","1583.26342","1451.38974","1369.2",
"전규모(10인이상)","영상, 음향 및 통신장비 제조업","정액및초과[천원]","천원","1623.6","1538.32427","1260.56219","1228.16165","1133.29991","1016.6",
"전규모(10인이상)","영상, 음향 및 통신장비 제조업","상여금등특별급여[천원]","천원","540.1","471.04923","411.32579","355.10177","318.08983","352.6",
"전규모(10인이상)","영상, 음향 및 통신장비 제조업","현금급여외 노동비용(계)[천원]","천원","731.7","628.44217","570.30914","574.02486","556.80023","955.7",
"전규모(10인이상)","영상, 음향 및 통신장비 제조업","퇴직금등비용[천원]","천원","166.4","159.72024","212.72091","152.25131","182.62354","681.4",
"전규모(10인이상)","영상, 음향 및 통신장비 제조업","현물지급비용[천원]","천원",".8","1.02354",".81056","1.31113","23.95931","2.8",
"전규모(10인이상)","영상, 음향 및 통신장비 제조업","법정복리비[천원]","천원","209","182.30656","172.04525","149.62419","123.04859","85.6",
"전규모(10인이상)","영상, 음향 및 통신장비 제조업","법정외복리비[천원]","천원","270.7","208.30303","101.46429","202.67115","177.57968","142.6",
"전규모(10인이상)","영상, 음향 및 통신장비 제조업","모집비[천원]","천원","13.7","11.03405","17.52632","15.02633","11.86825","3.3",
"전규모(10인이상)","영상, 음향 및 통신장비 제조업","교육훈련비[천원]","천원","64.5","56.66423","59.35949","44.93218","31.8116","33.1",
"전규모(10인이상)","영상, 음향 및 통신장비 제조업","기타노동비용[천원]","천원","6.5","9.39053","6.38232","8.20855","5.90925","7",
"전규모(10인이상)","의료, 정밀, 광학기기 및 시계 제조업","노동비용총액[천원]","천원","2211","2082.94131","2300.1201","2220.29776","1558.2864","1577.4",
"전규모(10인이상)","의료, 정밀, 광학기기 및 시계 제조업","현금급여총계[천원]","천원","1797.3","1617.66189","1823.69488","1679.65162","1049.12157","1107",
"전규모(10인이상)","의료, 정밀, 광학기기 및 시계 제조업","정액및초과[천원]","천원","1491.6","1360.06994","1458.98864","1387.03529","869.18859","952.1",
"전규모(10인이상)","의료, 정밀, 광학기기 및 시계 제조업","상여금등특별급여[천원]","천원","305.7","257.59196","364.70623","292.61633","179.93298","154.9",
"전규모(10인이상)","의료, 정밀, 광학기기 및 시계 제조업","현금급여외 노동비용(계)[천원]","천원","413.6","465.27942","476.42522","540.64615","509.16482","470.4",
"전규모(10인이상)","의료, 정밀, 광학기기 및 시계 제조업","퇴직금등비용[천원]","천원","149.5","198.91574","221.29827","223.53906","227.47391","207.4",
"전규모(10인이상)","의료, 정밀, 광학기기 및 시계 제조업","현물지급비용[천원]","천원","18.6",".04333",".25427",".06968",".20039","7",
"전규모(10인이상)","의료, 정밀, 광학기기 및 시계 제조업","법정복리비[천원]","천원","131.4","119.61341","114.65033","101.72684","95.183","78.4",
"전규모(10인이상)","의료, 정밀, 광학기기 및 시계 제조업","법정외복리비[천원]","천원","93.6","123.57279","116.28827","138.14432","122.43525","161.9",
"전규모(10인이상)","의료, 정밀, 광학기기 및 시계 제조업","모집비[천원]","천원","1.9","1.38876","1.30487","3.69586",".93097","1.2",
"전규모(10인이상)","의료, 정밀, 광학기기 및 시계 제조업","교육훈련비[천원]","천원","12.2","12.76945","11.87503","17.25103","14.77325","13.9",
"전규모(10인이상)","의료, 정밀, 광학기기 및 시계 제조업","기타노동비용[천원]","천원","6.5","8.97593","10.75418","56.21935","48.16805",".5",
"전규모(10인이상)","자동차 및 트레일러 제조업","노동비용총액[천원]","천원","3442.7","3011.07138","2706.37561","2519.42289","2088.73527","1979.5",
"전규모(10인이상)","자동차 및 트레일러 제조업","현금급여총계[천원]","천원","2488.7","2252.79243","1824.27387","1824.76774","1555.38108","1400.6",
"전규모(10인이상)","자동차 및 트레일러 제조업","정액및초과[천원]","천원","1764.3","1604.12642","1272.84231","1307.6474","1236.87409","1068.5",
"전규모(10인이상)","자동차 및 트레일러 제조업","상여금등특별급여[천원]","천원","724.4","648.66601","551.43156","517.12034","318.50699","332.1",
"전규모(10인이상)","자동차 및 트레일러 제조업","현금급여외 노동비용(계)[천원]","천원","954","758.27895","882.10174","694.65516","533.35419","578.9",
"전규모(10인이상)","자동차 및 트레일러 제조업","퇴직금등비용[천원]","천원","376.4","303.36323","390.41784","339.05988","200.6375","340",
"전규모(10인이상)","자동차 및 트레일러 제조업","현물지급비용[천원]","천원","17.6","14.53245",".95472","13.67178",".2121",".1",
"전규모(10인이상)","자동차 및 트레일러 제조업","법정복리비[천원]","천원","289.1","229.59687","294.32793","182.23842","172.99642","125.1",
"전규모(10인이상)","자동차 및 트레일러 제조업","법정외복리비[천원]","천원","229.9","180.16434","168.94213","138.21739","140.10988","102.6",
"전규모(10인이상)","자동차 및 트레일러 제조업","모집비[천원]","천원",".9",".77411",".481",".66723",".15988",".1",
"전규모(10인이상)","자동차 및 트레일러 제조업","교육훈련비[천원]","천원","22","19.00393","24.66672","18.70134","16.88511","10.7",
"전규모(10인이상)","자동차 및 트레일러 제조업","기타노동비용[천원]","천원","18.2","10.84403","2.31141","2.09911","2.35331",".5",
"전규모(10인이상)","기타 운송장비 제조업","노동비용총액[천원]","천원","3687.6","3615.33782","2711.87306","2881.91999","2666.84345","2540.8",
"전규모(10인이상)","기타 운송장비 제조업","현금급여총계[천원]","천원","2709.5","2731.82898","1902.31642","2077.67372","1858.62165","1864.2",
"전규모(10인이상)","기타 운송장비 제조업","정액및초과[천원]","천원","1872.5","1817.64135","1421.49672","1401.77698","1359.64341","1384.2",
"전규모(10인이상)","기타 운송장비 제조업","상여금등특별급여[천원]","천원","837","914.18763","480.81971","675.89674","498.97824","480",
"전규모(10인이상)","기타 운송장비 제조업","현금급여외 노동비용(계)[천원]","천원","978.1","883.50884","809.55664","804.24627","808.2218","676.6",
"전규모(10인이상)","기타 운송장비 제조업","퇴직금등비용[천원]","천원","286.6","297.48642","237.27511","259.77585","301.71862","228.2",
"전규모(10인이상)","기타 운송장비 제조업","현물지급비용[천원]","천원","3.2","3.58893","12.66735","28.68081","10.48493","11.2",
"전규모(10인이상)","기타 운송장비 제조업","법정복리비[천원]","천원","323.2","279.90839","268.89202","255.79575","241.55436","207.1",
"전규모(10인이상)","기타 운송장비 제조업","법정외복리비[천원]","천원","314.2","258.17618","256.13758","216.67056","224.05858","193.5",
"전규모(10인이상)","기타 운송장비 제조업","모집비[천원]","천원",".7",".67831",".72987",".14841",".16798",".1",
"전규모(10인이상)","기타 운송장비 제조업","교육훈련비[천원]","천원","24.5","26.83778","25.94192","21.48848","15.44871","21.8",
"전규모(10인이상)","기타 운송장비 제조업","기타노동비용[천원]","천원","25.6","16.83282","7.91279","21.68641","14.78863","14.7",
"전규모(10인이상)","가구 및 기타 제조업","노동비용총액[천원]","천원","2696.7","2138.45288","1948.69002","1680.19696","1406.68686","1447.8",
"전규모(10인이상)","가구 및 기타 제조업","현금급여총계[천원]","천원","1591.9","1461.15664","1375.70512","1271.33803","949.93354","1079.7",
"전규모(10인이상)","가구 및 기타 제조업","정액및초과[천원]","천원","1394.8","1261.38272","1177.54103","1069.61461","811.95091","937.2",
"전규모(10인이상)","가구 및 기타 제조업","상여금등특별급여[천원]","천원","197.1","199.77393","198.16409","201.72342","137.98264","142.5",
"전규모(10인이상)","가구 및 기타 제조업","현금급여외 노동비용(계)[천원]","천원","1104.8","677.29624","572.9849","408.85894","456.75332","368.1",
"전규모(10인이상)","가구 및 기타 제조업","퇴직금등비용[천원]","천원","828","437.56299","319.51322","127.84492","221.79383","175.8",
"전규모(10인이상)","가구 및 기타 제조업","현물지급비용[천원]","천원","6.7","3.89638","3.1064","0","2.40342","1.3",
"전규모(10인이상)","가구 및 기타 제조업","법정복리비[천원]","천원","149.5","135.45358","120.3728","127.38826","100.22091","77.5",
"전규모(10인이상)","가구 및 기타 제조업","법정외복리비[천원]","천원","109.5","87.39306","74.60848","89.1244","80.64241","62.4",
"전규모(10인이상)","가구 및 기타 제조업","모집비[천원]","천원",".8","1.81563",".84432","1.44632",".96978",".6",
"전규모(10인이상)","가구 및 기타 제조업","교육훈련비[천원]","천원","5.8","6.35753","6.96183","4.23881","2.9878","4.6",
"전규모(10인이상)","가구 및 기타 제조업","기타노동비용[천원]","천원","4.5","4.81708","47.57787","58.81623","47.73517","45.9",
"전규모(10인이상)","재생재료 가공 처리업","노동비용총액[천원]","천원","2167.3","2082.8506","2146.52476","1923.17522","1470.96346","1666.5",
"전규모(10인이상)","재생재료 가공 처리업","현금급여총계[천원]","천원","1612.6","1486.6295","1673.83176","1533.90007","1038.42965","1198.9",
"전규모(10인이상)","재생재료 가공 처리업","정액및초과[천원]","천원","1397.3","1303.31814","1394.61845","1335.66321","931.95941","1082.9",
"전규모(10인이상)","재생재료 가공 처리업","상여금등특별급여[천원]","천원","215.3","183.31136","279.21331","198.23686","106.47024","116",
"전규모(10인이상)","재생재료 가공 처리업","현금급여외 노동비용(계)[천원]","천원","554.7","596.2211","472.693","389.27516","432.53381","467.6",
"전규모(10인이상)","재생재료 가공 처리업","퇴직금등비용[천원]","천원","162.2","218.86472","144.15033","132.03259","180.50829","232.8",
"전규모(10인이상)","재생재료 가공 처리업","현물지급비용[천원]","천원",".5","4.53535",".07789",".06916","0","1.4",
"전규모(10인이상)","재생재료 가공 처리업","법정복리비[천원]","천원","180.7","169.09949","158.30989","134.43586","102.66557","98.7",
"전규모(10인이상)","재생재료 가공 처리업","법정외복리비[천원]","천원","191.9","181.24277","157.6091","113.93793","145.28131","122.8",
"전규모(10인이상)","재생재료 가공 처리업","모집비[천원]","천원","1.1",".32203",".57906",".73383",".60558","1.1",
"전규모(10인이상)","재생재료 가공 처리업","교육훈련비[천원]","천원","14.5","19.89962","8.45455","5.75545","1.4725","5",
"전규모(10인이상)","재생재료 가공 처리업","기타노동비용[천원]","천원","3.6","2.25711","3.51218","2.31034","2.00057","6",
"전규모(10인이상)","전기, 가스 및 수도사업(40-41)","노동비용총액[천원]","천원","4651","4136.50303","3716.71808","7415.38791","3319.55187","3907.9",
"전규모(10인이상)","전기, 가스 및 수도사업(40-41)","현금급여총계[천원]","천원","3645.9","3250.54067","2867.1475","2481.02738","2305.76164","2023.4",
"전규모(10인이상)","전기, 가스 및 수도사업(40-41)","정액및초과[천원]","천원","2725.3","2413.14453","2136.50045","1933.8188","1739.88406","1538.5",
"전규모(10인이상)","전기, 가스 및 수도사업(40-41)","상여금등특별급여[천원]","천원","920.6","837.39614","730.64704","547.20858","565.87758","484.9",
"전규모(10인이상)","전기, 가스 및 수도사업(40-41)","현금급여외 노동비용(계)[천원]","천원","1005","885.96236","849.57058","4934.36054","1013.79024","1884.5",
"전규모(10인이상)","전기, 가스 및 수도사업(40-41)","퇴직금등비용[천원]","천원","65.6","63.77692","50.30621","4345.95156","423.72983","1499.8",
"전규모(10인이상)","전기, 가스 및 수도사업(40-41)","현물지급비용[천원]","천원",".7",".32037","0","0",".79066",".1",
"전규모(10인이상)","전기, 가스 및 수도사업(40-41)","법정복리비[천원]","천원","277.3","250.66161","223.72957","201.90515","177.15956","101.5",
"전규모(10인이상)","전기, 가스 및 수도사업(40-41)","법정외복리비[천원]","천원","561.3","439.76017","471.86015","293.03893","333.82525","249.3",
"전규모(10인이상)","전기, 가스 및 수도사업(40-41)","모집비[천원]","천원","1.7","1.04916",".69459",".06429",".28704","4.7",
"전규모(10인이상)","전기, 가스 및 수도사업(40-41)","교육훈련비[천원]","천원","95.5","129.04126","99.32951","91.01184","75.65491","27.2",
"전규모(10인이상)","전기, 가스 및 수도사업(40-41)","기타노동비용[천원]","천원","3","1.35286","3.65055","2.38877","2.343","1.9",
"전규모(10인이상)","전기, 가스 및 증기업","노동비용총액[천원]","천원","4690.2","4120.70119","3768.98802","7635.6283","3055.67933","3853.3",
"전규모(10인이상)","전기, 가스 및 증기업","현금급여총계[천원]","천원","3661","3240.84979","2888.67019","2479.46402","2308.18495","2012.8",
"전규모(10인이상)","전기, 가스 및 증기업","정액및초과[천원]","천원","2749.2","2412.80645","2158.78406","1946.84215","1737.66182","1531",
"전규모(10인이상)","전기, 가스 및 증기업","상여금등특별급여[천원]","천원","911.7","828.04334","729.88613","532.62187","570.52313","481.8",
"전규모(10인이상)","전기, 가스 및 증기업","현금급여외 노동비용(계)[천원]","천원","1029.2","879.8514","880.31783","5156.16428","747.49438","1840.5",
"전규모(10인이상)","전기, 가스 및 증기업","퇴직금등비용[천원]","천원","71.3","70.68822","53.9721","4556.60231","152.79185","1452.8",
"전규모(10인이상)","전기, 가스 및 증기업","현물지급비용[천원]","천원",".7",".36107","0","0",".85507",".1",
"전규모(10인이상)","전기, 가스 및 증기업","법정복리비[천원]","천원","278.2","246.99078","221.04898","200.92094","177.86302","100.6",
"전규모(10인이상)","전기, 가스 및 증기업","법정외복리비[천원]","천원","586.7","430.08345","504.65484","306.88749","337.0735","256.7",
"전규모(10인이상)","전기, 가스 및 증기업","모집비[천원]","천원","1.3",".96404",".65169",".06865",".29031","5.1",
"전규모(10인이상)","전기, 가스 및 증기업","교육훈련비[천원]","천원","89.3","129.23911","98.59119","90.84596","77.91637","24.5",
"전규모(10인이상)","전기, 가스 및 증기업","기타노동비용[천원]","천원","1.7","1.52474","1.39904",".83894",".70428",".7",
"전규모(10인이상)","수도사업","노동비용총액[천원]","천원","4311.5","4269.34532","3193.68852","4766.02617","6558.63552","4515.9",
"전규모(10인이상)","수도사업","현금급여총계[천원]","천원","3496.8","3335.28252","2642.20706","2635.6169","2276.01506","2112.1",
"전규모(10인이상)","수도사업","정액및초과[천원]","천원","2406.5","2297.39777","1928.06516","1892.61431","1767.16243","1561",
"전규모(10인이상)","수도사업","상여금등특별급여[천원]","천원","1090.2","1037.88475","714.1419","743.00259","508.85263","551.1",
"전규모(10인이상)","수도사업","현금급여외 노동비용(계)[천원]","천원","814.7","934.0628","551.48146","2130.40927","4282.62046","2403.8",
"전규모(10인이상)","수도사업","퇴직금등비용[천원]","천원","20.9","9.37682","14.76603","1682.99179","3749.54306","2054.5",
"전규모(10인이상)","수도사업","현물지급비용[천원]","천원","0","0","0","0","0","0",
"전규모(10인이상)","수도사업","법정복리비[천원]","천원","270.2","279.55543","249.71745","214.3472","168.52442","112",
"전규모(10인이상)","수도사업","법정외복리비[천원]","천원","361.5","515.92744","153.92144","117.97116","293.95233","161.6",
"전규모(10인이상)","수도사업","모집비[천원]","천원","4.4","1.71912","1.11057",".00924",".24689","0",
"전규모(10인이상)","수도사업","교육훈련비[천원]","천원","144.4","127.48399","106.48745","93.10883","47.8951","59.2",
"전규모(10인이상)","수도사업","기타노동비용[천원]","천원","13.4","0","25.47851","21.98106","22.45867","16.4",
"전규모(10인이상)","건설업(45)","노동비용총액[천원]","천원","3300.9","3065.14802","2853.31531","3208.99969","2390.17886","2554.3",
"전규모(10인이상)","건설업(45)","현금급여총계[천원]","천원","2265.1","2065.02903","1843.98396","1837.11923","1573.54835","1508",
"전규모(10인이상)","건설업(45)","정액및초과[천원]","천원","1918.2","1754.25051","1571.6144","1503.9206","1326.89699","1342.2",
"전규모(10인이상)","건설업(45)","상여금등특별급여[천원]","천원","346.9","310.77852","272.36956","333.19864","246.65136","165.8",
"전규모(10인이상)","건설업(45)","현금급여외 노동비용(계)[천원]","천원","1035.8","1000.11899","1009.33135","1371.88045","816.63051","1046.2",
"전규모(10인이상)","건설업(45)","퇴직금등비용[천원]","천원","371.8","361.9529","387.64511","746.03825","261.55899","548.7",
"전규모(10인이상)","건설업(45)","현물지급비용[천원]","천원","3.5","3.68535","1.95583","1.58745","1.4665",".4",
"전규모(10인이상)","건설업(45)","법정복리비[천원]","천원","432.4","467.18774","465.60564","469.40557","409.97071","340.4",
"전규모(10인이상)","건설업(45)","법정외복리비[천원]","천원","179.8","127.18471","106.79268","119.27313","104.68639","106.2",
"전규모(10인이상)","건설업(45)","모집비[천원]","천원","3.3","3.83643","1.18778","1.24448",".91173",".5",
"전규모(10인이상)","건설업(45)","교육훈련비[천원]","천원","32","20.6458","31.53702","19.82457","25.73131","42.2",
"전규모(10인이상)","건설업(45)","기타노동비용[천원]","천원","13","15.62605","14.60728","14.50699","12.30487","7.8",
"전규모(10인이상)","건설업","노동비용총액[천원]","천원","3300.9","3065.14802","2853.31531","3208.99969","2390.17886","2554.3",
"전규모(10인이상)","건설업","현금급여총계[천원]","천원","2265.1","2065.02903","1843.98396","1837.11923","1573.54835","1508",
"전규모(10인이상)","건설업","정액및초과[천원]","천원","1918.2","1754.25051","1571.6144","1503.9206","1326.89699","1342.2",
"전규모(10인이상)","건설업","상여금등특별급여[천원]","천원","346.9","310.77852","272.36956","333.19864","246.65136","165.8",
"전규모(10인이상)","건설업","현금급여외 노동비용(계)[천원]","천원","1035.8","1000.11899","1009.33135","1371.88045","816.63051","1046.2",
"전규모(10인이상)","건설업","퇴직금등비용[천원]","천원","371.8","361.9529","387.64511","746.03825","261.55899","548.7",
"전규모(10인이상)","건설업","현물지급비용[천원]","천원","3.5","3.68535","1.95583","1.58745","1.4665",".4",
"전규모(10인이상)","건설업","법정복리비[천원]","천원","432.4","467.18774","465.60564","469.40557","409.97071","340.4",
"전규모(10인이상)","건설업","법정외복리비[천원]","천원","179.8","127.18471","106.79268","119.27313","104.68639","106.2",
"전규모(10인이상)","건설업","모집비[천원]","천원","3.3","3.83643","1.18778","1.24448",".91173",".5",
"전규모(10인이상)","건설업","교육훈련비[천원]","천원","32","20.6458","31.53702","19.82457","25.73131","42.2",
"전규모(10인이상)","건설업","기타노동비용[천원]","천원","13","15.62605","14.60728","14.50699","12.30487","7.8",
"전규모(10인이상)","도,소매 및 소비자용품 수리업(50-52)","노동비용총액[천원]","천원","2797.7","2697.55034","2398.53398","2176.14582","2143.28402","1983.2",
"전규모(10인이상)","도,소매 및 소비자용품 수리업(50-52)","현금급여총계[천원]","천원","2159.8","1979.15007","1828.34886","1588.83718","1419.8916","1393.2",
"전규모(10인이상)","도,소매 및 소비자용품 수리업(50-52)","정액및초과[천원]","천원","1682.2","1574.64787","1439.78534","1272.48593","1160.4201","1140.2",
"전규모(10인이상)","도,소매 및 소비자용품 수리업(50-52)","상여금등특별급여[천원]","천원","477.6","404.5022","388.56352","316.35125","259.47149","252.9",
"전규모(10인이상)","도,소매 및 소비자용품 수리업(50-52)","현금급여외 노동비용(계)[천원]","천원","637.9","718.40027","570.18512","587.30864","723.39242","590",
"전규모(10인이상)","도,소매 및 소비자용품 수리업(50-52)","퇴직금등비용[천원]","천원","255","306.8051","226.75599","219.99238","414.48038","345.7",
"전규모(10인이상)","도,소매 및 소비자용품 수리업(50-52)","현물지급비용[천원]","천원",".5",".49423",".4612","2.23755",".63468",".5",
"전규모(10인이상)","도,소매 및 소비자용품 수리업(50-52)","법정복리비[천원]","천원","163.8","176.76521","158.22503","138.18811","131.90102","101.1",
"전규모(10인이상)","도,소매 및 소비자용품 수리업(50-52)","법정외복리비[천원]","천원","172","174.48413","137.47254","150.13608","126.36274","115.8",
"전규모(10인이상)","도,소매 및 소비자용품 수리업(50-52)","모집비[천원]","천원","2.3","3.21894","2.47457","6.85439","11.89631","1.3",
"전규모(10인이상)","도,소매 및 소비자용품 수리업(50-52)","교육훈련비[천원]","천원","38","49.5067","38.23899","59.10869","32.30011","21.6",
"전규모(10인이상)","도,소매 및 소비자용품 수리업(50-52)","기타노동비용[천원]","천원","6.4","7.12597","6.55679","10.79144","5.81718","4",
"전규모(10인이상)","자동차 판매, 수리 및 차량연료 소매업","노동비용총액[천원]","천원","2904.2","2992.40118","1713.6692","1714.36225","1868.21315","1565.1",
"전규모(10인이상)","자동차 판매, 수리 및 차량연료 소매업","현금급여총계[천원]","천원","2502.7","2309.99932","1389.35662","1396.10268","1345.62172","1254.6",
"전규모(10인이상)","자동차 판매, 수리 및 차량연료 소매업","정액및초과[천원]","천원","1798.1","1734.29323","1165.26717","1167.2954","1060.02659","1030.8",
"전규모(10인이상)","자동차 판매, 수리 및 차량연료 소매업","상여금등특별급여[천원]","천원","704.6","575.70609","224.08945","228.80728","285.59513","223.8",
"전규모(10인이상)","자동차 판매, 수리 및 차량연료 소매업","현금급여외 노동비용(계)[천원]","천원","401.6","682.40186","324.31258","318.25957","522.59143","310.6",
"전규모(10인이상)","자동차 판매, 수리 및 차량연료 소매업","퇴직금등비용[천원]","천원","106.5","431.26864","107.58592","78.82399","223.25433","164.5",
"전규모(10인이상)","자동차 판매, 수리 및 차량연료 소매업","현물지급비용[천원]","천원",".7",".37566","3.77412",".34056",".05645","0",
"전규모(10인이상)","자동차 판매, 수리 및 차량연료 소매업","법정복리비[천원]","천원","134.7","120.59724","108.26537","111.9726","116.44724","73.3",
"전규모(10인이상)","자동차 판매, 수리 및 차량연료 소매업","법정외복리비[천원]","천원","136.3","106.98978","88.93049","111.20352","154.71629","54.4",
"전규모(10인이상)","자동차 판매, 수리 및 차량연료 소매업","모집비[천원]","천원","3.4","7.3171","1.37589","1.59196",".87754","0",
"전규모(10인이상)","자동차 판매, 수리 및 차량연료 소매업","교육훈련비[천원]","천원","9.7","10.48197","10.62568","11.39185","19.0716","17.1",
"전규모(10인이상)","자동차 판매, 수리 및 차량연료 소매업","기타노동비용[천원]","천원","10.4","5.37147","3.75512","2.93509","8.16799","1.2",
"전규모(10인이상)","도매 및 상품 중개업","노동비용총액[천원]","천원","3499","3068.83859","2717.05021","2610.66716","2748.73367","2410.3",
"전규모(10인이상)","도매 및 상품 중개업","현금급여총계[천원]","천원","2665.4","2149.34493","2011.31862","1798.98378","1720.46422","1520.3",
"전규모(10인이상)","도매 및 상품 중개업","정액및초과[천원]","천원","2075.8","1710.53531","1540.15257","1398.56435","1459.29971","1228.3",
"전규모(10인이상)","도매 및 상품 중개업","상여금등특별급여[천원]","천원","589.6","438.80961","471.16605","400.41943","261.16451","292.1",
"전규모(10인이상)","도매 및 상품 중개업","현금급여외 노동비용(계)[천원]","천원","833.6","919.49366","705.73159","811.68338","1028.26946","890",
"전규모(10인이상)","도매 및 상품 중개업","퇴직금등비용[천원]","천원","359.3","423.82682","297.52673","302.96989","639.5258","577.6",
"전규모(10인이상)","도매 및 상품 중개업","현물지급비용[천원]","천원",".8",".96618",".45855","4.16456",".96738",".8",
"전규모(10인이상)","도매 및 상품 중개업","법정복리비[천원]","천원","210.7","214.73781","197.32494","186.18563","164.81386","123.4",
"전규모(10인이상)","도매 및 상품 중개업","법정외복리비[천원]","천원","193.6","198.21194","145.44443","201.18706","152.13381","148",
"전규모(10인이상)","도매 및 상품 중개업","모집비[천원]","천원","3","2.35639","2.24392","10.2212","21.96398","2.3",
"전규모(10인이상)","도매 및 상품 중개업","교육훈련비[천원]","천원","60.4","72.71077","55.81579","88.86024","41.69871","31.2",
"전규모(10인이상)","도매 및 상품 중개업","기타노동비용[천원]","천원","5.7","6.68376","6.91724","18.09479","7.16592","6.7",
"전규모(10인이상)","소매 및 소비용품 수선업","노동비용총액[천원]","천원","2317.1","2161.14926","2072.75012","1709.39367","1526.41354","1574",
"전규모(10인이상)","소매 및 소비용품 수선업","현금급여총계[천원]","천원","1836.1","1615.20905","1600.28052","1355.8428","1102.06538","1192.7",
"전규모(10인이상)","소매 및 소비용품 수선업","정액및초과[천원]","천원","1457.4","1316.65782","1313.07688","1134.72387","849.32016","1006.3",
"전규모(10인이상)","소매 및 소비용품 수선업","상여금등특별급여[천원]","천원","378.8","298.55123","287.20364","221.11893","252.74523","186.4",
"전규모(10인이상)","소매 및 소비용품 수선업","현금급여외 노동비용(계)[천원]","천원","481","545.94021","472.46961","353.55086","424.34816","381.3",
"전규모(10인이상)","소매 및 소비용품 수선업","퇴직금등비용[천원]","천원","174.2","187.02355","174.50031","138.78468","201.73807","162.9",
"전규모(10인이상)","소매 및 소비용품 수선업","현물지급비용[천원]","천원",".1",".09402",".01846",".17793",".37514",".3",
"전규모(10인이상)","소매 및 소비용품 수선업","법정복리비[천원]","천원","122.5","150.79374","127.21997","84.24267","98.46044","89.8",
"전규모(10인이상)","소매 및 소비용품 수선업","법정외복리비[천원]","천원","155.9","162.5826","136.30652","94.1482","92.65515","112.8",
"전규모(10인이상)","소매 및 소비용품 수선업","모집비[천원]","천원","1.5","3.43192","2.84476","3.50085","2.83727","1",
"전규모(10인이상)","소매 및 소비용품 수선업","교육훈련비[천원]","천원","20.1","34.26423","24.99394","29.62717","24.39024","12.1",
"전규모(10인이상)","소매 및 소비용품 수선업","기타노동비용[천원]","천원","6.6","7.75014","6.58564","3.06937","3.89185","2.3",
"전규모(10인이상)","숙박 및 음식점업(55)","노동비용총액[천원]","천원","2214","2230.57599","1942.69856","1792.61118","1618.04618","1674",
"전규모(10인이상)","숙박 및 음식점업(55)","현금급여총계[천원]","천원","1609.5","1534.34967","1342.93529","1249.69812","1049.63947","1181.1",
"전규모(10인이상)","숙박 및 음식점업(55)","정액및초과[천원]","천원","1283.5","1190.81069","1146.6964","1063.47002","924.22861","958.7",
"전규모(10인이상)","숙박 및 음식점업(55)","상여금등특별급여[천원]","천원","326","343.53898","196.23889","186.2281","125.41086","222.4",
"전규모(10인이상)","숙박 및 음식점업(55)","현금급여외 노동비용(계)[천원]","천원","604.6","696.22633","599.76328","542.91306","568.4067","492.9",
"전규모(10인이상)","숙박 및 음식점업(55)","퇴직금등비용[천원]","천원","235.2","338.15871","246.63562","222.12196","246.56118","249.6",
"전규모(10인이상)","숙박 및 음식점업(55)","현물지급비용[천원]","천원","7.3","9.69458","8.26323","6.398","8.9144","1.8",
"전규모(10인이상)","숙박 및 음식점업(55)","법정복리비[천원]","천원","179.6","167.91252","154.11357","131.48265","126.22457","94.6",
"전규모(10인이상)","숙박 및 음식점업(55)","법정외복리비[천원]","천원","163.1","160.99323","168.19027","162.23308","169.37616","131.9",
"전규모(10인이상)","숙박 및 음식점업(55)","모집비[천원]","천원",".9","1.03105",".90532",".38622",".74611",".4",
"전규모(10인이상)","숙박 및 음식점업(55)","교육훈련비[천원]","천원","12.7","14.94259","15.18525","15.31594","9.85436","7.3",
"전규모(10인이상)","숙박 및 음식점업(55)","기타노동비용[천원]","천원","5.8","3.49364","6.47002","4.97522","6.72992","7.4",
"전규모(10인이상)","숙박 및 음식점업","노동비용총액[천원]","천원","2214","2230.57599","1942.69856","1792.61118","1618.04618","1674",
"전규모(10인이상)","숙박 및 음식점업","현금급여총계[천원]","천원","1609.5","1534.34967","1342.93529","1249.69812","1049.63947","1181.1",
"전규모(10인이상)","숙박 및 음식점업","정액및초과[천원]","천원","1283.5","1190.81069","1146.6964","1063.47002","924.22861","958.7",
"전규모(10인이상)","숙박 및 음식점업","상여금등특별급여[천원]","천원","326","343.53898","196.23889","186.2281","125.41086","222.4",
"전규모(10인이상)","숙박 및 음식점업","현금급여외 노동비용(계)[천원]","천원","604.6","696.22633","599.76328","542.91306","568.4067","492.9",
"전규모(10인이상)","숙박 및 음식점업","퇴직금등비용[천원]","천원","235.2","338.15871","246.63562","222.12196","246.56118","249.6",
"전규모(10인이상)","숙박 및 음식점업","현물지급비용[천원]","천원","7.3","9.69458","8.26323","6.398","8.9144","1.8",
"전규모(10인이상)","숙박 및 음식점업","법정복리비[천원]","천원","179.6","167.91252","154.11357","131.48265","126.22457","94.6",
"전규모(10인이상)","숙박 및 음식점업","법정외복리비[천원]","천원","163.1","160.99323","168.19027","162.23308","169.37616","131.9",
"전규모(10인이상)","숙박 및 음식점업","모집비[천원]","천원",".9","1.03105",".90532",".38622",".74611",".4",
"전규모(10인이상)","숙박 및 음식점업","교육훈련비[천원]","천원","12.7","14.94259","15.18525","15.31594","9.85436","7.3",
"전규모(10인이상)","숙박 및 음식점업","기타노동비용[천원]","천원","5.8","3.49364","6.47002","4.97522","6.72992","7.4",
"전규모(10인이상)","운수, 창고 및 통신업(60-64)","노동비용총액[천원]","천원","3835.4","2829.72848","2916.55927","2932.19787","2581.99358","2336.9",
"전규모(10인이상)","운수, 창고 및 통신업(60-64)","현금급여총계[천원]","천원","2197.3","1923.51662","1802.33035","1775.2866","1552.10279","1347",
"전규모(10인이상)","운수, 창고 및 통신업(60-64)","정액및초과[천원]","천원","1784.9","1526.76319","1473.19488","1410.47727","1241.74031","1123.9",
"전규모(10인이상)","운수, 창고 및 통신업(60-64)","상여금등특별급여[천원]","천원","412.4","396.75344","329.13547","364.80933","310.36248","223.1",
"전규모(10인이상)","운수, 창고 및 통신업(60-64)","현금급여외 노동비용(계)[천원]","천원","1638.1","906.21186","1114.22893","1156.91128","1029.89079","989.9",
"전규모(10인이상)","운수, 창고 및 통신업(60-64)","퇴직금등비용[천원]","천원","1070.9","340.56358","634.89548","694.60995","560.26189","583",
"전규모(10인이상)","운수, 창고 및 통신업(60-64)","현물지급비용[천원]","천원","1.1",".81099",".20204",".21374",".25783",".9",
"전규모(10인이상)","운수, 창고 및 통신업(60-64)","법정복리비[천원]","천원","256.3","252.88812","221.40999","200.94081","170.3344","143.9",
"전규모(10인이상)","운수, 창고 및 통신업(60-64)","법정외복리비[천원]","천원","242","228.40995","194.04779","166.90923","240.37129","185.4",
"전규모(10인이상)","운수, 창고 및 통신업(60-64)","모집비[천원]","천원","1.1",".88882",".39989",".77967",".54172",".1",
"전규모(10인이상)","운수, 창고 및 통신업(60-64)","교육훈련비[천원]","천원","61.7","79.03276","60.33959","85.03272","54.14216","66.6",
"전규모(10인이상)","운수, 창고 및 통신업(60-64)","기타노동비용[천원]","천원","4.9","3.61765","2.93415","8.42515","3.9815","10",
"전규모(10인이상)","육상운송 및 파이프라인 운송업","노동비용총액[천원]","천원","2910.8","2635.32735","1953.31577","1890.37181","1447.4154","1459.3",
"전규모(10인이상)","육상운송 및 파이프라인 운송업","현금급여총계[천원]","천원","1653.3","1519.49941","1419.24749","1433.47375","1089.27931","1155.5",
"전규모(10인이상)","육상운송 및 파이프라인 운송업","정액및초과[천원]","천원","1387.2","1283.40378","1232.07268","1227.15725","926.18835","1026.4",
"전규모(10인이상)","육상운송 및 파이프라인 운송업","상여금등특별급여[천원]","천원","266.1","236.09562","187.17481","206.3165","163.09096","129.1",
"전규모(10인이상)","육상운송 및 파이프라인 운송업","현금급여외 노동비용(계)[천원]","천원","1257.5","1115.82794","534.06828","456.89807","358.13609","303.8",
"전규모(10인이상)","육상운송 및 파이프라인 운송업","퇴직금등비용[천원]","천원","948.7","714.2613","277.18295","218.98129","143.88737","127.5",
"전규모(10인이상)","육상운송 및 파이프라인 운송업","현물지급비용[천원]","천원","3.3",".22486",".54059",".65599",".48147",".8",
"전규모(10인이상)","육상운송 및 파이프라인 운송업","법정복리비[천원]","천원","208.8","187.6075","166.43063","142.70449","121.83918","91.5",
"전규모(10인이상)","육상운송 및 파이프라인 운송업","법정외복리비[천원]","천원","87.8","205.25757","84.67559","88.44486","87.60678","80",
"전규모(10인이상)","육상운송 및 파이프라인 운송업","모집비[천원]","천원",".4",".34009",".23115",".38408",".66551",".1",
"전규모(10인이상)","육상운송 및 파이프라인 운송업","교육훈련비[천원]","천원","5","3.5047","2.60409","3.37128",".90831","1.7",
"전규모(10인이상)","육상운송 및 파이프라인 운송업","기타노동비용[천원]","천원","3.6","4.63193","2.40329","2.35608","2.74746","2.2",
"전규모(10인이상)","수상 운수업","노동비용총액[천원]","천원","3331.2","3098.205","2754.16316","2814.09019","1876.41815","2318.7",
"전규모(10인이상)","수상 운수업","현금급여총계[천원]","천원","2482","2244.54427","2167.69482","2002.89923","1238.30492","1684.8",
"전규모(10인이상)","수상 운수업","정액및초과[천원]","천원","1844.8","1771.17778","1586.48024","1431.49616","905.64923","1272.5",
"전규모(10인이상)","수상 운수업","상여금등특별급여[천원]","천원","637.2","473.36649","581.21459","571.40307","332.65569","412.4",
"전규모(10인이상)","수상 운수업","현금급여외 노동비용(계)[천원]","천원","849.2","853.66074","586.46834","811.19096","638.11323","633.9",
"전규모(10인이상)","수상 운수업","퇴직금등비용[천원]","천원","388.9","389.95257","215.84075","437.17517","294.34791","341.4",
"전규모(10인이상)","수상 운수업","현물지급비용[천원]","천원","1.7","1.2401",".88914","1.01176",".94745",".7",
"전규모(10인이상)","수상 운수업","법정복리비[천원]","천원","200.1","179.51676","174.35565","149.30257","121.81416","100.2",
"전규모(10인이상)","수상 운수업","법정외복리비[천원]","천원","197.7","214.32066","153.99576","171.50505","165.17492","161.2",
"전규모(10인이상)","수상 운수업","모집비[천원]","천원","1.6","1.94065","1.25386","1.83111","1.90376",".3",
"전규모(10인이상)","수상 운수업","교육훈련비[천원]","천원","47.7","51.89096","31.71597","38.65387","41.30403","26.1",
"전규모(10인이상)","수상 운수업","기타노동비용[천원]","천원","11.4","14.79903","8.4172","11.71144","12.621","4",
"전규모(10인이상)","항공 운송업","노동비용총액[천원]","천원","4148.7","3568.34892","4230.16777","3267.06021","2381.39804","2484.7",
"전규모(10인이상)","항공 운송업","현금급여총계[천원]","천원","3210.3","2692.26528","3066.15782","2452.37965","1770.0683","1504.8",
"전규모(10인이상)","항공 운송업","정액및초과[천원]","천원","2185.6","1884.55884","2109.27368","1630.24585","1277.71863","1310.3",
"전규모(10인이상)","항공 운송업","상여금등특별급여[천원]","천원","1024.7","807.70643","956.88414","822.1338","492.34967","194.5",
"전규모(10인이상)","항공 운송업","현금급여외 노동비용(계)[천원]","천원","938.4","876.08364","1164.00995","814.68056","611.32973","979.9",
"전규모(10인이상)","항공 운송업","퇴직금등비용[천원]","천원","369.2","210.02447","262.62015","181.0751","132.13988","359",
"전규모(10인이상)","항공 운송업","현물지급비용[천원]","천원","0","0","0","0",".63981",".5",
"전규모(10인이상)","항공 운송업","법정복리비[천원]","천원","287.6","271.56876","222.22933","180.61923","162.96769","128.9",
"전규모(10인이상)","항공 운송업","법정외복리비[천원]","천원","239.5","231.39102","533.95554","292.33135","268.68069","293.2",
"전규모(10인이상)","항공 운송업","모집비[천원]","천원",".7",".71472","1.01346","1.66293",".65318",".4",
"전규모(10인이상)","항공 운송업","교육훈련비[천원]","천원","36.7","157.2839","137.29199","157.40565","45.12201","196.2",
"전규모(10인이상)","항공 운송업","기타노동비용[천원]","천원","4.7","5.10078","6.89949","1.58631","1.12648","1.6",
"전규모(10인이상)","여행알선 및 운수관련 서비스업","노동비용총액[천원]","천원","3297.1","2584.59345","2361.98636","2918.57261","3072.42848","2721.6",
"전규모(10인이상)","여행알선 및 운수관련 서비스업","현금급여총계[천원]","천원","2178.1","1952.285","1774.00255","1690.0439","1235.16859","1385",
"전규모(10인이상)","여행알선 및 운수관련 서비스업","정액및초과[천원]","천원","1649.4","1520.8602","1407.55936","1340.05312","1002.39514","1118.2",
"전규모(10인이상)","여행알선 및 운수관련 서비스업","상여금등특별급여[천원]","천원","528.7","431.4248","366.44319","349.99079","232.77345","266.8",
"전규모(10인이상)","여행알선 및 운수관련 서비스업","현금급여외 노동비용(계)[천원]","천원","1119","632.30845","587.98382","1228.52871","1837.25989","1336.5",
"전규모(10인이상)","여행알선 및 운수관련 서비스업","퇴직금등비용[천원]","천원","644.9","181.5377","195.01802","846.03729","1483.00498","1039",
"전규모(10인이상)","여행알선 및 운수관련 서비스업","현물지급비용[천원]","천원",".3",".02625",".06592","0","0","0",
"전규모(10인이상)","여행알선 및 운수관련 서비스업","법정복리비[천원]","천원","263.3","240.51565","206.30302","190.19302","175.33625","129.3",
"전규모(10인이상)","여행알선 및 운수관련 서비스업","법정외복리비[천원]","천원","159.8","164.90113","148.85342","154.54278","156.26612","132.9",
"전규모(10인이상)","여행알선 및 운수관련 서비스업","모집비[천원]","천원",".5",".55638",".12082",".23745",".01535","0",
"전규모(10인이상)","여행알선 및 운수관련 서비스업","교육훈련비[천원]","천원","43.2","37.11225","31.6312","31.4583","15.69014","27.8",
"전규모(10인이상)","여행알선 및 운수관련 서비스업","기타노동비용[천원]","천원","7.1","7.65908","5.99142","6.05988","6.94705","7.4",
"전규모(10인이상)","통신업","노동비용총액[천원]","천원","6102.3","4385.78384","4722.82017","4745.2522","3401.55568","3481.6",
"전규모(10인이상)","통신업","현금급여총계[천원]","천원","3651.7","3555.77136","2960.74359","2965.46275","1947.70739","2174.6",
"전규모(10인이상)","통신업","정액및초과[천원]","천원","2664.2","2574.4317","2303.99726","2134.85875","1562.95757","1575.9",
"전규모(10인이상)","통신업","상여금등특별급여[천원]","천원","987.5","981.33966","656.74634","830.60401","384.74982","598.7",
"전규모(10인이상)","통신업","현금급여외 노동비용(계)[천원]","천원","2450.6","830.01248","1762.07658","1779.78944","1453.84829","1307.1",
"전규모(10인이상)","통신업","퇴직금등비용[천원]","천원","1631.2","127.57324","1237.48748","1188.51259","750.56655","772.1",
"전규모(10인이상)","통신업","현물지급비용[천원]","천원","0","1.85001","0","0","0","1.4",
"전규모(10인이상)","통신업","법정복리비[천원]","천원","284.7","307.95507","273.43823","256.58152","210.95638","184.6",
"전규모(10인이상)","통신업","법정외복리비[천원]","천원","401.3","266.73326","163.39185","180.79732","377.32348","240.9",
"전규모(10인이상)","통신업","모집비[천원]","천원","2","1.4573",".31104",".85594",".4907","0",
"전규모(10인이상)","통신업","교육훈련비[천원]","천원","126.4","124.19675","87.02881","137.17635","110.07919","90.6",
"전규모(10인이상)","통신업","기타노동비용[천원]","천원","5.1",".24684",".41917","15.86573","4.43199","17.5",
"전규모(10인이상)","금융 및 보험업(65-67)","노동비용총액[천원]","천원","4183.1","3728.04549","4099.06731","3313.2297","3680.48538","3970.4",
"전규모(10인이상)","금융 및 보험업(65-67)","현금급여총계[천원]","천원","3391.1","3025.92287","2657.90034","2459.63274","2193.6721","1959.7",
"전규모(10인이상)","금융 및 보험업(65-67)","정액및초과[천원]","천원","2224.3","1956.63479","1774.46778","1651.46517","1478.35944","1411.4",
"전규모(10인이상)","금융 및 보험업(65-67)","상여금등특별급여[천원]","천원","1166.8","1069.28809","883.43256","808.16757","715.31265","548.3",
"전규모(10인이상)","금융 및 보험업(65-67)","현금급여외 노동비용(계)[천원]","천원","791.9","702.12262","1441.16696","853.59696","1486.81328","2010.8",
"전규모(10인이상)","금융 및 보험업(65-67)","퇴직금등비용[천원]","천원","276.1","196.20318","998.98025","451.5452","989.02519","1662.7",
"전규모(10인이상)","금융 및 보험업(65-67)","현물지급비용[천원]","천원","2.8","3.11484","1.49101","2.84606",".78086","4.7",
"전규모(10인이상)","금융 및 보험업(65-67)","법정복리비[천원]","천원","267.5","241.33116","213.61433","183.92877","180.49142","125.6",
"전규모(10인이상)","금융 및 보험업(65-67)","법정외복리비[천원]","천원","170.1","186.29468","164.04451","165.41347","237.53049","157",
"전규모(10인이상)","금융 및 보험업(65-67)","모집비[천원]","천원","2.2","2.53686","2.15034",".63405","1.86795","1.3",
"전규모(10인이상)","금융 및 보험업(65-67)","교육훈련비[천원]","천원","57.5","54.12727","47.65349","36.37698","62.20883","36",
"전규모(10인이상)","금융 및 보험업(65-67)","기타노동비용[천원]","천원","15.7","18.51462","13.23303","12.85244","14.90854","23.4",
"전규모(10인이상)","금융업","노동비용총액[천원]","천원","4148.8","3782.30385","4316.36375","3583.18567","3993.92659","4512.9",
"전규모(10인이상)","금융업","현금급여총계[천원]","천원","3337","2963.90438","2778.13531","2560.04985","2026.48002","1952.1",
"전규모(10인이상)","금융업","정액및초과[천원]","천원","2186","1947.12956","1846.54085","1737.13651","1551.45281","1389.1",
"전규모(10인이상)","금융업","상여금등특별급여[천원]","천원","1151.1","1016.77482","931.59445","822.91334","475.02721","563",
"전규모(10인이상)","금융업","현금급여외 노동비용(계)[천원]","천원","811.8","818.39947","1538.22845","1023.13582","1967.44657","2560.8",
"전규모(10인이상)","금융업","퇴직금등비용[천원]","천원","246.9","247.35439","1101.22556","570.21369","1560.10239","2234.6",
"전규모(10인이상)","금융업","현물지급비용[천원]","천원","3","4.84794",".2689",".30661","1.44752",".2",
"전규모(10인이상)","금융업","법정복리비[천원]","천원","275.9","239.0839","208.67911","191.41735","176.74808","129.4",
"전규모(10인이상)","금융업","법정외복리비[천원]","천원","191.6","229.58865","161.89555","198.25859","181.69597","147.6",
"전규모(10인이상)","금융업","모집비[천원]","천원",".8","1.86566","1.19193",".77039","1.06423",".4",
"전규모(10인이상)","금융업","교육훈련비[천원]","천원","72.8","67.90751","47.06177","40.91239","28.98092","28.1",
"전규모(10인이상)","금융업","기타노동비용[천원]","천원","20.7","27.75142","17.90562","21.2568","17.40747","20.4",
"전규모(10인이상)","보험 및 연금업","노동비용총액[천원]","천원","4043.3","3408.26075","3340.603","2927.97957","2677.87914","3168.3",
"전규모(10인이상)","보험 및 연금업","현금급여총계[천원]","천원","3307.9","2668.27585","2225.44778","2058.37156","1670.33768","1798.5",
"전규모(10인이상)","보험 및 연금업","정액및초과[천원]","천원","2069.2","1735.2968","1532.86013","1441.53638","1352.14188","1405.9",
"전규모(10인이상)","보험 및 연금업","상여금등특별급여[천원]","천원","1238.6","932.97905","692.58766","616.83517","318.19579","392.6",
"전규모(10인이상)","보험 및 연금업","현금급여외 노동비용(계)[천원]","천원","735.5","739.98489","1115.15522","869.60802","1007.54146","1369.8",
"전규모(10인이상)","보험 및 연금업","퇴직금등비용[천원]","천원","208.1","151.87868","575.32775","457.29641","432.7347","929.8",
"전규모(10인이상)","보험 및 연금업","현물지급비용[천원]","천원","2.1","0","1.27976","5.41073","0","15",
"전규모(10인이상)","보험 및 연금업","법정복리비[천원]","천원","259.3","252.4311","208.77785","180.12825","189.40037","117.2",
"전규모(10인이상)","보험 및 연금업","법정외복리비[천원]","천원","195.6","247.17189","237.64179","191.36004","241.11623","217.8",
"전규모(10인이상)","보험 및 연금업","모집비[천원]","천원","7.4","5.88847","5.10415",".61996","2.30159","2.3",
"전규모(10인이상)","보험 및 연금업","교육훈련비[천원]","천원","47.4","63.67671","68.6717","24.488","129.03801","52.6",
"전규모(10인이상)","보험 및 연금업","기타노동비용[천원]","천원","15.7","18.93806","18.35222","10.30462","12.95056","35.1",
"전규모(10인이상)","금융 및 보험관련 서비스업","노동비용총액[천원]","천원","4613.7","4451.59094","4902.88579","4136.17749","4426.55207","3981.9",
"전규모(10인이상)","금융 및 보험관련 서비스업","현금급여총계[천원]","천원","3820.1","3934.71729","3342.37392","3546.6734","3440.41339","2505.8",
"전규모(10인이상)","금융 및 보험관련 서비스업","정액및초과[천원]","천원","2700.3","2400.80417","2105.47573","1998.33031","1485.1132","1642",
"전규모(10인이상)","금융 및 보험관련 서비스업","상여금등특별급여[천원]","천원","1119.9","1533.91312","1236.89819","1548.34309","1955.30018","863.9",
"전규모(10인이상)","금융 및 보험관련 서비스업","현금급여외 노동비용(계)[천원]","천원","793.6","516.87365","1560.51187","589.50408","986.13869","1476.1",
"전규모(10인이상)","금융 및 보험관련 서비스업","퇴직금등비용[천원]","천원","392.9","157.44346","1185.44164","271.72527","373.66621","1222.4",
"전규모(10인이상)","금융 및 보험관련 서비스업","현물지급비용[천원]","천원","2.9","2.93196","3.25609","4.21533",".26686",".5",
"전규모(10인이상)","금융 및 보험관련 서비스업","법정복리비[천원]","천원","255.6","236.6202","223.75813","176.42096","176.34521","129",
"전규모(10인이상)","금융 및 보험관련 서비스업","법정외복리비[천원]","천원","103.8","84.53839","111.14558","93.18164","376.65976","79.6",
"전규모(10인이상)","금융 및 보험관련 서비스업","모집비[천원]","천원","1.1","1.10437","1.17278",".44654","3.27688","2",
"전규모(10인이상)","금융 및 보험관련 서비스업","교육훈련비[천원]","천원","32.2","28.6255","32.51753","40.67174","44.44814","30.9",
"전규모(10인이상)","금융 및 보험관련 서비스업","기타노동비용[천원]","천원","5.1","5.60977","3.22013","2.84259","11.47562","11.7",
"전규모(10인이상)","부동산 및 사업서비스업(70-74)","노동비용총액[천원]","천원","2681.4","2369.15783","2193.65259","2227.75332","2310.27079","2176.3",
"전규모(10인이상)","부동산 및 사업서비스업(70-74)","현금급여총계[천원]","천원","2089.3","1809.58965","1598.68669","1533.87238","1395.80452","1324.8",
"전규모(10인이상)","부동산 및 사업서비스업(70-74)","정액및초과[천원]","천원","1767.8","1541.56057","1342.52118","1274.11939","1158.80264","1083.1",
"전규모(10인이상)","부동산 및 사업서비스업(70-74)","상여금등특별급여[천원]","천원","321.5","268.02908","256.16551","259.75299","237.00188","241.7",
"전규모(10인이상)","부동산 및 사업서비스업(70-74)","현금급여외 노동비용(계)[천원]","천원","592.1","559.56818","594.9659","693.88094","914.46626","851.5",
"전규모(10인이상)","부동산 및 사업서비스업(70-74)","퇴직금등비용[천원]","천원","202.1","217.09563","263.86509","361.4151","638.59091","629.8",
"전규모(10인이상)","부동산 및 사업서비스업(70-74)","현물지급비용[천원]","천원","1",".98929",".62333","5.16605",".92084",".4",
"전규모(10인이상)","부동산 및 사업서비스업(70-74)","법정복리비[천원]","천원","187.6","174.09758","159.88742","148.00641","128.51316","97.5",
"전규모(10인이상)","부동산 및 사업서비스업(70-74)","법정외복리비[천원]","천원","145.1","113.85228","114.08464","125.77657","108.2132","95.5",
"전규모(10인이상)","부동산 및 사업서비스업(70-74)","모집비[천원]","천원","3.7","2.70215","2.75047","4.11918","2.39182",".9",
"전규모(10인이상)","부동산 및 사업서비스업(70-74)","교육훈련비[천원]","천원","44.5","44.72135","47.26747","43.11582","30.80204","23.1",
"전규모(10인이상)","부동산 및 사업서비스업(70-74)","기타노동비용[천원]","천원","8.1","6.10991","6.48748","6.28182","5.0343","4.3",
"전규모(10인이상)","부동산업","노동비용총액[천원]","천원","2036.5","1689.19584","1699.67441","2104.61266","3465.03364","3063.7",
"전규모(10인이상)","부동산업","현금급여총계[천원]","천원","1384.3","1174.19263","1218.4352","1197.22393","1293.24939","1110",
"전규모(10인이상)","부동산업","정액및초과[천원]","천원","1133.6","981.5332","980.9491","960.8556","1077.51362","921.4",
"전규모(10인이상)","부동산업","상여금등특별급여[천원]","천원","250.8","192.65944","237.4861","236.36833","215.73577","188.6",
"전규모(10인이상)","부동산업","현금급여외 노동비용(계)[천원]","천원","652.2","515.0032","481.23921","907.38873","2171.78425","1953.7",
"전규모(10인이상)","부동산업","퇴직금등비용[천원]","천원","99.6","132.53752","141.48964","560.93847","1879.748","1683.3",
"전규모(10인이상)","부동산업","현물지급비용[천원]","천원","0",".14536",".01968","1.14651",".43392","0",
"전규모(10인이상)","부동산업","법정복리비[천원]","천원","218.1","199.46308","177.70886","153.22682","138.00174","111.2",
"전규모(10인이상)","부동산업","법정외복리비[천원]","천원","246.7","109.71777","90.39451","136.65684","104.17985","122.1",
"전규모(10인이상)","부동산업","모집비[천원]","천원","1.5","1.41765",".41034",".32915",".50609",".1",
"전규모(10인이상)","부동산업","교육훈련비[천원]","천원","62.7","58.49374","51.756","35.65395","36.98255","30.2",
"전규모(10인이상)","부동산업","기타노동비용[천원]","천원","23.6","13.22809","19.46016","19.437","11.9321","6.9",
"전규모(10인이상)","기계장비 및 소비용품 임대업","노동비용총액[천원]","천원","2385.6","3015.87837","2270.98238","2247.45671","1928.97603","2864.1",
"전규모(10인이상)","기계장비 및 소비용품 임대업","현금급여총계[천원]","천원","1939.4","2271.16917","1560.63112","1764.23539","1570.42309","1459.3",
"전규모(10인이상)","기계장비 및 소비용품 임대업","정액및초과[천원]","천원","1757.8","1792.37466","1324.05696","1547.94745","1238.44975","1186.3",
"전규모(10인이상)","기계장비 및 소비용품 임대업","상여금등특별급여[천원]","천원","181.6","478.79451","236.57416","216.28794","331.97334","273",
"전규모(10인이상)","기계장비 및 소비용품 임대업","현금급여외 노동비용(계)[천원]","천원","446.2","744.7092","710.35126","483.22132","358.55294","1404.8",
"전규모(10인이상)","기계장비 및 소비용품 임대업","퇴직금등비용[천원]","천원","191.5","422.78749","398.50292","161.49696","81.72984","1205.6",
"전규모(10인이상)","기계장비 및 소비용품 임대업","현물지급비용[천원]","천원","0","0","0",".18756",".01673","0",
"전규모(10인이상)","기계장비 및 소비용품 임대업","법정복리비[천원]","천원","173.7","195.48877","167.14857","140.98571","150.30623","127.2",
"전규모(10인이상)","기계장비 및 소비용품 임대업","법정외복리비[천원]","천원","80.8","95.72335","108.19826","145.18111","107.11596","63.1",
"전규모(10인이상)","기계장비 및 소비용품 임대업","모집비[천원]","천원",".1","1.02372","5.03733","1.20695","2.93309",".1",
"전규모(10인이상)","기계장비 및 소비용품 임대업","교육훈련비[천원]","천원",".1","3.6516","10.81218","17.73689","15.6073","8.3",
"전규모(10인이상)","기계장비 및 소비용품 임대업","기타노동비용[천원]","천원","0","26.03426","20.652","16.42614",".84379",".4",
"전규모(10인이상)","정보처리 및 기타 컴퓨터 운용 관련업","노동비용총액[천원]","천원","3324.5","3375.54315","3247.0113","3217.71936","2599.22347","2300.2",
"전규모(10인이상)","정보처리 및 기타 컴퓨터 운용 관련업","현금급여총계[천원]","천원","2436.2","2299.10651","2369.56024","2293.19235","1781.31064","1678.1",
"전규모(10인이상)","정보처리 및 기타 컴퓨터 운용 관련업","정액및초과[천원]","천원","2236.7","2078.48467","1970.72552","1785.01733","1383.15196","1311.4",
"전규모(10인이상)","정보처리 및 기타 컴퓨터 운용 관련업","상여금등특별급여[천원]","천원","199.5","220.62184","398.83472","508.17502","398.15868","366.7",
"전규모(10인이상)","정보처리 및 기타 컴퓨터 운용 관련업","현금급여외 노동비용(계)[천원]","천원","888.3","1076.43664","877.45107","924.52701","817.91282","622.1",
"전규모(10인이상)","정보처리 및 기타 컴퓨터 운용 관련업","퇴직금등비용[천원]","천원","218.3","443.36722","243.65103","288.05302","335.78582","304.1",
"전규모(10인이상)","정보처리 및 기타 컴퓨터 운용 관련업","현물지급비용[천원]","천원","0",".1693","1.19142","2.54451","1.00197","1.3",
"전규모(10인이상)","정보처리 및 기타 컴퓨터 운용 관련업","법정복리비[천원]","천원","250.9","237.93768","208.4525","198.42113","167.39572","115.3",
"전규모(10인이상)","정보처리 및 기타 컴퓨터 운용 관련업","법정외복리비[천원]","천원","281.2","251.75507","265.69659","277.43959","210.3054","131",
"전규모(10인이상)","정보처리 및 기타 컴퓨터 운용 관련업","모집비[천원]","천원","11.3","6.20179","5.96753","12.883","7.97448","3.2",
"전규모(10인이상)","정보처리 및 기타 컴퓨터 운용 관련업","교육훈련비[천원]","천원","121.9","133.96651","147.90866","138.66497","87.72591","61.5",
"전규모(10인이상)","정보처리 및 기타 컴퓨터 운용 관련업","기타노동비용[천원]","천원","4.6","3.03907","4.58334","6.52079","7.72352","5.7",
"전규모(10인이상)","연구 및 개발업","노동비용총액[천원]","천원","4540.5","3748.42586","3764.40252","3909.35048","3669.72037","3505",
"전규모(10인이상)","연구 및 개발업","현금급여총계[천원]","천원","3323.3","2990.02981","3010.09906","2744.12535","2119.21033","2046.2",
"전규모(10인이상)","연구 및 개발업","정액및초과[천원]","천원","2630.1","2368.88784","2330.66429","2200.00024","1871.86855","1470.2",
"전규모(10인이상)","연구 및 개발업","상여금등특별급여[천원]","천원","693.2","621.14197","679.43477","544.12511","247.34178","576",
"전규모(10인이상)","연구 및 개발업","현금급여외 노동비용(계)[천원]","천원","1217.2","758.39605","754.30346","1165.22513","1550.51004","1458.8",
"전규모(10인이상)","연구 및 개발업","퇴직금등비용[천원]","천원","776.9","370.41008","395.39335","809.99162","1271.60586","1246.2",
"전규모(10인이상)","연구 및 개발업","현물지급비용[천원]","천원","0","0","0","3.48923","1.46157","0",
"전규모(10인이상)","연구 및 개발업","법정복리비[천원]","천원","273.6","251.04718","219.41968","227.30289","161.61888","114.6",
"전규모(10인이상)","연구 및 개발업","법정외복리비[천원]","천원","124.4","107.37495","107.62752","98.25231","98.3807","86",
"전규모(10인이상)","연구 및 개발업","모집비[천원]","천원","2.2","2.1815","3.65066","2.72351",".69515",".4",
"전규모(10인이상)","연구 및 개발업","교육훈련비[천원]","천원","29.4","22.3122","24.02852","18.91547","13.73842","9.1",
"전규모(10인이상)","연구 및 개발업","기타노동비용[천원]","천원","10.7","5.07015","4.18374","4.5501","3.00946","2.5",
"전규모(10인이상)","기타 사업관련 서비스업","노동비용총액[천원]","천원","2566.7","2103.32596","1848.50474","1759.01738","1591.24532","1772.1",
"전규모(10인이상)","기타 사업관련 서비스업","현금급여총계[천원]","천원","2210.2","1779.83417","1373.30132","1296.01824","1107.47676","1290.8",
"전규모(10인이상)","기타 사업관련 서비스업","정액및초과[천원]","천원","1858.3","1513.09441","1205.67385","1128.95549","937.15364","1087.6",
"전규모(10인이상)","기타 사업관련 서비스업","상여금등특별급여[천원]","천원","351.9","266.73977","167.62747","167.06275","170.32312","203.2",
"전규모(10인이상)","기타 사업관련 서비스업","현금급여외 노동비용(계)[천원]","천원","356.5","323.49179","475.20342","462.99914","483.76856","481.2",
"전규모(10인이상)","기타 사업관련 서비스업","퇴직금등비용[천원]","천원","125.7","115.84354","275.63581","276.51976","300.44558","308.5",
"전규모(10인이상)","기타 사업관련 서비스업","현물지급비용[천원]","천원","1.8","1.69405",".6566","7.8743",".93274",".3",
"전규모(10인이상)","기타 사업관련 서비스업","법정복리비[천원]","천원","140.7","129.35538","124.86255","110.31286","102.01119","83",
"전규모(10인이상)","기타 사업관련 서비스업","법정외복리비[천원]","천원","69.8","59.87177","58.47856","57.58644","68.16254","76.4",
"전규모(10인이상)","기타 사업관련 서비스업","모집비[천원]","천원","1.4","1.67966","1.78094","1.42553",".89504",".4",
"전규모(10인이상)","기타 사업관련 서비스업","교육훈련비[천원]","천원","11.3","9.46069","9.49659","6.54093","8.84536","9.3",
"전규모(10인이상)","기타 사업관련 서비스업","기타노동비용[천원]","천원","5.7","5.5867","4.29237","2.73933","2.47612","3.4",
"전규모(10인이상)","교육 서비스업(80)","노동비용총액[천원]","천원","3110.8","2907.4657","2413.15249","2346.97158","2044.89452","2331.1",
"전규모(10인이상)","교육 서비스업(80)","현금급여총계[천원]","천원","2838.2","2604.36211","2136.03247","2100.1348","1832.57911","2181.1",
"전규모(10인이상)","교육 서비스업(80)","정액및초과[천원]","천원","2092.5","1986.12208","1704.96871","1664.732","1457.57675","1574",
"전규모(10인이상)","교육 서비스업(80)","상여금등특별급여[천원]","천원","745.8","618.24003","431.06376","435.4028","375.00235","607.1",
"전규모(10인이상)","교육 서비스업(80)","현금급여외 노동비용(계)[천원]","천원","272.5","303.10359","277.12002","246.83678","212.31541","150",
"전규모(10인이상)","교육 서비스업(80)","퇴직금등비용[천원]","천원","46.1","83.56896","69.05682","75.32007","56.73385","44.7",
"전규모(10인이상)","교육 서비스업(80)","현물지급비용[천원]","천원","0","0","0","0",".13065",".1",
"전규모(10인이상)","교육 서비스업(80)","법정복리비[천원]","천원","156.6","149.06463","132.9646","103.89618","95.55768","66.7",
"전규모(10인이상)","교육 서비스업(80)","법정외복리비[천원]","천원","55.4","50.2206","57.78786","52.77655","45.49624","24.1",
"전규모(10인이상)","교육 서비스업(80)","모집비[천원]","천원","2.7","8.8901","6.90362","5.84993","4.75922","7.2",
"전규모(10인이상)","교육 서비스업(80)","교육훈련비[천원]","천원","10.4","10.2313","9.07022","7.58907","9.01588","6.6",
"전규모(10인이상)","교육 서비스업(80)","기타노동비용[천원]","천원","1.3","1.128","1.3369","1.40499",".62189",".6",
"전규모(10인이상)","교육 서비스업","노동비용총액[천원]","천원","3110.8","2907.4657","2413.15249","2346.97158","2044.89452","2331.1",
"전규모(10인이상)","교육 서비스업","현금급여총계[천원]","천원","2838.2","2604.36211","2136.03247","2100.1348","1832.57911","2181.1",
"전규모(10인이상)","교육 서비스업","정액및초과[천원]","천원","2092.5","1986.12208","1704.96871","1664.732","1457.57675","1574",
"전규모(10인이상)","교육 서비스업","상여금등특별급여[천원]","천원","745.8","618.24003","431.06376","435.4028","375.00235","607.1",
"전규모(10인이상)","교육 서비스업","현금급여외 노동비용(계)[천원]","천원","272.5","303.10359","277.12002","246.83678","212.31541","150",
"전규모(10인이상)","교육 서비스업","퇴직금등비용[천원]","천원","46.1","83.56896","69.05682","75.32007","56.73385","44.7",
"전규모(10인이상)","교육 서비스업","현물지급비용[천원]","천원","0","0","0","0",".13065",".1",
"전규모(10인이상)","교육 서비스업","법정복리비[천원]","천원","156.6","149.06463","132.9646","103.89618","95.55768","66.7",
"전규모(10인이상)","교육 서비스업","법정외복리비[천원]","천원","55.4","50.2206","57.78786","52.77655","45.49624","24.1",
"전규모(10인이상)","교육 서비스업","모집비[천원]","천원","2.7","8.8901","6.90362","5.84993","4.75922","7.2",
"전규모(10인이상)","교육 서비스업","교육훈련비[천원]","천원","10.4","10.2313","9.07022","7.58907","9.01588","6.6",
"전규모(10인이상)","교육 서비스업","기타노동비용[천원]","천원","1.3","1.128","1.3369","1.40499",".62189",".6",
"전규모(10인이상)","보건 및 사회복지사업(85)","노동비용총액[천원]","천원","2473.1","2406.52121","2141.85376","1978.30416","1863.70553","1761.7",
"전규모(10인이상)","보건 및 사회복지사업(85)","현금급여총계[천원]","천원","2061.5","1944.13438","1811.26653","1675.73732","1523.93642","1485.1",
"전규모(10인이상)","보건 및 사회복지사업(85)","정액및초과[천원]","천원","1605.5","1503.75084","1461.90645","1386.55559","1245.94572","1168.6",
"전규모(10인이상)","보건 및 사회복지사업(85)","상여금등특별급여[천원]","천원","456","440.38354","349.36008","289.18173","277.9907","316.5",
"전규모(10인이상)","보건 및 사회복지사업(85)","현금급여외 노동비용(계)[천원]","천원","411.7","462.38683","330.58723","302.56684","339.76911","276.7",
"전규모(10인이상)","보건 및 사회복지사업(85)","퇴직금등비용[천원]","천원","138.1","206.79016","112.05593","89.89459","120.63714","117.9",
"전규모(10인이상)","보건 및 사회복지사업(85)","현물지급비용[천원]","천원",".1",".74314",".05161",".01987",".00829",".2",
"전규모(10인이상)","보건 및 사회복지사업(85)","법정복리비[천원]","천원","162.1","148.17733","131.90096","115.59933","109.76624","82",
"전규모(10인이상)","보건 및 사회복지사업(85)","법정외복리비[천원]","천원","98.9","91.13194","68.73176","84.17126","90.05673","69.4",
"전규모(10인이상)","보건 및 사회복지사업(85)","모집비[천원]","천원",".7",".91396","6.10511","2.68524","3.51266",".3",
"전규모(10인이상)","보건 및 사회복지사업(85)","교육훈련비[천원]","천원","8.2","10.87721","8.45855","6.25159","12.55133","5.7",
"전규모(10인이상)","보건 및 사회복지사업(85)","기타노동비용[천원]","천원","3.5","3.75308","3.28331","3.94495","3.2367","1.2",
"전규모(10인이상)","보건 및 사회복지사업","노동비용총액[천원]","천원","2473.1","2406.52121","2141.85376","1978.30416","1863.70553","1761.7",
"전규모(10인이상)","보건 및 사회복지사업","현금급여총계[천원]","천원","2061.5","1944.13438","1811.26653","1675.73732","1523.93642","1485.1",
"전규모(10인이상)","보건 및 사회복지사업","정액및초과[천원]","천원","1605.5","1503.75084","1461.90645","1386.55559","1245.94572","1168.6",
"전규모(10인이상)","보건 및 사회복지사업","상여금등특별급여[천원]","천원","456","440.38354","349.36008","289.18173","277.9907","316.5",
"전규모(10인이상)","보건 및 사회복지사업","현금급여외 노동비용(계)[천원]","천원","411.7","462.38683","330.58723","302.56684","339.76911","276.7",
"전규모(10인이상)","보건 및 사회복지사업","퇴직금등비용[천원]","천원","138.1","206.79016","112.05593","89.89459","120.63714","117.9",
"전규모(10인이상)","보건 및 사회복지사업","현물지급비용[천원]","천원",".1",".74314",".05161",".01987",".00829",".2",
"전규모(10인이상)","보건 및 사회복지사업","법정복리비[천원]","천원","162.1","148.17733","131.90096","115.59933","109.76624","82",
"전규모(10인이상)","보건 및 사회복지사업","법정외복리비[천원]","천원","98.9","91.13194","68.73176","84.17126","90.05673","69.4",
"전규모(10인이상)","보건 및 사회복지사업","모집비[천원]","천원",".7",".91396","6.10511","2.68524","3.51266",".3",
"전규모(10인이상)","보건 및 사회복지사업","교육훈련비[천원]","천원","8.2","10.87721","8.45855","6.25159","12.55133","5.7",
"전규모(10인이상)","보건 및 사회복지사업","기타노동비용[천원]","천원","3.5","3.75308","3.28331","3.94495","3.2367","1.2",
"전규모(10인이상)","기타 공공, 사회 및 개인서비스업(90-93)","노동비용총액[천원]","천원","3360.9","3376.11342","2945.49002","3410.56639","2699.75781","3576.8",
"전규모(10인이상)","기타 공공, 사회 및 개인서비스업(90-93)","현금급여총계[천원]","천원","2385.8","2049.71004","1888.31566","1890.36987","1572.14906","1762.9",
"전규모(10인이상)","기타 공공, 사회 및 개인서비스업(90-93)","정액및초과[천원]","천원","1833.3","1585.09027","1503.68113","1457.30726","1255.36927","1399.1",
"전규모(10인이상)","기타 공공, 사회 및 개인서비스업(90-93)","상여금등특별급여[천원]","천원","552.5","464.61977","384.63453","433.06261","316.77979","363.7",
"전규모(10인이상)","기타 공공, 사회 및 개인서비스업(90-93)","현금급여외 노동비용(계)[천원]","천원","975.2","1326.40338","1057.17436","1520.19652","1127.60875","1813.9",
"전규모(10인이상)","기타 공공, 사회 및 개인서비스업(90-93)","퇴직금등비용[천원]","천원","332.9","685.60672","432.15991","969.75346","664.74037","1477.3",
"전규모(10인이상)","기타 공공, 사회 및 개인서비스업(90-93)","현물지급비용[천원]","천원","2.7","6.2418","5.02012","5.87513","1.8249",".2",
"전규모(10인이상)","기타 공공, 사회 및 개인서비스업(90-93)","법정복리비[천원]","천원","239.1","234.27955","225.60407","196.33226","175.13982","131",
"전규모(10인이상)","기타 공공, 사회 및 개인서비스업(90-93)","법정외복리비[천원]","천원","355.6","360.06264","357.7239","316.45553","268.75937","185.7",
"전규모(10인이상)","기타 공공, 사회 및 개인서비스업(90-93)","모집비[천원]","천원","2","1.70609","3.53126","2.07023","1.58704",".5",
"전규모(10인이상)","기타 공공, 사회 및 개인서비스업(90-93)","교육훈련비[천원]","천원","34.9","32.79385","26.98532","19.74154","11.80625","11.9",
"전규모(10인이상)","기타 공공, 사회 및 개인서비스업(90-93)","기타노동비용[천원]","천원","8.1","5.71273","6.14977","9.96838","3.75101","7.3",
"전규모(10인이상)","위생 및 유사 서비스업","노동비용총액[천원]","천원","2367.5","2222.8926","1984.85246","1760.85937","1558.31624","1733",
"전규모(10인이상)","위생 및 유사 서비스업","현금급여총계[천원]","천원","1915.1","1720.8716","1552.98298","1405.22032","1066.37112","1293.8",
"전규모(10인이상)","위생 및 유사 서비스업","정액및초과[천원]","천원","1636.8","1494.88706","1344.97898","1214.75213","959.96993","1157.9",
"전규모(10인이상)","위생 및 유사 서비스업","상여금등특별급여[천원]","천원","278.3","225.98454","208.004","190.46819","106.40119","135.9",
"전규모(10인이상)","위생 및 유사 서비스업","현금급여외 노동비용(계)[천원]","천원","452.4","502.02099","431.86949","355.63905","491.94513","439.2",
"전규모(10인이상)","위생 및 유사 서비스업","퇴직금등비용[천원]","천원","169.9","193.25004","186.05515","134.61066","262.27813","247.6",
"전규모(10인이상)","위생 및 유사 서비스업","현물지급비용[천원]","천원","0","32.02417","6.59287","0",".03803","2.2",
"전규모(10인이상)","위생 및 유사 서비스업","법정복리비[천원]","천원","178","165.55435","150.87676","138.24348","137.83513","119.6",
"전규모(10인이상)","위생 및 유사 서비스업","법정외복리비[천원]","천원","98.4","102.91489","80.68598","78.23071","81.86697","62.4",
"전규모(10인이상)","위생 및 유사 서비스업","모집비[천원]","천원",".1",".2559",".29532",".89438",".64782","0",
"전규모(10인이상)","위생 및 유사 서비스업","교육훈련비[천원]","천원",".5",".54199",".51646",".2471",".13487",".5",
"전규모(10인이상)","위생 및 유사 서비스업","기타노동비용[천원]","천원","5.5","7.47966","6.84695","3.41272","9.14417","6.8",
"전규모(10인이상)","회원단체","노동비용총액[천원]","천원","3002.9","2755.06054","2330.92975","3302.40922","2955.55489","2966.9",
"전규모(10인이상)","회원단체","현금급여총계[천원]","천원","2420.1","2246.86867","1796.14705","1728.62496","1416.79525","1924.8",
"전규모(10인이상)","회원단체","정액및초과[천원]","천원","1887.7","1723.32499","1468.8186","1355.10716","1188.02471","1413.1",
"전규모(10인이상)","회원단체","상여금등특별급여[천원]","천원","532.4","523.54368","327.32845","373.5178","228.77054","511.7",
"전규모(10인이상)","회원단체","현금급여외 노동비용(계)[천원]","천원","582.8","508.19186","534.7827","1573.78426","1538.75964","1042.1",
"전규모(10인이상)","회원단체","퇴직금등비용[천원]","천원","199.8","157.71761","199.61989","1250.65743","1237.16596","751.2",
"전규모(10인이상)","회원단체","현물지급비용[천원]","천원","0","4.92183","0","0",".7391","0",
"전규모(10인이상)","회원단체","법정복리비[천원]","천원","208.8","195.55652","178.10186","168.46981","142.50034","103.4",
"전규모(10인이상)","회원단체","법정외복리비[천원]","천원","137.3","127.75567","140.08955","139.7649","140.86223","178.2",
"전규모(10인이상)","회원단체","모집비[천원]","천원","2.2","2.46885","2.88156","1.71554","2.30456",".4",
"전규모(10인이상)","회원단체","교육훈련비[천원]","천원","26.6","17.40521","11.84771","10.67381","13.47648","7.1",
"전규모(10인이상)","회원단체","기타노동비용[천원]","천원","8.2","2.36617","2.24211","2.50277","1.71097","1.7",
"전규모(10인이상)","오락, 문화 및 운동관련산업","노동비용총액[천원]","천원","3873.9","4067.57061","3367.03245","3878.95454","2765.90473","3961.7",
"전규모(10인이상)","오락, 문화 및 운동관련산업","현금급여총계[천원]","천원","2733.7","2419.97551","2069.47001","2236.06862","1672.20936","1874.2",
"전규모(10인이상)","오락, 문화 및 운동관련산업","정액및초과[천원]","천원","1981.1","1764.86203","1605.84343","1648.78986","1314.15955","1490",
"전규모(10인이상)","오락, 문화 및 운동관련산업","상여금등특별급여[천원]","천원","752.6","655.11348","463.62658","587.27877","358.04981","384.2",
"전규모(10인이상)","오락, 문화 및 운동관련산업","현금급여외 노동비용(계)[천원]","천원","1140.2","1647.5951","1297.56244","1642.88591","1093.69537","2087.5",
"전규모(10인이상)","오락, 문화 및 운동관련산업","퇴직금등비용[천원]","천원","386.8","882.86863","538.72662","994.34915","565.0329","1727",
"전규모(10인이상)","오락, 문화 및 운동관련산업","현물지급비용[천원]","천원","3.7","5.67955","6.67069","8.02586","2.25957",".1",
"전규모(10인이상)","오락, 문화 및 운동관련산업","법정복리비[천원]","천원","257.4","258.00394","252.31438","213.13466","188.99547","139.3",
"전규모(10인이상)","오락, 문화 및 운동관련산업","법정외복리비[천원]","천원","441.1","452.51934","454.01547","388.44628","319.68968","198.2",
"전규모(10인이상)","오락, 문화 및 운동관련산업","모집비[천원]","천원","2.1","1.68366","4.11123","2.24976","1.48337",".5",
"전규모(10인이상)","오락, 문화 및 운동관련산업","교육훈련비[천원]","천원","40.5","40.22087","34.20636","23.9173","12.11704","13.7",
"전규모(10인이상)","오락, 문화 및 운동관련산업","기타노동비용[천원]","천원","8.6","6.61912","7.51769","12.76291","4.11735","8.6",
"전규모(10인이상)","기타 서비스업","노동비용총액[천원]","천원","1658.2","1601.63945","1389.01466","1285.83358","844.63477","1302",
"전규모(10인이상)","기타 서비스업","현금급여총계[천원]","천원","1387.2","1407.98892","1172.97914","1093.72148","665.18124","1159.5",
"전규모(10인이상)","기타 서비스업","정액및초과[천원]","천원","1245.7","1266.7939","1076.55309","1006.32912","565.60354","1064.5",
"전규모(10인이상)","기타 서비스업","상여금등특별급여[천원]","천원","141.5","141.19502","96.42605","87.39236","99.5777","95.1",
"전규모(10인이상)","기타 서비스업","현금급여외 노동비용(계)[천원]","천원","271","193.65053","216.03552","192.1121","179.45354","142.5",
"전규모(10인이상)","기타 서비스업","퇴직금등비용[천원]","천원","115.8","61.0837","37.81658","40.56084","61.60937","42.2",
"전규모(10인이상)","기타 서비스업","현물지급비용[천원]","천원","0","0","0","0","0","0",
"전규모(10인이상)","기타 서비스업","법정복리비[천원]","천원","109.5","86.86635","95.95809","76.15007","78.43594","52.8",
"전규모(10인이상)","기타 서비스업","법정외복리비[천원]","천원","39.8","37.59052","74.39279","67.69713","29.78753","39.8",
"전규모(10인이상)","기타 서비스업","모집비[천원]","천원",".2",".58893",".55625","1.65775",".8534",".4",
"전규모(10인이상)","기타 서비스업","교육훈련비[천원]","천원","4.3","4.55586","5.80192","5.68309","8.34697","6",
"전규모(10인이상)","기타 서비스업","기타노동비용[천원]","천원","1.4","2.96517","1.50988",".36322",".42032","1.4",
"상용근로자(30인이상)","전산업","노동비용총액[천원]","천원","3224.7","2843.54866","2676.53291","2795.17602","2383.75873","2337.1",
"상용근로자(30인이상)","전산업","현금급여총계[천원]","천원","2305.3","2064.28377","1849.79576","1749.69272","1557.24154","1414.6",
"상용근로자(30인이상)","전산업","정액및초과[천원]","천원","1764","1585.91761","1430.63947","1355.00647","1221.59169","1142.1",
"상용근로자(30인이상)","전산업","상여금등특별급여[천원]","천원","541.3","478.36616","419.15629","394.68625","335.64984","272.5",
"상용근로자(30인이상)","전산업","현금급여외 노동비용(계)[천원]","천원","919.4","779.26489","826.73715","1045.4833","826.5172","922.5",
"상용근로자(30인이상)","전산업","퇴직금등비용[천원]","천원","381.9","293.33443","388.27169","635.27657","439.73185","618.4",
"상용근로자(30인이상)","전산업","현물지급비용[천원]","천원","3.4","3.24728","1.82197","3.83328","4.72385","2.4",
"상용근로자(30인이상)","전산업","법정복리비[천원]","천원","244.2","221.61296","210.31231","183.1186","163.67414","121.7",
"상용근로자(30인이상)","전산업","법정외복리비[천원]","천원","228.7","198.45529","174.57728","169.60374","174.50451","141.5",
"상용근로자(30인이상)","전산업","모집비[천원]","천원","3.1","2.7631","3.11343","3.06604","2.47669","1.2",
"상용근로자(30인이상)","전산업","교육훈련비[천원]","천원","47.5","48.9211","41.05478","40.473","33.46439","28.9",
"상용근로자(30인이상)","전산업","기타노동비용[천원]","천원","10.7","10.93072","7.58569","10.11208","7.94177","8.4",
"상용근로자(30인이상)","광 업(10-14)","노동비용총액[천원]","천원","3767","3205.58299","3496.07747","3913.95329","2533.90839","3123.9",
"상용근로자(30인이상)","광 업(10-14)","현금급여총계[천원]","천원","2326.1","2009.0419","1771.01112","1705.21893","1565.47542","1519.9",
"상용근로자(30인이상)","광 업(10-14)","정액및초과[천원]","천원","1772.8","1590.59791","1423.65583","1367.04138","1288.23235","1268.3",
"상용근로자(30인이상)","광 업(10-14)","상여금등특별급여[천원]","천원","553.3","418.44399","347.35529","338.17754","277.24307","251.6",
"상용근로자(30인이상)","광 업(10-14)","현금급여외 노동비용(계)[천원]","천원","1440.9","1196.54109","1725.06634","2208.73437","968.43298","1604",
"상용근로자(30인이상)","광 업(10-14)","퇴직금등비용[천원]","천원","275","216.1663","862.04353","1460.0167","311.63607","1020.9",
"상용근로자(30인이상)","광 업(10-14)","현물지급비용[천원]","천원","1.4","1.3037","1.14856","1.3153","1.03639","1",
"상용근로자(30인이상)","광 업(10-14)","법정복리비[천원]","천원","990.1","816.45547","724.74123","611.17528","527.63638","409.8",
"상용근로자(30인이상)","광 업(10-14)","법정외복리비[천원]","천원","163.7","153.26695","129.55697","125.69127","123.51935","161.1",
"상용근로자(30인이상)","광 업(10-14)","모집비[천원]","천원",".3",".72746",".10156",".09614",".1521",".2",
"상용근로자(30인이상)","광 업(10-14)","교육훈련비[천원]","천원","4.2","3.77592","3.42166","7.39945","2.06894","8.5",
"상용근로자(30인이상)","광 업(10-14)","기타노동비용[천원]","천원","6.1","4.84529","4.05284","3.04023","2.38375","2.5",
"상용근로자(30인이상)","석탄광업","노동비용총액[천원]","천원","3894","3428.3704","3830.44928","4371.97239","2653.01145","",
"상용근로자(30인이상)","석탄광업","현금급여총계[천원]","천원","2393.8","2148.8166","1879.23894","1824.28279","1588.12516","",
"상용근로자(30인이상)","석탄광업","정액및초과[천원]","천원","1760.8","1606.78931","1414.75801","1314.83874","1303.04571","",
"상용근로자(30인이상)","석탄광업","상여금등특별급여[천원]","천원","633","542.0273","464.48093","509.44405","285.07945","",
"상용근로자(30인이상)","석탄광업","현금급여외 노동비용(계)[천원]","천원","1500.2","1279.5538","1951.21034","2547.6896","1064.88629","",
"상용근로자(30인이상)","석탄광업","퇴직금등비용[천원]","천원","217.7","213.78489","1016.14613","1730.28524","336.26843","",
"상용근로자(30인이상)","석탄광업","현물지급비용[천원]","천원","1.7","1.48001","1.38172","1.51582","1.253","",
"상용근로자(30인이상)","석탄광업","법정복리비[천원]","천원","1120.4","908.32267","816.87381","684.88257","597.03168","",
"상용근로자(30인이상)","석탄광업","법정외복리비[천원]","천원","151.7","147.72623","110.5333","120.00812","126.23761","",
"상용근로자(30인이상)","석탄광업","모집비[천원]","천원",".3",".76488",".06877",".11389",".18047","",
"상용근로자(30인이상)","석탄광업","교육훈련비[천원]","천원","4.3","3.91746","2.40437","8.09701","2.10295","",
"상용근로자(30인이상)","석탄광업","기타노동비용[천원]","천원","4.2","3.55765","3.80224","2.78695","1.81215","",
"상용근로자(30인이상)","금속 광업","노동비용총액[천원]","천원","2679.6","2582.20805","2190.43596","2119.81154","1728.18045","",
"상용근로자(30인이상)","금속 광업","현금급여총계[천원]","천원","2018.5","2056.96819","1798.82038","1731.62838","1172.89024","",
"상용근로자(30인이상)","금속 광업","정액및초과[천원]","천원","1705.4","1618.19377","1193.12946","1233.2385","987.18169","",
"상용근로자(30인이상)","금속 광업","상여금등특별급여[천원]","천원","313.2","438.77442","605.69092","498.38988","185.70855","",
"상용근로자(30인이상)","금속 광업","현금급여외 노동비용(계)[천원]","천원","661.1","525.23986","391.61558","388.18316","555.29021","",
"상용근로자(30인이상)","금속 광업","퇴직금등비용[천원]","천원","280.5","278.36936","107.45337","129.74212","324.36739","",
"상용근로자(30인이상)","금속 광업","현물지급비용[천원]","천원","0","0","0",".66908","0","",
"상용근로자(30인이상)","금속 광업","법정복리비[천원]","천원","218.7","155.71438","148.34787","158.4547","154.64352","",
"상용근로자(30인이상)","금속 광업","법정외복리비[천원]","천원","139.8","84.48621","134.2403","96.13354","74.57228","",
"상용근로자(30인이상)","금속 광업","모집비[천원]","천원","1.3",".3963","0","0","0","",
"상용근로자(30인이상)","금속 광업","교육훈련비[천원]","천원","1.8","1.6381","1.57404","1.91246",".61632","",
"상용근로자(30인이상)","금속 광업","기타노동비용[천원]","천원","19","4.63551","0","1.27126","1.09071","",
"상용근로자(30인이상)","기타 광업 및 채석업","노동비용총액[천원]","천원","3838.6","2770.67382","2522.63091","2348.78575","2148.9882","",
"상용근로자(30인이상)","기타 광업 및 채석업","현금급여총계[천원]","천원","2431.5","1966.45409","1732.8283","1699.91554","1679.96492","",
"상용근로자(30인이상)","기타 광업 및 채석업","정액및초과[천원]","천원","1868.6","1613.48655","1507.28612","1468.79337","1397.84172","",
"상용근로자(30인이상)","기타 광업 및 채석업","상여금등특별급여[천원]","천원","562.9","352.96754","225.54219","231.12217","282.1232","",
"상용근로자(30인이상)","기타 광업 및 채석업","현금급여외 노동비용(계)[천원]","천원","1407.1","804.21973","789.80261","648.87021","469.02328","",
"상용근로자(30인이상)","기타 광업 및 채석업","퇴직금등비용[천원]","천원","752.4","208.98509","99.24554","105.67983","91.38064","",
"상용근로자(30인이상)","기타 광업 및 채석업","현물지급비용[천원]","천원","0",".418","0","0","0","",
"상용근로자(30인이상)","기타 광업 및 채석업","법정복리비[천원]","천원","356.4","347.01533","370.69507","323.7573","227.72285","",
"상용근로자(30인이상)","기타 광업 및 채석업","법정외복리비[천원]","천원","279.4","228.21416","295.77271","206.58598","138.6959","",
"상용근로자(30인이상)","기타 광업 및 채석업","모집비[천원]","천원","0",".56291",".47733",".01524",".02923","",
"상용근로자(30인이상)","기타 광업 및 채석업","교육훈련비[천원]","천원","4.4","3.53337","14.01867","5.77496","2.91761","",
"상용근로자(30인이상)","기타 광업 및 채석업","기타노동비용[천원]","천원","14.6","15.49087","9.59329","7.0569","8.27704","",
"상용근로자(30인이상)","제 조 업(15-37)","노동비용총액[천원]","천원","2941.8","2695.86256","2414.59016","2462.25599","2124.48858","2019.5",
"상용근로자(30인이상)","제 조 업(15-37)","현금급여총계[천원]","천원","2074","1915.18458","1703.62676","1607.26171","1442.27656","1292.7",
"상용근로자(30인이상)","제 조 업(15-37)","정액및초과[천원]","천원","1601.7","1486.75072","1312.33647","1246.63307","1139.71528","1057.8",
"상용근로자(30인이상)","제 조 업(15-37)","상여금등특별급여[천원]","천원","472.3","428.43386","391.29029","360.62864","302.56129","234.9",
"상용근로자(30인이상)","제 조 업(15-37)","현금급여외 노동비용(계)[천원]","천원","867.8","780.67799","710.9634","854.99428","682.21202","726.8",
"상용근로자(30인이상)","제 조 업(15-37)","퇴직금등비용[천원]","천원","313.8","307.61083","288.40006","463.09098","332.0334","449.9",
"상용근로자(30인이상)","제 조 업(15-37)","현물지급비용[천원]","천원","5.1","4.6262","2.60188","5.4168","8.10218","3.6",
"상용근로자(30인이상)","제 조 업(15-37)","법정복리비[천원]","천원","237.7","204.20057","201.96206","166.39738","147.63312","107.1",
"상용근로자(30인이상)","제 조 업(15-37)","법정외복리비[천원]","천원","248.3","203.77009","170.48285","174.33814","157.27019","134.7",
"상용근로자(30인이상)","제 조 업(15-37)","모집비[천원]","천원","4.1","3.25419","4.12311","3.97787","2.74752","1.3",
"상용근로자(30인이상)","제 조 업(15-37)","교육훈련비[천원]","천원","45.9","43.33964","35.03059","30.09686","25.07431","21.9",
"상용근로자(30인이상)","제 조 업(15-37)","기타노동비용[천원]","천원","12.9","13.87647","8.36284","11.67624","9.35129","8.3",
"상용근로자(30인이상)","음식료품 제조업","노동비용총액[천원]","천원","2685.9","2509.50238","2334.31099","2154.59767","1767.99447","",
"상용근로자(30인이상)","음식료품 제조업","현금급여총계[천원]","천원","1961.3","1864.85915","1763.02607","1606.02925","1184.23779","",
"상용근로자(30인이상)","음식료품 제조업","정액및초과[천원]","천원","1507.4","1439.2212","1345.51831","1220.55533","1028.78985","",
"상용근로자(30인이상)","음식료품 제조업","상여금등특별급여[천원]","천원","453.9","425.63795","417.50777","385.47392","155.44794","",
"상용근로자(30인이상)","음식료품 제조업","현금급여외 노동비용(계)[천원]","천원","724.5","644.64322","571.28491","548.56842","583.75669","",
"상용근로자(30인이상)","음식료품 제조업","퇴직금등비용[천원]","천원","316.7","263.39866","230.22289","255.45738","300.80646","",
"상용근로자(30인이상)","음식료품 제조업","현물지급비용[천원]","천원","4.1","4.02975","3.12136","3.17165","8.48435","",
"상용근로자(30인이상)","음식료품 제조업","법정복리비[천원]","천원","188.7","172.68034","154.79532","131.82737","116.27862","",
"상용근로자(30인이상)","음식료품 제조업","법정외복리비[천원]","천원","176.4","154.88435","136.64341","126.55405","126.80688","",
"상용근로자(30인이상)","음식료품 제조업","모집비[천원]","천원","2.6","2.71838","1.81347","2.21248","5.77704","",
"상용근로자(30인이상)","음식료품 제조업","교육훈련비[천원]","천원","26.4","35.0395","31.21001","21.60811","19.86165","",
"상용근로자(30인이상)","음식료품 제조업","기타노동비용[천원]","천원","9.5","11.89223","13.47846","7.73737","5.74168","",
"상용근로자(30인이상)","담배제조업","노동비용총액[천원]","천원","4844","4391.11853","4474.69908","4503.70955","8497.89877","",
"상용근로자(30인이상)","담배제조업","현금급여총계[천원]","천원","3762.3","3325.83503","3540.19385","3492.11852","2176.27258","",
"상용근로자(30인이상)","담배제조업","정액및초과[천원]","천원","3056.5","2689.09193","2641.62171","2472.65188","1758.79728","",
"상용근로자(30인이상)","담배제조업","상여금등특별급여[천원]","천원","705.8","636.74311","898.57214","1019.46664","417.47529","",
"상용근로자(30인이상)","담배제조업","현금급여외 노동비용(계)[천원]","천원","1081.7","1065.2835","934.50523","1011.59103","6321.6262","",
"상용근로자(30인이상)","담배제조업","퇴직금등비용[천원]","천원","140.1","89.79211","51.88001","467.6002","5933.2782","",
"상용근로자(30인이상)","담배제조업","현물지급비용[천원]","천원","0","0","0","0","0","",
"상용근로자(30인이상)","담배제조업","법정복리비[천원]","천원","317.1","310.30651","294.97875","248.65503","203.70115","",
"상용근로자(30인이상)","담배제조업","법정외복리비[천원]","천원","448.1","463.07726","428.61481","200.85645","98.43528","",
"상용근로자(30인이상)","담배제조업","모집비[천원]","천원","1.2","0","2.82147",".00627","0","",
"상용근로자(30인이상)","담배제조업","교육훈련비[천원]","천원","116.3","146.49147","75.442","57.90763","60.42777","",
"상용근로자(30인이상)","담배제조업","기타노동비용[천원]","천원","58.9","55.61614","80.7682","36.56545","25.7838","",
"상용근로자(30인이상)","섬유제품 제조업","노동비용총액[천원]","천원","2401.4","2193.21244","1781.69458","1697.98171","1487.71857","",
"상용근로자(30인이상)","섬유제품 제조업","현금급여총계[천원]","천원","1554.3","1467.16552","1319.35518","1203.17104","1080.26062","",
"상용근로자(30인이상)","섬유제품 제조업","정액및초과[천원]","천원","1328.7","1253.54278","1136.82496","1045.83922","876.30628","",
"상용근로자(30인이상)","섬유제품 제조업","상여금등특별급여[천원]","천원","225.6","213.62274","182.53022","157.33183","203.95434","",
"상용근로자(30인이상)","섬유제품 제조업","현금급여외 노동비용(계)[천원]","천원","847.2","726.04693","462.3394","494.81067","407.45795","",
"상용근로자(30인이상)","섬유제품 제조업","퇴직금등비용[천원]","천원","410.6","289.99798","201.92306","234.65497","175.69011","",
"상용근로자(30인이상)","섬유제품 제조업","현물지급비용[천원]","천원",".5",".21649",".21446",".28797",".22682","",
"상용근로자(30인이상)","섬유제품 제조업","법정복리비[천원]","천원","202.8","171.03909","122.88623","116.13633","106.00472","",
"상용근로자(30인이상)","섬유제품 제조업","법정외복리비[천원]","천원","207.3","234.95548","123.42205","123.51102","102.19043","",
"상용근로자(30인이상)","섬유제품 제조업","모집비[천원]","천원","1.2",".31487",".85535",".47248","1.01929","",
"상용근로자(30인이상)","섬유제품 제조업","교육훈련비[천원]","천원","22.9","28.18213","11.4607","18.72197","18.18299","",
"상용근로자(30인이상)","섬유제품 제조업","기타노동비용[천원]","천원","1.9","1.34089","1.57753","1.02593","4.14359","",
"상용근로자(30인이상)","의복 및 모피제품 제조업","노동비용총액[천원]","천원","1746.1","1604.18456","1467.64644","1407.91959","1277.06627","",
"상용근로자(30인이상)","의복 및 모피제품 제조업","현금급여총계[천원]","천원","1381.5","1263.07056","1134.56437","1047.87847","913.89252","",
"상용근로자(30인이상)","의복 및 모피제품 제조업","정액및초과[천원]","천원","1264.3","1148.91362","1013.91787","940.94703","830.50395","",
"상용근로자(30인이상)","의복 및 모피제품 제조업","상여금등특별급여[천원]","천원","117.3","114.15694","120.64651","106.93144","83.38858","",
"상용근로자(30인이상)","의복 및 모피제품 제조업","현금급여외 노동비용(계)[천원]","천원","364.6","341.114","333.08207","360.04112","363.17375","",
"상용근로자(30인이상)","의복 및 모피제품 제조업","퇴직금등비용[천원]","천원","163.9","142.8395","156.79609","194.15915","182.55088","",
"상용근로자(30인이상)","의복 및 모피제품 제조업","현물지급비용[천원]","천원",".1",".06717","9.72528",".03625",".09736","",
"상용근로자(30인이상)","의복 및 모피제품 제조업","법정복리비[천원]","천원","128.1","112.72017","98.85536","95.95204","87.47655","",
"상용근로자(30인이상)","의복 및 모피제품 제조업","법정외복리비[천원]","천원","56.6","71.75382","59.03941","62.94529","87.12526","",
"상용근로자(30인이상)","의복 및 모피제품 제조업","모집비[천원]","천원",".9","1.2079",".45505",".37768",".39191","",
"상용근로자(30인이상)","의복 및 모피제품 제조업","교육훈련비[천원]","천원","10.8","10.9804","7.41558","5.97657","3.68402","",
"상용근로자(30인이상)","의복 및 모피제품 제조업","기타노동비용[천원]","천원","4.1","1.54504",".79529",".59414","1.84778","",
"상용근로자(30인이상)","가죽, 가방 및 신발 제조업","노동비용총액[천원]","천원","2092.6","1936.86402","1635.37027","1506.95908","1386.24694","",
"상용근로자(30인이상)","가죽, 가방 및 신발 제조업","현금급여총계[천원]","천원","1542.7","1415.19397","1273.52443","1145.41597","1013.30405","",
"상용근로자(30인이상)","가죽, 가방 및 신발 제조업","정액및초과[천원]","천원","1339.4","1220.33417","1129.2917","1046.26253","895.87194","",
"상용근로자(30인이상)","가죽, 가방 및 신발 제조업","상여금등특별급여[천원]","천원","203.2","194.85981","144.23273","99.15344","117.43212","",
"상용근로자(30인이상)","가죽, 가방 및 신발 제조업","현금급여외 노동비용(계)[천원]","천원","549.9","521.67005","361.84584","361.5431","372.94289","",
"상용근로자(30인이상)","가죽, 가방 및 신발 제조업","퇴직금등비용[천원]","천원","279.9","225.70221","139.23264","165.43624","177.07898","",
"상용근로자(30인이상)","가죽, 가방 및 신발 제조업","현물지급비용[천원]","천원","2.8","2.82128","5.73664",".61958",".35365","",
"상용근로자(30인이상)","가죽, 가방 및 신발 제조업","법정복리비[천원]","천원","159.6","147.47263","126.0397","107.31919","95.89043","",
"상용근로자(30인이상)","가죽, 가방 및 신발 제조업","법정외복리비[천원]","천원","97.4","131.52788","80.09012","77.7001","93.14851","",
"상용근로자(30인이상)","가죽, 가방 및 신발 제조업","모집비[천원]","천원",".7",".828","1.09539",".5273",".52855","",
"상용근로자(30인이상)","가죽, 가방 및 신발 제조업","교육훈련비[천원]","천원","5.7","11.35166","7.314","7.51008","3.81454","",
"상용근로자(30인이상)","가죽, 가방 및 신발 제조업","기타노동비용[천원]","천원","3.8","1.96639","2.33735","2.43061","2.12824","",
"상용근로자(30인이상)","목재 및 나무제품 제조업(가구제외)","노동비용총액[천원]","천원","2622.3","2337.80925","2091.78432","1842.54134","1622.93775","",
"상용근로자(30인이상)","목재 및 나무제품 제조업(가구제외)","현금급여총계[천원]","천원","1828.2","1657.91631","1515.14703","1357.09948","1144.47222","",
"상용근로자(30인이상)","목재 및 나무제품 제조업(가구제외)","정액및초과[천원]","천원","1593.8","1440.82092","1330.17409","1171.68178","995.83099","",
"상용근로자(30인이상)","목재 및 나무제품 제조업(가구제외)","상여금등특별급여[천원]","천원","234.4","217.09539","184.97293","185.4177","148.64122","",
"상용근로자(30인이상)","목재 및 나무제품 제조업(가구제외)","현금급여외 노동비용(계)[천원]","천원","794","679.89294","576.6373","485.44186","478.46553","",
"상용근로자(30인이상)","목재 및 나무제품 제조업(가구제외)","퇴직금등비용[천원]","천원","438.6","317.20577","240.24397","208.99303","202.73124","",
"상용근로자(30인이상)","목재 및 나무제품 제조업(가구제외)","현물지급비용[천원]","천원",".5","9.53948",".50395",".44938","1.86505","",
"상용근로자(30인이상)","목재 및 나무제품 제조업(가구제외)","법정복리비[천원]","천원","201.8","198.62384","194.40713","160.07376","140.77582","",
"상용근로자(30인이상)","목재 및 나무제품 제조업(가구제외)","법정외복리비[천원]","천원","131.4","126.77248","121.77266","104.08056","110.44732","",
"상용근로자(30인이상)","목재 및 나무제품 제조업(가구제외)","모집비[천원]","천원",".5",".22997",".33316","1.24398","10.07594","",
"상용근로자(30인이상)","목재 및 나무제품 제조업(가구제외)","교육훈련비[천원]","천원","11.2","12.47","13.2947","7.30789","8.97306","",
"상용근로자(30인이상)","목재 및 나무제품 제조업(가구제외)","기타노동비용[천원]","천원","10","15.05138","6.08172","3.29324","3.59711","",
"상용근로자(30인이상)","펄프, 종이 및 종이제품 제조업","노동비용총액[천원]","천원","3199.4","2833.4452","2937.47507","2466.37334","2513.20568","",
"상용근로자(30인이상)","펄프, 종이 및 종이제품 제조업","현금급여총계[천원]","천원","2183.2","2000.98934","1795.20768","1682.823","1518.30745","",
"상용근로자(30인이상)","펄프, 종이 및 종이제품 제조업","정액및초과[천원]","천원","1678.4","1500.29689","1419.77347","1338.70475","1189.6924","",
"상용근로자(30인이상)","펄프, 종이 및 종이제품 제조업","상여금등특별급여[천원]","천원","504.8","500.69246","375.43421","344.11825","328.61505","",
"상용근로자(30인이상)","펄프, 종이 및 종이제품 제조업","현금급여외 노동비용(계)[천원]","천원","1016.2","832.45585","1142.26739","783.55034","994.89823","",
"상용근로자(30인이상)","펄프, 종이 및 종이제품 제조업","퇴직금등비용[천원]","천원","511.4","328.37685","654.56375","345.95787","637.56955","",
"상용근로자(30인이상)","펄프, 종이 및 종이제품 제조업","현물지급비용[천원]","천원","0",".82836",".56232",".01987",".01566","",
"상용근로자(30인이상)","펄프, 종이 및 종이제품 제조업","법정복리비[천원]","천원","248.1","239.47964","218.64619","191.80637","157.19731","",
"상용근로자(30인이상)","펄프, 종이 및 종이제품 제조업","법정외복리비[천원]","천원","199.5","198.9824","212.75564","189.96971","159.20214","",
"상용근로자(30인이상)","펄프, 종이 및 종이제품 제조업","모집비[천원]","천원","1.3","2.19731","1.47849","2.38808","1.18055","",
"상용근로자(30인이상)","펄프, 종이 및 종이제품 제조업","교육훈련비[천원]","천원","41.7","48.60411","36.68906","34.82794","32.50429","",
"상용근로자(30인이상)","펄프, 종이 및 종이제품 제조업","기타노동비용[천원]","천원","14.1","13.98719","17.57194","18.5805","7.22874","",
"상용근로자(30인이상)","출판, 인쇄 및 기록매체 복제업","노동비용총액[천원]","천원","2972.3","2812.86321","2799.43957","3423.29855","2235.60421","",
"상용근로자(30인이상)","출판, 인쇄 및 기록매체 복제업","현금급여총계[천원]","천원","2207.6","2052.69947","2099.15754","1893.74172","1471.82697","",
"상용근로자(30인이상)","출판, 인쇄 및 기록매체 복제업","정액및초과[천원]","천원","1847","1700.48012","1573.51203","1417.20741","1215.18448","",
"상용근로자(30인이상)","출판, 인쇄 및 기록매체 복제업","상여금등특별급여[천원]","천원","360.6","352.21936","525.64551","476.53432","256.64248","",
"상용근로자(30인이상)","출판, 인쇄 및 기록매체 복제업","현금급여외 노동비용(계)[천원]","천원","764.8","760.16374","700.28203","1529.55682","763.77725","",
"상용근로자(30인이상)","출판, 인쇄 및 기록매체 복제업","퇴직금등비용[천원]","천원","324.6","356.56019","256.54904","1213.33209","428.40908","",
"상용근로자(30인이상)","출판, 인쇄 및 기록매체 복제업","현물지급비용[천원]","천원",".6","5.96808",".18549","10.88908","23.30216","",
"상용근로자(30인이상)","출판, 인쇄 및 기록매체 복제업","법정복리비[천원]","천원","217.4","197.4714","182.8779","160.23344","132.2024","",
"상용근로자(30인이상)","출판, 인쇄 및 기록매체 복제업","법정외복리비[천원]","천원","190.4","165.28009","218.66635","121.75593","153.39056","",
"상용근로자(30인이상)","출판, 인쇄 및 기록매체 복제업","모집비[천원]","천원","1.1","3.15049",".74426",".77733",".76629","",
"상용근로자(30인이상)","출판, 인쇄 및 기록매체 복제업","교육훈련비[천원]","천원","22.7","23.59666","21.67316","12.98091","12.08688","",
"상용근로자(30인이상)","출판, 인쇄 및 기록매체 복제업","기타노동비용[천원]","천원","8.1","8.13683","19.58582","9.58806","13.61988","",
"상용근로자(30인이상)","코크스, 석유 정제품 및 핵연료 제조업","노동비용총액[천원]","천원","5021.7","4929.6831","4201.24421","3657.14332","3180.85019","",
"상용근로자(30인이상)","코크스, 석유 정제품 및 핵연료 제조업","현금급여총계[천원]","천원","3669.6","3261.15333","2850.28389","2607.37448","1906.73937","",
"상용근로자(30인이상)","코크스, 석유 정제품 및 핵연료 제조업","정액및초과[천원]","천원","2389.2","2121.36714","1890.58699","1745.57254","1379.14408","",
"상용근로자(30인이상)","코크스, 석유 정제품 및 핵연료 제조업","상여금등특별급여[천원]","천원","1280.4","1139.7862","959.6969","861.80194","527.59529","",
"상용근로자(30인이상)","코크스, 석유 정제품 및 핵연료 제조업","현금급여외 노동비용(계)[천원]","천원","1352.1","1668.52977","1350.96033","1049.76884","1274.11082","",
"상용근로자(30인이상)","코크스, 석유 정제품 및 핵연료 제조업","퇴직금등비용[천원]","천원","543.8","865.29214","695.68074","366.44342","749.80143","",
"상용근로자(30인이상)","코크스, 석유 정제품 및 핵연료 제조업","현물지급비용[천원]","천원","16.9","15.31164","5.36446","3.94869",".83129","",
"상용근로자(30인이상)","코크스, 석유 정제품 및 핵연료 제조업","법정복리비[천원]","천원","332.5","293.71986","243.73399","226.46171","196.07481","",
"상용근로자(30인이상)","코크스, 석유 정제품 및 핵연료 제조업","법정외복리비[천원]","천원","350.2","319.99074","320.41704","380.8664","254.06594","",
"상용근로자(30인이상)","코크스, 석유 정제품 및 핵연료 제조업","모집비[천원]","천원","2.2","4.01187","3.65049","3.12351",".49834","",
"상용근로자(30인이상)","코크스, 석유 정제품 및 핵연료 제조업","교육훈련비[천원]","천원","84.9","73.36753","63.50516","55.82793","56.79594","",
"상용근로자(30인이상)","코크스, 석유 정제품 및 핵연료 제조업","기타노동비용[천원]","천원","21.6","96.83599","18.60845","13.09718","16.04308","",
"상용근로자(30인이상)","화합물 및 화학제품 제조업","노동비용총액[천원]","천원","3630.7","3063.28456","3004.78111","2827.78375","2228.58676","",
"상용근로자(30인이상)","화합물 및 화학제품 제조업","현금급여총계[천원]","천원","2813.4","2468.45279","2291.4896","2125.24009","1450.50464","",
"상용근로자(30인이상)","화합물 및 화학제품 제조업","정액및초과[천원]","천원","1936.4","1746.06106","1631.20427","1524.16914","1134.09035","",
"상용근로자(30인이상)","화합물 및 화학제품 제조업","상여금등특별급여[천원]","천원","877.1","722.39173","660.28533","601.07096","316.41429","",
"상용근로자(30인이상)","화합물 및 화학제품 제조업","현금급여외 노동비용(계)[천원]","천원","817.3","594.83177","713.29151","702.54366","778.08212","",
"상용근로자(30인이상)","화합물 및 화학제품 제조업","퇴직금등비용[천원]","천원","341.7","242.59055","300.25736","329.27219","385.12431","",
"상용근로자(30인이상)","화합물 및 화학제품 제조업","현물지급비용[천원]","천원","2.8","1.15156",".71131","1.50057","11.50579","",
"상용근로자(30인이상)","화합물 및 화학제품 제조업","법정복리비[천원]","천원","214.3","155.5038","178.25271","151.97309","143.08677","",
"상용근로자(30인이상)","화합물 및 화학제품 제조업","법정외복리비[천원]","천원","185.4","148.20956","173.85126","157.07134","175.52084","",
"상용근로자(30인이상)","화합물 및 화학제품 제조업","모집비[천원]","천원","3","2.33049","3.20325","3.28925","1.76503","",
"상용근로자(30인이상)","화합물 및 화학제품 제조업","교육훈련비[천원]","천원","58.2","37.39531","45.45508","44.88529","46.28051","",
"상용근로자(30인이상)","화합물 및 화학제품 제조업","기타노동비용[천원]","천원","11.9","7.6505","11.56055","14.55194","14.79887","",
"상용근로자(30인이상)","고무 및 플라스틱 제품 제조업","노동비용총액[천원]","천원","2627.3","2416.50593","2166.58612","2031.72851","1699.32806","",
"상용근로자(30인이상)","고무 및 플라스틱 제품 제조업","현금급여총계[천원]","천원","1893.5","1756.42438","1617.94244","1506.70549","1273.60852","",
"상용근로자(30인이상)","고무 및 플라스틱 제품 제조업","정액및초과[천원]","천원","1515.6","1403.63616","1312.72568","1209.32344","1003.66372","",
"상용근로자(30인이상)","고무 및 플라스틱 제품 제조업","상여금등특별급여[천원]","천원","377.9","352.78822","305.21676","297.38205","269.9448","",
"상용근로자(30인이상)","고무 및 플라스틱 제품 제조업","현금급여외 노동비용(계)[천원]","천원","733.8","660.08155","548.64368","525.02302","425.71953","",
"상용근로자(30인이상)","고무 및 플라스틱 제품 제조업","퇴직금등비용[천원]","천원","298.5","246.62937","232.9962","134.46191","166.12251","",
"상용근로자(30인이상)","고무 및 플라스틱 제품 제조업","현물지급비용[천원]","천원",".1","1.86537","1.05109","1.46549","1.07849","",
"상용근로자(30인이상)","고무 및 플라스틱 제품 제조업","법정복리비[천원]","천원","207","190.90354","165.3859","243.46785","80.95901","",
"상용근로자(30인이상)","고무 및 플라스틱 제품 제조업","법정외복리비[천원]","천원","188.1","176.30473","126.80176","97.94497","152.31478","",
"상용근로자(30인이상)","고무 및 플라스틱 제품 제조업","모집비[천원]","천원","1.3","1.42859","1.01158","1.2931",".68616","",
"상용근로자(30인이상)","고무 및 플라스틱 제품 제조업","교육훈련비[천원]","천원","32.3","18.96013","9.12098","14.25526","13.68262","",
"상용근로자(30인이상)","고무 및 플라스틱 제품 제조업","기타노동비용[천원]","천원","6.5","23.98982","12.27617","32.13444","10.87596","",
"상용근로자(30인이상)","비금속 광물제품 제조업","노동비용총액[천원]","천원","2906.4","2666.96991","2568.15973","2217.81749","1978.01162","",
"상용근로자(30인이상)","비금속 광물제품 제조업","현금급여총계[천원]","천원","2130.3","1900.26285","1957.53019","1637.6573","1268.95781","",
"상용근로자(30인이상)","비금속 광물제품 제조업","정액및초과[천원]","천원","1625.3","1481.42009","1475.02538","1317.13598","1028.45708","",
"상용근로자(30인이상)","비금속 광물제품 제조업","상여금등특별급여[천원]","천원","505","418.84276","482.5048","320.52132","240.50073","",
"상용근로자(30인이상)","비금속 광물제품 제조업","현금급여외 노동비용(계)[천원]","천원","776.1","766.70705","610.62954","580.1602","709.0538","",
"상용근로자(30인이상)","비금속 광물제품 제조업","퇴직금등비용[천원]","천원","295.3","333.1229","226.44602","235.74053","391.43102","",
"상용근로자(30인이상)","비금속 광물제품 제조업","현물지급비용[천원]","천원","6.3","6.20801","4.42733","4.12149","10.90127","",
"상용근로자(30인이상)","비금속 광물제품 제조업","법정복리비[천원]","천원","222.4","194.37815","178.88127","145.39608","146.74559","",
"상용근로자(30인이상)","비금속 광물제품 제조업","법정외복리비[천원]","천원","211.6","196.6904","171.93556","171.38076","139.49535","",
"상용근로자(30인이상)","비금속 광물제품 제조업","모집비[천원]","천원","1.1",".75446",".74202",".58664",".47355","",
"상용근로자(30인이상)","비금속 광물제품 제조업","교육훈련비[천원]","천원","20.8","17.20295","13.54524","10.54113","9.83336","",
"상용근로자(30인이상)","비금속 광물제품 제조업","기타노동비용[천원]","천원","18.6","18.3502","14.6521","12.39357","10.17366","",
"상용근로자(30인이상)","제1차 금속산업","노동비용총액[천원]","천원","3308","2840.30631","2432.9828","5636.2698","2415.42668","",
"상용근로자(30인이상)","제1차 금속산업","현금급여총계[천원]","천원","2217.2","2048.11893","1759.27238","1747.25841","1683.66247","",
"상용근로자(30인이상)","제1차 금속산업","정액및초과[천원]","천원","1726.7","1631.89142","1387.59725","1341.49495","1243.13325","",
"상용근로자(30인이상)","제1차 금속산업","상여금등특별급여[천원]","천원","490.5","416.22751","371.67513","405.76346","440.52922","",
"상용근로자(30인이상)","제1차 금속산업","현금급여외 노동비용(계)[천원]","천원","1090.8","792.18738","673.71042","3889.01139","731.76421","",
"상용근로자(30인이상)","제1차 금속산업","퇴직금등비용[천원]","천원","202.5","149.99404","120.11567","3353.38321","189.99567","",
"상용근로자(30인이상)","제1차 금속산업","현물지급비용[천원]","천원","2.8","1.19215",".55019",".68914","7.36901","",
"상용근로자(30인이상)","제1차 금속산업","법정복리비[천원]","천원","278.6","245.66508","226.72719","204.76642","176.12904","",
"상용근로자(30인이상)","제1차 금속산업","법정외복리비[천원]","천원","517.7","312.31207","293.66534","268.46868","299.45999","",
"상용근로자(30인이상)","제1차 금속산업","모집비[천원]","천원","1.4","1.1493",".97809","1.5169",".38024","",
"상용근로자(30인이상)","제1차 금속산업","교육훈련비[천원]","천원","59.4","49.4058","25.87004","38.73635","39.20099","",
"상용근로자(30인이상)","제1차 금속산업","기타노동비용[천원]","천원","28.4","32.46895","5.8039","21.45069","19.22927","",
"상용근로자(30인이상)","조립금속제품 제조업","노동비용총액[천원]","천원","2464.7","2288.65743","2086.93533","2014.81319","1458.07683","",
"상용근로자(30인이상)","조립금속제품 제조업","현금급여총계[천원]","천원","1828.8","1725.1396","1619.46521","1532.42514","1035.79262","",
"상용근로자(30인이상)","조립금속제품 제조업","정액및초과[천원]","천원","1512.1","1419.35527","1269.02896","1210.96976","895.96516","",
"상용근로자(30인이상)","조립금속제품 제조업","상여금등특별급여[천원]","천원","316.7","305.78434","350.43625","321.45538","139.82746","",
"상용근로자(30인이상)","조립금속제품 제조업","현금급여외 노동비용(계)[천원]","천원","635.9","563.51782","467.47012","482.38805","422.28421","",
"상용근로자(30인이상)","조립금속제품 제조업","퇴직금등비용[천원]","천원","272.5","218.37886","167.02381","208.64856","199.22092","",
"상용근로자(30인이상)","조립금속제품 제조업","현물지급비용[천원]","천원","3.3","6.52143","1.74162",".98729","3.73855","",
"상용근로자(30인이상)","조립금속제품 제조업","법정복리비[천원]","천원","178.2","164.02632","154.6311","131.50318","110.25892","",
"상용근로자(30인이상)","조립금속제품 제조업","법정외복리비[천원]","천원","156.4","153.24508","127.84608","117.63012","96.09876","",
"상용근로자(30인이상)","조립금속제품 제조업","모집비[천원]","천원","1.4","1.54523",".92023","6.19296","1.6355","",
"상용근로자(30인이상)","조립금속제품 제조업","교육훈련비[천원]","천원","16.3","12.39854","9.80151","11.74285","8.66864","",
"상용근로자(30인이상)","조립금속제품 제조업","기타노동비용[천원]","천원","7.8","7.40236","5.50579","5.68308","2.66291","",
"상용근로자(30인이상)","달리 분류되지 않은 기계 및 장비 제조업","노동비용총액[천원]","천원","2967.7","2991.03756","2657.46017","2439.46192","2181.0401","",
"상용근로자(30인이상)","달리 분류되지 않은 기계 및 장비 제조업","현금급여총계[천원]","천원","1987.7","1815.67438","1794.64808","1655.54072","1514.25028","",
"상용근로자(30인이상)","달리 분류되지 않은 기계 및 장비 제조업","정액및초과[천원]","천원","1574.7","1460.67581","1357.20594","1291.49296","1150.22052","",
"상용근로자(30인이상)","달리 분류되지 않은 기계 및 장비 제조업","상여금등특별급여[천원]","천원","412.9","354.99858","437.44214","364.04776","364.02976","",
"상용근로자(30인이상)","달리 분류되지 않은 기계 및 장비 제조업","현금급여외 노동비용(계)[천원]","천원","980.1","1175.36318","862.81209","783.9212","666.78982","",
"상용근로자(30인이상)","달리 분류되지 않은 기계 및 장비 제조업","퇴직금등비용[천원]","천원","389.8","656.42949","411.45274","365.80487","351.47473","",
"상용근로자(30인이상)","달리 분류되지 않은 기계 및 장비 제조업","현물지급비용[천원]","천원","1","1.14029","1.25209",".68759",".94328","",
"상용근로자(30인이상)","달리 분류되지 않은 기계 및 장비 제조업","법정복리비[천원]","천원","237.8","206.94972","185.49733","168.08632","157.2749","",
"상용근로자(30인이상)","달리 분류되지 않은 기계 및 장비 제조업","법정외복리비[천원]","천원","243.3","228.66296","196.93878","192.74412","114.73462","",
"상용근로자(30인이상)","달리 분류되지 않은 기계 및 장비 제조업","모집비[천원]","천원","2.3","1.92674","1.77962",".83696",".1341","",
"상용근로자(30인이상)","달리 분류되지 않은 기계 및 장비 제조업","교육훈련비[천원]","천원","100","76.02352","62.57856","51.98319","32.28319","",
"상용근로자(30인이상)","달리 분류되지 않은 기계 및 장비 제조업","기타노동비용[천원]","천원","5.8","4.23047","3.31298","3.77815","9.94501","",
"상용근로자(30인이상)","사무, 계산 및 회계용 기계 제조업","노동비용총액[천원]","천원","2684.4","2336.83869","2283.89752","2498.44325","1754.47094","",
"상용근로자(30인이상)","사무, 계산 및 회계용 기계 제조업","현금급여총계[천원]","천원","1978.2","1819.47679","1734.28435","1792.93099","1275.12278","",
"상용근로자(30인이상)","사무, 계산 및 회계용 기계 제조업","정액및초과[천원]","천원","1564.1","1483.89674","1283.32331","1260.80003","1114.63493","",
"상용근로자(30인이상)","사무, 계산 및 회계용 기계 제조업","상여금등특별급여[천원]","천원","414","335.58005","450.96104","532.13096","160.48786","",
"상용근로자(30인이상)","사무, 계산 및 회계용 기계 제조업","현금급여외 노동비용(계)[천원]","천원","706.2","517.3619","549.61317","705.51225","479.34816","",
"상용근로자(30인이상)","사무, 계산 및 회계용 기계 제조업","퇴직금등비용[천원]","천원","382.7","237.42198","278.38717","263.35064","235.15879","",
"상용근로자(30인이상)","사무, 계산 및 회계용 기계 제조업","현물지급비용[천원]","천원",".5",".38055",".22866",".01968","10.09586","",
"상용근로자(30인이상)","사무, 계산 및 회계용 기계 제조업","법정복리비[천원]","천원","176.5","154.5276","135.97085","134.61977","116.02569","",
"상용근로자(30인이상)","사무, 계산 및 회계용 기계 제조업","법정외복리비[천원]","천원","116.6","101.88818","95.49555","227.1448","88.69681","",
"상용근로자(30인이상)","사무, 계산 및 회계용 기계 제조업","모집비[천원]","천원","1.7","1.40754","1.62194","6.5853","1.12037","",
"상용근로자(30인이상)","사무, 계산 및 회계용 기계 제조업","교육훈련비[천원]","천원","21.7","17.45356","22.36755","24.87034","25.30998","",
"상용근로자(30인이상)","사무, 계산 및 회계용 기계 제조업","기타노동비용[천원]","천원","6.6","4.2825","15.54144","48.92171","2.94063","",
"상용근로자(30인이상)","달리 분류되지 않은 전기기계 및 전기 변환장치 제조업","노동비용총액[천원]","천원","2885.6","2777.7371","2108.57192","1969.81436","2021.10675","",
"상용근로자(30인이상)","달리 분류되지 않은 전기기계 및 전기 변환장치 제조업","현금급여총계[천원]","천원","1916.3","1748.29362","1328.53201","1351.19187","1282.97434","",
"상용근로자(30인이상)","달리 분류되지 않은 전기기계 및 전기 변환장치 제조업","정액및초과[천원]","천원","1499.5","1376.37428","1127.42344","1100.73617","1123.77398","",
"상용근로자(30인이상)","달리 분류되지 않은 전기기계 및 전기 변환장치 제조업","상여금등특별급여[천원]","천원","416.7","371.91934","201.10857","250.4557","159.20037","",
"상용근로자(30인이상)","달리 분류되지 않은 전기기계 및 전기 변환장치 제조업","현금급여외 노동비용(계)[천원]","천원","969.4","1029.44348","780.03991","618.62249","738.13241","",
"상용근로자(30인이상)","달리 분류되지 않은 전기기계 및 전기 변환장치 제조업","퇴직금등비용[천원]","천원","506.8","507.54461","397.21004","280.28043","411.80751","",
"상용근로자(30인이상)","달리 분류되지 않은 전기기계 및 전기 변환장치 제조업","현물지급비용[천원]","천원","3.9","3.29257","3.31385","2.52812","15.82078","",
"상용근로자(30인이상)","달리 분류되지 않은 전기기계 및 전기 변환장치 제조업","법정복리비[천원]","천원","200.5","187.33554","157.78467","130.02856","111.43014","",
"상용근로자(30인이상)","달리 분류되지 않은 전기기계 및 전기 변환장치 제조업","법정외복리비[천원]","천원","180.1","169.99637","172.29184","150.78429","150.47003","",
"상용근로자(30인이상)","달리 분류되지 않은 전기기계 및 전기 변환장치 제조업","모집비[천원]","천원","8.6","4.37788","3.0766","5.21903","2.30499","",
"상용근로자(30인이상)","달리 분류되지 않은 전기기계 및 전기 변환장치 제조업","교육훈련비[천원]","천원","64.5","152.16317","37.63576","41.16427","38.03141","",
"상용근로자(30인이상)","달리 분류되지 않은 전기기계 및 전기 변환장치 제조업","기타노동비용[천원]","천원","5","4.73336","8.72714","8.61779","8.26755","",
"상용근로자(30인이상)","영상, 음향 및 통신장비 제조업","노동비용총액[천원]","천원","2898.6","2640.53448","2245.25823","2158.15909","2010.20142","",
"상용근로자(30인이상)","영상, 음향 및 통신장비 제조업","현금급여총계[천원]","천원","2165.9","2011.67825","1674.18924","1585.08717","1452.7","",
"상용근로자(30인이상)","영상, 음향 및 통신장비 제조업","정액및초과[천원]","천원","1624.8","1539.63929","1261.91549","1229.23667","1133.99823","",
"상용근로자(30인이상)","영상, 음향 및 통신장비 제조업","상여금등특별급여[천원]","천원","541.1","472.03896","412.27374","355.8505","318.70177","",
"상용근로자(30인이상)","영상, 음향 및 통신장비 제조업","현금급여외 노동비용(계)[천원]","천원","732.7","628.85623","571.06899","573.07192","557.50142","",
"상용근로자(30인이상)","영상, 음향 및 통신장비 제조업","퇴직금등비용[천원]","천원","166.6","159.44994","213.12747","152.42458","182.81291","",
"상용근로자(30인이상)","영상, 음향 및 통신장비 제조업","현물지급비용[천원]","천원",".8","1.02603",".80472",".1975","24.01892","",
"상용근로자(30인이상)","영상, 음향 및 통신장비 제조업","법정복리비[천원]","천원","209.2","182.51316","172.28385","149.74483","123.16605","",
"상용근로자(30인이상)","영상, 음향 및 통신장비 제조업","법정외복리비[천원]","천원","271.1","208.60016","101.37381","202.97256","177.82886","",
"상용근로자(30인이상)","영상, 음향 및 통신장비 제조업","모집비[천원]","천원","13.7","11.05877","17.57282","15.06405","11.8958","",
"상용근로자(30인이상)","영상, 음향 및 통신장비 제조업","교육훈련비[천원]","천원","64.6","56.79607","59.51738","45.04014","31.88036","",
"상용근로자(30인이상)","영상, 음향 및 통신장비 제조업","기타노동비용[천원]","천원","6.6","9.41211","6.38894","7.62827","5.89853","",
"상용근로자(30인이상)","의료, 정밀, 광학기기 및 시계 제조업","노동비용총액[천원]","천원","2225.7","2090.06544","2316.93513","2235.45705","1564.54916","",
"상용근로자(30인이상)","의료, 정밀, 광학기기 및 시계 제조업","현금급여총계[천원]","천원","1807.4","1621.39936","1835.01509","1687.3858","1051.91132","",
"상용근로자(30인이상)","의료, 정밀, 광학기기 및 시계 제조업","정액및초과[천원]","천원","1495.8","1360.96717","1463.88084","1389.39737","869.89076","",
"상용근로자(30인이상)","의료, 정밀, 광학기기 및 시계 제조업","상여금등특별급여[천원]","천원","311.6","260.43218","371.13425","297.98843","182.02056","",
"상용근로자(30인이상)","의료, 정밀, 광학기기 및 시계 제조업","현금급여외 노동비용(계)[천원]","천원","418.3","468.66609","481.92005","548.07124","512.63785","",
"상용근로자(30인이상)","의료, 정밀, 광학기기 및 시계 제조업","퇴직금등비용[천원]","천원","152.2","201.43315","225.39299","227.57012","230.02429","",
"상용근로자(30인이상)","의료, 정밀, 광학기기 및 시계 제조업","현물지급비용[천원]","천원","19.1",".04405",".22552",".06925",".20187","",
"상용근로자(30인이상)","의료, 정밀, 광학기기 및 시계 제조업","법정복리비[천원]","천원","132.1","119.92483","115.3531","102.17417","94.84667","",
"상용근로자(30인이상)","의료, 정밀, 광학기기 및 시계 제조업","법정외복리비[천원]","천원","93.9","123.756","116.50354","139.33195","122.64927","",
"상용근로자(30인이상)","의료, 정밀, 광학기기 및 시계 제조업","모집비[천원]","천원","1.9","1.40058","1.33369","3.77629",".93629","",
"상용근로자(30인이상)","의료, 정밀, 광학기기 및 시계 제조업","교육훈련비[천원]","천원","12.6","12.98168","12.13738","17.65275","15.00663","",
"상용근로자(30인이상)","의료, 정밀, 광학기기 및 시계 제조업","기타노동비용[천원]","천원","6.6","9.12579","10.97383","57.49671","48.97282","",
"상용근로자(30인이상)","자동차 및 트레일러 제조업","노동비용총액[천원]","천원","3444.8","3012.2743","2708.05459","2520.24863","2089.60167","",
"상용근로자(30인이상)","자동차 및 트레일러 제조업","현금급여총계[천원]","천원","2490.2","2253.74053","1825.29881","1825.3601","1556.07427","",
"상용근로자(30인이상)","자동차 및 트레일러 제조업","정액및초과[천원]","천원","1765.1","1604.65194","1273.32068","1307.95242","1237.33467","",
"상용근로자(30인이상)","자동차 및 트레일러 제조업","상여금등특별급여[천원]","천원","725","649.08859","551.97812","517.40767","318.7396","",
"상용근로자(30인이상)","자동차 및 트레일러 제조업","현금급여외 노동비용(계)[천원]","천원","954.6","758.53376","882.75578","694.88853","533.5274","",
"상용근로자(30인이상)","자동차 및 트레일러 제조업","퇴직금등비용[천원]","천원","376.7","303.47347","390.74705","339.17971","200.6902","",
"상용근로자(30인이상)","자동차 및 트레일러 제조업","현물지급비용[천원]","천원","17.6","14.54487",".95586","13.68176",".21232","",
"상용근로자(30인이상)","자동차 및 트레일러 제조업","법정복리비[천원]","천원","289.3","229.67955","294.54596","182.30026","173.09158","",
"상용근로자(30인이상)","자동차 및 트레일러 제조업","법정외복리비[천원]","천원","230","180.20368","169.02391","138.24739","140.12991","",
"상용근로자(30인이상)","자동차 및 트레일러 제조업","모집비[천원]","천원",".9",".76948",".47887",".66734",".15964","",
"상용근로자(30인이상)","자동차 및 트레일러 제조업","교육훈련비[천원]","천원","22","19.01261","24.69391","18.71443","16.90207","",
"상용근로자(30인이상)","자동차 및 트레일러 제조업","기타노동비용[천원]","천원","18.2","10.85009","2.31023","2.09765","2.34167","",
"상용근로자(30인이상)","기타 운송장비 제조업","노동비용총액[천원]","천원","3687.6","3618.32679","2712.60902","2883.04362","2670.02481","",
"상용근로자(30인이상)","기타 운송장비 제조업","현금급여총계[천원]","천원","2709.5","2734.15238","1902.78771","2078.59117","1860.93486","",
"상용근로자(30인이상)","기타 운송장비 제조업","정액및초과[천원]","천원","1872.5","1818.69419","1421.78278","1402.04369","1360.74224","",
"상용근로자(30인이상)","기타 운송장비 제조업","상여금등특별급여[천원]","천원","837","915.45819","481.00494","676.54747","500.19262","",
"상용근로자(30인이상)","기타 운송장비 제조업","현금급여외 노동비용(계)[천원]","천원","978.1","884.17441","809.82131","804.45246","809.08995","",
"상용근로자(30인이상)","기타 운송장비 제조업","퇴직금등비용[천원]","천원","286.6","297.82144","237.36651","259.93316","302.26721","",
"상용근로자(30인이상)","기타 운송장비 제조업","현물지급비용[천원]","천원","3.2","3.59481","12.67223","28.7087","10.13317","",
"상용근로자(30인이상)","기타 운송장비 제조업","법정복리비[천원]","천원","323.2","280.04637","268.94841","255.63637","241.84072","",
"상용근로자(30인이상)","기타 운송장비 제조업","법정외복리비[천원]","천원","314.2","258.29033","256.23625","216.80986","224.36721","",
"상용근로자(30인이상)","기타 운송장비 제조업","모집비[천원]","천원",".7",".67942",".73015",".14749",".16843","",
"상용근로자(30인이상)","기타 운송장비 제조업","교육훈련비[천원]","천원","24.5","26.88169","25.95192","21.50937","15.49039","",
"상용근로자(30인이상)","기타 운송장비 제조업","기타노동비용[천원]","천원","25.6","16.86036","7.91584","21.7075","14.82281","",
"상용근로자(30인이상)","가구 및 기타 제조업","노동비용총액[천원]","천원","2751.5","2170.23093","1969.44244","1696.50451","1421.02424","",
"상용근로자(30인이상)","가구 및 기타 제조업","현금급여총계[천원]","천원","1606.1","1474.95685","1385.3761","1279.90609","955.02673","",
"상용근로자(30인이상)","가구 및 기타 제조업","정액및초과[천원]","천원","1403.5","1269.27392","1182.7086","1073.06813","814.17031","",
"상용근로자(30인이상)","가구 및 기타 제조업","상여금등특별급여[천원]","천원","202.6","205.68294","202.6675","206.83796","140.85642","",
"상용근로자(30인이상)","가구 및 기타 제조업","현금급여외 노동비용(계)[천원]","천원","1145.3","695.27408","584.06635","416.59842","465.99751","",
"상용근로자(30인이상)","가구 및 기타 제조업","퇴직금등비용[천원]","천원","865.5","453.63362","327.46241","131.37414","227.86738","",
"상용근로자(30인이상)","가구 및 기타 제조업","현물지급비용[천원]","천원","7","4.06475","3.20108","0","2.43444","",
"상용근로자(30인이상)","가구 및 기타 제조업","법정복리비[천원]","천원","151.4","136.8331","121.27415","128.89097","100.83967","",
"상용근로자(30인이상)","가구 및 기타 제조업","법정외복리비[천원]","천원","110","87.37429","75.11437","89.49146","81.6005","",
"상용근로자(30인이상)","가구 및 기타 제조업","모집비[천원]","천원",".8","1.84832",".85222","1.45588",".95723","",
"상용근로자(30인이상)","가구 및 기타 제조업","교육훈련비[천원]","천원","6","6.56586","7.16487","4.37479","3.06769","",
"상용근로자(30인이상)","가구 및 기타 제조업","기타노동비용[천원]","천원","4.6","4.95415","48.99724","61.01118","49.2306","",
"상용근로자(30인이상)","재생재료 가공 처리업","노동비용총액[천원]","천원","2202.2","2119.37446","2113.20726","1881.28713","1395.94153","",
"상용근로자(30인이상)","재생재료 가공 처리업","현금급여총계[천원]","천원","1625.9","1503.09591","1651.69928","1490.34485","1017.99864","",
"상용근로자(30인이상)","재생재료 가공 처리업","정액및초과[천원]","천원","1399.6","1311.80545","1372.42609","1296.93683","915.53591","",
"상용근로자(30인이상)","재생재료 가공 처리업","상여금등특별급여[천원]","천원","226.3","191.29046","279.27319","193.40802","102.46272","",
"상용근로자(30인이상)","재생재료 가공 처리업","현금급여외 노동비용(계)[천원]","천원","576.3","616.27856","461.50798","390.94228","377.94289","",
"상용근로자(30인이상)","재생재료 가공 처리업","퇴직금등비용[천원]","천원","168.6","228.72941","131.0975","137.00757","125.98528","",
"상용근로자(30인이상)","재생재료 가공 처리업","현물지급비용[천원]","천원",".6","4.85483",".08096",".07388","0","",
"상용근로자(30인이상)","재생재료 가공 처리업","법정복리비[천원]","천원","183.2","170.54379","158.0406","132.48661","101.88412","",
"상용근로자(30인이상)","재생재료 가공 처리업","법정외복리비[천원]","천원","203.7","188.17706","159.31228","112.48605","145.93003","",
"상용근로자(30인이상)","재생재료 가공 처리업","모집비[천원]","천원","1.1",".34472",".6019",".78399",".62664","",
"상용근로자(30인이상)","재생재료 가공 처리업","교육훈련비[천원]","천원","15.3","21.292","8.76567","6.05615","1.49537","",
"상용근로자(30인이상)","재생재료 가공 처리업","기타노동비용[천원]","천원","3.7","2.33674","3.60907","2.04802","2.02144","",
"상용근로자(30인이상)","전기, 가스 및 수도사업(40-41)","노동비용총액[천원]","천원","4658.7","4141.72448","3720.43024","7429.45726","3322.05337","3909.5",
"상용근로자(30인이상)","전기, 가스 및 수도사업(40-41)","현금급여총계[천원]","천원","3651.8","3254.46413","2869.62057","2484.47773","2307.23211","2023.9",
"상용근로자(30인이상)","전기, 가스 및 수도사업(40-41)","정액및초과[천원]","천원","2729.2","2415.70737","2137.8957","1936.24857","1740.77427","1539",
"상용근로자(30인이상)","전기, 가스 및 수도사업(40-41)","상여금등특별급여[천원]","천원","922.6","838.75675","731.72486","548.22915","566.45784","484.9",
"상용근로자(30인이상)","전기, 가스 및 수도사업(40-41)","현금급여외 노동비용(계)[천원]","천원","1006.9","887.26035","850.80967","4944.97954","1014.82126","1885.5",
"상용근로자(30인이상)","전기, 가스 및 수도사업(40-41)","퇴직금등비용[천원]","천원","65.6","63.73165","50.3607","4355.50261","424.22432","1500.6",
"상용근로자(30인이상)","전기, 가스 및 수도사업(40-41)","현물지급비용[천원]","천원",".7",".32094","0","0",".79158",".1",
"상용근로자(30인이상)","전기, 가스 및 수도사업(40-41)","법정복리비[천원]","천원","277.7","250.98254","223.97482","202.16962","177.28991","101.5",
"상용근로자(30인이상)","전기, 가스 및 수도사업(40-41)","법정외복리비[천원]","천원","562.4","440.54807","472.62553","293.64606","334.13868","249.4",
"상용근로자(30인이상)","전기, 가스 및 수도사업(40-41)","모집비[천원]","천원","1.7","1.05103",".69578",".0626",".28738","4.7",
"상용근로자(30인이상)","전기, 가스 및 수도사업(40-41)","교육훈련비[천원]","천원","95.7","129.27083","99.49604","91.20916","75.74363","27.2",
"상용근로자(30인이상)","전기, 가스 및 수도사업(40-41)","기타노동비용[천원]","천원","3","1.35529","3.6568","2.3895","2.34576","1.9",
"상용근로자(30인이상)","전기, 가스 및 증기업","노동비용총액[천원]","천원","4699","4126.57657","3773.08343","7651.34761","3058.04956","",
"상용근로자(30인이상)","전기, 가스 및 증기업","현금급여총계[천원]","천원","3667.6","3245.27428","2891.34043","2483.18929","2309.77844","",
"상용근로자(30인이상)","전기, 가스 및 증기업","정액및초과[천원]","천원","2753.6","2415.71742","2160.2838","1949.49589","1738.62182","",
"상용근로자(30인이상)","전기, 가스 및 증기업","상여금등특별급여[천원]","천원","914","829.55686","731.05663","533.6934","571.15662","",
"상용근로자(30인이상)","전기, 가스 및 증기업","현금급여외 노동비용(계)[천원]","천원","1031.4","881.30229","881.743","5168.15832","748.27111","",
"상용근로자(30인이상)","전기, 가스 및 증기업","퇴직금등비용[천원]","천원","71.4","70.65114","54.03915","4567.41691","152.98238","",
"상용근로자(30인이상)","전기, 가스 및 증기업","현물지급비용[천원]","천원",".8",".3618","0","0",".85615","",
"상용근로자(30인이상)","전기, 가스 및 증기업","법정복리비[천원]","천원","278.7","247.34514","221.31451","201.204","178.0049","",
"상용근로자(30인이상)","전기, 가스 및 증기업","법정외복리비[천원]","천원","588.1","430.95211","505.56121","307.57605","337.41663","",
"상용근로자(30인이상)","전기, 가스 및 증기업","모집비[천원]","천원","1.3",".96599",".65292",".06683",".29068","",
"상용근로자(30인이상)","전기, 가스 및 증기업","교육훈련비[천원]","천원","89.5","129.4983","98.77353","91.05852","78.0152","",
"상용근로자(30인이상)","전기, 가스 및 증기업","기타노동비용[천원]","천원","1.7","1.52782","1.40169",".836",".70517","",
"상용근로자(30인이상)","수도사업","노동비용총액[천원]","천원","4311.5","4269.34532","3193.68852","4766.02617","6558.63552","",
"상용근로자(30인이상)","수도사업","현금급여총계[천원]","천원","3496.8","3335.28252","2642.20706","2635.6169","2276.01506","",
"상용근로자(30인이상)","수도사업","정액및초과[천원]","천원","2406.5","2297.39777","1928.06516","1892.61431","1767.16243","",
"상용근로자(30인이상)","수도사업","상여금등특별급여[천원]","천원","1090.2","1037.88475","714.1419","743.00259","508.85263","",
"상용근로자(30인이상)","수도사업","현금급여외 노동비용(계)[천원]","천원","814.7","934.0628","551.48146","2130.40927","4282.62046","",
"상용근로자(30인이상)","수도사업","퇴직금등비용[천원]","천원","20.9","9.37682","14.76603","1682.99179","3749.54306","",
"상용근로자(30인이상)","수도사업","현물지급비용[천원]","천원","0","0","0","0","0","",
"상용근로자(30인이상)","수도사업","법정복리비[천원]","천원","270.2","279.55543","249.71745","214.3472","168.52442","",
"상용근로자(30인이상)","수도사업","법정외복리비[천원]","천원","361.5","515.92744","153.92144","117.97116","293.95233","",
"상용근로자(30인이상)","수도사업","모집비[천원]","천원","4.4","1.71912","1.11057",".00924",".24689","",
"상용근로자(30인이상)","수도사업","교육훈련비[천원]","천원","144.4","127.48399","106.48745","93.10883","47.8951","",
"상용근로자(30인이상)","수도사업","기타노동비용[천원]","천원","13.4","0","25.47851","21.98106","22.45867","",
"상용근로자(30인이상)","건설업(45)","노동비용총액[천원]","천원","3378.7","3123.09589","2915.92236","3282.43558","2434.57941","2609.2",
"상용근로자(30인이상)","건설업(45)","현금급여총계[천원]","천원","2312.1","2099.27996","1878.71258","1868.64397","1599.16232","1530.8",
"상용근로자(30인이상)","건설업(45)","정액및초과[천원]","천원","1951.3","1777.20561","1596.30222","1524.11878","1344.02156","1359.5",
"상용근로자(30인이상)","건설업(45)","상여금등특별급여[천원]","천원","360.8","322.07435","282.41036","344.52519","255.14076","171.3",
"상용근로자(30인이상)","건설업(45)","현금급여외 노동비용(계)[천원]","천원","1066.6","1023.81593","1037.20978","1413.79161","835.41709","1078.4",
"상용근로자(30인이상)","건설업(45)","퇴직금등비용[천원]","천원","386","375.32016","402.14226","774.88805","269.33739","570.1",
"상용근로자(30인이상)","건설업(45)","현물지급비용[천원]","천원","3.6","3.62485","1.93729","1.64179","1.52898",".3",
"상용근로자(30인이상)","건설업(45)","법정복리비[천원]","천원","444.4","477.61633","477.29873","482.13789","420.27319","348.5",
"상용근로자(30인이상)","건설업(45)","법정외복리비[천원]","천원","182.3","125.47058","106.5297","119.03594","104.73221","107.4",
"상용근로자(30인이상)","건설업(45)","모집비[천원]","천원","3.4","3.98107","1.18883","1.28833",".92981",".5",
"상용근로자(30인이상)","건설업(45)","교육훈련비[천원]","천원","33.3","21.509","32.87128","20.6061","26.70472","43.9",
"상용근로자(30인이상)","건설업(45)","기타노동비용[천원]","천원","13.6","16.29395","15.2417","14.19352","11.91078","7.7",
"상용근로자(30인이상)","건설업","노동비용총액[천원]","천원","3378.7","3123.09589","2915.92236","3282.43558","2434.57941","",
"상용근로자(30인이상)","건설업","현금급여총계[천원]","천원","2312.1","2099.27996","1878.71258","1868.64397","1599.16232","",
"상용근로자(30인이상)","건설업","정액및초과[천원]","천원","1951.3","1777.20561","1596.30222","1524.11878","1344.02156","",
"상용근로자(30인이상)","건설업","상여금등특별급여[천원]","천원","360.8","322.07435","282.41036","344.52519","255.14076","",
"상용근로자(30인이상)","건설업","현금급여외 노동비용(계)[천원]","천원","1066.6","1023.81593","1037.20978","1413.79161","835.41709","",
"상용근로자(30인이상)","건설업","퇴직금등비용[천원]","천원","386","375.32016","402.14226","774.88805","269.33739","",
"상용근로자(30인이상)","건설업","현물지급비용[천원]","천원","3.6","3.62485","1.93729","1.64179","1.52898","",
"상용근로자(30인이상)","건설업","법정복리비[천원]","천원","444.4","477.61633","477.29873","482.13789","420.27319","",
"상용근로자(30인이상)","건설업","법정외복리비[천원]","천원","182.3","125.47058","106.5297","119.03594","104.73221","",
"상용근로자(30인이상)","건설업","모집비[천원]","천원","3.4","3.98107","1.18883","1.28833",".92981","",
"상용근로자(30인이상)","건설업","교육훈련비[천원]","천원","33.3","21.509","32.87128","20.6061","26.70472","",
"상용근로자(30인이상)","건설업","기타노동비용[천원]","천원","13.6","16.29395","15.2417","14.19352","11.91078","",
"상용근로자(30인이상)","도,소매 및 소비자용품 수리업(50-52)","노동비용총액[천원]","천원","2836.7","2746.69862","2440.44446","2212.43053","2187.90862","2013.9",
"상용근로자(30인이상)","도,소매 및 소비자용품 수리업(50-52)","현금급여총계[천원]","천원","2185.6","2008.34313","1857.20131","1611.69146","1442.33895","1408.7",
"상용근로자(30인이상)","도,소매 및 소비자용품 수리업(50-52)","정액및초과[천원]","천원","1694.3","1589.75546","1455.73806","1288.1644","1173.41952","1148.3",
"상용근로자(30인이상)","도,소매 및 소비자용품 수리업(50-52)","상여금등특별급여[천원]","천원","491.3","418.58767","401.46324","323.52706","268.91943","260.4",
"상용근로자(30인이상)","도,소매 및 소비자용품 수리업(50-52)","현금급여외 노동비용(계)[천원]","천원","651.2","738.35549","583.24315","600.73908","745.56967","605.2",
"상용근로자(30인이상)","도,소매 및 소비자용품 수리업(50-52)","퇴직금등비용[천원]","천원","262.7","317.42509","233.61511","226.75309","432.59187","357",
"상용근로자(30인이상)","도,소매 및 소비자용품 수리업(50-52)","현물지급비용[천원]","천원",".3",".39335",".31583","2.32079",".58837",".1",
"상용근로자(30인이상)","도,소매 및 소비자용품 수리업(50-52)","법정복리비[천원]","천원","165.7","180.16217","161.11906","139.83939","131.54536","102.4",
"상용근로자(30인이상)","도,소매 및 소비자용품 수리업(50-52)","법정외복리비[천원]","천원","173.8","177.85407","139.04149","152.57272","128.57146","117.8",
"상용근로자(30인이상)","도,소매 및 소비자용품 수리업(50-52)","모집비[천원]","천원","2.3","3.32314","2.54644","7.10461","12.46775","1.4",
"상용근로자(30인이상)","도,소매 및 소비자용품 수리업(50-52)","교육훈련비[천원]","천원","39.7","51.76137","39.91473","61.38074","33.88508","22.4",
"상용근로자(30인이상)","도,소매 및 소비자용품 수리업(50-52)","기타노동비용[천원]","천원","6.6","7.43629","6.69049","10.76773","5.9198","4",
"상용근로자(30인이상)","자동차 판매, 수리 및 차량연료 소매업","노동비용총액[천원]","천원","3133.2","3271.85039","1829.44103","1851.76208","1996.45189","",
"상용근로자(30인이상)","자동차 판매, 수리 및 차량연료 소매업","현금급여총계[천원]","천원","2707.6","2502.05124","1490.99298","1514.021","1425.14357","",
"상용근로자(30인이상)","자동차 판매, 수리 및 차량연료 소매업","정액및초과[천원]","천원","1907","1843.37891","1233.26021","1246.42333","1100.9459","",
"상용근로자(30인이상)","자동차 판매, 수리 및 차량연료 소매업","상여금등특별급여[천원]","천원","800.6","658.67233","257.73277","267.59767","324.19767","",
"상용근로자(30인이상)","자동차 판매, 수리 및 차량연료 소매업","현금급여외 노동비용(계)[천원]","천원","425.6","769.79915","338.44804","337.74108","571.30832","",
"상용근로자(30인이상)","자동차 판매, 수리 및 차량연료 소매업","퇴직금등비용[천원]","천원","117.2","508.6428","115.73407","83.38425","251.35701","",
"상용근로자(30인이상)","자동차 판매, 수리 및 차량연료 소매업","현물지급비용[천원]","천원",".6",".38103","4.6216",".24842","0","",
"상용근로자(30인이상)","자동차 판매, 수리 및 차량연료 소매업","법정복리비[천원]","천원","138.6","124.04748","112.35547","117.05365","120.86288","",
"상용근로자(30인이상)","자동차 판매, 수리 및 차량연료 소매업","법정외복리비[천원]","천원","142","109.74592","87.24344","118.52505","167.23731","",
"상용근로자(30인이상)","자동차 판매, 수리 및 차량연료 소매업","모집비[천원]","천원","4","8.7576","1.62203","1.87063",".85187","",
"상용근로자(30인이상)","자동차 판매, 수리 및 차량연료 소매업","교육훈련비[천원]","천원","11.4","12.19587","12.89695","13.52563","21.90587","",
"상용근로자(30인이상)","자동차 판매, 수리 및 차량연료 소매업","기타노동비용[천원]","천원","11.9","6.02845","3.97448","3.13345","9.09338","",
"상용근로자(30인이상)","도매 및 상품 중개업","노동비용총액[천원]","천원","3585","3170.47742","2798.83398","2680.95288","2846.20002","",
"상용근로자(30인이상)","도매 및 상품 중개업","현금급여총계[천원]","천원","2722.7","2207.23967","2067.49547","1841.83525","1768.24392","",
"상용근로자(30인이상)","도매 및 상품 중개업","정액및초과[천원]","천원","2111.3","1746.65434","1579.95495","1433.22035","1495.39069","",
"상용근로자(30인이상)","도매 및 상품 중개업","상여금등특별급여[천원]","천원","611.4","460.58534","487.54052","408.6149","272.85323","",
"상용근로자(30인이상)","도매 및 상품 중개업","현금급여외 노동비용(계)[천원]","천원","862.3","963.23775","731.33852","839.11763","1077.95611","",
"상용근로자(30인이상)","도매 및 상품 중개업","퇴직금등비용[천원]","천원","375.7","448.01288","311.41899","315.84026","680.21139","",
"상용근로자(30인이상)","도매 및 상품 중개업","현물지급비용[천원]","천원",".6",".75668",".1362","4.38024",".87846","",
"상용근로자(30인이상)","도매 및 상품 중개업","법정복리비[천원]","천원","215.9","222.5207","203.78031","190.65178","164.86753","",
"상용근로자(30인이상)","도매 및 상품 중개업","법정외복리비[천원]","천원","196.6","204.49779","147.35881","206.15239","156.71196","",
"상용근로자(30인이상)","도매 및 상품 중개업","모집비[천원]","천원","3.1","2.41856","2.29859","10.69873","23.47016","",
"상용근로자(30인이상)","도매 및 상품 중개업","교육훈련비[천원]","천원","64.3","77.8818","59.30706","93.22528","44.47793","",
"상용근로자(30인이상)","도매 및 상품 중개업","기타노동비용[천원]","천원","6.1","7.14934","7.03854","18.16895","7.33868","",
"상용근로자(30인이상)","소매 및 소비용품 수선업","노동비용총액[천원]","천원","2323.4","2169.01524","2080.20932","1710.27686","1530.9359","",
"상용근로자(30인이상)","소매 및 소비용품 수선업","현금급여총계[천원]","천원","1840.1","1619.63702","1604.39273","1354.88178","1104.37304","",
"상용근로자(30인이상)","소매 및 소비용품 수선업","정액및초과[천원]","천원","1458.6","1318.59689","1313.97879","1132.05479","848.62476","",
"상용근로자(30인이상)","소매 및 소비용품 수선업","상여금등특별급여[천원]","천원","381.5","301.04013","290.41395","222.82699","255.74828","",
"상용근로자(30인이상)","소매 및 소비용품 수선업","현금급여외 노동비용(계)[천원]","천원","483.3","549.37822","475.81658","355.39508","426.56286","",
"상용근로자(30인이상)","소매 및 소비용품 수선업","퇴직금등비용[천원]","천원","175.6","188.3197","175.98352","139.80784","203.36449","",
"상용근로자(30인이상)","소매 및 소비용품 수선업","현물지급비용[천원]","천원",".1",".09509","0",".18014",".38144","",
"상용근로자(30인이상)","소매 및 소비용품 수선업","법정복리비[천원]","천원","122.8","151.51343","127.7522","84.03991","98.45235","",
"상용근로자(30인이상)","소매 및 소비용품 수선업","법정외복리비[천원]","천원","156.5","163.50805","137.2427","94.78912","92.81056","",
"상용근로자(30인이상)","소매 및 소비용품 수선업","모집비[천원]","천원","1.5","3.4606","2.87469","3.53899","2.86639","",
"상용근로자(30인이상)","소매 및 소비용품 수선업","교육훈련비[천원]","천원","20.3","34.65077","25.28723","29.94474","24.77152","",
"상용근로자(30인이상)","소매 및 소비용품 수선업","기타노동비용[천원]","천원","6.6","7.83057","6.67624","3.09433","3.91612","",
"상용근로자(30인이상)","숙박 및 음식점업(55)","노동비용총액[천원]","천원","2220.5","2242.27186","1951.44799","1800.04724","1628.40009","1680.3",
"상용근로자(30인이상)","숙박 및 음식점업(55)","현금급여총계[천원]","천원","1613.8","1542.46667","1348.89565","1253.40092","1054.65384","1185",
"상용근로자(30인이상)","숙박 및 음식점업(55)","정액및초과[천원]","천원","1286.1","1195.60004","1150.67614","1065.43228","927.71548","960.5",
"상용근로자(30인이상)","숙박 및 음식점업(55)","상여금등특별급여[천원]","천원","327.7","346.86663","198.21951","187.96864","126.93837","224.5",
"상용근로자(30인이상)","숙박 및 음식점업(55)","현금급여외 노동비용(계)[천원]","천원","606.8","699.80519","602.55234","546.64632","573.74624","495.3",
"상용근로자(30인이상)","숙박 및 음식점업(55)","퇴직금등비용[천원]","천원","236.2","341.06603","248.84103","224.06845","249.11016","250.3",
"상용근로자(30인이상)","숙박 및 음식점업(55)","현물지급비용[천원]","천원","7.4","8.33729","6.55927","6.46053","9.02505","1.8",
"상용근로자(30인이상)","숙박 및 음식점업(55)","법정복리비[천원]","천원","180.2","168.92136","155.07475","132.06135","127.00373","94.9",
"상용근로자(30인이상)","숙박 및 음식점업(55)","법정외복리비[천원]","천원","163.6","161.98181","169.33527","163.25982","171.16825","133.1",
"상용근로자(30인이상)","숙박 및 음식점업(55)","모집비[천원]","천원",".9","1.02442",".89751",".37318",".72171",".4",
"상용근로자(30인이상)","숙박 및 음식점업(55)","교육훈련비[천원]","천원","12.7","15.07035","15.31557","15.4427","9.93761","7.3",
"상용근로자(30인이상)","숙박 및 음식점업(55)","기타노동비용[천원]","천원","5.8","3.40394","6.52895","4.9803","6.77974","7.5",
"상용근로자(30인이상)","숙박 및 음식점업","노동비용총액[천원]","천원","2220.5","2242.27186","1951.44799","1800.04724","1628.40009","",
"상용근로자(30인이상)","숙박 및 음식점업","현금급여총계[천원]","천원","1613.8","1542.46667","1348.89565","1253.40092","1054.65384","",
"상용근로자(30인이상)","숙박 및 음식점업","정액및초과[천원]","천원","1286.1","1195.60004","1150.67614","1065.43228","927.71548","",
"상용근로자(30인이상)","숙박 및 음식점업","상여금등특별급여[천원]","천원","327.7","346.86663","198.21951","187.96864","126.93837","",
"상용근로자(30인이상)","숙박 및 음식점업","현금급여외 노동비용(계)[천원]","천원","606.8","699.80519","602.55234","546.64632","573.74624","",
"상용근로자(30인이상)","숙박 및 음식점업","퇴직금등비용[천원]","천원","236.2","341.06603","248.84103","224.06845","249.11016","",
"상용근로자(30인이상)","숙박 및 음식점업","현물지급비용[천원]","천원","7.4","8.33729","6.55927","6.46053","9.02505","",
"상용근로자(30인이상)","숙박 및 음식점업","법정복리비[천원]","천원","180.2","168.92136","155.07475","132.06135","127.00373","",
"상용근로자(30인이상)","숙박 및 음식점업","법정외복리비[천원]","천원","163.6","161.98181","169.33527","163.25982","171.16825","",
"상용근로자(30인이상)","숙박 및 음식점업","모집비[천원]","천원",".9","1.02442",".89751",".37318",".72171","",
"상용근로자(30인이상)","숙박 및 음식점업","교육훈련비[천원]","천원","12.7","15.07035","15.31557","15.4427","9.93761","",
"상용근로자(30인이상)","숙박 및 음식점업","기타노동비용[천원]","천원","5.8","3.40394","6.52895","4.9803","6.77974","",
"상용근로자(30인이상)","운수, 창고 및 통신업(60-64)","노동비용총액[천원]","천원","3845.5","2841.94346","2924.77632","2939.86372","2588.29526","2341.8",
"상용근로자(30인이상)","운수, 창고 및 통신업(60-64)","현금급여총계[천원]","천원","2201.9","1931.68965","1806.95356","1779.1472","1555.45808","1349.4",
"상용근로자(30인이상)","운수, 창고 및 통신업(60-64)","정액및초과[천원]","천원","1788.3","1532.85263","1476.52317","1412.97027","1244.16651","1125.6",
"상용근로자(30인이상)","운수, 창고 및 통신업(60-64)","상여금등특별급여[천원]","천원","413.7","398.83702","330.43039","366.17693","311.29157","223.7",
"상용근로자(30인이상)","운수, 창고 및 통신업(60-64)","현금급여외 노동비용(계)[천원]","천원","1643.6","910.25381","1117.82276","1160.71653","1032.83718","992.4",
"상용근로자(30인이상)","운수, 창고 및 통신업(60-64)","퇴직금등비용[천원]","천원","1074.9","342.03671","637.12452","697.16385","562.11978","584.6",
"상용근로자(30인이상)","운수, 창고 및 통신업(60-64)","현물지급비용[천원]","천원","1.1",".81286",".19301",".16537",".24416",".9",
"상용근로자(30인이상)","운수, 창고 및 통신업(60-64)","법정복리비[천원]","천원","256.8","253.93564","221.96092","201.39943","170.63803","144.1",
"상용근로자(30인이상)","운수, 창고 및 통신업(60-64)","법정외복리비[천원]","천원","242.7","229.4277","194.57585","167.33627","240.95094","185.8",
"상용근로자(30인이상)","운수, 창고 및 통신업(60-64)","모집비[천원]","천원","1.1",".88956",".39976",".77717",".54341",".1",
"상용근로자(30인이상)","운수, 창고 및 통신업(60-64)","교육훈련비[천원]","천원","62","79.51186","60.62127","85.45208","54.34548","66.9",
"상용근로자(30인이상)","운수, 창고 및 통신업(60-64)","기타노동비용[천원]","천원","4.9","3.63948","2.94743","8.42235","3.99539","10",
"상용근로자(30인이상)","육상운송 및 파이프라인 운송업","노동비용총액[천원]","천원","2917.8","2643.09886","1957.46915","1894.46651","1449.6131","",
"상용근로자(30인이상)","육상운송 및 파이프라인 운송업","현금급여총계[천원]","천원","1656.6","1523.28454","1422.22121","1436.92036","1091.00714","",
"상용근로자(30인이상)","육상운송 및 파이프라인 운송업","정액및초과[천원]","천원","1389.8","1286.30507","1234.3901","1229.8683","927.56906","",
"상용근로자(30인이상)","육상운송 및 파이프라인 운송업","상여금등특별급여[천원]","천원","266.8","236.97947","187.83111","207.05206","163.43808","",
"상용근로자(30인이상)","육상운송 및 파이프라인 운송업","현금급여외 노동비용(계)[천원]","천원","1261.1","1119.81432","535.24794","457.54615","358.60596","",
"상용근로자(30인이상)","육상운송 및 파이프라인 운송업","퇴직금등비용[천원]","천원","951.7","717.25632","278.00192","219.48103","144.16453","",
"상용근로자(30인이상)","육상운송 및 파이프라인 운송업","현물지급비용[천원]","천원","3.3",".22588",".53605",".48837",".43568","",
"상용근로자(30인이상)","육상운송 및 파이프라인 운송업","법정복리비[천원]","천원","209.2","187.96607","166.72128","142.92361","121.95751","",
"상용근로자(30인이상)","육상운송 및 파이프라인 운송업","법정외복리비[천원]","천원","88","205.85919","84.73674","88.5183","87.71816","",
"상용근로자(30인이상)","육상운송 및 파이프라인 운송업","모집비[천원]","천원",".4",".3358",".22992",".38378",".66749","",
"상용근로자(30인이상)","육상운송 및 파이프라인 운송업","교육훈련비[천원]","천원","5","3.5189","2.61141","3.38518",".90975","",
"상용근로자(30인이상)","육상운송 및 파이프라인 운송업","기타노동비용[천원]","천원","3.6","4.65217","2.41061","2.36588","2.75284","",
"상용근로자(30인이상)","수상 운수업","노동비용총액[천원]","천원","3364","3107.13492","2766.39952","2819.71138","1888.80895","",
"상용근로자(30인이상)","수상 운수업","현금급여총계[천원]","천원","2497.3","2247.31681","2176.92114","2006.65612","1247.03289","",
"상용근로자(30인이상)","수상 운수업","정액및초과[천원]","천원","1850.3","1768.9502","1588.16635","1424.58165","909.19603","",
"상용근로자(30인이상)","수상 운수업","상여금등특별급여[천원]","천원","647","478.36661","588.75479","582.07447","337.83686","",
"상용근로자(30인이상)","수상 운수업","현금급여외 노동비용(계)[천원]","천원","866.7","859.8181","589.47838","813.05526","641.77606","",
"상용근로자(30인이상)","수상 운수업","퇴직금등비용[천원]","천원","398.4","392.40436","216.27529","437.9909","298.29619","",
"상용근로자(30인이상)","수상 운수업","현물지급비용[천원]","천원","1.8","1.2636",".90672","1.04711",".97293","",
"상용근로자(30인이상)","수상 운수업","법정복리비[천원]","천원","201.9","179.91724","175.28857","147.49958","120.78997","",
"상용근로자(30인이상)","수상 운수업","법정외복리비[천원]","천원","201.8","216.32004","154.82829","172.56993","164.38917","",
"상용근로자(30인이상)","수상 운수업","모집비[천원]","천원","1.7","1.97743","1.2659","1.89509","1.95496","",
"상용근로자(30인이상)","수상 운수업","교육훈련비[천원]","천원","49.3","52.85593","32.32997","39.93205","42.41237","",
"상용근로자(30인이상)","수상 운수업","기타노동비용[천원]","천원","11.8","15.07951","8.58363","12.12061","12.96047","",
"상용근로자(30인이상)","항공 운송업","노동비용총액[천원]","천원","4149.1","3609.76798","4230.725","3269.5979","2383.48384","",
"상용근로자(30인이상)","항공 운송업","현금급여총계[천원]","천원","3210.6","2723.02671","3066.1913","2454.57004","1771.45362","",
"상용근로자(30인이상)","항공 운송업","정액및초과[천원]","천원","2185.7","1906.06","2109.46997","1631.57813","1278.42469","",
"상용근로자(30인이상)","항공 운송업","상여금등특별급여[천원]","천원","1024.9","816.96672","956.72133","822.99191","493.02893","",
"상용근로자(30인이상)","항공 운송업","현금급여외 노동비용(계)[천원]","천원","938.6","886.74127","1164.53371","815.02786","612.03022","",
"상용근로자(30인이상)","항공 운송업","퇴직금등비용[천원]","천원","369","212.63401","262.42881","180.40101","132.28444","",
"상용근로자(30인이상)","항공 운송업","현물지급비용[천원]","천원","0","0","0","0",".64069","",
"상용근로자(30인이상)","항공 운송업","법정복리비[천원]","천원","287.6","274.67301","222.20446","180.72688","163.09182","",
"상용근로자(30인이상)","항공 운송업","법정외복리비[천원]","천원","239.8","234.29086","534.5373","292.85782","269.04688","",
"상용근로자(30인이상)","항공 운송업","모집비[천원]","천원",".7",".72368","1.01457","1.66693",".65408","",
"상용근로자(30인이상)","항공 운송업","교육훈련비[천원]","천원","36.7","159.25502","137.44157","157.78508","45.18426","",
"상용근로자(30인이상)","항공 운송업","기타노동비용[천원]","천원","4.7","5.1647","6.907","1.59014","1.12804","",
"상용근로자(30인이상)","여행알선 및 운수관련 서비스업","노동비용총액[천원]","천원","3331.4","2609.18409","2385.373","2938.76127","3103.66957","",
"상용근로자(30인이상)","여행알선 및 운수관련 서비스업","현금급여총계[천원]","천원","2198.3","1972.0343","1790.88779","1693.04218","1243.43059","",
"상용근로자(30인이상)","여행알선 및 운수관련 서비스업","정액및초과[천원]","천원","1661.9","1533.86146","1418.63271","1338.2946","1008.11194","",
"상용근로자(30인이상)","여행알선 및 운수관련 서비스업","상여금등특별급여[천원]","천원","536.3","438.17285","372.25508","354.74758","235.31865","",
"상용근로자(30인이상)","여행알선 및 운수관련 서비스업","현금급여외 노동비용(계)[천원]","천원","1133.2","637.14979","594.48521","1245.71908","1860.23898","",
"상용근로자(30인이상)","여행알선 및 운수관련 서비스업","퇴직금등비용[천원]","천원","654.8","181.55209","197.36294","859.17131","1503.09766","",
"상용근로자(30인이상)","여행알선 및 운수관련 서비스업","현물지급비용[천원]","천원",".3","0","0","0","0","",
"상용근로자(30인이상)","여행알선 및 운수관련 서비스업","법정복리비[천원]","천원","266","243.26523","208.52311","192.19256","176.76198","",
"상용근로자(30인이상)","여행알선 및 운수관련 서비스업","법정외복리비[천원]","천원","160.6","166.17607","150.16931","156.27608","157.41944","",
"상용근로자(30인이상)","여행알선 및 운수관련 서비스업","모집비[천원]","천원",".5",".54262",".11465",".23255",".01294","",
"상용근로자(30인이상)","여행알선 및 운수관련 서비스업","교육훈련비[천원]","천원","43.9","37.80784","32.21026","32.01996","15.90318","",
"상용근로자(30인이상)","여행알선 및 운수관련 서비스업","기타노동비용[천원]","천원","7.2","7.80594","6.10495","5.82663","7.04378","",
"상용근로자(30인이상)","통신업","노동비용총액[천원]","천원","6102.9","4385.95564","4726.06065","4746.39315","3403.13477","",
"상용근로자(30인이상)","통신업","현금급여총계[천원]","천원","3651.9","3555.92654","2962.89277","2966.01403","1948.53057","",
"상용근로자(30인이상)","통신업","정액및초과[천원]","천원","2664.3","2574.50231","2305.29159","2135.02062","1563.58583","",
"상용근로자(30인이상)","통신업","상여금등특별급여[천원]","천원","987.7","981.42423","657.60118","830.99341","384.94474","",
"상용근로자(30인이상)","통신업","현금급여외 노동비용(계)[천원]","천원","2451","830.0291","1763.16788","1780.37912","1454.6042","",
"상용근로자(30인이상)","통신업","퇴직금등비용[천원]","천원","1631.4","127.55505","1238.24451","1189.03068","750.99996","",
"상용근로자(30인이상)","통신업","현물지급비용[천원]","천원","0","1.8502","0","0","0","",
"상용근로자(30인이상)","통신업","법정복리비[천원]","천원","284.7","307.96615","273.62516","256.6243","211.04799","",
"상용근로자(30인이상)","통신업","법정외복리비[천원]","천원","401.3","266.74434","163.42967","180.78225","377.48687","",
"상용근로자(30인이상)","통신업","모집비[천원]","천원","2","1.45745",".31148",".84494",".49099","",
"상용근로자(30인이상)","통신업","교육훈련비[천원]","천원","126.4","124.20905","87.13731","137.22363","110.1438","",
"상용근로자(30인이상)","통신업","기타노동비용[천원]","천원","5.1",".24687",".41975","15.87332","4.43459","",
"상용근로자(30인이상)","금융 및 보험업(65-67)","노동비용총액[천원]","천원","4189.9","3735.21616","4108.53451","3318.30314","3688.21333","3981.8",
"상용근로자(30인이상)","금융 및 보험업(65-67)","현금급여총계[천원]","천원","3397","3032.70027","2662.76966","2464.45874","2199.48483","1963.3",
"상용근로자(30인이상)","금융 및 보험업(65-67)","정액및초과[천원]","천원","2227.6","1959.61443","1777.39005","1654.30088","1481.07908","1414.2",
"상용근로자(30인이상)","금융 및 보험업(65-67)","상여금등특별급여[천원]","천원","1169.4","1073.08584","885.37961","810.15787","718.40575","549.1",
"상용근로자(30인이상)","금융 및 보험업(65-67)","현금급여외 노동비용(계)[천원]","천원","792.9","702.51589","1445.76484","853.8444","1488.7285","2018.5",
"상용근로자(30인이상)","금융 및 보험업(65-67)","퇴직금등비용[천원]","천원","276.1","195.44638","1002.93669","451.02529","989.06185","1669.7",
"상용근로자(30인이상)","금융 및 보험업(65-67)","현물지급비용[천원]","천원","2.8","3.13186","1.49906","2.85053",".78621","4.7",
"상용근로자(30인이상)","금융 및 보험업(65-67)","법정복리비[천원]","천원","268","241.85307","214.00491","184.23515","180.9991","125.9",
"상용근로자(30인이상)","금융 및 보험업(65-67)","법정외복리비[천원]","천원","170.3","186.58121","164.03961","165.71184","238.48268","157.2",
"상용근로자(30인이상)","금융 및 보험업(65-67)","모집비[천원]","천원","2.2","2.53927","2.14176",".59032","1.82748","1.3",
"상용근로자(30인이상)","금융 및 보험업(65-67)","교육훈련비[천원]","천원","57.7","54.37734","47.86319","36.54061","62.58599","36.2",
"상용근로자(30인이상)","금융 및 보험업(65-67)","기타노동비용[천원]","천원","15.8","18.58676","13.27961","12.89065","14.98519","23.5",
"상용근로자(30인이상)","금융업","노동비용총액[천원]","천원","4160.6","3798.49899","4338.03247","3596.64255","4013.00319","",
"상용근로자(30인이상)","금융업","현금급여총계[천원]","천원","3347.3","2977.84053","2788.84569","2570.44459","2035.53978","",
"상용근로자(30인이상)","금융업","정액및초과[천원]","천원","2191.3","1954.21754","1853.30928","1742.87454","1557.78517","",
"상용근로자(30인이상)","금융업","상여금등특별급여[천원]","천원","1156.1","1023.62299","935.53641","827.57004","477.75461","",
"상용근로자(30인이상)","금융업","현금급여외 노동비용(계)[천원]","천원","813.3","820.65846","1549.18678","1026.19797","1977.46341","",
"상용근로자(30인이상)","금융업","퇴직금등비용[천원]","천원","246.6","246.65874","1110.84951","571.14206","1567.8158","",
"상용근로자(30인이상)","금융업","현물지급비용[천원]","천원","3","4.89905",".27201",".28516","1.46569","",
"상용근로자(30인이상)","금융업","법정복리비[천원]","천원","276.9","240.1611","209.47328","192.21707","177.67823","",
"상용근로자(30인이상)","금융업","법정외복리비[천원]","천원","191.9","230.5355","161.85063","199.1476","182.704","",
"상용근로자(30인이상)","금융업","모집비[천원]","천원",".8","1.87184","1.1582",".66946",".97166","",
"상용근로자(30인이상)","금융업","교육훈련비[천원]","천원","73.4","68.54561","47.52941","41.31387","29.25279","",
"상용근로자(30인이상)","금융업","기타노동비용[천원]","천원","20.8","27.98663","18.05376","21.42274","17.57523","",
"상용근로자(30인이상)","보험 및 연금업","노동비용총액[천원]","천원","4044.5","3410.50675","3341.18941","2928.79728","2676.93554","",
"상용근로자(30인이상)","보험 및 연금업","현금급여총계[천원]","천원","3308.3","2669.91692","2225.59705","2058.96462","1670.21145","",
"상용근로자(30인이상)","보험 및 연금업","정액및초과[천원]","천원","2070.5","1735.50423","1532.31223","1442.13453","1352.15638","",
"상용근로자(30인이상)","보험 및 연금업","상여금등특별급여[천원]","천원","1237.8","934.41269","693.28482","616.83009","318.05507","",
"상용근로자(30인이상)","보험 및 연금업","현금급여외 노동비용(계)[천원]","천원","736.2","740.58982","1115.59236","869.83266","1006.72409","",
"상용근로자(30인이상)","보험 및 연금업","퇴직금등비용[천원]","천원","208.2","151.77099","575.61896","457.25391","431.48652","",
"상용근로자(30인이상)","보험 및 연금업","현물지급비용[천원]","천원","2.1","0","1.28124","5.41571","0","",
"상용근로자(30인이상)","보험 및 연금업","법정복리비[천원]","천원","259.4","252.56801","208.82321","180.19544","189.44136","",
"상용근로자(30인이상)","보험 및 연금업","법정외복리비[천원]","천원","196","247.56524","237.65532","191.52244","241.36018","",
"상용근로자(30인이상)","보험 및 연금업","모집비[천원]","천원","7.5","5.90448","5.11007",".62053","2.30406","",
"상용근로자(30인이상)","보험 및 연금업","교육훈련비[천원]","천원","47.4","63.80716","68.73004","24.51052","129.16753","",
"상용근로자(30인이상)","보험 및 연금업","기타노동비용[천원]","천원","15.7","18.97394","18.37352","10.3141","12.96444","",
"상용근로자(30인이상)","금융 및 보험관련 서비스업","노동비용총액[천원]","천원","4614.6","4451.51374","4904.48767","4135.46305","4427.98289","",
"상용근로자(30인이상)","금융 및 보험관련 서비스업","현금급여총계[천원]","천원","3821","3935.28288","3343.24876","3547.2927","3442.37918","",
"상용근로자(30인이상)","금융 및 보험관련 서비스업","정액및초과[천원]","천원","2700.8","2401.01911","2106.00797","1998.57282","1484.92915","",
"상용근로자(30인이상)","금융 및 보험관련 서비스업","상여금등특별급여[천원]","천원","1120.2","1534.26377","1237.24079","1548.71987","1957.45003","",
"상용근로자(30인이상)","금융 및 보험관련 서비스업","현금급여외 노동비용(계)[천원]","천원","793.7","516.23086","1561.23891","588.17035","985.60371","",
"상용근로자(30인이상)","금융 및 보험관련 서비스업","퇴직금등비용[천원]","천원","392.9","156.77471","1186.08697","270.4063","372.73457","",
"상용근로자(30인이상)","금융 및 보험관련 서비스업","현물지급비용[천원]","천원","2.9","2.93347","3.25814","4.21806",".26718","",
"상용근로자(30인이상)","금융 및 보험관련 서비스업","법정복리비[천원]","천원","255.6","236.64753","223.81373","176.34272","176.38529","",
"상용근로자(30인이상)","금융 및 보험관련 서비스업","법정외복리비[천원]","천원","103.8","84.53807","111.17772","93.2157","376.94625","",
"상용근로자(30인이상)","금융 및 보험관련 서비스업","모집비[천원]","천원","1.1","1.08822","1.17352",".44724","3.27973","",
"상용근로자(30인이상)","금융 및 보험관련 서비스업","교육훈련비[천원]","천원","32.3","28.63621","32.50667","40.69332","44.50133","",
"상용근로자(30인이상)","금융 및 보험관련 서비스업","기타노동비용[천원]","천원","5.1","5.61266","3.22216","2.84701","11.48935","",
"상용근로자(30인이상)","부동산 및 사업서비스업(70-74)","노동비용총액[천원]","천원","2705.4","2388.17875","2215.53441","2252.63763","2333.4791","2194.9",
"상용근로자(30인이상)","부동산 및 사업서비스업(70-74)","현금급여총계[천원]","천원","2106.5","1822.68971","1612.58718","1548.36201","1405.51416","1332.2",
"상용근로자(30인이상)","부동산 및 사업서비스업(70-74)","정액및초과[천원]","천원","1780.9","1551.43426","1352.9496","1284.67348","1165.67438","1087.7",
"상용근로자(30인이상)","부동산 및 사업서비스업(70-74)","상여금등특별급여[천원]","천원","325.6","271.25544","259.63757","263.68853","239.83978","244.5",
"상용근로자(30인이상)","부동산 및 사업서비스업(70-74)","현금급여외 노동비용(계)[천원]","천원","598.9","565.48905","602.94723","704.27561","927.96494","862.7",
"상용근로자(30인이상)","부동산 및 사업서비스업(70-74)","퇴직금등비용[천원]","천원","204.1","219.54187","267.95561","367.86074","649.45359","639.3",
"상용근로자(30인이상)","부동산 및 사업서비스업(70-74)","현물지급비용[천원]","천원","1",".83737",".45797","4.70973",".9313",".4",
"상용근로자(30인이상)","부동산 및 사업서비스업(70-74)","법정복리비[천원]","천원","189.3","175.68259","161.46912","149.68527","129.57335","98.1",
"상용근로자(30인이상)","부동산 및 사업서비스업(70-74)","법정외복리비[천원]","천원","146.9","114.79808","115.35592","127.33451","109.14722","96.2",
"상용근로자(30인이상)","부동산 및 사업서비스업(70-74)","모집비[천원]","천원","3.8","2.74968","2.7998","4.16922","2.43491",".9",
"상용근로자(30인이상)","부동산 및 사업서비스업(70-74)","교육훈련비[천원]","천원","45.4","45.67361","48.30537","44.12986","31.36811","23.5",
"상용근로자(30인이상)","부동산 및 사업서비스업(70-74)","기타노동비용[천원]","천원","8.3","6.20584","6.60343","6.3863","5.05648","4.3",
"상용근로자(30인이상)","부동산업","노동비용총액[천원]","천원","2130","1758.4393","1775.71982","2213.7439","3595.75205","",
"상용근로자(30인이상)","부동산업","현금급여총계[천원]","천원","1442.4","1221.67731","1271.12389","1246.00779","1320.76482","",
"상용근로자(30인이상)","부동산업","정액및초과[천원]","천원","1179.1","1018.95499","1019.84216","996.93535","1098.14651","",
"상용근로자(30인이상)","부동산업","상여금등특별급여[천원]","천원","263.4","202.72231","251.28174","249.07243","222.61831","",
"상용근로자(30인이상)","부동산업","현금급여외 노동비용(계)[천원]","천원","687.5","536.76199","504.59592","967.73611","2274.98723","",
"상용근로자(30인이상)","부동산업","퇴직금등비용[천원]","천원","99.7","133.43089","145.7669","601.32915","1972.83589","",
"상용근로자(30인이상)","부동산업","현물지급비용[천원]","천원","0",".14944","0","1.17154",".44793","",
"상용근로자(30인이상)","부동산업","법정복리비[천원]","천원","228.6","208.57941","186.11407","160.11669","141.74071","",
"상용근로자(30인이상)","부동산업","법정외복리비[천원]","천원","264.5","115.90193","95.32232","145.10195","108.03655","",
"상용근로자(30인이상)","부동산업","모집비[천원]","천원","1.6","1.51726",".43207",".35108",".52626","",
"상용근로자(30인이상)","부동산업","교육훈련비[천원]","천원","67.7","63.02526","55.95095","38.64409","38.87651","",
"상용근로자(30인이상)","부동산업","기타노동비용[천원]","천원","25.4","14.1578","21.00961","21.02161","12.52339","",
"상용근로자(30인이상)","기계장비 및 소비용품 임대업","노동비용총액[천원]","천원","2444.2","3061.30213","2363.28786","2258.71525","2026.26465","",
"상용근로자(30인이상)","기계장비 및 소비용품 임대업","현금급여총계[천원]","천원","1971.8","2302.47481","1619.45622","1773.17532","1647.88657","",
"상용근로자(30인이상)","기계장비 및 소비용품 임대업","정액및초과[천원]","천원","1798.2","1830.03676","1372.65941","1555.13753","1283.83048","",
"상용근로자(30인이상)","기계장비 및 소비용품 임대업","상여금등특별급여[천원]","천원","173.7","472.43806","246.79681","218.03779","364.05609","",
"상용근로자(30인이상)","기계장비 및 소비용품 임대업","현금급여외 노동비용(계)[천원]","천원","472.3","758.82731","743.83164","485.53993","378.37808","",
"상용근로자(30인이상)","기계장비 및 소비용품 임대업","퇴직금등비용[천원]","천원","209.6","445.24118","419.31603","161.39979","86.27938","",
"상용근로자(30인이상)","기계장비 및 소비용품 임대업","현물지급비용[천원]","천원","0","0","0",".18933","0","",
"상용근로자(30인이상)","기계장비 및 소비용품 임대업","법정복리비[천원]","천원","178.3","202.81569","172.59588","141.69738","159.31874","",
"상용근로자(30인이상)","기계장비 및 소비용품 임대업","법정외복리비[천원]","천원","84.3","78.39711","113.46315","146.54996","111.65588","",
"상용근로자(30인이상)","기계장비 및 소비용품 임대업","모집비[천원]","천원",".1",".52686","4.66265","1.21833","3.23019","",
"상용근로자(30인이상)","기계장비 및 소비용품 임대업","교육훈련비[천원]","천원",".1","3.91737","11.64987","17.90412","17.39456","",
"상용근로자(30인이상)","기계장비 및 소비용품 임대업","기타노동비용[천원]","천원","0","27.9291","22.14407","16.58101",".49933","",
"상용근로자(30인이상)","정보처리 및 기타 컴퓨터 운용 관련업","노동비용총액[천원]","천원","3332.5","3387.44242","3258.29743","3233.48021","2608.38479","",
"상용근로자(30인이상)","정보처리 및 기타 컴퓨터 운용 관련업","현금급여총계[천원]","천원","2441","2305.11327","2376.57551","2302.14604","1786.17109","",
"상용근로자(30인이상)","정보처리 및 기타 컴퓨터 운용 관련업","정액및초과[천원]","천원","2240.6","2083.69064","1975.87946","1790.2475","1386.1468","",
"상용근로자(30인이상)","정보처리 및 기타 컴퓨터 운용 관련업","상여금등특별급여[천원]","천원","200.4","221.42263","400.69605","511.89853","400.02428","",
"상용근로자(30인이상)","정보처리 및 기타 컴퓨터 운용 관련업","현금급여외 노동비용(계)[천원]","천원","891.4","1082.32915","881.72192","931.33417","822.2137","",
"상용근로자(30인이상)","정보처리 및 기타 컴퓨터 운용 관련업","퇴직금등비용[천원]","천원","218.8","446.03003","245.09544","290.2759","337.68273","",
"상용근로자(30인이상)","정보처리 및 기타 컴퓨터 운용 관련업","현물지급비용[천원]","천원","0",".17072",".51052","2.49999","1.01063","",
"상용근로자(30인이상)","정보처리 및 기타 컴퓨터 운용 관련업","법정복리비[천원]","천원","251.5","238.61748","209.21424","199.52971","167.98358","",
"상용근로자(30인이상)","정보처리 및 기타 컴퓨터 운용 관련업","법정외복리비[천원]","천원","282.4","253.1363","267.08052","279.55683","211.23898","",
"상용근로자(30인이상)","정보처리 및 기타 컴퓨터 운용 관련업","모집비[천원]","천원","11.3","6.25387","6.02092","12.85139","8.04335","",
"상용근로자(30인이상)","정보처리 및 기타 컴퓨터 운용 관련업","교육훈련비[천원]","천원","122.7","135.07722","149.21751","140.09113","88.46464","",
"상용근로자(30인이상)","정보처리 및 기타 컴퓨터 운용 관련업","기타노동비용[천원]","천원","4.7","3.04353","4.58278","6.52923","7.7898","",
"상용근로자(30인이상)","연구 및 개발업","노동비용총액[천원]","천원","4541.2","3749.27502","3764.13937","3915.74631","3672.41771","",
"상용근로자(30인이상)","연구 및 개발업","현금급여총계[천원]","천원","3323.5","2990.9769","3010.13449","2750.41749","2121.67731","",
"상용근로자(30인이상)","연구 및 개발업","정액및초과[천원]","천원","2630.4","2368.77918","2331.88575","2204.67306","1874.33618","",
"상용근로자(30인이상)","연구 및 개발업","상여금등특별급여[천원]","천원","693.1","622.19772","678.24874","545.74443","247.34113","",
"상용근로자(30인이상)","연구 및 개발업","현금급여외 노동비용(계)[천원]","천원","1217.7","758.29812","754.00488","1165.32882","1550.7404","",
"상용근로자(30인이상)","연구 및 개발업","퇴직금등비용[천원]","천원","776.7","370.20399","395.6088","813.58766","1272.44322","",
"상용근로자(30인이상)","연구 및 개발업","현물지급비용[천원]","천원","0","0","0","0","1.44432","",
"상용근로자(30인이상)","연구 및 개발업","법정복리비[천원]","천원","273.8","251.18042","219.45019","227.96213","161.75932","",
"상용근로자(30인이상)","연구 및 개발업","법정외복리비[천원]","천원","124.8","107.50984","107.31313","97.65182","98.05021","",
"상용근로자(30인이상)","연구 및 개발업","모집비[천원]","천원","2.2","2.19241","3.65637","2.7367",".69713","",
"상용근로자(30인이상)","연구 및 개발업","교육훈련비[천원]","천원","29.5","22.11592","23.78613","18.88128","13.5503","",
"상용근로자(30인이상)","연구 및 개발업","기타노동비용[천원]","천원","10.7","5.09553","4.19027","4.50924","2.7959","",
"상용근로자(30인이상)","기타 사업관련 서비스업","노동비용총액[천원]","천원","2572.6","2104.44893","1855.17345","1766.65777","1598.70505","",
"상용근로자(30인이상)","기타 사업관련 서비스업","현금급여총계[천원]","천원","2215.4","1780.56935","1375.97154","1300.38468","1110.31973","",
"상용근로자(30인이상)","기타 사업관련 서비스업","정액및초과[천원]","천원","1860","1511.74981","1206.82643","1131.56036","938.49841","",
"상용근로자(30인이상)","기타 사업관련 서비스업","상여금등특별급여[천원]","천원","355.4","268.81953","169.14511","168.82433","171.82132","",
"상용근로자(30인이상)","기타 사업관련 서비스업","현금급여외 노동비용(계)[천원]","천원","357.2","323.87958","479.20191","466.27309","488.38531","",
"상용근로자(30인이상)","기타 사업관련 서비스업","퇴직금등비용[천원]","천원","126.4","116.49061","279.28146","279.85256","304.56309","",
"상용근로자(30인이상)","기타 사업관련 서비스업","현물지급비용[천원]","천원","1.8","1.41188",".63067","7.58453",".94113","",
"상용근로자(30인이상)","기타 사업관련 서비스업","법정복리비[천원]","천원","141.1","129.74418","125.33851","110.86482","102.45815","",
"상용근로자(30인이상)","기타 사업관련 서비스업","법정외복리비[천원]","천원","69.2","59.29307","58.16845","57.14927","68.10708","",
"상용근로자(30인이상)","기타 사업관련 서비스업","모집비[천원]","천원","1.4","1.69736","1.80448","1.4353",".90486","",
"상용근로자(30인이상)","기타 사업관련 서비스업","교육훈련비[천원]","천원","11.5","9.59653","9.63888","6.63066","8.97748","",
"상용근로자(30인이상)","기타 사업관련 서비스업","기타노동비용[천원]","천원","5.8","5.64595","4.33946","2.75595","2.4335","",
"상용근로자(30인이상)","교육 서비스업(80)","노동비용총액[천원]","천원","3128","2922.12063","2424.96212","2358.16434","2063.60986","2357.6",
"상용근로자(30인이상)","교육 서비스업(80)","현금급여총계[천원]","천원","2855","2618.35331","2146.89643","2110.61377","1851.00202","2207.4",
"상용근로자(30인이상)","교육 서비스업(80)","정액및초과[천원]","천원","2102.7","1995.18018","1713.37502","1672.11051","1470.47978","1589.8",
"상용근로자(30인이상)","교육 서비스업(80)","상여금등특별급여[천원]","천원","752.3","623.17314","433.52141","438.50326","380.52225","617.6",
"상용근로자(30인이상)","교육 서비스업(80)","현금급여외 노동비용(계)[천원]","천원","273.1","303.76732","278.06569","247.55057","212.60783","150.3",
"상용근로자(30인이상)","교육 서비스업(80)","퇴직금등비용[천원]","천원","45.8","84.14085","69.52721","75.92303","57.11186","45.2",
"상용근로자(30인이상)","교육 서비스업(80)","현물지급비용[천원]","천원","0","0","0","0",".12814",".1",
"상용근로자(30인이상)","교육 서비스업(80)","법정복리비[천원]","천원","157.3","149.50028","133.29874","103.93282","95.62343","66.7",
"상용근로자(30인이상)","교육 서비스업(80)","법정외복리비[천원]","천원","55.3","49.64416","57.74023","52.72442","45.27773","23.7",
"상용근로자(30인이상)","교육 서비스업(80)","모집비[천원]","천원","2.7","9.01044","6.99455","5.90731","4.6854","7.3",
"상용근로자(30인이상)","교육 서비스업(80)","교육훈련비[천원]","천원","10.6","10.32784","9.15868","7.6473","9.15902","6.7",
"상용근로자(30인이상)","교육 서비스업(80)","기타노동비용[천원]","천원","1.3","1.14375","1.34627","1.41569",".62225",".6",
"상용근로자(30인이상)","교육 서비스업","노동비용총액[천원]","천원","3128","2922.12063","2424.96212","2358.16434","2063.60986","",
"상용근로자(30인이상)","교육 서비스업","현금급여총계[천원]","천원","2855","2618.35331","2146.89643","2110.61377","1851.00202","",
"상용근로자(30인이상)","교육 서비스업","정액및초과[천원]","천원","2102.7","1995.18018","1713.37502","1672.11051","1470.47978","",
"상용근로자(30인이상)","교육 서비스업","상여금등특별급여[천원]","천원","752.3","623.17314","433.52141","438.50326","380.52225","",
"상용근로자(30인이상)","교육 서비스업","현금급여외 노동비용(계)[천원]","천원","273.1","303.76732","278.06569","247.55057","212.60783","",
"상용근로자(30인이상)","교육 서비스업","퇴직금등비용[천원]","천원","45.8","84.14085","69.52721","75.92303","57.11186","",
"상용근로자(30인이상)","교육 서비스업","현물지급비용[천원]","천원","0","0","0","0",".12814","",
"상용근로자(30인이상)","교육 서비스업","법정복리비[천원]","천원","157.3","149.50028","133.29874","103.93282","95.62343","",
"상용근로자(30인이상)","교육 서비스업","법정외복리비[천원]","천원","55.3","49.64416","57.74023","52.72442","45.27773","",
"상용근로자(30인이상)","교육 서비스업","모집비[천원]","천원","2.7","9.01044","6.99455","5.90731","4.6854","",
"상용근로자(30인이상)","교육 서비스업","교육훈련비[천원]","천원","10.6","10.32784","9.15868","7.6473","9.15902","",
"상용근로자(30인이상)","교육 서비스업","기타노동비용[천원]","천원","1.3","1.14375","1.34627","1.41569",".62225","",
"상용근로자(30인이상)","보건 및 사회복지사업(85)","노동비용총액[천원]","천원","2488.3","2419.14505","2147.6798","1990.1877","1876.20751","1775.7",
"상용근로자(30인이상)","보건 및 사회복지사업(85)","현금급여총계[천원]","천원","2074.7","1955.32359","1817.11575","1686.84206","1534.69436","1497.3",
"상용근로자(30인이상)","보건 및 사회복지사업(85)","정액및초과[천원]","천원","1613.3","1510.52163","1465.26851","1394.37156","1253.33013","1176.8",
"상용근로자(30인이상)","보건 및 사회복지사업(85)","상여금등특별급여[천원]","천원","461.4","444.80196","351.84723","292.4705","281.36422","320.6",
"상용근로자(30인이상)","보건 및 사회복지사업(85)","현금급여외 노동비용(계)[천원]","천원","413.6","463.82146","330.56405","303.34564","341.51315","278.3",
"상용근로자(30인이상)","보건 및 사회복지사업(85)","퇴직금등비용[천원]","천원","139.3","207.67124","112.65195","90.05794","121.9354","119.3",
"상용근로자(30인이상)","보건 및 사회복지사업(85)","현물지급비용[천원]","천원",".1",".75383",".0467",".01917",".00664","0",
"상용근로자(30인이상)","보건 및 사회복지사업(85)","법정복리비[천원]","천원","163","148.76591","132.00767","116.13627","110.40517","82.3",
"상용근로자(30인이상)","보건 및 사회복지사업(85)","법정외복리비[천원]","천원","98.7","90.94342","67.86472","84.14094","89.58947","69.5",
"상용근로자(30인이상)","보건 및 사회복지사업(85)","모집비[천원]","천원",".7",".91194","6.15953","2.72503","3.56296",".3",
"상용근로자(30인이상)","보건 및 사회복지사업(85)","교육훈련비[천원]","천원","8.3","11.00656","8.53293","6.32351","12.75274","5.8",
"상용근로자(30인이상)","보건 및 사회복지사업(85)","기타노동비용[천원]","천원","3.5","3.76856","3.30057","3.94278","3.26077","1.2",
"상용근로자(30인이상)","보건 및 사회복지사업","노동비용총액[천원]","천원","2488.3","2419.14505","2147.6798","1990.1877","1876.20751","",
"상용근로자(30인이상)","보건 및 사회복지사업","현금급여총계[천원]","천원","2074.7","1955.32359","1817.11575","1686.84206","1534.69436","",
"상용근로자(30인이상)","보건 및 사회복지사업","정액및초과[천원]","천원","1613.3","1510.52163","1465.26851","1394.37156","1253.33013","",
"상용근로자(30인이상)","보건 및 사회복지사업","상여금등특별급여[천원]","천원","461.4","444.80196","351.84723","292.4705","281.36422","",
"상용근로자(30인이상)","보건 및 사회복지사업","현금급여외 노동비용(계)[천원]","천원","413.6","463.82146","330.56405","303.34564","341.51315","",
"상용근로자(30인이상)","보건 및 사회복지사업","퇴직금등비용[천원]","천원","139.3","207.67124","112.65195","90.05794","121.9354","",
"상용근로자(30인이상)","보건 및 사회복지사업","현물지급비용[천원]","천원",".1",".75383",".0467",".01917",".00664","",
"상용근로자(30인이상)","보건 및 사회복지사업","법정복리비[천원]","천원","163","148.76591","132.00767","116.13627","110.40517","",
"상용근로자(30인이상)","보건 및 사회복지사업","법정외복리비[천원]","천원","98.7","90.94342","67.86472","84.14094","89.58947","",
"상용근로자(30인이상)","보건 및 사회복지사업","모집비[천원]","천원",".7",".91194","6.15953","2.72503","3.56296","",
"상용근로자(30인이상)","보건 및 사회복지사업","교육훈련비[천원]","천원","8.3","11.00656","8.53293","6.32351","12.75274","",
"상용근로자(30인이상)","보건 및 사회복지사업","기타노동비용[천원]","천원","3.5","3.76856","3.30057","3.94278","3.26077","",
"상용근로자(30인이상)","기타 공공, 사회 및 개인서비스업(90-93)","노동비용총액[천원]","천원","3384.9","3408.64764","2972.87262","3449.70514","2726.79995","3615.8",
"상용근로자(30인이상)","기타 공공, 사회 및 개인서비스업(90-93)","현금급여총계[천원]","천원","2400.4","2066.13277","1903.75808","1907.10059","1584.78977","1775.6",
"상용근로자(30인이상)","기타 공공, 사회 및 개인서비스업(90-93)","정액및초과[천원]","천원","1843.2","1595.47931","1514.45299","1468.96848","1264.15512","1408.1",
"상용근로자(30인이상)","기타 공공, 사회 및 개인서비스업(90-93)","상여금등특별급여[천원]","천원","557.2","470.65346","389.30509","438.1321","320.63465","367.6",
"상용근로자(30인이상)","기타 공공, 사회 및 개인서비스업(90-93)","현금급여외 노동비용(계)[천원]","천원","984.5","1342.51487","1069.11454","1542.60455","1142.01018","1840.2",
"상용근로자(30인이상)","기타 공공, 사회 및 개인서비스업(90-93)","퇴직금등비용[천원]","천원","336.4","695.31165","437.05924","985.32003","674.26966","1500",
"상용근로자(30인이상)","기타 공공, 사회 및 개인서비스업(90-93)","현물지급비용[천원]","천원","2.8","5.10954","4.83442","5.985","1.85641",".2",
"상용근로자(30인이상)","기타 공공, 사회 및 개인서비스업(90-93)","법정복리비[천원]","천원","240.6","236.31337","227.65967","198.09406","176.277","132.1",
"상용근로자(30인이상)","기타 공공, 사회 및 개인서비스업(90-93)","법정외복리비[천원]","천원","359.2","364.9406","362.30917","320.88345","272.24117","187.8",
"상용근로자(30인이상)","기타 공공, 사회 및 개인서비스업(90-93)","모집비[천원]","천원","2","1.7351","3.58346","2.10595","1.60589",".5",
"상용근로자(30인이상)","기타 공공, 사회 및 개인서비스업(90-93)","교육훈련비[천원]","천원","35.4","33.35096","27.45549","20.10324","12.01132","12.1",
"상용근로자(30인이상)","기타 공공, 사회 및 개인서비스업(90-93)","기타노동비용[천원]","천원","8.1","5.75365","6.21309","10.11283","3.74872","7.4",
"상용근로자(30인이상)","위생 및 유사 서비스업","노동비용총액[천원]","천원","2429.4","2233.37396","1990.53808","1778.29425","1602.92339","",
"상용근로자(30인이상)","위생 및 유사 서비스업","현금급여총계[천원]","천원","1967.4","1760.97283","1586.08783","1423.68512","1106.31336","",
"상용근로자(30인이상)","위생 및 유사 서비스업","정액및초과[천원]","천원","1669.6","1517.63996","1366.47435","1221.83145","991.37713","",
"상용근로자(30인이상)","위생 및 유사 서비스업","상여금등특별급여[천원]","천원","297.8","243.33287","219.61348","201.85367","114.93624","",
"상용근로자(30인이상)","위생 및 유사 서비스업","현금급여외 노동비용(계)[천원]","천원","462","472.40113","404.45025","354.60913","496.61002","",
"상용근로자(30인이상)","위생 및 유사 서비스업","퇴직금등비용[천원]","천원","183.1","200.66797","183.36091","142.53932","269.16202","",
"상용근로자(30인이상)","위생 및 유사 서비스업","현물지급비용[천원]","천원","0","0","0","0","0","",
"상용근로자(30인이상)","위생 및 유사 서비스업","법정복리비[천원]","천원","184.4","171.56733","154.18102","140.92419","142.83571","",
"상용근로자(30인이상)","위생 및 유사 서비스업","법정외복리비[천원]","천원","88.2","91.38843","58.66403","66.21791","74.16499","",
"상용근로자(30인이상)","위생 및 유사 서비스업","모집비[천원]","천원","0",".27129",".04613",".95434",".46491","",
"상용근로자(30인이상)","위생 및 유사 서비스업","교육훈련비[천원]","천원",".6",".52309",".5923",".28315",".13721","",
"상용근로자(30인이상)","위생 및 유사 서비스업","기타노동비용[천원]","천원","5.7","7.98303","7.60586","3.69023","9.8452","",
"상용근로자(30인이상)","회원단체","노동비용총액[천원]","천원","3025.5","2786.32315","2348.67668","3343.04255","3008.81272","",
"상용근로자(30인이상)","회원단체","현금급여총계[천원]","천원","2436.7","2270.52246","1810.38313","1740.19116","1431.04205","",
"상용근로자(30인이상)","회원단체","정액및초과[천원]","천원","1905.3","1743.76497","1481.45565","1365.08288","1200.76655","",
"상용근로자(30인이상)","회원단체","상여금등특별급여[천원]","천원","531.4","526.7575","328.92748","375.10829","230.2755","",
"상용근로자(30인이상)","회원단체","현금급여외 노동비용(계)[천원]","천원","588.8","515.80069","538.29355","1602.85138","1577.77068","",
"상용근로자(30인이상)","회원단체","퇴직금등비용[천원]","천원","203.5","160.31302","198.67342","1276.40403","1272.81305","",
"상용근로자(30인이상)","회원단체","현물지급비용[천원]","천원","0","5.09165","0","0",".76254","",
"상용근로자(30인이상)","회원단체","법정복리비[천원]","천원","210.5","198.00297","179.76873","169.79693","143.81124","",
"상용근로자(30인이상)","회원단체","법정외복리비[천원]","천원","137.5","129.71602","142.55206","141.52855","142.58926","",
"상용근로자(30인이상)","회원단체","모집비[천원]","천원","2.3","2.55256","2.96136","1.75833","2.37765","",
"상용근로자(30인이상)","회원단체","교육훈련비[천원]","천원","27.3","17.91576","12.13267","10.91439","13.86318","",
"상용근로자(30인이상)","회원단체","기타노동비용[천원]","천원","7.8","2.2087","2.20531","2.44915","1.55374","",
"상용근로자(30인이상)","오락, 문화 및 운동관련산업","노동비용총액[천원]","천원","3884","4084.79294","3379.37897","3898.83392","2776.49015","",
"상용근로자(30인이상)","오락, 문화 및 운동관련산업","현금급여총계[천원]","천원","2740","2428.3988","2076.04582","2245.42942","1677.46725","",
"상용근로자(30인이상)","오락, 문화 및 운동관련산업","정액및초과[천원]","천원","1984.7","1769.29997","1610.21155","1654.96519","1317.63632","",
"상용근로자(30인이상)","오락, 문화 및 운동관련산업","상여금등특별급여[천원]","천원","755.3","659.09883","465.83426","590.46423","359.83092","",
"상용근로자(30인이상)","오락, 문화 및 운동관련산업","현금급여외 노동비용(계)[천원]","천원","1144.1","1656.39414","1303.33316","1653.4045","1099.0229","",
"상용근로자(30인이상)","오락, 문화 및 운동관련산업","퇴직금등비용[천원]","천원","387.8","887.34654","541.21089","1000.97935","568.03675","",
"상용근로자(30인이상)","오락, 문화 및 운동관련산업","현물지급비용[천원]","천원","3.7","5.71792","6.70594","8.08624","2.27404","",
"상용근로자(30인이상)","오락, 문화 및 운동관련산업","법정복리비[천원]","천원","258.1","258.98453","253.2434","214.10844","189.30332","",
"상용근로자(30인이상)","오락, 문화 및 운동관련산업","법정외복리비[천원]","천원","443","455.4937","456.12155","391.02375","321.5777","",
"상용근로자(30인이상)","오락, 문화 및 운동관련산업","모집비[천원]","천원","2.2","1.69504","4.13295","2.26669","1.49287","",
"상용근로자(30인이상)","오락, 문화 및 운동관련산업","교육훈련비[천원]","천원","40.7","40.49258","34.37778","24.09683","12.19449","",
"상용근로자(30인이상)","오락, 문화 및 운동관련산업","기타노동비용[천원]","천원","8.6","6.66383","7.54064","12.84319","4.14373","",
"상용근로자(30인이상)","기타 서비스업","노동비용총액[천원]","천원","1653.1","1590.10818","1375.86614","1275.5486","847.7122","",
"상용근로자(30인이상)","기타 서비스업","현금급여총계[천원]","천원","1377.9","1396.21035","1157.61028","1080.61857","664.31743","",
"상용근로자(30인이상)","기타 서비스업","정액및초과[천원]","천원","1236.2","1253.065","1060.34033","989.43324","562.14841","",
"상용근로자(30인이상)","기타 서비스업","상여금등특별급여[천원]","천원","141.8","143.14535","97.26995","91.18533","102.16902","",
"상용근로자(30인이상)","기타 서비스업","현금급여외 노동비용(계)[천원]","천원","275.2","193.89782","218.25585","194.93003","183.39477","",
"상용근로자(30인이상)","기타 서비스업","퇴직금등비용[천원]","천원","119.8","61.82171","37.80426","38.06712","63.55453","",
"상용근로자(30인이상)","기타 서비스업","현물지급비용[천원]","천원","0","0","0","0","0","",
"상용근로자(30인이상)","기타 서비스업","법정복리비[천원]","천원","109.7","86.28606","96.10613","76.00605","78.8304","",
"상용근로자(30인이상)","기타 서비스업","법정외복리비[천원]","천원","39.6","37.39482","76.12543","72.54931","30.88238","",
"상용근로자(30인이상)","기타 서비스업","모집비[천원]","천원",".2",".60965",".58113","1.78761",".89836","",
"상용근로자(30인이상)","기타 서비스업","교육훈련비[천원]","천원","4.5","4.71612","6.06147","6.12827","8.78664","",
"상용근로자(30인이상)","기타 서비스업","기타노동비용[천원]","천원","1.4","3.06947","1.57742",".39167",".44246","",
"중소기업(10~299인)","전산업","노동비용총액[천원]","천원","2082.7","2060.35045","1796.86096","1636.16475","1637.27532","1490.1",
"중소기업(10~299인)","전산업","현금급여총계[천원]","천원","1560.5","1442.07264","1313.51849","1199.95171","1135.27026","1058.7",
"중소기업(10~299인)","전산업","정액및초과[천원]","천원","1299.6","1223.08556","1108.1242","1005.32863","964.53876","909.1",
"중소기업(10~299인)","전산업","상여금등특별급여[천원]","천원","260.8","218.98708","205.3943","194.62308","170.7315","149.6",
"중소기업(10~299인)","전산업","현금급여외 노동비용(계)[천원]","천원","522.3","618.27781","483.34247","436.21303","502.00506","431.4",
"중소기업(10~299인)","전산업","퇴직금등비용[천원]","천원","216.9","329.74777","215.81966","177.70397","254.35972","244.2",
"중소기업(10~299인)","전산업","현물지급비용[천원]","천원","1.3","3.17017","2.57332","11.64339","3.55204","1.8",
"중소기업(10~299인)","전산업","법정복리비[천원]","천원","164.8","151.70195","139.51478","124.27622","125.37876","90.6",
"중소기업(10~299인)","전산업","법정외복리비[천원]","천원","122.6","116.783","108.74276","102.85343","103.64109","85",
"중소기업(10~299인)","전산업","모집비[천원]","천원","1.6","1.97098","2.07467","2.1601","1.98541","1.2",
"중소기업(10~299인)","전산업","교육훈련비[천원]","천원","9","9.18386","8.28816","7.77199","7.42514","5.6",
"중소기업(10~299인)","전산업","기타노동비용[천원]","천원","6.2","5.72009","6.32911","9.80392","5.66289","3.1",
"중소기업(10~299인)","광 업(10-14)","노동비용총액[천원]","천원","2928.2","2492.61993","2846.45058","1892.83613","1886.75576","1671.9",
"중소기업(10~299인)","광 업(10-14)","현금급여총계[천원]","천원","1936.5","1677.15578","2086.76315","1270.19314","1261.75965","1164.3",
"중소기업(10~299인)","광 업(10-14)","정액및초과[천원]","천원","1539.6","1334.05743","1965.58235","1068.21341","1074.29254","985.6",
"중소기업(10~299인)","광 업(10-14)","상여금등특별급여[천원]","천원","396.9","343.09835","121.1808","201.97973","187.46711","178.7",
"중소기업(10~299인)","광 업(10-14)","현금급여외 노동비용(계)[천원]","천원","991.6","815.46415","759.68743","622.64298","624.99611","507.7",
"중소기업(10~299인)","광 업(10-14)","퇴직금등비용[천원]","천원","167.7","239.34732","211.13053","107.54132","171.85705","194.5",
"중소기업(10~299인)","광 업(10-14)","현물지급비용[천원]","천원","6.7","5.05217","5.18624","6.2703","4.43955","4.2",
"중소기업(10~299인)","광 업(10-14)","법정복리비[천원]","천원","715.5","478.69402","450.45268","383.68539","348.5312","230.7",
"중소기업(10~299인)","광 업(10-14)","법정외복리비[천원]","천원","93.7","83.00437","86.28327","100.79289","93.91085","73.7",
"중소기업(10~299인)","광 업(10-14)","모집비[천원]","천원","1.1","2.27683",".45851",".48314",".32975",".6",
"중소기업(10~299인)","광 업(10-14)","교육훈련비[천원]","천원","3.1","4.62545","3.53072","20.44875",".9045","1.4",
"중소기업(10~299인)","광 업(10-14)","기타노동비용[천원]","천원","3.9","2.464","2.64549","3.42119","5.0232","2.7",
"중소기업(10~299인)","제 조 업(15-37)","노동비용총액[천원]","천원","1797.3","1970.58248","1591.06537","1469.07943","1508.19445","1309.2",
"중소기업(10~299인)","제 조 업(15-37)","현금급여총계[천원]","천원","1307.6","1306.62713","1163.90868","1066.76748","1085.07561","945.8",
"중소기업(10~299인)","제 조 업(15-37)","정액및초과[천원]","천원","1153.1","1154.79696","1015.08326","924.95332","936.66615","856.9",
"중소기업(10~299인)","제 조 업(15-37)","상여금등특별급여[천원]","천원","154.5","151.83017","148.82542","141.81416","148.40946","88.9",
"중소기업(10~299인)","제 조 업(15-37)","현금급여외 노동비용(계)[천원]","천원","489.7","663.95535","427.15669","402.31196","423.11884","363.4",
"중소기업(10~299인)","제 조 업(15-37)","퇴직금등비용[천원]","천원","198.6","381.11319","169.75304","138.30087","164.86029","179.6",
"중소기업(10~299인)","제 조 업(15-37)","현물지급비용[천원]","천원","1.3","2.10953","3.10828","21.95116","5.06696","2.4",
"중소기업(10~299인)","제 조 업(15-37)","법정복리비[천원]","천원","145.3","135.68615","124.77376","108.1918","117.72979","78.1",
"중소기업(10~299인)","제 조 업(15-37)","법정외복리비[천원]","천원","130.5","128.01211","112.84623","111.78844","119.38288","94.6",
"중소기업(10~299인)","제 조 업(15-37)","모집비[천원]","천원","1.3","1.89966","1.82146","2.21266","1.50911",".9",
"중소기업(10~299인)","제 조 업(15-37)","교육훈련비[천원]","천원","7.3","9.04412","7.23715","6.74944","7.97944","4.9",
"중소기업(10~299인)","제 조 업(15-37)","기타노동비용[천원]","천원","5.2","6.0906","7.61677","13.11757","6.59037","2.8",
"중소기업(10~299인)","전기, 가스 및 수도사업(40-41)","노동비용총액[천원]","천원","4080.3","3395.46437","4119.6878","2798.65961","2733.81627","2472.1",
"중소기업(10~299인)","전기, 가스 및 수도사업(40-41)","현금급여총계[천원]","천원","3122.9","2679.78495","3398.41678","2063.74741","2096.19432","1735",
"중소기업(10~299인)","전기, 가스 및 수도사업(40-41)","정액및초과[천원]","천원","2031.5","1786.67118","2348.89702","1497.61517","1351.88067","1314.5",
"중소기업(10~299인)","전기, 가스 및 수도사업(40-41)","상여금등특별급여[천원]","천원","1091.4","893.11377","1049.51976","566.13224","744.31365","420.5",
"중소기업(10~299인)","전기, 가스 및 수도사업(40-41)","현금급여외 노동비용(계)[천원]","천원","957.4","715.67942","721.27102","734.9122","637.62195","737.2",
"중소기업(10~299인)","전기, 가스 및 수도사업(40-41)","퇴직금등비용[천원]","천원","394.2","233.77579","294.04447","328.98113","312.8311","501",
"중소기업(10~299인)","전기, 가스 및 수도사업(40-41)","현물지급비용[천원]","천원","1.4","0","0","0",".27191","2.3",
"중소기업(10~299인)","전기, 가스 및 수도사업(40-41)","법정복리비[천원]","천원","242.8","221.05645","191.13194","191.4296","161.89243","110.2",
"중소기업(10~299인)","전기, 가스 및 수도사업(40-41)","법정외복리비[천원]","천원","260.2","215.00409","196.17049","186.52179","139.52492","111.7",
"중소기업(10~299인)","전기, 가스 및 수도사업(40-41)","모집비[천원]","천원","1.1",".16147",".25322",".06718",".25369",".1",
"중소기업(10~299인)","전기, 가스 및 수도사업(40-41)","교육훈련비[천원]","천원","38.3","31.95489","27.7899","17.04912","18.39458","8.5",
"중소기업(10~299인)","전기, 가스 및 수도사업(40-41)","기타노동비용[천원]","천원","19.5","13.72671","11.881","10.86337","4.45331","3.4",
"중소기업(10~299인)","건설업(45)","노동비용총액[천원]","천원","2277.9","2265.28374","1973.45644","1780.81287","1617.41734","1608.6",
"중소기업(10~299인)","건설업(45)","현금급여총계[천원]","천원","1597.2","1522.05191","1298.26027","1242.77239","1092.99615","1081.2",
"중소기업(10~299인)","건설업(45)","정액및초과[천원]","천원","1449.8","1401.44088","1204.58224","1144.37401","1023.38003","1015.9",
"중소기업(10~299인)","건설업(45)","상여금등특별급여[천원]","천원","147.4","120.61103","93.67803","98.39838","69.61612","65.4",
"중소기업(10~299인)","건설업(45)","현금급여외 노동비용(계)[천원]","천원","680.6","743.23183","675.19617","538.04048","524.42119","527.4",
"중소기업(10~299인)","건설업(45)","퇴직금등비용[천원]","천원","187.8","286.47809","239.93737","148.3719","166.38693","222.8",
"중소기업(10~299인)","건설업(45)","현물지급비용[천원]","천원",".2","1.70968",".6895","7.01068","2.9529",".6",
"중소기업(10~299인)","건설업(45)","법정복리비[천원]","천원","362.3","348.71419","316.09941","270.31225","267.83508","238.3",
"중소기업(10~299인)","건설업(45)","법정외복리비[천원]","천원","116.5","96.27376","91.62494","84.40846","71.21948","50.6",
"중소기업(10~299인)","건설업(45)","모집비[천원]","천원","2.2","1.88736",".76069","1.34138","2.22734",".2",
"중소기업(10~299인)","건설업(45)","교육훈련비[천원]","천원","6.7","5.1726","16.15736","13.09153","6.09159","11",
"중소기업(10~299인)","건설업(45)","기타노동비용[천원]","천원","4.8","2.99615","9.9269","13.50429","7.70786","3.9",
"중소기업(10~299인)","도,소매 및 소비자용품 수리업(50-52)","노동비용총액[천원]","천원","2689.3","2443.7493","2119.92019","1757.65212","1512.19143","1476.2",
"중소기업(10~299인)","도,소매 및 소비자용품 수리업(50-52)","현금급여총계[천원]","천원","2094.9","1790.48185","1660.60203","1371.95989","1139.05762","1107.2",
"중소기업(10~299인)","도,소매 및 소비자용품 수리업(50-52)","정액및초과[천원]","천원","1670.8","1516.03637","1372.80996","1067.56445","946.24958","961.7",
"중소기업(10~299인)","도,소매 및 소비자용품 수리업(50-52)","상여금등특별급여[천원]","천원","424.1","274.44548","287.79208","304.39544","192.80804","145.5",
"중소기업(10~299인)","도,소매 및 소비자용품 수리업(50-52)","현금급여외 노동비용(계)[천원]","천원","594.4","653.26745","459.31816","385.69224","373.13382","368.9",
"중소기업(10~299인)","도,소매 및 소비자용품 수리업(50-52)","퇴직금등비용[천원]","천원","271.1","377.63495","212.08359","182.27621","160.29207","212.5",
"중소기업(10~299인)","도,소매 및 소비자용품 수리업(50-52)","현물지급비용[천원]","천원","2","1.59636","2.08742",".1538",".7093","2.6",
"중소기업(10~299인)","도,소매 및 소비자용품 수리업(50-52)","법정복리비[천원]","천원","163.9","142.94255","128.74001","109.04294","112.81877","77.1",
"중소기업(10~299인)","도,소매 및 소비자용품 수리업(50-52)","법정외복리비[천원]","천원","129.1","106.99337","101.9409","78.96827","81.63879","66.8",
"중소기업(10~299인)","도,소매 및 소비자용품 수리업(50-52)","모집비[천원]","천원","3.3","3.80635","1.50731","1.55567","5.19894","2.5",
"중소기업(10~299인)","도,소매 및 소비자용품 수리업(50-52)","교육훈련비[천원]","천원","18.9","16.94152","10.76007","9.23224","10.15808","6.1",
"중소기업(10~299인)","도,소매 및 소비자용품 수리업(50-52)","기타노동비용[천원]","천원","6.2","3.35235","2.19886","4.46309","2.31786","1.5",
"중소기업(10~299인)","숙박 및 음식점업(55)","노동비용총액[천원]","천원","1322.9","1061.35684","1092.25901","1222.41863","1031.7359","1109.5",
"중소기업(10~299인)","숙박 및 음식점업(55)","현금급여총계[천원]","천원","985.2","804.07647","816.80188","965.3967","720.39326","825.9",
"중소기업(10~299인)","숙박 및 음식점업(55)","정액및초과[천원]","천원","943.3","783.82677","775.7652","899.27845","689.44685","757",
"중소기업(10~299인)","숙박 및 음식점업(55)","상여금등특별급여[천원]","천원","41.9","20.24969","41.03667","66.11825","30.94641","69",
"중소기업(10~299인)","숙박 및 음식점업(55)","현금급여외 노동비용(계)[천원]","천원","337.7","257.28037","275.45713","257.02193","311.34264","283.5",
"중소기업(10~299인)","숙박 및 음식점업(55)","퇴직금등비용[천원]","천원","132.1","93.241","87.33802","90.80752","160.91732","134.4",
"중소기업(10~299인)","숙박 및 음식점업(55)","현물지급비용[천원]","천원","5.3","19.8898","23.18861","0","1.63837","1.9",
"중소기업(10~299인)","숙박 및 음식점업(55)","법정복리비[천원]","천원","94.4","75.5551","77.84737","97.14586","65.55786","62.9",
"중소기업(10~299인)","숙박 및 음식점업(55)","법정외복리비[천원]","천원","96.7","60.33219","80.90783","65.41987","70.60639","65.2",
"중소기업(10~299인)","숙박 및 음식점업(55)","모집비[천원]","천원","1.1","1.16735","1.70257",".30983","2.63241","2.5",
"중소기업(10~299인)","숙박 및 음식점업(55)","교육훈련비[천원]","천원","2.2","1.57975","2.16411","1.72638","1.10261","2.7",
"중소기업(10~299인)","숙박 및 음식점업(55)","기타노동비용[천원]","천원","6","5.51519","2.30863","1.61246","8.8877","13.9",
"중소기업(10~299인)","운수, 창고 및 통신업(60-64)","노동비용총액[천원]","천원","1724.8","1463.28419","1381.70326","1296.69864","1419.63537","1289.3",
"중소기업(10~299인)","운수, 창고 및 통신업(60-64)","현금급여총계[천원]","천원","1249","1014.00295","970.16812","926.67565","984.49438","894.1",
"중소기업(10~299인)","운수, 창고 및 통신업(60-64)","정액및초과[천원]","천원","1105.1","880.51529","841.72373","769.52115","817.02897","750.7",
"중소기업(10~299인)","운수, 창고 및 통신업(60-64)","상여금등특별급여[천원]","천원","144","133.48766","128.44439","157.1545","167.46542","143.5",
"중소기업(10~299인)","운수, 창고 및 통신업(60-64)","현금급여외 노동비용(계)[천원]","천원","475.8","449.28124","411.53514","370.02299","435.14099","395.2",
"중소기업(10~299인)","운수, 창고 및 통신업(60-64)","퇴직금등비용[천원]","천원","201.7","195.94645","168.36655","132.54296","210.23118","205.5",
"중소기업(10~299인)","운수, 창고 및 통신업(60-64)","현물지급비용[천원]","천원","1.7","6.80876","1.00223",".96382",".68868","1.4",
"중소기업(10~299인)","운수, 창고 및 통신업(60-64)","법정복리비[천원]","천원","145","130.40997","124.89363","121.31682","112.46395","83.5",
"중소기업(10~299인)","운수, 창고 및 통신업(60-64)","법정외복리비[천원]","천원","120.7","109.06048","111.33934","108.86821","103.51022","98.2",
"중소기업(10~299인)","운수, 창고 및 통신업(60-64)","모집비[천원]","천원",".6",".74283",".48042",".57507",".37605",".2",
"중소기업(10~299인)","운수, 창고 및 통신업(60-64)","교육훈련비[천원]","천원","2.4","2.49949","1.78656","2.54292","3.58755","2.6",
"중소기업(10~299인)","운수, 창고 및 통신업(60-64)","기타노동비용[천원]","천원","3.7","3.81327","3.66641","3.2132","4.28335","3.8",
"중소기업(10~299인)","금융 및 보험업(65-67)","노동비용총액[천원]","천원","3682","3449.18494","3230.43437","2639.80737","2711.39448","2366.3",
"중소기업(10~299인)","금융 및 보험업(65-67)","현금급여총계[천원]","천원","2778.7","2318.75516","2064.28837","1902.35065","1495.56147","1546.2",
"중소기업(10~299인)","금융 및 보험업(65-67)","정액및초과[천원]","천원","1664.7","1531.6332","1350.31945","1283.72584","1191.94151","1118.4",
"중소기업(10~299인)","금융 및 보험업(65-67)","상여금등특별급여[천원]","천원","1114","787.12195","713.96892","618.62481","303.61996","427.8",
"중소기업(10~299인)","금융 및 보험업(65-67)","현금급여외 노동비용(계)[천원]","천원","903.3","1130.42979","1166.146","737.45672","1215.83301","820.1",
"중소기업(10~299인)","금융 및 보험업(65-67)","퇴직금등비용[천원]","천원","472.8","752.19378","780.70675","419.15792","919.49633","586.3",
"중소기업(10~299인)","금융 및 보험업(65-67)","현물지급비용[천원]","천원","1.8",".55924","4.34922","2.9269","8.76803","1.7",
"중소기업(10~299인)","금융 및 보험업(65-67)","법정복리비[천원]","천원","201.2","184.17309","167.75499","143.89046","140.75722","99",
"중소기업(10~299인)","금융 및 보험업(65-67)","법정외복리비[천원]","천원","189","162.91795","184.13229","133.59334","123.89082","117.3",
"중소기업(10~299인)","금융 및 보험업(65-67)","모집비[천원]","천원","1.2","2.0323","1.4325",".85257","2.87273",".9",
"중소기업(10~299인)","금융 및 보험업(65-67)","교육훈련비[천원]","천원","21.3","14.60171","14.24495","17.61575","11.13571","9.1",
"중소기업(10~299인)","금융 및 보험업(65-67)","기타노동비용[천원]","천원","16.1","13.95172","13.52529","19.41979","8.91217","5.7",
"중소기업(10~299인)","부동산 및 사업서비스업(70-74)","노동비용총액[천원]","천원","1950.8","1935.17874","1693.91686","1714.18333","1796.41468","1533.7",
"중소기업(10~299인)","부동산 및 사업서비스업(70-74)","현금급여총계[천원]","천원","1564","1502.75532","1271.27959","1269.3701","1219.19905","1089.3",
"중소기업(10~299인)","부동산 및 사업서비스업(70-74)","정액및초과[천원]","천원","1346.3","1297.85505","1098.44195","1096.66126","1040.50924","901.4",
"중소기업(10~299인)","부동산 및 사업서비스업(70-74)","상여금등특별급여[천원]","천원","217.8","204.90027","172.83764","172.70884","178.68981","187.9",
"중소기업(10~299인)","부동산 및 사업서비스업(70-74)","현금급여외 노동비용(계)[천원]","천원","386.8","432.42342","422.63727","444.81323","577.21562","444.5",
"중소기업(10~299인)","부동산 및 사업서비스업(70-74)","퇴직금등비용[천원]","천원","172.5","203.28815","215.61585","241.51624","393.99648","304.2",
"중소기업(10~299인)","부동산 및 사업서비스업(70-74)","현물지급비용[천원]","천원",".6","3.32062","2.17989","4.83225","1.5646",".7",
"중소기업(10~299인)","부동산 및 사업서비스업(70-74)","법정복리비[천원]","천원","131.1","133.13618","116.81277","108.09107","104.68758","76.3",
"중소기업(10~299인)","부동산 및 사업서비스업(70-74)","법정외복리비[천원]","천원","65.5","74.46885","68.85909","71.13209","62.30819","49.9",
"중소기업(10~299인)","부동산 및 사업서비스업(70-74)","모집비[천원]","천원","1.5","2.091","4.10143","3.64704","2.34909","2",
"중소기업(10~299인)","부동산 및 사업서비스업(70-74)","교육훈련비[천원]","천원","8.1","10.51651","11.95924","9.77789","9.29948","8.8",
"중소기업(10~299인)","부동산 및 사업서비스업(70-74)","기타노동비용[천원]","천원","7.5","5.60212","3.10899","5.81665","3.0102","2.4",
"중소기업(10~299인)","교육 서비스업(80)","노동비용총액[천원]","천원","2578.9","2350.93466","1933.75416","1903.76418","1584.95372","1772.7",
"중소기업(10~299인)","교육 서비스업(80)","현금급여총계[천원]","천원","2354.7","2123.95012","1723.7438","1698.59765","1410.01848","1635.2",
"중소기업(10~299인)","교육 서비스업(80)","정액및초과[천원]","천원","1896.6","1697.09418","1484.71861","1416.50028","1139.90805","1308.2",
"중소기업(10~299인)","교육 서비스업(80)","상여금등특별급여[천원]","천원","458.1","426.85595","239.02519","282.09737","270.11043","327",
"중소기업(10~299인)","교육 서비스업(80)","현금급여외 노동비용(계)[천원]","천원","224.2","226.98454","210.01037","205.16652","174.93523","137.5",
"중소기업(10~299인)","교육 서비스업(80)","퇴직금등비용[천원]","천원","22.7","33.24288","22.301","31.85245","24.71247","19.1",
"중소기업(10~299인)","교육 서비스업(80)","현물지급비용[천원]","천원",".1","0","0","0",".02061","0",
"중소기업(10~299인)","교육 서비스업(80)","법정복리비[천원]","천원","140.8","124.79087","114.03864","96.14558","91.26068","67.3",
"중소기업(10~299인)","교육 서비스업(80)","법정외복리비[천원]","천원","45.5","51.88146","53.21837","53.78728","43.21143","38.8",
"중소기업(10~299인)","교육 서비스업(80)","모집비[천원]","천원","7","7.10514","12.80011","13.23922","10.24428","8.9",
"중소기업(10~299인)","교육 서비스업(80)","교육훈련비[천원]","천원","7.2","9.00916","6.75847","9.07475","4.67482","2.6",
"중소기업(10~299인)","교육 서비스업(80)","기타노동비용[천원]","천원",".9",".95503",".89378","1.06725",".81095",".8",
"중소기업(10~299인)","보건 및 사회복지사업(85)","노동비용총액[천원]","천원","1984.8","2044.50051","1790.08169","1688.70528","1402.18237","1494.6",
"중소기업(10~299인)","보건 및 사회복지사업(85)","현금급여총계[천원]","천원","1643","1579.71335","1483.75116","1405.89604","1142.31697","1193.6",
"중소기업(10~299인)","보건 및 사회복지사업(85)","정액및초과[천원]","천원","1430.5","1365.65112","1324.28947","1283.64721","1008.10735","999.6",
"중소기업(10~299인)","보건 및 사회복지사업(85)","상여금등특별급여[천원]","천원","212.6","214.06223","159.46169","122.24884","134.20962","194",
"중소기업(10~299인)","보건 및 사회복지사업(85)","현금급여외 노동비용(계)[천원]","천원","341.7","464.78715","306.33052","282.80923","259.8654","301",
"중소기업(10~299인)","보건 및 사회복지사업(85)","퇴직금등비용[천원]","천원","107.9","239.77327","114.10227","110.34991","86.75253","152.2",
"중소기업(10~299인)","보건 및 사회복지사업(85)","현물지급비용[천원]","천원",".2","3.04275",".20987",".08964",".05798","1.2",
"중소기업(10~299인)","보건 및 사회복지사업(85)","법정복리비[천원]","천원","131.4","126.51881","115.09792","105.96501","90.15692","77.1",
"중소기업(10~299인)","보건 및 사회복지사업(85)","법정외복리비[천원]","천원","87.8","85.55358","66.94435","56.93838","72.42587","65.4",
"중소기업(10~299인)","보건 및 사회복지사업(85)","모집비[천원]","천원","1.7","1.48404","1.45085",".58075","1.0197",".2",
"중소기업(10~299인)","보건 및 사회복지사업(85)","교육훈련비[천원]","천원","7.1","3.843","3.95916","2.69667","1.78712","3.1",
"중소기업(10~299인)","보건 및 사회복지사업(85)","기타노동비용[천원]","천원","5.5","4.57169","4.56609","6.18888","7.66527","1.7",
"중소기업(10~299인)","기타 공공, 사회 및 개인서비스업(90-93)","노동비용총액[천원]","천원","2823.6","2080.84945","2049.86615","2057.99143","2315.85568","2153",
"중소기업(10~299인)","기타 공공, 사회 및 개인서비스업(90-93)","현금급여총계[천원]","천원","1929.5","1534.84972","1413.26924","1324.21392","1133.58634","1237.7",
"중소기업(10~299인)","기타 공공, 사회 및 개인서비스업(90-93)","정액및초과[천원]","천원","1539.5","1272.65423","1134.6642","1016.09993","958.63188","1039",
"중소기업(10~299인)","기타 공공, 사회 및 개인서비스업(90-93)","상여금등특별급여[천원]","천원","390.1","262.19549","278.60504","308.11399","174.95446","198.7",
"중소기업(10~299인)","기타 공공, 사회 및 개인서비스업(90-93)","현금급여외 노동비용(계)[천원]","천원","894.1","545.99973","636.59691","733.77751","1182.26934","915.3",
"중소기업(10~299인)","기타 공공, 사회 및 개인서비스업(90-93)","퇴직금등비용[천원]","천원","496.5","172.62923","307.12712","433.65452","907.89733","706.9",
"중소기업(10~299인)","기타 공공, 사회 및 개인서비스업(90-93)","현물지급비용[천원]","천원","0","13.83809","2.44575","1.5029",".85748",".5",
"중소기업(10~299인)","기타 공공, 사회 및 개인서비스업(90-93)","법정복리비[천원]","천원","189.1","168.02464","153.72822","140.69816","126.91627","95",
"중소기업(10~299인)","기타 공공, 사회 및 개인서비스업(90-93)","법정외복리비[천원]","천원","174.4","168.46019","157.43885","147.12029","135.96383","104",
"중소기업(10~299인)","기타 공공, 사회 및 개인서비스업(90-93)","모집비[천원]","천원",".7","1.27886","1.91096",".74415",".89299",".2",
"중소기업(10~299인)","기타 공공, 사회 및 개인서비스업(90-93)","교육훈련비[천원]","천원","21.5","17.51504","10.06086","6.26518","4.69421","4.2",
"중소기업(10~299인)","기타 공공, 사회 및 개인서비스업(90-93)","기타노동비용[천원]","천원","11.8","4.25366","3.88515","3.79232","5.04724","4.4",
"대기업(300인이상)","전산업","노동비용총액[천원]","천원","3363.1","2948.03018","2790.58846","2934.44437","2474.2976","2429.2",
"대기업(300인이상)","전산업","현금급여총계[천원]","천원","2395.9","2149.44872","1919.36341","1815.13825","1608.55295","1453.3",
"대기업(300인이상)","전산업","정액및초과[천원]","천원","1820.8","1635.73243","1472.64817","1396.94851","1253.00932","1167.8",
"대기업(300인이상)","전산업","상여금등특별급여[천원]","천원","575","513.71629","446.71524","418.18974","355.54363","285.5",
"대기업(300인이상)","전산업","현금급여외 노동비용(계)[천원]","천원","967.2","798.58146","871.22505","1119.30613","865.74464","975.9",
"대기업(300인이상)","전산업","퇴직금등비용[천원]","천원","401.2","285.05714","410.03878","690.7323","461.61067","658.8",
"대기업(300인이상)","전산업","현물지급비용[천원]","천원","3.7","3.3131","1.78012","2.88776","4.85432","2.5",
"대기업(300인이상)","전산업","법정복리비[천원]","천원","253.7","231.27625","219.61159","190.16881","168.33087","125.1",
"대기업(300인이상)","전산업","법정외복리비[천원]","천원","241.9","209.93563","183.42287","177.75255","183.38387","147.8",
"대기업(300인이상)","전산업","모집비[천원]","천원","3.3","2.86433","3.24128","3.16439","2.55653","1.2",
"대기업(300인이상)","전산업","교육훈련비[천원]","천원","52.2","54.48538","45.4167","44.44044","36.738","31.4",
"대기업(300인이상)","전산업","기타노동비용[천원]","천원","11.2","11.64962","7.71371","10.15988","8.27038","9",
"대기업(300인이상)","광 업(10-14)","노동비용총액[천원]","천원","3926.5","3416.48168","3645.8914","4394.38606","2728.56213","3546.4",
"대기업(300인이상)","광 업(10-14)","현금급여총계[천원]","천원","2399.4","2108.59283","1689.98564","1809.96055","1657.18637","1623.6",
"대기업(300인이상)","광 업(10-14)","정액및초과[천원]","천원","1815.1","1670.85663","1289.93865","1440.96174","1354.5236","1352.7",
"대기업(300인이상)","광 업(10-14)","상여금등특별급여[천원]","천원","584.3","437.7362","400.04699","368.99881","302.66277","270.9",
"대기업(300인이상)","광 업(10-14)","현금급여외 노동비용(계)[천원]","천원","1527.1","1307.88885","1955.90577","2584.42552","1071.37576","1922.9",
"대기업(300인이상)","광 업(10-14)","퇴직금등비용[천원]","천원","298.8","203.73572","1019.70597","1784.38674","354.37306","1262.3",
"대기업(300인이상)","광 업(10-14)","현물지급비용[천원]","천원","0","0","0","0","0","0",
"대기업(300인이상)","광 업(10-14)","법정복리비[천원]","천원","1035.3","918.04175","782.7749","660.30209","579.55252","459.9",
"대기업(300인이상)","광 업(10-14)","법정외복리비[천원]","천원","181.8","176.93984","145.77136","132.83281","133.19145","187.5",
"대기업(300인이상)","광 업(10-14)","모집비[천원]","천원",".1",".1271",".0287",".00858",".13677",".1",
"대기업(300인이상)","광 업(10-14)","교육훈련비[천원]","천원","4.4","3.33574","3.28889","3.74138","2.42699","10.6",
"대기업(300인이상)","광 업(10-14)","기타노동비용[천원]","천원","6.7","5.70869","4.33596","3.15391","1.69497","2.5",
"대기업(300인이상)","제 조 업(15-37)","노동비용총액[천원]","천원","3075.6","2790.14241","2514.24621","2571.28597","2198.00243","2088.2",
"대기업(300인이상)","제 조 업(15-37)","현금급여총계[천원]","천원","2164","1996.69623","1769.05525","1666.54913","1484.88627","1326.4",
"대기업(300인이상)","제 조 업(15-37)","정액및초과[천원]","천원","1654.4","1531.11244","1348.4186","1282.1651","1163.9812","1077.5",
"대기업(300인이상)","제 조 업(15-37)","상여금등특별급여[천원]","천원","509.6","465.58379","420.63665","384.38403","320.90508","248.9",
"대기업(300인이상)","제 조 업(15-37)","현금급여외 노동비용(계)[천원]","천원","911.6","793.44618","745.19096","904.73684","713.11616","761.8",
"대기업(300인이상)","제 조 업(15-37)","퇴직금등비용[천원]","천원","326.6","294.66865","302.37964","498.72777","351.91646","475.8",
"대기업(300인이상)","제 조 업(15-37)","현물지급비용[천원]","천원","5.6","4.97062","2.56478","3.55661","8.46978","3.7",
"대기업(300인이상)","제 조 업(15-37)","법정복리비[천원]","천원","248.6","213.4522","211.34388","172.84692","151.11022","109.9",
"대기업(300인이상)","제 조 업(15-37)","법정외복리비[천원]","천원","262.2","213.99376","177.63803","181.27787","161.78259","138.6",
"대기업(300인이상)","제 조 업(15-37)","모집비[천원]","천원","4.4","3.43749","4.40409","4.15826","2.94541","1.3",
"대기업(300인이상)","제 조 업(15-37)","교육훈련비[천원]","천원","50.4","47.96382","38.43101","32.65795","27.15958","23.5",
"대기업(300인이상)","제 조 업(15-37)","기타노동비용[천원]","천원","13.8","14.95964","8.42955","11.51145","9.73212","8.9",
"대기업(300인이상)","전기, 가스 및 수도사업(40-41)","노동비용총액[천원]","천원","4679.5","4175.49951","3691.846","7628.65876","3340.8682","3974.1",
"대기업(300인이상)","전기, 가스 및 수도사업(40-41)","현금급여총계[천원]","천원","3672.1","3280.57617","2834.35652","2500.30372","2313.3883","2036.7",
"대기업(300인이상)","전기, 가스 및 수도사업(40-41)","정액및초과[천원]","천원","2760","2446.11211","2123.39092","1953.96932","1754.00443","1548.9",
"대기업(300인이상)","전기, 가스 및 수도사업(40-41)","상여금등특별급여[천원]","천원","912.1","834.46406","710.96559","546.3344","559.38387","487.8",
"대기업(300인이상)","전기, 가스 및 수도사업(40-41)","현금급여외 노동비용(계)[천원]","천원","1007.4","894.92334","857.48948","5128.35504","1027.47991","1937.4",
"대기업(300인이상)","전기, 가스 및 수도사업(40-41)","퇴직금등비용[천원]","천원","49.1","54.83089","35.26221","4531.51646","427.7657","1545.9",
"대기업(300인이상)","전기, 가스 및 수도사업(40-41)","현물지급비용[천원]","천원",".6",".33723","0","0",".80953","0",
"대기업(300인이상)","전기, 가스 및 수도사업(40-41)","법정복리비[천원]","천원","279.1","252.21956","225.74156","202.38907","177.71516","101.1",
"대기업(300인이상)","전기, 가스 및 수도사업(40-41)","법정외복리비[천원]","천원","576.3","451.58775","488.87626","297.95951","340.8963","255.6",
"대기업(300인이상)","전기, 가스 및 수도사업(40-41)","모집비[천원]","천원","1.7","1.09587",".72184",".06416",".28825","4.9",
"대기업(300인이상)","전기, 가스 및 수도사업(40-41)","교육훈련비[천원]","천원","98.3","134.15034","103.74508","94.42856","77.73875","28.1",
"대기업(300인이상)","전기, 가스 및 수도사업(40-41)","기타노동비용[천원]","천원","2.2",".7017","3.14255","1.99728","2.2662","1.9",
"대기업(300인이상)","건설업(45)","노동비용총액[천원]","천원","3533.4","3247.95384","3055.68469","3481.52024","2529.88131","2730.8",
"대기업(300인이상)","건설업(45)","현금급여총계[천원]","천원","2416.9","2189.12431","1969.50155","1950.52998","1660.42421","1587.7",
"대기업(300인이상)","건설업(45)","정액및초과[천원]","천원","2024.6","1834.88376","1656.03257","1572.52775","1381.76781","1403.1",
"대기업(300인이상)","건설업(45)","상여금등특별급여[천원]","천원","392.3","354.24055","313.46899","378.00223","278.6564","184.6",
"대기업(300인이상)","건설업(45)","현금급여외 노동비용(계)[천원]","천원","1116.5","1058.82953","1086.18314","1530.99026","869.4571","1143.1",
"대기업(300인이상)","건설업(45)","퇴직금등비용[천원]","천원","413.7","379.20237","421.6182","860.08241","278.76452","609.6",
"대기업(300인이상)","건설업(45)","현물지급비용[천원]","천원","4.2","4.13689","2.24709",".55261","1.19779",".3",
"대기업(300인이상)","건설업(45)","법정복리비[천원]","천원","448.3","494.26441","499.99239","507.39571","435.66647","359.5",
"대기업(300인이상)","건설업(45)","법정외복리비[천원]","천원","194.2","134.24929","110.28129","125.92586","110.73665","116.5",
"대기업(300인이상)","건설업(45)","모집비[천원]","천원","3.5","4.28188","1.28601","1.22599",".67389",".5",
"대기업(300인이상)","건설업(45)","교육훈련비[천원]","천원","37.7","24.18214","35.07437","21.10935","29.28185","48",
"대기업(300인이상)","건설업(45)","기타노동비용[천원]","천원","14.9","18.51257","15.68378","14.69832","13.13593","8.5",
"대기업(300인이상)","도,소매 및 소비자용품 수리업(50-52)","노동비용총액[천원]","천원","2829.2","2767.34637","2477.54908","2250.82616","2296.5711","2068.3",
"대기업(300인이상)","도,소매 및 소비자용품 수리업(50-52)","현금급여총계[천원]","천원","2178.6","2031.03438","1875.922","1627.53901","1488.10381","1441.1",
"대기업(300인이상)","도,소매 및 소비자용품 수리업(50-52)","정액및초과[천원]","천원","1685.6","1590.7662","1458.77962","1309.05423","1212.44032","1170.2",
"대기업(300인이상)","도,소매 및 소비자용품 수리업(50-52)","상여금등특별급여[천원]","천원","493.1","440.26818","417.14239","318.48477","275.66348","270.9",
"대기업(300인이상)","도,소매 및 소비자용품 수리업(50-52)","현금급여외 노동비용(계)[천원]","천원","650.6","736.31199","601.62708","623.28716","808.46729","627.1",
"대기업(300인이상)","도,소매 및 소비자용품 수리업(50-52)","퇴직금등비용[천원]","천원","250.3","287.32668","230.9171","226.72284","476.22058","368.1",
"대기업(300인이상)","도,소매 및 소비자용품 수리업(50-52)","현물지급비용[천원]","천원","0",".19114","0","2.6094",".61656",".1",
"대기업(300인이상)","도,소매 및 소비자용품 수리업(50-52)","법정복리비[천원]","천원","163.8","186.06654","166.58701","143.38907","136.53594","105.1",
"대기업(300인이상)","도,소매 및 소비자용품 수리업(50-52)","법정외복리비[천원]","천원","184.4","193.04429","147.54935","162.836","137.22582","124.1",
"대기업(300인이상)","도,소매 및 소비자용품 수리업(50-52)","모집비[천원]","천원","2","3.0574","2.74888","7.79994","13.52304","1.2",
"대기업(300인이상)","도,소매 및 소비자용품 수리업(50-52)","교육훈련비[천원]","천원","43.5","58.46222","46.03203","68.00916","37.67822","24.2",
"대기업(300인이상)","도,소매 및 소비자용품 수리업(50-52)","기타노동비용[천원]","천원","6.5","8.16373","7.79271","11.92074","6.66713","4.4",
"대기업(300인이상)","숙박 및 음식점업(55)","노동비용총액[천원]","천원","2304.2","2321.88814","2013.04381","1853.92116","1706.79997","1725.3",
"대기업(300인이상)","숙박 및 음식점업(55)","현금급여총계[천원]","천원","1672.6","1591.38159","1386.45512","1280.26765","1099.47972","1213.3",
"대기업(300인이상)","숙박 및 음식점업(55)","정액및초과[천원]","천원","1317.9","1222.59478","1177.37847","1081.12473","959.76913","977",
"대기업(300인이상)","숙박 및 음식점업(55)","상여금등특별급여[천원]","천원","354.7","368.7868","209.07665","199.14292","139.71059","236.3",
"대기업(300인이상)","숙박 및 음식점업(55)","현금급여외 노동비용(계)[천원]","천원","631.6","730.50656","626.58869","573.65352","607.32025","511.9",
"대기업(300인이상)","숙박 및 음식점업(55)","퇴직금등비용[천원]","천원","245.6","357.28597","259.81214","236.24155","259.52568","260.1",
"대기업(300인이상)","숙박 및 음식점업(55)","현물지급비용[천원]","천원","7.5","8.89837","7.02865","7.08594","10.01583","1.8",
"대기업(300인이상)","숙박 및 음식점업(55)","법정복리비[천원]","천원","188.2","175.12533","160.42203","135.17471","135.4081","97.4",
"대기업(300인이상)","숙박 및 음식점업(55)","법정외복리비[천원]","천원","169.9","168.85453","175.40996","172.64293","184.32761","137.9",
"대기업(300인이상)","숙박 및 음식점업(55)","모집비[천원]","천원",".9","1.02041",".83938",".39443",".46057",".2",
"대기업(300인이상)","숙박 및 음식점업(55)","교육훈련비[천원]","천원","13.7","15.98618","16.26231","16.77716","11.17918","7.7",
"대기업(300인이상)","숙박 및 음식점업(55)","기타노동비용[천원]","천원","5.7","3.33577","6.81423","5.3368","6.40328","6.8",
"대기업(300인이상)","운수, 창고 및 통신업(60-64)","노동비용총액[천원]","천원","4106.3","3014.21712","3111.79999","3141.09436","2718.1007","2458.4",
"대기업(300인이상)","운수, 창고 및 통신업(60-64)","현금급여총계[천원]","천원","2319","2046.31339","1908.1852","1883.67665","1618.56728","1399.5",
"대기업(300인이상)","운수, 창고 및 통신업(60-64)","정액및초과[천원]","천원","1872.2","1614.01548","1553.5209","1492.34431","1291.47217","1167.2",
"대기업(300인이상)","운수, 창고 및 통신업(60-64)","상여금등특별급여[천원]","천원","446.8","432.29791","354.6643","391.33234","327.09511","232.4",
"대기업(300인이상)","운수, 창고 및 통신업(60-64)","현금급여외 노동비용(계)[천원]","천원","1787.3","967.90374","1203.61479","1257.41771","1099.53341","1058.9",
"대기업(300인이상)","운수, 창고 및 통신업(60-64)","퇴직금등비용[천원]","천원","1182.5","360.08887","694.2401","766.40077","601.24897","626.8",
"대기업(300인이상)","운수, 창고 및 통신업(60-64)","현물지급비용[천원]","천원","1.1",".00121",".10025",".11794",".20737",".9",
"대기업(300인이상)","운수, 창고 및 통신업(60-64)","법정복리비[천원]","천원","270.5","269.42434","233.68731","211.1109","177.11078","150.9",
"대기업(300인이상)","운수, 창고 및 통신업(60-64)","법정외복리비[천원]","천원","257.6","244.52376","204.56869","174.3226","256.39713","195.5",
"대기업(300인이상)","운수, 창고 및 통신업(60-64)","모집비[천원]","천원","1.1",".90853",".38964",".8058",".56112",".1",
"대기업(300인이상)","운수, 창고 및 통신업(60-64)","교육훈련비[천원]","천원","69.3","89.36579","67.7878","95.56885","60.06189","74.1",
"대기업(300인이상)","운수, 창고 및 통신업(60-64)","기타노동비용[천원]","천원","5.1","3.59124","2.841","9.09085","3.94615","10.7",
"대기업(300인이상)","금융 및 보험업(65-67)","노동비용총액[천원]","천원","4219","3755.39385","4182.6039","3374.19823","3775.22808","4163.5",
"대기업(300인이상)","금융 및 보험업(65-67)","현금급여총계[천원]","천원","3435","3095.27607","2714.98812","2510.08647","2261.92254","2009.5",
"대기업(300인이상)","금융 및 보험업(65-67)","정액및초과[천원]","천원","2264.4","1998.31545","1815.25821","1684.75858","1506.36096","1446.7",
"대기업(300인이상)","금융 및 보험업(65-67)","상여금등특별급여[천원]","천원","1170.6","1096.96062","899.72991","825.32789","755.56159","562.8",
"대기업(300인이상)","금융 및 보험업(65-67)","현금급여외 노동비용(계)[천원]","천원","784","660.11777","1467.61578","864.11176","1513.30554","2154.1",
"대기업(300인이상)","금융 및 보험업(65-67)","퇴직금등비용[천원]","천원","262.1","141.67619","1019.97165","454.47739","995.82264","1792.3",
"대기업(300인이상)","금융 및 보험업(65-67)","현물지급비용[천원]","천원","2.9","3.36547","1.21613","2.83874","0","5.1",
"대기업(300인이상)","금융 및 보험업(65-67)","법정복리비[천원]","천원","272.2","246.93675","218.02464","187.55365","184.37601","128.8",
"대기업(300인이상)","금융 및 보험업(65-67)","법정외복리비[천원]","천원","168.8","188.58728","162.11267","168.29431","248.64041","161.8",
"대기업(300인이상)","금융 및 보험업(65-67)","모집비[천원]","천원","2.2","2.58635","2.21937",".61427","1.76972","1.3",
"대기업(300인이상)","금융 및 보험업(65-67)","교육훈련비[천원]","천원","60.1","58.00361","50.8664","38.07553","67.20197","39.3",
"대기업(300인이상)","금융 및 보험업(65-67)","기타노동비용[천원]","천원","15.7","18.96211","13.20492","12.25787","15.49478","25.5",
"대기업(300인이상)","부동산 및 사업서비스업(70-74)","노동비용총액[천원]","천원","2813.6","2456.62367","2298.85326","2339.00889","2417.40718","2295.6",
"대기업(300인이상)","부동산 및 사업서비스업(70-74)","현금급여총계[천원]","천원","2184.3","1871.43024","1667.61001","1591.17198","1432.62587","1368.5",
"대기업(300인이상)","부동산 및 사업서비스업(70-74)","정액및초과[천원]","천원","1844","1590.67793","1393.90294","1312.56246","1183.46622","1116.9",
"대기업(300인이상)","부동산 및 사업서비스업(70-74)","상여금등특별급여[천원]","천원","340.3","280.7523","273.70707","278.60952","249.15965","251.6",
"대기업(300인이상)","부동산 및 사업서비스업(70-74)","현금급여외 노동비용(계)[천원]","천원","629.3","585.19343","631.24325","747.83691","984.78131","927.1",
"대기업(300인이상)","부동산 및 사업서비스업(70-74)","퇴직금등비용[천원]","천원","207.4","219.87844","274.02217","387.389","689.58761","690.2",
"대기업(300인이상)","부동산 및 사업서비스업(70-74)","현물지급비용[천원]","천원","1.1",".51942",".29565","5.23836",".78662",".4",
"대기업(300인이상)","부동산 및 사업서비스업(70-74)","법정복리비[천원]","천원","197.8","182.3531","168.95518","156.65333","133.48067","101.4",
"대기업(300인이상)","부동산 및 사업서비스업(70-74)","법정외복리비[천원]","천원","159.5","121.78977","123.60519","137.6143","117.78416","104",
"대기업(300인이상)","부동산 및 사업서비스업(70-74)","모집비[천원]","천원","4.1","2.82533","2.46608","4.22146","2.40072",".7",
"대기업(300인이상)","부동산 및 사업서비스업(70-74)","교육훈련비[천원]","천원","51.1","51.61513","54.70029","50.33788","35.28522","25.7",
"대기업(300인이상)","부동산 및 사업서비스업(70-74)","기타노동비용[천원]","천원","8.2","6.21225","7.1987","6.38259","5.45631","4.6",
"대기업(300인이상)","교육 서비스업(80)","노동비용총액[천원]","천원","3235.8","3045.51926","2529.13988","2463.21101","2193.21391","2496.8",
"대기업(300인이상)","교육 서비스업(80)","현금급여총계[천원]","천원","2951.9","2723.53352","2235.7831","2205.44542","1968.84433","2343.1",
"대기업(300인이상)","교육 서비스업(80)","정액및초과[천원]","천원","2138.5","2057.81859","1758.25683","1729.8354","1560.01696","1652.9",
"대기업(300인이상)","교육 서비스업(80)","상여금등특별급여[천원]","천원","813.4","665.71493","477.52627","475.61001","408.82737","690.2",
"대기업(300인이상)","교육 서비스업(80)","현금급여외 노동비용(계)[천원]","천원","283.9","321.98574","293.35678","257.76559","224.36958","153.7",
"대기업(300인이상)","교육 서비스업(80)","퇴직금등비용[천원]","천원","51.6","96.05289","80.3691","86.72026","67.05995","52.3",
"대기업(300인이상)","교육 서비스업(80)","현물지급비용[천원]","천원","0","0","0","0",".16613",".2",
"대기업(300인이상)","교육 서비스업(80)","법정복리비[천원]","천원","160.3","155.086","137.54361","105.92892","96.94335","66.5",
"대기업(300인이상)","교육 서비스업(80)","법정외복리비[천원]","천원","57.7","49.80861","58.89342","52.51146","46.23304","19.8",
"대기업(300인이상)","교육 서비스업(80)","모집비[천원]","천원","1.7","9.33288","5.477","3.91195","2.99043","6.7",
"대기업(300인이상)","교육 서비스업(80)","교육훈련비[천원]","천원","11.2","10.53446","9.62954","7.19943","10.41577","7.7",
"대기업(300인이상)","교육 서비스업(80)","기타노동비용[천원]","천원","1.4","1.17091","1.44411","1.49356",".56092",".5",
"대기업(300인이상)","보건 및 사회복지사업(85)","노동비용총액[천원]","천원","2624.6","2523.51209","2256.55899","2060.79888","1940.7142","1818.1",
"대기업(300인이상)","보건 및 사회복지사업(85)","현금급여총계[천원]","천원","2191.3","2061.90096","1918.06217","1752.60391","1587.61255","1546.6",
"대기업(300인이상)","보건 및 사회복지사업(85)","정액및초과[천원]","천원","1659.8","1548.37925","1506.78035","1415.86992","1285.63088","1204.2",
"대기업(300인이상)","보건 및 사회복지사업(85)","상여금등특별급여[천원]","천원","531.5","513.52171","411.28182","336.73399","301.98167","342.4",
"대기업(300인이상)","보건 및 사회복지사업(85)","현금급여외 노동비용(계)[천원]","천원","433.3","461.61113","338.49682","308.19497","353.10165","271.5",
"대기업(300인이상)","보건 및 사회복지사업(85)","퇴직금등비용[천원]","천원","147.5","196.13132","111.38867","84.06772","126.29105","110.6",
"대기업(300인이상)","보건 및 사회복지사업(85)","현물지급비용[천원]","천원",".1","0","0","0","0","0",
"대기업(300인이상)","보건 및 사회복지사업(85)","법정복리비[천원]","천원","171.6","155.17652","137.38007","118.34375","113.03821","83",
"대기업(300인이상)","보건 및 사회복지사업(85)","법정외복리비[천원]","천원","102.3","92.93465","69.31459","91.92878","92.99858","70.3",
"대기업(300인이상)","보건 및 사회복지사업(85)","모집비[천원]","천원",".3",".72973","7.62277","3.28473","3.92863",".3",
"대기업(300인이상)","보건 및 사회복지사업(85)","교육훈련비[천원]","천원","8.6","13.15039","9.9257","7.26424","14.34742","6.2",
"대기업(300인이상)","보건 및 사회복지사업(85)","기타노동비용[천원]","천원","2.9","3.48853","2.86502","3.30575","2.49776","1.1",
"대기업(300인이상)","기타 공공, 사회 및 개인서비스업(90-93)","노동비용총액[천원]","천원","3454.3","3667.35029","3174.81905","3766.06383","2774.54367","3864.6",
"대기업(300인이상)","기타 공공, 사회 및 개인서비스업(90-93)","현금급여총계[천원]","천원","2465","2165.4751","2009.95371","2039.17271","1657.58305","1869.1",
"대기업(300인이상)","기타 공공, 사회 및 개인서비스업(90-93)","정액및초과[천원]","천원","1884.3","1655.34073","1598.16978","1573.26983","1313.17505","1471.9",
"대기업(300인이상)","기타 공공, 사회 및 개인서비스업(90-93)","상여금등특별급여[천원]","천원","580.7","510.13437","411.78392","465.90288","344.40801","397.1",
"대기업(300인이상)","기타 공공, 사회 및 개인서비스업(90-93)","현금급여외 노동비용(계)[천원]","천원","989.2","1501.87519","1164.86534","1726.89112","1116.96061","1995.6",
"대기업(300인이상)","기타 공공, 사회 및 개인서비스업(90-93)","퇴직금등비용[천원]","천원","304.4","800.94843","464.17519","1110.65641","617.3723","1633",
"대기업(300인이상)","기타 공공, 사회 및 개인서비스업(90-93)","현물지급비용[천원]","천원","3.2","4.53379","5.6793","7.02428","2.01335",".1",
"대기업(300인이상)","기타 공공, 사회 및 개인서비스업(90-93)","법정복리비[천원]","천원","247.7","249.17679","244.00825","210.95457","184.53398","138.3",
"대기업(300인이상)","기타 공공, 사회 및 개인서비스업(90-93)","법정외복리비[천원]","천원","387","403.14397","409.0079","360.96193","294.62854","202.2",
"대기업(300인이상)","기타 공공, 사회 및 개인서비스업(90-93)","모집비[천원]","천원","2.2","1.80216","3.94615","2.41876","1.72224",".5",
"대기업(300인이상)","기타 공공, 사회 및 개인서비스업(90-93)","교육훈련비[천원]","천원","37.2","36.22926","31.31891","23.28354","13.19171","13.5",
"대기업(300인이상)","기타 공공, 사회 및 개인서비스업(90-93)","기타노동비용[천원]","천원","7.4","6.0408","6.72964","11.59163","3.49849","7.9",
"상용근로자(30~299인)","전산업","노동비용총액[천원]","천원","2127","2109.82437","1833.91938","1666.91141","1675.91472","1521",
"상용근로자(30~299인)","전산업","현금급여총계[천원]","천원","1586.7","1466.21061","1335.84757","1219.4942","1156.08257","1072",
"상용근로자(30~299인)","전산업","정액및초과[천원]","천원","1312.7","1236.09167","1120.28985","1015.2184","975.96483","914.2",
"상용근로자(30~299인)","전산업","상여금등특별급여[천원]","천원","274","230.11894","215.55772","204.27579","180.11773","157.8",
"상용근로자(30~299인)","전산업","현금급여외 노동비용(계)[천원]","천원","540.3","643.61376","498.07181","447.41721","519.83215","449",
"상용근로자(30~299인)","전산업","퇴직금등비용[천원]","천원","229.1","351.46192","227.46194","186.00914","268.68052","260",
"상용근로자(30~299인)","전산업","현물지급비용[천원]","천원","1.1","2.78508","2.13116","11.49325","3.70375","1.7",
"상용근로자(30~299인)","전산업","법정복리비[천원]","천원","168.3","153.75226","141.61156","126.00226","127.26727","91.5",
"상용근로자(30~299인)","전산업","법정외복리비[천원]","천원","123.9","117.83427","109.22835","103.58721","105.08456","85.7",
"상용근로자(30~299인)","전산업","모집비[천원]","천원","1.6","2.05223","2.16891","2.26925","1.85252","1.2",
"상용근로자(30~299인)","전산업","교육훈련비[천원]","천원","9.7","9.84578","8.83006","8.33127","7.87092","5.9",
"상용근로자(30~299인)","전산업","기타노동비용[천원]","천원","6.6","5.88222","6.63984","9.72483","5.37262","3",
"상용근로자(30~299인)","광 업(10-14)","노동비용총액[천원]","천원","3082.2","2555.64323","2879.73558","1917.88527","1904.12036","1693.4",
"상용근로자(30~299인)","광 업(10-14)","현금급여총계[천원]","천원","2011.6","1702.24954","2104.35397","1270.04586","1268.75129","1169",
"상용근로자(30~299인)","광 업(10-14)","정액및초과[천원]","천원","1591.3","1343.25959","1973.77491","1059.92235","1073.75182","982.7",
"상용근로자(30~299인)","광 업(10-14)","상여금등특별급여[천원]","천원","420.3","358.98996","130.57906","210.12351","194.99947","186.3",
"상용근로자(30~299인)","광 업(10-14)","현금급여외 노동비용(계)[천원]","천원","1070.7","853.39369","775.38161","647.83942","635.36907","524.4",
"상용근로자(30~299인)","광 업(10-14)","퇴직금등비용[천원]","천원","172.6","254.47439","213.41253","112.34705","173.36365","203.5",
"상용근로자(30~299인)","광 업(10-14)","현물지급비용[천원]","천원","7.6","5.32138","5.8738","6.78002","4.38955","4.4",
"상용근로자(30~299인)","광 업(10-14)","법정복리비[천원]","천원","796.2","503.39062","485.98785","407.06669","359.6655","239.9",
"상용근로자(30~299인)","광 업(10-14)","법정외복리비[천원]","천원","86.2","80.3127","62.85016","96.02009","92.22596","71.9",
"상용근로자(30~299인)","광 업(10-14)","모집비[천원]","천원","1.3","2.57766",".40131",".45994",".20171",".5",
"상용근로자(30~299인)","광 업(10-14)","교육훈련비[천원]","천원","3.3","5.13245","3.96788","22.59774",".91048","1.4",
"상용근로자(30~299인)","광 업(10-14)","기타노동비용[천원]","천원","3.6","2.1845","2.88809","2.56789","4.61223","2.7",
"상용근로자(30~299인)","제 조 업(15-37)","노동비용총액[천원]","천원","1823.7","2008.62114","1612.81321","1486.12717","1532.70348","1325.2",
"상용근로자(30~299인)","제 조 업(15-37)","현금급여총계[천원]","천원","1321.7","1321.01532","1177.22568","1076.47048","1099.26919","952.2",
"상용근로자(30~299인)","제 조 업(15-37)","정액및초과[천원]","천원","1160.8","1163.38134","1022.03982","928.52025","944.37508","859.3",
"상용근로자(30~299인)","제 조 업(15-37)","상여금등특별급여[천원]","천원","160.9","157.63398","155.18586","147.95022","154.89411","92.9",
"상용근로자(30~299인)","제 조 업(15-37)","현금급여외 노동비용(계)[천원]","천원","501.9","687.60582","435.58753","409.65669","433.43429","373",
"상용근로자(30~299인)","제 조 업(15-37)","퇴직금등비용[천원]","천원","207.2","401.95133","175.92819","144.04023","171.97517","188.4",
"상용근로자(30~299인)","제 조 업(15-37)","현물지급비용[천원]","천원","1","2.11555","2.90037","22.07083","5.143","2.4",
"상용근로자(30~299인)","제 조 업(15-37)","법정복리비[천원]","천원","147.2","136.76192","126.48116","108.65557","119.64247","78.7",
"상용근로자(30~299인)","제 조 업(15-37)","법정외복리비[천원]","천원","131.8","129.24586","112.91634","112.20771","120.94551","94.7",
"상용근로자(30~299인)","제 조 업(15-37)","모집비[천원]","천원","1.4","1.91803","1.86256","2.3629","1.15455",".9",
"상용근로자(30~299인)","제 조 업(15-37)","교육훈련비[천원]","천원","7.8","9.63227","7.67279","7.16783","8.28793","5.2",
"상용근로자(30~299인)","제 조 업(15-37)","기타노동비용[천원]","천원","5.5","5.98086","7.82612","13.15162","6.28565","2.7",
"상용근로자(30~299인)","전기, 가스 및 수도사업(40-41)","노동비용총액[천원]","천원","4219.2","3476.09529","4197.56163","2888.83905","2787.17896","2481.6",
"상용근로자(30~299인)","전기, 가스 및 수도사업(40-41)","현금급여총계[천원]","천원","3222.8","2739.85506","3458.25222","2123.73838","2132.22192","1741.5",
"상용근로자(30~299인)","전기, 가스 및 수도사업(40-41)","정액및초과[천원]","천원","2078.2","1816.49898","2380.01119","1532.32003","1364.66285","1321.4",
"상용근로자(30~299인)","전기, 가스 및 수도사업(40-41)","상여금등특별급여[천원]","천원","1144.7","923.35608","1078.24103","591.41836","767.55907","420.1",
"상용근로자(30~299인)","전기, 가스 및 수도사업(40-41)","현금급여외 노동비용(계)[천원]","천원","996.4","736.24023","739.30941","765.10066","654.95704","740.1",
"상용근로자(30~299인)","전기, 가스 및 수도사업(40-41)","퇴직금등비용[천원]","천원","413.8","239.14548","302.38659","343.42589","323.54871","502.3",
"상용근로자(30~299인)","전기, 가스 및 수도사업(40-41)","현물지급비용[천원]","천원","1.5","0","0","0",".28132","2.3",
"상용근로자(30~299인)","전기, 가스 및 수도사업(40-41)","법정복리비[천원]","천원","249.8","226.60366","194.48415","197.16728","165.2006","110.8",
"상용근로자(30~299인)","전기, 가스 및 수도사업(40-41)","법정외복리비[천원]","천원","269.4","222.981","201.36646","195.32496","142.03085","112.6",
"상용근로자(30~299인)","전기, 가스 및 수도사업(40-41)","모집비[천원]","천원","1.1",".16746",".26089",".02705",".26247",".1",
"상용근로자(30~299인)","전기, 가스 및 수도사업(40-41)","교육훈련비[천원]","천원","40.3","33.10664","28.57069","17.82577","19.02581","8.7",
"상용근로자(30~299인)","전기, 가스 및 수도사업(40-41)","기타노동비용[천원]","천원","20.5","14.23599","12.24064","11.32971","4.60729","3.4",
"상용근로자(30~299인)","건설업(45)","노동비용총액[천원]","천원","2465.3","2400.27458","2117.01734","1866.39848","1715.50295","1715.3",
"상용근로자(30~299인)","건설업(45)","현금급여총계[천원]","천원","1693.5","1579.15763","1359.7475","1286.2102","1136.9262","1112.8",
"상용근로자(30~299인)","건설업(45)","정액및초과[천원]","천원","1518.6","1443.29821","1254.87351","1179.79844","1059.21673","1038.9",
"상용근로자(30~299인)","건설업(45)","상여금등특별급여[천원]","천원","174.9","135.85942","104.87399","106.41175","77.70947","73.9",
"상용근로자(30~299인)","건설업(45)","현금급여외 노동비용(계)[천원]","천원","771.8","821.11695","757.26984","580.18829","578.57675","602.6",
"상용근로자(30~299인)","건설업(45)","퇴직금등비용[천원]","천원","222.6","352.84552","290.81447","168.92286","198.20735","279.8",
"상용근로자(30~299인)","건설업(45)","현물지급비용[천원]","천원",".2",".66062",".16639","9.38883","4.02792",".1",
"상용근로자(30~299인)","건설업(45)","법정복리비[천원]","천원","421.3","381.2381","347.57795","302.48557","304.12706","267.4",
"상용근로자(30~299인)","건설업(45)","법정외복리비[천원]","천원","111.8","74.64932","85.08499","70.02976","59.4272","40",
"상용근로자(30~299인)","건설업(45)","모집비[천원]","천원","2.7","2.23961",".63334","1.73172","2.86081",".1",
"상용근로자(30~299인)","건설업(45)","교육훈련비[천원]","천원","7.3","6.03377","20.27802","17.02661","7.25966","13.4",
"상용근로자(30~299인)","건설업(45)","기타노동비용[천원]","천원","5.8","3.45001","12.71467","10.60294","2.66675","1.8",
"상용근로자(30~299인)","도,소매 및 소비자용품 수리업(50-52)","노동비용총액[천원]","천원","2869.4","2649.11564","2270.76021","1917.1091","1583.34805","1567.6",
"상용근로자(30~299인)","도,소매 및 소비자용품 수리업(50-52)","현금급여총계[천원]","천원","2215.6","1901.1024","1771.58914","1489.79943","1187.71904","1142.7",
"상용근로자(30~299인)","도,소매 및 소비자용품 수리업(50-52)","정액및초과[천원]","천원","1732.3","1584.9786","1441.82865","1127.48944","956.32121","969",
"상용근로자(30~299인)","도,소매 및 소비자용품 수리업(50-52)","상여금등특별급여[천원]","천원","483.4","316.1238","329.76049","362.30999","231.39783","173.7",
"상용근로자(30~299인)","도,소매 및 소비자용품 수리업(50-52)","현금급여외 노동비용(계)[천원]","천원","653.8","748.01324","499.17107","427.30967","395.62901","424.9",
"상용근로자(30~299인)","도,소매 및 소비자용품 수리업(50-52)","퇴직금등비용[천원]","천원","316.1","459.67268","245.95346","226.98572","189.85672","266.2",
"상용근로자(30~299인)","도,소매 및 소비자용품 수리업(50-52)","현물지급비용[천원]","천원","1.7","1.34902","1.76018",".10098",".43151",".2",
"상용근로자(30~299인)","도,소매 및 소비자용품 수리업(50-52)","법정복리비[천원]","천원","174","152.25763","136.11346","112.53689","103.7795","80.3",
"상용근로자(30~299인)","도,소매 및 소비자용품 수리업(50-52)","법정외복리비[천원]","천원","127.8","106.06386","100.13393","73.63234","80.42158","66.4",
"상용근로자(30~299인)","도,소매 및 소비자용품 수리업(50-52)","모집비[천원]","천원","3.8","4.57906","1.62063","1.75641","6.59647","3.3",
"상용근로자(30~299인)","도,소매 및 소비자용품 수리업(50-52)","교육훈련비[천원]","천원","23.2","20.09264","11.93954","10.398","12.78135","7.5",
"상용근로자(30~299인)","도,소매 및 소비자용품 수리업(50-52)","기타노동비용[천원]","천원","7.2","3.99835","1.64987","1.89933","1.76187","1",
"상용근로자(30~299인)","숙박 및 음식점업(55)","노동비용총액[천원]","천원","1339","1059.22414","1090.70595","1243.52839","1055.36066","1115.6",
"상용근로자(30~299인)","숙박 및 음식점업(55)","현금급여총계[천원]","천원","993.6","815.62186","824.03834","975.86703","727.01309","829.6",
"상용근로자(30~299인)","숙박 및 음식점업(55)","정액및초과[천원]","천원","950.6","794.47512","777.53689","903.32896","693.42931","753.5",
"상용근로자(30~299인)","숙박 및 음식점업(55)","상여금등특별급여[천원]","천원","43","21.14674","46.50146","72.53807","33.58378","76.1",
"상용근로자(30~299인)","숙박 및 음식점업(55)","현금급여외 노동비용(계)[천원]","천원","345.4","243.60228","266.66761","267.66136","328.34757","286",
"상용근로자(30~299인)","숙박 및 음식점업(55)","퇴직금등비용[천원]","천원","136.9","100.04791","95.53042","98.32003","172.9812","127.4",
"상용근로자(30~299인)","숙박 및 음식점업(55)","현물지급비용[천원]","천원","5.7","0","0","0","1.78323","2.2",
"상용근로자(30~299인)","숙박 및 음식점업(55)","법정복리비[천원]","천원","95.3","76.73424","80.35172","99.90026","65.57458","63",
"상용근로자(30~299인)","숙박 및 음식점업(55)","법정외복리비[천원]","천원","97.8","59.85751","84.44734","66.33208","74.98406","71.9",
"상용근로자(30~299인)","숙박 및 음식점업(55)","모집비[천원]","천원","1.1","1.08404","1.70992",".15364","2.63038","2.8",
"상용근로자(30~299인)","숙박 및 음식점업(55)","교육훈련비[천원]","천원","2.3","1.46165","2.08575","1.65774",".86275","3",
"상용근로자(30~299인)","숙박 및 음식점업(55)","기타노동비용[천원]","천원","6.4","4.41693","2.54247","1.29761","9.53137","15.8",
"상용근로자(30~299인)","운수, 창고 및 통신업(60-64)","노동비용총액[천원]","천원","1737.8","1497.46657","1389.27568","1291.0279","1438.39797","1300.4",
"상용근로자(30~299인)","운수, 창고 및 통신업(60-64)","현금급여총계[천원]","천원","1255.6","1037.1306","975.82216","922.65783","996.39752","901.5",
"상용근로자(30~299인)","운수, 창고 및 통신업(60-64)","정액및초과[천원]","천원","1109.7","899.43269","844.35687","762.59836","825.10356","754.7",
"상용근로자(30~299인)","운수, 창고 및 통신업(60-64)","상여금등특별급여[천원]","천원","145.9","137.69791","131.46529","160.05947","171.29396","146.8",
"상용근로자(30~299인)","운수, 창고 및 통신업(60-64)","현금급여외 노동비용(계)[천원]","천원","482.2","460.33597","413.45353","368.37007","442.00046","398.8",
"상용근로자(30~299인)","운수, 창고 및 통신업(60-64)","퇴직금등비용[천원]","천원","205.5","201.15214","168.19448","129.85308","215.48911","207.3",
"상용근로자(30~299인)","운수, 창고 및 통신업(60-64)","현물지급비용[천원]","천원","1.7","7.14723",".95465",".55401",".57","1.4",
"상용근로자(30~299인)","운수, 창고 및 통신업(60-64)","법정복리비[천원]","천원","145.9","133.05699","125.68496","121.82598","113.29834","83.9",
"상용근로자(30~299인)","운수, 창고 및 통신업(60-64)","법정외복리비[천원]","천원","122.2","111.61345","112.53273","110.09198","104.11895","99.4",
"상용근로자(30~299인)","운수, 창고 및 통신업(60-64)","모집비[천원]","천원",".6",".74153",".48284",".54255",".38655",".2",
"상용근로자(30~299인)","운수, 창고 및 통신업(60-64)","교육훈련비[천원]","천원","2.5","2.6087","1.78265","2.55768","3.706","2.7",
"상용근로자(30~299인)","운수, 창고 및 통신업(60-64)","기타노동비용[천원]","천원","3.8","4.01593","3.82121","2.9448","4.43151","3.9",
"상용근로자(30~299인)","금융 및 보험업(65-67)","노동비용총액[천원]","천원","3753","3516.14512","3288.10923","2655.15381","2724.59898","2385.2",
"상용근로자(30~299인)","금융 및 보험업(65-67)","현금급여총계[천원]","천원","2825.8","2353.30888","2084.37501","1923.12318","1508.0402","1558",
"상용근로자(30~299인)","금융 및 보험업(65-67)","정액및초과[천원]","천원","1675.1","1539.43379","1357.94563","1292.94519","1201.10379","1128.7",
"상용근로자(30~299인)","금융 및 보험업(65-67)","상여금등특별급여[천원]","천원","1150.7","813.87509","726.42937","630.178","306.93641","429.3",
"상용근로자(30~299인)","금융 및 보험업(65-67)","현금급여외 노동비용(계)[천원]","천원","927.2","1162.83624","1203.73422","732.03063","1216.55878","827.2",
"상용근로자(30~299인)","금융 및 보험업(65-67)","퇴직금등비용[천원]","천원","487.9","779.23433","814.24999","410.06899","914.19183","592.8",
"상용근로자(30~299인)","금융 및 보험업(65-67)","현물지급비용[천원]","천원","1.7",".59547","4.63289","2.99043","9.49279","1.6",
"상용근로자(30~299인)","금융 및 보험업(65-67)","법정복리비[천원]","천원","204.2","186.65902","169.4807","144.86384","143.60272","100.3",
"상용근로자(30~299인)","금융 및 보험업(65-67)","법정외복리비[천원]","천원","193","164.80113","185.38323","135.07295","125.9944","116.7",
"상용근로자(30~299인)","금융 및 보험업(65-67)","모집비[천원]","천원","1.1","2.02812","1.28213",".30624","2.46719",".8",
"상용근로자(30~299인)","금융 및 보험업(65-67)","교육훈련비[천원]","천원","22.3","15.00662","14.59833","18.33005","11.46789","9.1",
"상용근로자(30~299인)","금융 및 보험업(65-67)","기타노동비용[천원]","천원","17","14.51156","14.10695","20.39813","9.34197","5.9",
"상용근로자(30~299인)","부동산 및 사업서비스업(70-74)","노동비용총액[천원]","천원","2009.5","1996.93808","1760.5682","1791.29021","1879.91874","1582.7",
"상용근로자(30~299인)","부동산 및 사업서비스업(70-74)","현금급여총계[천원]","천원","1606","1544.08205","1312.13262","1319.69492","1258.9983","1111.6",
"상용근로자(30~299인)","부동산 및 사업서비스업(70-74)","정액및초과[천원]","천원","1375.1","1327.11199","1129.32216","1135.70601","1069.52456","910.4",
"상용근로자(30~299인)","부동산 및 사업서비스업(70-74)","상여금등특별급여[천원]","천원","230.9","216.97006","182.81046","183.98891","189.47374","201.2",
"상용근로자(30~299인)","부동산 및 사업서비스업(70-74)","현금급여외 노동비용(계)[천원]","천원","403.4","452.85603","448.43558","471.59529","620.92044","471.1",
"상용근로자(30~299인)","부동산 및 사업서비스업(70-74)","퇴직금등비용[천원]","천원","183","217.61799","234.82893","263.55161","432.56313","330",
"상용근로자(30~299인)","부동산 및 사업서비스업(70-74)","현물지급비용[천원]","천원",".6","2.6548","1.34433","1.88604","1.71316",".6",
"상용근로자(30~299인)","부동산 및 사업서비스업(70-74)","법정복리비[천원]","천원","135","137.55304","120.5912","112.4657","108.45753","77.5",
"상용근로자(30~299인)","부동산 및 사업서비스업(70-74)","법정외복리비[천원]","천원","65.3","74.83264","70.31043","72.42555","62.47184","48.8",
"상용근로자(30~299인)","부동산 및 사업서비스업(70-74)","모집비[천원]","천원","1.7","2.31724","4.62212","3.8902","2.61965","2.2",
"상용근로자(30~299인)","부동산 및 사업서비스업(70-74)","교육훈련비[천원]","천원","9.2","11.71107","13.38564","10.97005","10.19943","9.5",
"상용근로자(30~299인)","부동산 및 사업서비스업(70-74)","기타노동비용[천원]","천원","8.6","6.16924","3.35293","6.40613","2.89571","2.4",
"상용근로자(30~299인)","교육 서비스업(80)","노동비용총액[천원]","천원","2632.8","2387.64467","1963.42519","1931.34723","1626.43585","1841.4",
"상용근로자(30~299인)","교육 서비스업(80)","현금급여총계[천원]","천원","2409.5","2162.78673","1753.10333","1725.3015","1453.50217","1704.1",
"상용근로자(30~299인)","교육 서비스업(80)","정액및초과[천원]","천원","1938","1723.87469","1514.53593","1437.5674","1168.45737","1355.5",
"상용근로자(30~299인)","교육 서비스업(80)","상여금등특별급여[천원]","천원","471.5","438.91204","238.5674","287.7341","285.04481","348.5",
"상용근로자(30~299인)","교육 서비스업(80)","현금급여외 노동비용(계)[천원]","천원","223.3","224.85794","210.32186","206.04573","172.93367","137.4",
"상용근로자(30~299인)","교육 서비스업(80)","퇴직금등비용[천원]","천원","19.4","32.54626","21.49458","32.05257","23.55548","18.9",
"상용근로자(30~299인)","교육 서비스업(80)","현물지급비용[천원]","천원",".1","0","0","0","0","0",
"상용근로자(30~299인)","교육 서비스업(80)","법정복리비[천원]","천원","143.3","125.30689","114.49277","95.82243","91.17114","67.5",
"상용근로자(30~299인)","교육 서비스업(80)","법정외복리비[천원]","천원","44.4","48.93192","52.63128","53.58969","42.05532","38",
"상용근로자(30~299인)","교육 서비스업(80)","모집비[천원]","천원","7.5","7.61388","13.71775","14.01469","10.40278","9.5",
"상용근로자(30~299인)","교육 서비스업(80)","교육훈련비[천원]","천원","7.6","9.43288","7.07265","9.46705","4.91982","2.7",
"상용근로자(30~299인)","교육 서비스업(80)","기타노동비용[천원]","천원","1","1.02611",".91283","1.0993",".82913",".8",
"상용근로자(30~299인)","보건 및 사회복지사업(85)","노동비용총액[천원]","천원","2016.1","2076.2975","1796.29148","1721.52604","1433.38325","1543",
"상용근로자(30~299인)","보건 및 사회복지사업(85)","현금급여총계[천원]","천원","1670.9","1605.21507","1491.32902","1436.63116","1171.42262","1227.4",
"상용근로자(30~299인)","보건 및 사회복지사업(85)","정액및초과[천원]","천원","1452.2","1386.15868","1331.29641","1312.57455","1031.59266","1026.5",
"상용근로자(30~299인)","보건 및 사회복지사업(85)","상여금등특별급여[천원]","천원","218.7","219.05639","160.03261","124.05661","139.82996","201",
"상용근로자(30~299인)","보건 및 사회복지사업(85)","현금급여외 노동비용(계)[천원]","천원","345.2","471.08243","304.96246","284.89489","261.96063","315.6",
"상용근로자(30~299인)","보건 및 사회복지사업(85)","퇴직금등비용[천원]","천원","111.1","245.58011","116.72897","112.84954","92.03482","166.7",
"상용근로자(30~299인)","보건 및 사회복지사업(85)","현물지급비용[천원]","천원",".2","3.23015",".1974",".09212",".05223","0",
"상용근로자(30~299인)","보건 및 사회복지사업(85)","법정복리비[천원]","천원","133.1","127.70694","114.66918","107.73723","92.32996","78.4",
"상용근로자(30~299인)","보건 및 사회복지사업(85)","법정외복리비[천원]","천원","85.9","84.40221","63.18551","54.50974","66.18671","65.1",
"상용근로자(30~299인)","보건 및 사회복지사업(85)","모집비[천원]","천원","1.8","1.51049","1.43718",".59552","1.05265",".2",
"상용근로자(30~299인)","보건 및 사회복지사업(85)","교육훈련비[천원]","천원","7.5","3.96406","4.038","2.7442","1.80558","3.3",
"상용근로자(30~299인)","보건 및 사회복지사업(85)","기타노동비용[천원]","천원","5.6","4.68845","4.70623","6.36653","8.49868","1.8",
"상용근로자(30~299인)","기타 공공, 사회 및 개인서비스업(90-93)","노동비용총액[천원]","천원","2942.4","2138.72469","2108.36076","2129.60588","2451.75999","2244.8",
"상용근로자(30~299인)","기타 공공, 사회 및 개인서비스업(90-93)","현금급여총계[천원]","천원","1988.3","1578.47984","1449.14553","1355.991","1165.44533","1260.9",
"상용근로자(30~299인)","기타 공공, 사회 및 개인서비스업(90-93)","정액및초과[천원]","천원","1581.1","1301.63076","1156.07002","1033.74057","981.76322","1056.1",
"상용근로자(30~299인)","기타 공공, 사회 및 개인서비스업(90-93)","상여금등특별급여[천원]","천원","407.2","276.84908","293.07551","322.25043","183.68211","204.8",
"상용근로자(30~299인)","기타 공공, 사회 및 개인서비스업(90-93)","현금급여외 노동비용(계)[천원]","천원","954.1","560.24485","659.21523","773.61488","1286.31466","983.9",
"상용근로자(30~299인)","기타 공공, 사회 및 개인서비스업(90-93)","퇴직금등비용[천원]","천원","540.4","176.76046","320.97862","462.31729","1002.04156","767.4",
"상용근로자(30~299인)","기타 공공, 사회 및 개인서비스업(90-93)","현물지급비용[천원]","천원","0","7.93579","1.2176","1.64828",".95232",".6",
"상용근로자(30~299인)","기타 공공, 사회 및 개인서비스업(90-93)","법정복리비[천원]","천원","195.4","173.16925","157.67307","144.42983","128.71055","98.2",
"상용근로자(30~299인)","기타 공공, 사회 및 개인서비스업(90-93)","법정외복리비[천원]","천원","181.6","177.40741","162.39671","153.64427","143.27299","108.5",
"상용근로자(30~299인)","기타 공공, 사회 및 개인서비스업(90-93)","모집비[천원]","천원",".8","1.40593","2.03079",".80063",".93564",".1",
"상용근로자(30~299인)","기타 공공, 사회 및 개인서비스업(90-93)","교육훈련비[천원]","천원","23.8","19.22194","10.91661","6.8325","5.21138","4.7",
"상용근로자(30~299인)","기타 공공, 사회 및 개인서비스업(90-93)","기타노동비용[천원]","천원","12.2","4.34407","4.00181","3.94208","5.19022","4.5",
"1규모(10~29인)","전산업","노동비용총액[천원]","천원","1679.9","1578.08468","1449.98675","1369.64913","1264.05754","1210.2",
"1규모(10~29인)","전산업","현금급여총계[천원]","천원","1321.9","1206.77862","1104.51383","1030.55522","934.24429","938",
"1규모(10~29인)","전산업","정액및초과[천원]","천원","1181.2","1096.30358","994.25123","919.60294","854.17434","862.2",
"1규모(10~29인)","전산업","상여금등특별급여[천원]","천원","140.7","110.47504","110.26261","110.95227","80.06995","75.8",
"1규모(10~29인)","전산업","현금급여외 노동비용(계)[천원]","천원","358.1","371.30606","345.47292","339.09392","329.81325","272.2",
"1규모(10~29인)","전산업","퇴직금등비용[천원]","천원","106.2","118.08087","106.84558","105.71383","116.0352","100.9",
"1규모(10~29인)","전산업","현물지급비용[천원]","천원","2.5","6.92396","6.71209","12.94483","2.08669","3.2",
"1규모(10~29인)","전산업","법정복리비[천원]","천원","133.3","131.71576","119.88851","109.31472","107.13768","82",
"1규모(10~29인)","전산업","법정외복리비[천원]","천원","110.5","106.53538","104.19757","96.49294","89.69862","78.4",
"1규모(10~29인)","전산업","모집비[천원]","천원",".9","1.17898","1.19264","1.21397","3.26905",".7",
"1규모(10~29인)","전산업","교육훈련비[천원]","천원","2.6","2.73152","3.21591","2.9241","3.1194","2.7",
"1규모(10~29인)","전산업","기타노동비용[천원]","천원","2","4.1396","3.42061","10.48952","8.46659","4.3",
"1규모(10~29인)","광 업(10-14)","노동비용총액[천원]","천원","2141.5","2024.72719","2659.61544","1664.80251","1536.53853","1352",
"1규모(10~29인)","광 업(10-14)","현금급여총계[천원]","천원","1553.5","1490.85658","1988.02249","1271.53396","1120.7491","1093.6",
"1규모(10~29인)","광 업(10-14)","정액및초과[천원]","천원","1276","1265.73947","1919.59595","1143.6907","1085.19803","1029.2",
"1규모(10~29인)","광 업(10-14)","상여금등특별급여[천원]","천원","277.4","225.11711","68.42654","127.84326","35.55108","64.5",
"1규모(10~29인)","광 업(10-14)","현금급여외 노동비용(계)[천원]","천원","588.1","533.87061","671.59295","393.26855","415.78943","258.3",
"1규모(10~29인)","광 업(10-14)","퇴직금등비용[천원]","천원","142.7","127.04211","198.32121","63.79258","141.47133","59.5",
"1규모(10~29인)","광 업(10-14)","현물지급비용[천원]","천원","2.1","3.05351","1.32684","1.63009","5.44803","0",
"1규모(10~29인)","광 업(10-14)","법정복리비[천원]","천원","303.7","295.34342","250.98688","170.8349","123.96953","93.4",
"1규모(10~29인)","광 업(10-14)","법정외복리비[천원]","천원","132","102.98772","217.81784","144.2419","127.89247","100",
"1규모(10~29인)","광 업(10-14)","모집비[천원]","천원",".2",".04342",".77961",".69436","2.91219","1.4",
"1규모(10~29인)","광 업(10-14)","교육훈련비[천원]","천원","1.9",".8614","1.07684",".88558",".78405","1.7",
"1규모(10~29인)","광 업(10-14)","기타노동비용[천원]","천원","5.5","4.53904","1.28373","11.18913","13.31183","2.3",
"1규모(10~29인)","제 조 업(15-37)","노동비용총액[천원]","천원","1510.6","1497.10607","1356.14663","1295.90656","1195.31294","1131.1",
"1규모(10~29인)","제 조 업(15-37)","현금급여총계[천원]","천원","1153.7","1127.53385","1020.05934","968.20331","903.88078","874.6",
"1규모(10~29인)","제 조 업(15-37)","정액및초과[천원]","천원","1068.9","1047.94507","939.93902","888.72002","838.25417","829.6",
"1규모(10~29인)","제 조 업(15-37)","상여금등특별급여[천원]","천원","84.9","79.58878","80.12032","79.48328","65.62662","45",
"1규모(10~29인)","제 조 업(15-37)","현금급여외 노동비용(계)[천원]","천원","356.9","369.57222","336.08729","327.70326","291.43216","256.4",
"1규모(10~29인)","제 조 업(15-37)","퇴직금등비용[천원]","천원","105.1","121.73584","103.04944","79.99972","74.032","82",
"1규모(10~29인)","제 조 업(15-37)","현물지급비용[천원]","천원","4.5","2.03452","5.35412","20.73553","4.09618","2.4",
"1규모(10~29인)","제 조 업(15-37)","법정복리비[천원]","천원","125.1","122.29584","106.33058","103.48081","93.31258","71.7",
"1규모(10~29인)","제 조 업(15-37)","법정외복리비[천원]","천원","117","112.65529","112.08891","107.52952","99.43435","92.7",
"1규모(10~29인)","제 조 업(15-37)","모집비[천원]","천원","1.1","1.67099","1.37752",".68659","6.03532",".6",
"1규모(10~29인)","제 조 업(15-37)","교육훈련비[천원]","천원","2.4","1.7233","2.53137","2.49945","4.04133","2",
"1규모(10~29인)","제 조 업(15-37)","기타노동비용[천원]","천원","1.7","7.45646","5.35535","12.77164","10.4804","5",
"1규모(10~29인)","전기, 가스 및 수도사업(40-41)","노동비용총액[천원]","천원","1523.6","1222.19485","1547.05036","1096.47502","1190.44216","1947.6",
"1규모(10~29인)","전기, 가스 및 수도사업(40-41)","현금급여총계[천원]","천원","1283.5","1060.69726","1421.69496","931.38611","1054.19176","1374",
"1규모(10~29인)","전기, 가스 및 수도사업(40-41)","정액및초과[천원]","천원","1172.3","982.71337","1321.01007","842.54276","982.19017","932.2",
"1규모(10~29인)","전기, 가스 및 수도사업(40-41)","상여금등특별급여[천원]","천원","111.2","77.9839","100.68489","88.84335","72.00158","441.8",
"1규모(10~29인)","전기, 가스 및 수도사업(40-41)","현금급여외 노동비용(계)[천원]","천원","240","161.49758","125.3554","165.08891","136.2504","573.7",
"1규모(10~29인)","전기, 가스 및 수도사업(40-41)","퇴직금등비용[천원]","천원","34","89.04509","18.45468","56.32854","2.85261","433.4",
"1규모(10~29인)","전기, 가스 및 수도사업(40-41)","현물지급비용[천원]","천원","0","0","0","0","0","0",
"1규모(10~29인)","전기, 가스 및 수도사업(40-41)","법정복리비[천원]","천원","114.9","71.54106","80.38849","83.12786","66.21236","77.9",
"1규모(10~29인)","전기, 가스 및 수도사업(40-41)","법정외복리비[천원]","천원","89.6","0","24.51655","20.35732","67.04754","60.1",
"1규모(10~29인)","전기, 가스 및 수도사업(40-41)","모집비[천원]","천원",".2","0","0",".82472","0","0",
"1규모(10~29인)","전기, 가스 및 수도사업(40-41)","교육훈련비[천원]","천원","1.2",".91143","1.99568","2.3895",".13788","2.2",
"1규모(10~29인)","전기, 가스 및 수도사업(40-41)","기타노동비용[천원]","천원","0","0","0","2.06097","0","0",
"1규모(10~29인)","건설업(45)","노동비용총액[천원]","천원","1729","1847.4683","1517.31758","1541.22663","1347.99243","1322.1",
"1규모(10~29인)","건설업(45)","현금급여총계[천원]","천원","1315.3","1345.30176","1102.89569","1121.17366","972.32758","996.6",
"1규모(10~29인)","건설업(45)","정액및초과[천원]","천원","1248.2","1271.8866","1044.7908","1045.20774","924.94254","954.1",
"1규모(10~29인)","건설업(45)","상여금등특별급여[천원]","천원","67","73.41516","58.10489","75.96592","47.38505","42.4",
"1규모(10~29인)","건설업(45)","현금급여외 노동비용(계)[천원]","천원","413.7","502.16653","414.42189","420.05297","375.66485","325.5",
"1규모(10~29인)","건설업(45)","퇴직금등비용[천원]","천원","86.1","81.06165","78.28454","90.84206","78.98153","69.7",
"1규모(10~29인)","건설업(45)","현물지급비용[천원]","천원",".4","4.95666","2.35157",".35333","0","1.8",
"1규모(10~29인)","건설업(45)","법정복리비[천원]","천원","189.5","248.04818","216.08205","180.24706","168.14702","160.1",
"1규모(10~29인)","건설업(45)","법정외복리비[천원]","천원","130.3","163.20439","112.40444","124.65984","103.61092","79.2",
"1규모(10~29인)","건설업(45)","모집비[천원]","천원",".6",".7971","1.16532",".24869",".48731",".5",
"1규모(10~29인)","건설업(45)","교육훈련비[천원]","천원","5","2.50716","3.06471","2.07575","2.8831","4.5",
"1규모(10~29인)","건설업(45)","기타노동비용[천원]","천원","1.8","1.59139","1.06926","21.62624","21.55497","9.7",
"1규모(10~29인)","도,소매 및 소비자용품 수리업(50-52)","노동비용총액[천원]","천원","1985.4","1758.47869","1611.94426","1329.64577","1309.67665","1234.3",
"1규모(10~29인)","도,소매 및 소비자용품 수리업(50-52)","현금급여총계[천원]","천원","1622.9","1421.36094","1286.83665","1055.66095","1000.56511","1013.4",
"1규모(10~29인)","도,소매 및 소비자용품 수리업(50-52)","정액및초과[천원]","천원","1430.6","1285.98854","1140.37937","906.71683","917.58528","942.6",
"1규모(10~29인)","도,소매 및 소비자용품 수리업(50-52)","상여금등특별급여[천원]","천원","192.4","135.37241","146.45727","148.94412","82.97983","70.9",
"1규모(10~29인)","도,소매 및 소비자용품 수리업(50-52)","현금급여외 노동비용(계)[천원]","천원","362.4","337.11775","325.10761","273.98482","309.11154","220.9",
"1규모(10~29인)","도,소매 및 소비자용품 수리업(50-52)","퇴직금등비용[천원]","천원","95.1","103.88975","98.02186","62.2692","76.14981","70.6",
"1규모(10~29인)","도,소매 및 소비자용품 수리업(50-52)","현물지급비용[천원]","천원","3","2.42171","3.18944",".2956","1.49991","8.9",
"1규모(10~29인)","도,소매 및 소비자용품 수리업(50-52)","법정복리비[천원]","천원","124.6","111.8598","103.90883","99.66467","138.54494","68.5",
"1규모(10~29인)","도,소매 및 소비자용품 수리업(50-52)","법정외복리비[천원]","천원","134","110.09497","108.02613","93.29071","85.10301","67.7",
"1규모(10~29인)","도,소매 및 소비자용품 수리업(50-52)","모집비[천원]","천원","1.3","1.22795","1.1257","1.01687","1.22151",".3",
"1규모(10~29인)","도,소매 및 소비자용품 수리업(50-52)","교육훈련비[천원]","천원","2","6.42682","6.78801","6.10316","2.69213","2.3",
"1규모(10~29인)","도,소매 및 소비자용품 수리업(50-52)","기타노동비용[천원]","천원","2.3","1.19676","4.04765","11.34461","3.90023","2.7",
"1규모(10~29인)","숙박 및 음식점업(55)","노동비용총액[천원]","천원","1079.2","1074.64735","1102.22211","1031.78793","809.78548","1066.1",
"1규모(10~29인)","숙박 및 음식점업(55)","현금급여총계[천원]","천원","858.4","732.12804","770.37883","870.8449","658.20111","800",
"1규모(10~29인)","숙박 및 음식점업(55)","정액및초과[천원]","천원","832.6","717.46854","764.39958","862.70051","652.03236","781.7",
"1규모(10~29인)","숙박 및 음식점업(55)","상여금등특별급여[천원]","천원","25.8","14.65949","5.97924","8.14439","6.16875","18.3",
"1규모(10~29인)","숙박 및 음식점업(55)","현금급여외 노동비용(계)[천원]","천원","220.9","342.51932","331.84328","160.94303","151.58437","266.1",
"1규모(10~29인)","숙박 및 음식점업(55)","퇴직금등비용[천원]","천원","58.9","50.82174","34.78256","22.96616","47.57929","183.7",
"1규모(10~29인)","숙박 및 음식점업(55)","현물지급비용[천원]","천원","0","143.83885","171.94707","0",".27739","0",
"1규모(10~29인)","숙박 및 음식점업(55)","법정복리비[천원]","천원","80.4","68.20695","61.78153","72.27242","65.40083","62.8",
"1규모(10~29인)","숙박 및 음식점업(55)","법정외복리비[천원]","천원","79.4","63.29029","58.20135","57.18218","29.47896","17.6",
"1규모(10~29인)","숙박 및 음식점업(55)","모집비[천원]","천원","1.1","1.68653","1.65542","1.72025","2.65141",".3",
"1규모(10~29인)","숙박 및 음식점업(55)","교육훈련비[천원]","천원",".2","2.31567","2.66684","2.34631","3.35599","1",
"1규모(10~29인)","숙박 및 음식점업(55)","기타노동비용[천원]","천원",".9","12.35927",".80851","4.45572","2.8405",".6",
"1규모(10~29인)","운수, 창고 및 통신업(60-64)","노동비용총액[천원]","천원","1377.4","826.60208","1211.05441","1418.49305","916.70155","980.7",
"1규모(10~29인)","운수, 창고 및 통신업(60-64)","현금급여총계[천원]","천원","1072.8","583.22655","842.75119","1012.96917","665.42948","687",
"1규모(10~29인)","운수, 창고 및 통신업(60-64)","정액및초과[천원]","천원","979.8","528.15925","782.38442","918.20661","600.58857","636.9",
"1규모(10~29인)","운수, 창고 및 통신업(60-64)","상여금등특별급여[천원]","천원","93","55.06731","60.36676","94.76256","64.84092","50",
"1규모(10~29인)","운수, 창고 및 통신업(60-64)","현금급여외 노동비용(계)[천원]","천원","304.6","243.37552","368.30322","405.52388","251.27207","293.7",
"1규모(10~29인)","운수, 창고 및 통신업(60-64)","퇴직금등비용[천원]","천원","100","98.98516","172.24431","190.31547","69.29193","154.1",
"1규모(10~29인)","운수, 창고 및 통신업(60-64)","현물지급비용[천원]","천원",".7",".50432","2.07444","9.76558","3.86988","1",
"1규모(10~29인)","운수, 창고 및 통신업(60-64)","법정복리비[천원]","천원","121.3","81.10639","107.06046","110.38117","90.09797","72.8",
"1규모(10~29인)","운수, 창고 및 통신업(60-64)","법정외복리비[천원]","천원","81.1","61.50878","84.44571","82.5843","87.19321","64.5",
"1규모(10~29인)","운수, 창고 및 통신업(60-64)","모집비[천원]","천원",".3",".76704",".42591","1.27354",".09478",".1",
"1규모(10~29인)","운수, 창고 및 통신업(60-64)","교육훈련비[천원]","천원",".4",".46523","1.87459","2.22601",".41234",".5",
"1규모(10~29인)","운수, 창고 및 통신업(60-64)","기타노동비용[천원]","천원",".8",".0386",".17781","8.9778",".31195",".7",
"1규모(10~29인)","금융 및 보험업(65-67)","노동비용총액[천원]","천원","2764.3","2415.44254","2346.16775","2432.78032","2551.64755","2037.2",
"1규모(10~29인)","금융 및 보험업(65-67)","현금급여총계[천원]","천원","2170.1","1785.309","1756.32151","1622.1243","1344.59494","1340.9",
"1규모(10~29인)","금융 및 보험업(65-67)","정액및초과[천원]","천원","1529.9","1411.20638","1233.39538","1159.35473","1081.09715","940.6",
"1규모(10~29인)","금융 및 보험업(65-67)","상여금등특별급여[천원]","천원","640.2","374.10262","522.92613","462.76957","263.49779","400.3",
"1규모(10~29인)","금융 및 보험업(65-67)","현금급여외 노동비용(계)[천원]","천원","594.2","630.13354","589.84624","810.65602","1207.05262","696.3",
"1규모(10~29인)","금융 및 보험업(65-67)","퇴직금등비용[천원]","천원","277","334.73713","266.42434","541.76972","983.66967","473.3",
"1규모(10~29인)","금융 및 보험업(65-67)","현물지급비용[천원]","천원","2.7","0","0","2.06995","0","4.6",
"1규모(10~29인)","금융 및 보험업(65-67)","법정복리비[천원]","천원","161.7","145.79492","141.29662","130.75927","106.33262","75.8",
"1규모(10~29인)","금융 및 보험업(65-67)","법정외복리비[천원]","천원","137.6","133.8451","164.95298","113.63301","98.44182","128.4",
"1규모(10~29인)","금융 및 보험업(65-67)","모집비[천원]","천원","1.9","2.0968","3.73804","8.22271","7.77901","2.3",
"1규모(10~29인)","금융 및 보험업(65-67)","교육훈련비[천원]","천원","8.4","8.35076","8.82688","7.97971","7.11697","9.7",
"1규모(10~29인)","금융 및 보험업(65-67)","기타노동비용[천원]","천원","5","5.30884","4.60739","6.22165","3.71252","2.2",
"1규모(10~29인)","부동산 및 사업서비스업(70-74)","노동비용총액[천원]","천원","1590.6","1529.00892","1248.12788","1223.45291","1137.54808","1156.1",
"1규모(10~29인)","부동산 및 사업서비스업(70-74)","현금급여총계[천원]","천원","1306.3","1230.96369","998.03931","949.08841","905.17371","916.9",
"1규모(10~29인)","부동산 및 사업서비스업(70-74)","정액및초과[천원]","천원","1169.5","1105.44231","891.90362","848.16916","811.57162","832.2",
"1규모(10~29인)","부동산 및 사업서비스업(70-74)","상여금등특별급여[천원]","천원","136.8","125.52138","106.13569","100.91925","93.60209","84.7",
"1규모(10~29인)","부동산 및 사업서비스업(70-74)","현금급여외 노동비용(계)[천원]","천원","284.4","298.04523","250.08857","274.3645","232.37436","239.3",
"1규모(10~29인)","부동산 및 사업서비스업(70-74)","퇴직금등비용[천원]","천원","108.1","109.04573","87.11163","101.27678","89.69665","105.2",
"1규모(10~29인)","부동산 및 사업서비스업(70-74)","현물지급비용[천원]","천원",".6","7.69945","7.76843","23.58284",".3924","1.8",
"1규모(10~29인)","부동산 및 사업서비스업(70-74)","법정복리비[천원]","천원","106.8","104.08799","91.54127","80.24963","74.9418","66.7",
"1규모(10~29인)","부동산 및 사업서비스업(70-74)","법정외복리비[천원]","천원","66.2","72.07636","59.15202","62.9001","61.01695","58.4",
"1규모(10~29인)","부동산 및 사업서비스업(70-74)","모집비[천원]","천원",".4",".60307",".61884","2.09951",".21435",".8",
"1규모(10~29인)","부동산 및 사업서비스업(70-74)","교육훈련비[천원]","천원","1.5","2.66028","2.41896","2.19064","2.19862","3.9",
"1규모(10~29인)","부동산 및 사업서비스업(70-74)","기타노동비용[천원]","천원",".8","1.87234","1.47742","2.06498","3.91359","2.5",
"1규모(10~29인)","교육 서비스업(80)","노동비용총액[천원]","천원","1907.3","1857.68558","1520.96203","1483.47579","1112.25875","1089.2",
"1규모(10~29인)","교육 서비스업(80)","현금급여총계[천원]","천원","1671.8","1602.12727","1315.28528","1291.70596","914.51545","950.7",
"1규모(10~29인)","교육 서비스업(80)","정액및초과[천원]","천원","1380","1337.26144","1069.89113","1095.49649","814.58442","838.1",
"1규모(10~29인)","교육 서비스업(80)","상여금등특별급여[천원]","천원","291.8","264.86583","245.39415","196.20947","99.93103","112.6",
"1규모(10~29인)","교육 서비스업(80)","현금급여외 노동비용(계)[천원]","천원","235.5","255.55831","205.67675","191.76982","197.7433","138.5",
"1규모(10~29인)","교육 서비스업(80)","퇴직금등비용[천원]","천원","62.7","42.60282","33.52016","28.80316","37.89655","21.3",
"1규모(10~29인)","교육 서비스업(80)","현물지급비용[천원]","천원","0","0","0","0",".25543","0",
"1규모(10~29인)","교육 서비스업(80)","법정복리비[천원]","천원","110","117.85737","107.72077","101.06947","92.28097","65.9",
"1규모(10~29인)","교육 서비스업(80)","법정외복리비[천원]","천원","59.8","91.51254","61.38609","56.79789","56.38544","46.6",
"1규모(10~29인)","교육 서비스업(80)","모집비[천원]","천원",".6",".26959",".0336","1.42316","8.43806","2.9",
"1규모(10~29인)","교육 서비스업(80)","교육훈련비[천원]","천원","2.1","3.31599","2.38743","3.09719","1.88301","1.5",
"1규모(10~29인)","교육 서비스업(80)","기타노동비용[천원]","천원",".2","0",".6287",".57895",".60383",".4",
"1규모(10~29인)","보건 및 사회복지사업(85)","노동비용총액[천원]","천원","1564.6","1528.22141","1671.48345","1297.19299","1187.6564","1185.4",
"1규모(10~29인)","보건 및 사회복지사업(85)","현금급여총계[천원]","천원","1269.5","1165.6489","1339.02489","1039.26307","942.19707","977.6",
"1규모(10~29인)","보건 및 사회복지사업(85)","정액및초과[천원]","천원","1138.9","1032.67544","1190.46702","938.57879","846.6309","827.7",
"1규모(10~29인)","보건 및 사회복지사업(85)","상여금등특별급여[천원]","천원","130.6","132.97346","148.55788","100.68428","95.56617","149.9",
"1규모(10~29인)","보건 및 사회복지사업(85)","현금급여외 노동비용(계)[천원]","천원","295.1","362.57251","332.45855","257.92992","245.45932","207.8",
"1규모(10~29인)","보건 및 사회복지사업(85)","퇴직금등비용[천원]","천원","65.8","145.48921","63.93602","80.53232","50.43339","59.6",
"1규모(10~29인)","보건 및 사회복지사업(85)","현물지급비용[천원]","천원","0","0",".4481",".05996",".09754","8.6",
"1규모(10~29인)","보건 및 사회복지사업(85)","법정복리비[천원]","천원","109","107.22745","123.28628","84.82462","75.21592","68.8",
"1규모(10~29인)","보건 및 사회복지사업(85)","법정외복리비[천원]","천원","113.4","104.24795","138.73289","85.90912","115.3241","67.3",
"1규모(10~29인)","보건 및 사회복지사업(85)","모집비[천원]","천원",".8","1.0546","1.71197",".40453",".79317",".6",
"1규모(10~29인)","보건 및 사회복지사업(85)","교육훈련비[천원]","천원","2.2","1.87743","2.45357","2.12966","1.66016","1.7",
"1규모(10~29인)","보건 및 사회복지사업(85)","기타노동비용[천원]","천원","3.8","2.67587","1.88972","4.0697","1.93505","1.3",
"1규모(10~29인)","기타 공공, 사회 및 개인서비스업(90-93)","노동비용총액[천원]","천원","1722.5","1522.9317","1441.46827","1317.68014","1203.90467","1344.9",
"1규모(10~29인)","기타 공공, 사회 및 개인서비스업(90-93)","현금급여총계[천원]","천원","1385.3","1114.25503","1040.12269","995.71969","872.92029","1033.8",
"1규모(10~29인)","기타 공공, 사회 및 개인서비스업(90-93)","정액및초과[천원]","천원","1154.1","993.32027","912.02399","833.74059","769.37433","888.7",
"1규모(10~29인)","기타 공공, 사회 및 개인서비스업(90-93)","상여금등특별급여[천원]","천원","231.1","120.93476","128.09871","161.97909","103.54596","145.1",
"1규모(10~29인)","기타 공공, 사회 및 개인서비스업(90-93)","현금급여외 노동비용(계)[천원]","천원","337.3","408.67667","401.34557","321.96045","330.98438","311.1",
"1규모(10~29인)","기타 공공, 사회 및 개인서비스업(90-93)","퇴직금등비용[천원]","천원","89.9","132.8041","163.05867","137.35436","137.62172","174.4",
"1규모(10~29인)","기타 공공, 사회 및 개인서비스업(90-93)","현물지급비용[천원]","천원","0","70.73634","15.21956","0",".08151","0",
"1규모(10~29인)","기타 공공, 사회 및 개인서비스업(90-93)","법정복리비[천원]","천원","131.3","118.43063","112.69815","102.12213","112.23573","66.8",
"1규모(10~29인)","기타 공공, 사회 및 개인서비스업(90-93)","법정외복리비[천원]","천원","107.6","82.20902","105.87251","79.67892","76.16122","64.4",
"1규모(10~29인)","기타 공공, 사회 및 개인서비스업(90-93)","모집비[천원]","천원",".1",".05392",".66458",".16028",".54399","1.3",
"1규모(10~29인)","기타 공공, 사회 및 개인서비스업(90-93)","교육훈련비[천원]","천원",".4","1.06057","1.16033",".40052",".46284",".5",
"1규모(10~29인)","기타 공공, 사회 및 개인서비스업(90-93)","기타노동비용[천원]","천원","7.9","3.3821","2.67177","2.24425","3.87738","3.7",
"2규모(30~99인)","전산업","노동비용총액[천원]","천원","1924.9","1835.26532","1661.99509","1526.37659","1442.07296","1329.8",
"2규모(30~99인)","전산업","현금급여총계[천원]","천원","1463.1","1353.12794","1219.12015","1157.32395","1021.51244","990.1",
"2규모(30~99인)","전산업","정액및초과[천원]","천원","1245.4","1173.39157","1061.46765","983.08398","896.00781","877.6",
"2규모(30~99인)","전산업","상여금등특별급여[천원]","천원","217.7","179.73637","157.6525","174.23997","125.50464","112.5",
"2규모(30~99인)","전산업","현금급여외 노동비용(계)[천원]","천원","461.9","482.13738","442.87494","369.05264","420.56052","339.8",
"2규모(30~99인)","전산업","퇴직금등비용[천원]","천원","183.2","224.9787","195.31749","137.27562","207.35971","164.1",
"2규모(30~99인)","전산업","현물지급비용[천원]","천원",".8","4.576","4.4037","3.13385","3.83306","3.5",
"2규모(30~99인)","전산업","법정복리비[천원]","천원","149.5","137.90859","128.45167","116.51998","109.25893","82.2",
"2규모(30~99인)","전산업","법정외복리비[천원]","천원","115.6","102.14899","96.89995","95.54871","88.90008","80.7",
"2규모(30~99인)","전산업","모집비[천원]","천원","1.6","2.5195","3.31543","1.81507","1.88207","1.2",
"2규모(30~99인)","전산업","교육훈련비[천원]","천원","6.2","5.63318","8.65954","6.80203","5.56653","5",
"2규모(30~99인)","전산업","기타노동비용[천원]","천원","4.9","4.37243","5.82716","7.95737","3.76015","2.9",
"2규모(30~99인)","광 업(10-14)","노동비용총액[천원]","천원","2790","2808.45345","2928.01051","2033.79378","1989.40034","1507.9",
"2규모(30~99인)","광 업(10-14)","현금급여총계[천원]","천원","1788.9","1803.78951","2077.61574","1387.76566","1280.5758","1145.2",
"2규모(30~99인)","광 업(10-14)","정액및초과[천원]","천원","1474.6","1418.22796","1944.06969","1156.3936","1109.55397","981.1",
"2규모(30~99인)","광 업(10-14)","상여금등특별급여[천원]","천원","314.3","385.56155","133.54605","231.37205","171.02183","164.1",
"2규모(30~99인)","광 업(10-14)","현금급여외 노동비용(계)[천원]","천원","1001.1","1004.66393","850.39477","646.02812","708.82454","362.7",
"2규모(30~99인)","광 업(10-14)","퇴직금등비용[천원]","천원","247.6","460.66594","313.83534","145.38046","255.98977","138.4",
"2규모(30~99인)","광 업(10-14)","현물지급비용[천원]","천원","4.8","4.27482","11.00676","10.3491","5.16832","6.2",
"2규모(30~99인)","광 업(10-14)","법정복리비[천원]","천원","661.8","433.53897","446.75038","401.72965","369.10794","172",
"2규모(30~99인)","광 업(10-14)","법정외복리비[천원]","천원","82.9","93.93613","70.02965","83.23881","73.33412","41.1",
"2규모(30~99인)","광 업(10-14)","모집비[천원]","천원","0","3.58877",".752",".65388",".08075",".8",
"2규모(30~99인)","광 업(10-14)","교육훈련비[천원]","천원","1.9","7.84117","7.26939","2.50618",".2584","1.4",
"2규모(30~99인)","광 업(10-14)","기타노동비용[천원]","천원","2.1",".81813",".75125","2.17004","4.88525","2.7",
"2규모(30~99인)","제 조 업(15-37)","노동비용총액[천원]","천원","1666.3","1623.64678","1430.42444","1337.28101","1236.96924","1243.4",
"2규모(30~99인)","제 조 업(15-37)","현금급여총계[천원]","천원","1230","1198.61294","1076.98105","1011.93634","938.31699","932.5",
"2규모(30~99인)","제 조 업(15-37)","정액및초과[천원]","천원","1116.5","1085.44305","964.01476","900.95126","855.67667","864.5",
"2규모(30~99인)","제 조 업(15-37)","상여금등특별급여[천원]","천원","113.5","113.16989","112.96629","110.98508","82.64032","68",
"2규모(30~99인)","제 조 업(15-37)","현금급여외 노동비용(계)[천원]","천원","436.2","425.03385","353.44339","325.34467","298.65225","310.9",
"2규모(30~99인)","제 조 업(15-37)","퇴직금등비용[천원]","천원","168.6","170.02121","114.56789","106.30996","101.35991","140",
"2규모(30~99인)","제 조 업(15-37)","현물지급비용[천원]","천원",".7","2.14488","7.35225","1.49962","3.06681","5.7",
"2규모(30~99인)","제 조 업(15-37)","법정복리비[천원]","천원","132.9","123.58501","114.99931","105.26827","92.30424","74.6",
"2규모(30~99인)","제 조 업(15-37)","법정외복리비[천원]","천원","124.7","118.04832","104.83817","103.71217","93.288","83.6",
"2규모(30~99인)","제 조 업(15-37)","모집비[천원]","천원","1","2.08807","2.72894",".95013",".92473","1",
"2규모(30~99인)","제 조 업(15-37)","교육훈련비[천원]","천원","4.2","4.11329","4.66727","3.81368","3.8211","3.5",
"2규모(30~99인)","제 조 업(15-37)","기타노동비용[천원]","천원","4.1","5.03307","4.28957","3.79084","3.88745","2.5",
"2규모(30~99인)","전기, 가스 및 수도사업(40-41)","노동비용총액[천원]","천원","3717.6","2884.75695","3259.79701","2500.23252","2230.99902","1814.8",
"2규모(30~99인)","전기, 가스 및 수도사업(40-41)","현금급여총계[천원]","천원","2915.6","2286.34047","2674.94103","1864.27219","1720.24509","1501.8",
"2규모(30~99인)","전기, 가스 및 수도사업(40-41)","정액및초과[천원]","천원","1828.7","1469.2893","2074.68818","1390.55033","1267.36027","1214.8",
"2규모(30~99인)","전기, 가스 및 수도사업(40-41)","상여금등특별급여[천원]","천원","1087","817.05117","600.25285","473.72185","452.88482","287",
"2규모(30~99인)","전기, 가스 및 수도사업(40-41)","현금급여외 노동비용(계)[천원]","천원","802","598.41648","584.85599","635.96033","510.75393","313.1",
"2규모(30~99인)","전기, 가스 및 수도사업(40-41)","퇴직금등비용[천원]","천원","130.4","121.90947","85.41255","124.0837","169.72055","102.8",
"2규모(30~99인)","전기, 가스 및 수도사업(40-41)","현물지급비용[천원]","천원","5.3","0","0","0","1.67997","1",
"2규모(30~99인)","전기, 가스 및 수도사업(40-41)","법정복리비[천원]","천원","251.5","201.3968","148.33181","135.87526","108.77291","79.3",
"2규모(30~99인)","전기, 가스 및 수도사업(40-41)","법정외복리비[천원]","천원","345.9","226.20074","291.48823","328.87663","209.68063","115.9",
"2규모(30~99인)","전기, 가스 및 수도사업(40-41)","모집비[천원]","천원",".8",".07626",".10782","0",".01963",".6",
"2규모(30~99인)","전기, 가스 및 수도사업(40-41)","교육훈련비[천원]","천원","50.4","35.58352","50.44318","38.67141","17.25327","8.4",
"2규모(30~99인)","전기, 가스 및 수도사업(40-41)","기타노동비용[천원]","천원","17.7","13.24969","9.07239","8.45334","3.62696","5",
"2규모(30~99인)","건설업(45)","노동비용총액[천원]","천원","1958","1907.20959","1788.74197","1618.44391","1473.74389","1451.4",
"2규모(30~99인)","건설업(45)","현금급여총계[천원]","천원","1450","1463.46905","1257.03908","1171.26843","1102.62626","1026.2",
"2규모(30~99인)","건설업(45)","정액및초과[천원]","천원","1342.5","1391.01183","1167.32335","1081.45268","1011.24781","962.3",
"2규모(30~99인)","건설업(45)","상여금등특별급여[천원]","천원","107.5","72.45723","89.71572","89.81575","91.37846","63.9",
"2규모(30~99인)","건설업(45)","현금급여외 노동비용(계)[천원]","천원","508","443.74054","531.7029","447.17548","371.11762","425.2",
"2규모(30~99인)","건설업(45)","퇴직금등비용[천원]","천원","107.2","150.29778","148.60509","120.44324","106.55017","178.6",
"2규모(30~99인)","건설업(45)","현물지급비용[천원]","천원",".5","1.45114",".46134","28.04899","0","0",
"2규모(30~99인)","건설업(45)","법정복리비[천원]","천원","264.1","213.1955","215.20211","176.43652","195.3661","196.5",
"2규모(30~99인)","건설업(45)","법정외복리비[천원]","천원","119.4","70.59745","89.79604","72.17153","54.62659","36.6",
"2규모(30~99인)","건설업(45)","모집비[천원]","천원","5","1.71106",".7363",".09392",".00133","0",
"2규모(30~99인)","건설업(45)","교육훈련비[천원]","천원","10.1","4.54995","45.73561","22.8932","12.93999","12.1",
"2규모(30~99인)","건설업(45)","기타노동비용[천원]","천원","1.8","1.93766","31.16641","27.08807","1.63344","1.5",
"2규모(30~99인)","도,소매 및 소비자용품 수리업(50-52)","노동비용총액[천원]","천원","2099.1","2061.1446","1746.16135","1417.82124","1365.45524","1276.7",
"2규모(30~99인)","도,소매 및 소비자용품 수리업(50-52)","현금급여총계[천원]","천원","1692.7","1554.77755","1389.96986","1154.2446","1070.77399","1018",
"2규모(30~99인)","도,소매 및 소비자용품 수리업(50-52)","정액및초과[천원]","천원","1455.1","1346.56213","1124.58731","955.23524","958.75481","889.8",
"2규모(30~99인)","도,소매 및 소비자용품 수리업(50-52)","상여금등특별급여[천원]","천원","237.7","208.21542","265.38254","199.00937","112.01918","128.2",
"2규모(30~99인)","도,소매 및 소비자용품 수리업(50-52)","현금급여외 노동비용(계)[천원]","천원","406.4","506.36705","356.1915","263.57664","294.68124","258.7",
"2규모(30~99인)","도,소매 및 소비자용품 수리업(50-52)","퇴직금등비용[천원]","천원","188.6","277.27219","160.67226","104.33856","128.94654","117.8",
"2규모(30~99인)","도,소매 및 소비자용품 수리업(50-52)","현물지급비용[천원]","천원",".5",".4728","4.35978",".29514","0",".1",
"2규모(30~99인)","도,소매 및 소비자용품 수리업(50-52)","법정복리비[천원]","천원","131.2","136.78485","112.22004","96.53811","93.31396","69.9",
"2규모(30~99인)","도,소매 및 소비자용품 수리업(50-52)","법정외복리비[천원]","천원","73.8","82.41748","71.07107","53.95057","64.07994","54.1",
"2규모(30~99인)","도,소매 및 소비자용품 수리업(50-52)","모집비[천원]","천원","2.7","2.49243","2.0276","2.17239","2.33407","3.7",
"2규모(30~99인)","도,소매 및 소비자용품 수리업(50-52)","교육훈련비[천원]","천원","3.2","5.16037","3.83046","4.7664","3.04723","11.9",
"2규모(30~99인)","도,소매 및 소비자용품 수리업(50-52)","기타노동비용[천원]","천원","6.5","1.76693","2.01028","1.51548","2.95949","1.2",
"2규모(30~99인)","숙박 및 음식점업(55)","노동비용총액[천원]","천원","1228.7","1285.75232","1203.18564","1156.71324","873.67967","979.6",
"2규모(30~99인)","숙박 및 음식점업(55)","현금급여총계[천원]","천원","930.2","880.48327","837.37011","812.91807","670.23379","795.9",
"2규모(30~99인)","숙박 및 음식점업(55)","정액및초과[천원]","천원","889.9","843.77649","811.63107","764.37421","641.55537","753.3",
"2규모(30~99인)","숙박 및 음식점업(55)","상여금등특별급여[천원]","천원","40.3","36.70678","25.73904","48.54386","28.67841","42.6",
"2규모(30~99인)","숙박 및 음식점업(55)","현금급여외 노동비용(계)[천원]","천원","298.5","405.26905","365.81553","343.79517","203.44589","183.6",
"2규모(30~99인)","숙박 및 음식점업(55)","퇴직금등비용[천원]","천원","87.2","221.44796","142.34216","165.9031","60.5252","72.7",
"2규모(30~99인)","숙박 및 음식점업(55)","현물지급비용[천원]","천원","0","0","0","0",".78031","0",
"2규모(30~99인)","숙박 및 음식점업(55)","법정복리비[천원]","천원","84.1","80.98792","86.08002","88.26313","68.01265","58.1",
"2규모(30~99인)","숙박 및 음식점업(55)","법정외복리비[천원]","천원","111.1","97.39173","127.55163","84.87999","69.61807","49.1",
"2규모(30~99인)","숙박 및 음식점업(55)","모집비[천원]","천원","2.6","2.00279","1.33863",".48845","3.03415",".3",
"2규모(30~99인)","숙박 및 음식점업(55)","교육훈련비[천원]","천원","1.4",".19284",".7155","1.39338",".98771","1.1",
"2규모(30~99인)","숙박 및 음식점업(55)","기타노동비용[천원]","천원","12.2","3.24582","7.78758","2.86712",".4878","2.3",
"2규모(30~99인)","운수, 창고 및 통신업(60-64)","노동비용총액[천원]","천원","1649.3","1495.40966","1349.02035","1242.27553","1341.81352","1133.6",
"2규모(30~99인)","운수, 창고 및 통신업(60-64)","현금급여총계[천원]","천원","1178.2","983.74617","910.56402","881.29949","889.45043","793.8",
"2규모(30~99인)","운수, 창고 및 통신업(60-64)","정액및초과[천원]","천원","1052.3","879.01394","819.77591","752.77812","772.47706","690.7",
"2규모(30~99인)","운수, 창고 및 통신업(60-64)","상여금등특별급여[천원]","천원","125.9","104.73223","90.78811","128.52137","116.97337","103.1",
"2규모(30~99인)","운수, 창고 및 통신업(60-64)","현금급여외 노동비용(계)[천원]","천원","471.2","511.66349","438.45633","360.97604","452.36309","339.8",
"2규모(30~99인)","운수, 창고 및 통신업(60-64)","퇴직금등비용[천원]","천원","209.6","234.4214","223.31257","148.5039","247.0109","146.7",
"2규모(30~99인)","운수, 창고 및 통신업(60-64)","현물지급비용[천원]","천원","0","49.92271","0","0",".04426",".4",
"2규모(30~99인)","운수, 창고 및 통신업(60-64)","법정복리비[천원]","천원","128","117.20255","112.43985","105.40287","98.80272","82.7",
"2규모(30~99인)","운수, 창고 및 통신업(60-64)","법정외복리비[천원]","천원","127","97.38161","95.77051","98.82183","98.02808","100.8",
"2규모(30~99인)","운수, 창고 및 통신업(60-64)","모집비[천원]","천원",".6",".64606","1.06984","1.38224",".25418",".1",
"2규모(30~99인)","운수, 창고 및 통신업(60-64)","교육훈련비[천원]","천원","2.3","5.10028","2.93131","3.46684","2.17568","2.5",
"2규모(30~99인)","운수, 창고 및 통신업(60-64)","기타노동비용[천원]","천원","3.7","6.98888","2.93225","3.39837","6.04727","6.5",
"2규모(30~99인)","금융 및 보험업(65-67)","노동비용총액[천원]","천원","3737.3","3485.17366","3602.7189","3094.06084","2632.05814","2424.4",
"2규모(30~99인)","금융 및 보험업(65-67)","현금급여총계[천원]","천원","2898","2305.38019","2143.67547","2204.67103","1490.22817","1427.3",
"2규모(30~99인)","금융 및 보험업(65-67)","정액및초과[천원]","천원","1815.7","1709.60968","1622.77053","1504.17937","1182.8962","1089.3",
"2규모(30~99인)","금융 및 보험업(65-67)","상여금등특별급여[천원]","천원","1082.3","595.77051","520.90493","700.49166","307.33197","338",
"2규모(30~99인)","금융 및 보험업(65-67)","현금급여외 노동비용(계)[천원]","천원","839.3","1179.79347","1459.04343","889.38981","1141.82997","997.1",
"2규모(30~99인)","금융 및 보험업(65-67)","퇴직금등비용[천원]","천원","453.2","888.54739","1141.9016","570.14346","808.44668","715.6",
"2규모(30~99인)","금융 및 보험업(65-67)","현물지급비용[천원]","천원",".1",".34835",".24414","0","32.73764","2.7",
"2규모(30~99인)","금융 및 보험업(65-67)","법정복리비[천원]","천원","201","178.4679","175.53139","135.17597","144.20059","97",
"2규모(30~99인)","금융 및 보험업(65-67)","법정외복리비[천원]","천원","161.3","94.67267","112.21928","118.08037","130.6107","168.8",
"2규모(30~99인)","금융 및 보험업(65-67)","모집비[천원]","천원","1.4","4.46787",".60424",".13032","8.99904","2.1",
"2규모(30~99인)","금융 및 보험업(65-67)","교육훈련비[천원]","천원","12.5","8.5243","10.69691","13.84284","11.33692","6.8",
"2규모(30~99인)","금융 및 보험업(65-67)","기타노동비용[천원]","천원","9.9","4.76499","17.84586","52.01685","5.49841","4.1",
"2규모(30~99인)","부동산 및 사업서비스업(70-74)","노동비용총액[천원]","천원","1870","1475.08307","1376.68649","1435.5775","1606.70065","1219.2",
"2규모(30~99인)","부동산 및 사업서비스업(70-74)","현금급여총계[천원]","천원","1440.9","1158.45369","1050.1718","1123.53196","1054.76556","950.4",
"2규모(30~99인)","부동산 및 사업서비스업(70-74)","정액및초과[천원]","천원","1279","1022.26884","929.855","960.39572","883.63783","833",
"2규모(30~99인)","부동산 및 사업서비스업(70-74)","상여금등특별급여[천원]","천원","161.9","136.18485","120.3168","163.13624","171.12774","117.4",
"2규모(30~99인)","부동산 및 사업서비스업(70-74)","현금급여외 노동비용(계)[천원]","천원","429.2","316.62938","326.51469","312.04554","551.93508","268.8",
"2규모(30~99인)","부동산 및 사업서비스업(70-74)","퇴직금등비용[천원]","천원","207.9","132.78858","122.32167","111.23178","364.40503","129.8",
"2규모(30~99인)","부동산 및 사업서비스업(70-74)","현물지급비용[천원]","천원","2.3","2.7636","1.46302","5.70346","2.05347",".7",
"2규모(30~99인)","부동산 및 사업서비스업(70-74)","법정복리비[천원]","천원","118.7","103.05742","96.27564","91.15454","91.07682","68.6",
"2규모(30~99인)","부동산 및 사업서비스업(70-74)","법정외복리비[천원]","천원","77","60.3095","73.56787","74.0102","71.2213","54.9",
"2규모(30~99인)","부동산 및 사업서비스업(70-74)","모집비[천원]","천원",".9","1.68512","13.19791","7.4959","4.79611","1.1",
"2규모(30~99인)","부동산 및 사업서비스업(70-74)","교육훈련비[천원]","천원","12.9","11.31859","17.63916","13.78036","14.25703","10.6",
"2규모(30~99인)","부동산 및 사업서비스업(70-74)","기타노동비용[천원]","천원","9.4","4.70657","2.04942","8.6693","4.12532","3.1",
"2규모(30~99인)","교육 서비스업(80)","노동비용총액[천원]","천원","2550.2","2208.22237","1779.46975","1669.7135","1415.12051","1648.8",
"2규모(30~99인)","교육 서비스업(80)","현금급여총계[천원]","천원","2303","1962.60717","1579.41976","1484.6632","1254.29422","1499",
"2규모(30~99인)","교육 서비스업(80)","정액및초과[천원]","천원","1792.6","1494.8076","1283.26868","1208.40869","1010.85329","1143.9",
"2규모(30~99인)","교육 서비스업(80)","상여금등특별급여[천원]","천원","510.4","467.79957","296.15108","276.25451","243.44093","355.1",
"2규모(30~99인)","교육 서비스업(80)","현금급여외 노동비용(계)[천원]","천원","247.3","245.6152","200.04999","185.05031","160.82629","149.7",
"2규모(30~99인)","교육 서비스업(80)","퇴직금등비용[천원]","천원","38.5","45.72272","27.10166","28.68663","30.75419","27.8",
"2규모(30~99인)","교육 서비스업(80)","현물지급비용[천원]","천원","0","0","0","0","0","0",
"2규모(30~99인)","교육 서비스업(80)","법정복리비[천원]","천원","147.1","130.4798","116.85396","94.82459","93.46993","69.3",
"2규모(30~99인)","교육 서비스업(80)","법정외복리비[천원]","천원","47.8","52.82081","52.37332","55.99221","32.83676","43.7",
"2규모(30~99인)","교육 서비스업(80)","모집비[천원]","천원","10.6","15.71731","2.41696","2.5114","1.53642","5.8",
"2규모(30~99인)","교육 서비스업(80)","교육훈련비[천원]","천원","3",".73561","1.1306","2.08683","1.89167","1.8",
"2규모(30~99인)","교육 서비스업(80)","기타노동비용[천원]","천원",".3",".13895",".17349",".94864",".33732","1.4",
"2규모(30~99인)","보건 및 사회복지사업(85)","노동비용총액[천원]","천원","1778.1","1725.79955","1709.13736","1428.03129","1199.0658","1159.6",
"2규모(30~99인)","보건 및 사회복지사업(85)","현금급여총계[천원]","천원","1495.3","1417.69342","1392.43728","1219.04617","1013.77916","924.2",
"2규모(30~99인)","보건 및 사회복지사업(85)","정액및초과[천원]","천원","1309.1","1238.20731","1245.92566","1176.23754","935.53507","816.2",
"2규모(30~99인)","보건 및 사회복지사업(85)","상여금등특별급여[천원]","천원","186.3","179.48611","146.51162","42.80864","78.24408","108",
"2규모(30~99인)","보건 및 사회복지사업(85)","현금급여외 노동비용(계)[천원]","천원","282.8","308.10613","316.70008","208.98512","185.28664","235.4",
"2규모(30~99인)","보건 및 사회복지사업(85)","퇴직금등비용[천원]","천원","112.7","122.92102","115.72996","68.11049","42.4212","44.9",
"2규모(30~99인)","보건 및 사회복지사업(85)","현물지급비용[천원]","천원","0","0",".09057","0",".17192",".1",
"2규모(30~99인)","보건 및 사회복지사업(85)","법정복리비[천원]","천원","115","109.15075","104.23826","84.78423","74.40582","69.8",
"2규모(30~99인)","보건 및 사회복지사업(85)","법정외복리비[천원]","천원","48.7","70.69257","88.48732","50.80989","64.11228","113.6",
"2규모(30~99인)","보건 및 사회복지사업(85)","모집비[천원]","천원",".7",".42827","1.88785",".67033",".43288",".2",
"2규모(30~99인)","보건 및 사회복지사업(85)","교육훈련비[천원]","천원","4.7","3.15075","2.47004","4.02774","2.42789","1.7",
"2규모(30~99인)","보건 및 사회복지사업(85)","기타노동비용[천원]","천원","1","1.76278","3.79608",".58244","1.31466","5.1",
"2규모(30~99인)","기타 공공, 사회 및 개인서비스업(90-93)","노동비용총액[천원]","천원","1809.6","1949.788","1601.66077","1622.79479","1890.08031","1001.6",
"2규모(30~99인)","기타 공공, 사회 및 개인서비스업(90-93)","현금급여총계[천원]","천원","1401.4","1421.51748","1162.22653","1196.10731","950.2709","773.8",
"2규모(30~99인)","기타 공공, 사회 및 개인서비스업(90-93)","정액및초과[천원]","천원","1224.2","1202.92755","1015.03121","936.6587","770.78789","707.6",
"2규모(30~99인)","기타 공공, 사회 및 개인서비스업(90-93)","상여금등특별급여[천원]","천원","177.2","218.58992","147.19532","259.4486","179.48301","66.2",
"2규모(30~99인)","기타 공공, 사회 및 개인서비스업(90-93)","현금급여외 노동비용(계)[천원]","천원","408.2","528.27052","439.43425","426.68748","939.80941","227.7",
"2규모(30~99인)","기타 공공, 사회 및 개인서비스업(90-93)","퇴직금등비용[천원]","천원","141.5","212.52106","216.5129","168.48602","676.86704","90.8",
"2규모(30~99인)","기타 공공, 사회 및 개인서비스업(90-93)","현물지급비용[천원]","천원","0","0","0","0","0","3",
"2규모(30~99인)","기타 공공, 사회 및 개인서비스업(90-93)","법정복리비[천원]","천원","139.6","158.98125","130.03365","119.19689","103.07204","61.7",
"2규모(30~99인)","기타 공공, 사회 및 개인서비스업(90-93)","법정외복리비[천원]","천원","119.8","145.59057","86.29898","132.85197","155.31813","67.9",
"2규모(30~99인)","기타 공공, 사회 및 개인서비스업(90-93)","모집비[천원]","천원",".4","2.53251","1.2935","1.80597","1.94744",".2",
"2규모(30~99인)","기타 공공, 사회 및 개인서비스업(90-93)","교육훈련비[천원]","천원","5.1","6.42394","3.7292","2.44225",".71896","2.6",
"2규모(30~99인)","기타 공공, 사회 및 개인서비스업(90-93)","기타노동비용[천원]","천원","1.7","2.22118","1.56602","1.90438","1.88581","1.6",
"3규모(100~299인)","전산업","노동비용총액[천원]","천원","2198.8","2202.63702","1896.12431","1715.91316","1748.81465","1586.6",
"3규모(100~299인)","전산업","현금급여총계[천원]","천원","1630.6","1504.43737","1378.0814","1241.17175","1198.03466","1100.1",
"3규모(100~299인)","전산업","정액및초과[천원]","천원","1336.5","1257.28697","1141.57266","1026.42305","1000.89136","926.8",
"3규모(100~299인)","전산업","상여금등특별급여[천원]","천원","294","247.1504","236.50875","214.7487","197.14331","173.3",
"3규모(100~299인)","전산업","현금급여외 노동비용(계)[천원]","천원","568.2","698.19965","518.04291","474.74141","550.77999","486.4",
"3규모(100~299인)","전산업","퇴직금등비용[천원]","천원","245.3","394.21864","239.09231","203.00157","287.79722","292.8",
"3규모(100~299인)","전산업","현물지급비용[천원]","천원","1.3","2.17967","1.30892","14.40801","3.66344","1",
"3규모(100~299인)","전산업","법정복리비[천원]","천원","175","159.10809","146.37301","129.30855","132.88135","94.7",
"3규모(100~299인)","전산업","법정외복리비[천원]","천원","126.8","123.13656","113.68896","106.39007","110.13006","87.4",
"3규모(100~299인)","전산업","모집비[천원]","천원","1.7","1.89427","1.75408","2.42762","1.8433","1.2",
"3규모(100~299인)","전산업","교육훈련비[천원]","천원","10.9","11.26981","8.89176","8.86449","8.58931","6.2",
"3규모(100~299인)","전산업","기타노동비용[천원]","천원","7.3","6.3926","6.93388","10.34111","5.87531","3.1",
"3규모(100~299인)","광 업(10-14)","노동비용총액[천원]","천원","3305.1","2399.37989","2824.49313","1697.69962","1800.9572","1861.2",
"3규모(100~299인)","광 업(10-14)","현금급여총계[천원]","천원","2181.4","1639.48714","2134.95132","1046.41937","1254.44718","1190.5",
"3규모(100~299인)","광 업(10-14)","정액및초과[천원]","천원","1680.3","1296.92123","2007.76747","876.66068","1030.44198","984.1",
"3규모(100~299인)","광 업(10-14)","상여금등특별급여[천원]","천원","501.1","342.56591","127.18385","169.7587","224.0052","206.5",
"3규모(100~299인)","광 업(10-14)","현금급여외 노동비용(계)[천원]","천원","1123.7","759.89274","689.54181","651.28025","546.51001","670.7",
"3규모(100~299인)","광 업(10-14)","퇴직금등비용[천원]","천원","115.3","127.02629","98.4957","49.59511","73.41086","262.5",
"3규모(100~299인)","광 업(10-14)","현물지급비용[천원]","천원","9.8","5.96826","0","0","3.44748","2.8",
"3규모(100~299인)","광 업(10-14)","법정복리비[천원]","천원","898.6","546.56629","530.88846","417.20519","348.24298","301.3",
"3규모(100~299인)","광 업(10-14)","법정외복리비[천원]","천원","88.6","71.89198","54.63445","120.30005","115.07942","99.7",
"3규모(100~299인)","광 업(10-14)","모집비[천원]","천원","2.3","1.95268","0",".09153",".34803",".2",
"3규모(100~299인)","광 업(10-14)","교육훈련비[천원]","천원","4.4","3.45818",".18986","60.76469","1.69929","1.4",
"3규모(100~299인)","광 업(10-14)","기타노동비용[천원]","천원","4.7","3.02906","5.33333","3.32368","4.28196","2.7",
"3규모(100~299인)","제 조 업(15-37)","노동비용총액[천원]","천원","1887","2144.04454","1685.36891","1540.14079","1620.61094","1357",
"3규모(100~299인)","제 조 업(15-37)","현금급여총계[천원]","천원","1358.7","1364.07312","1217.10379","1099.88876","1147.11248","959.9",
"3규모(100~299인)","제 조 업(15-37)","정액및초과[천원]","천원","1178.7","1190.79789","1045.12265","938.52455","970.74082","857.3",
"3규모(100~299인)","제 조 업(15-37)","상여금등특별급여[천원]","천원","180","173.27522","171.98114","161.36422","176.37166","102.6",
"3규모(100~299인)","제 조 업(15-37)","현금급여외 노동비용(계)[천원]","천원","528.4","779.97142","468.26513","440.25203","473.49846","397.1",
"3규모(100~299인)","제 조 업(15-37)","퇴직금등비용[천원]","천원","222.8","483.53796","200.33781","157.73188","192.96566","207.2",
"3규모(100~299인)","제 조 업(15-37)","현물지급비용[천원]","천원","1.2","2.10524","1.12938","29.53576","5.76015","1.2",
"3규모(100~299인)","제 조 업(15-37)","법정복리비[천원]","천원","153","141.39719","131.04873","109.88476","127.76881","80.3",
"3규모(100~299인)","제 조 업(15-37)","법정외복리비[천원]","천원","134.7","133.18485","116.1299","115.29059","129.16675","99.1",
"3규모(100~299인)","제 조 업(15-37)","모집비[천원]","천원","1.5","1.85821","1.5179","2.87556","1.22287",".8",
"3규모(100~299인)","제 조 업(15-37)","교육훈련비[천원]","천원","9.2","11.57369","8.86841","8.38499","9.6157","5.8",
"3규모(100~299인)","제 조 업(15-37)","기타노동비용[천원]","천원","6.1","6.31427","9.23299","16.54848","6.99852","2.7",
"3규모(100~299인)","전기, 가스 및 수도사업(40-41)","노동비용총액[천원]","천원","4416.7","3665.77338","4392.47499","2983.35207","2899.04456","2590.4",
"3규모(100~299인)","전기, 가스 및 수도사업(40-41)","현금급여총계[천원]","천원","3343.8","2885.32471","3621.0626","2186.84318","2215.08365","1780.6",
"3규모(100~299인)","전기, 가스 및 수도사업(40-41)","정액및초과[천원]","천원","2176.4","1927.8702","2443.47225","1566.79984","1384.23351","1338.8",
"3규모(100~299인)","전기, 가스 및 수도사업(40-41)","상여금등특별급여[천원]","천원","1167.4","957.45451","1177.59035","620.04333","830.85014","441.9",
"3규모(100~299인)","전기, 가스 및 수도사업(40-41)","현금급여외 노동비용(계)[천원]","천원","1072.9","780.44867","771.41238","796.5089","683.96091","809.8",
"3규모(100~299인)","전기, 가스 및 수도사업(40-41)","퇴직금등비용[천원]","천원","525.3","276.75018","347.4844","396.77213","354.48848","567.5",
"3규모(100~299인)","전기, 가스 및 수도사업(40-41)","현물지급비용[천원]","천원","0","0","0","0","0","2.5",
"3규모(100~299인)","전기, 가스 및 수도사업(40-41)","법정복리비[천원]","천원","249.1","234.68902","204.07686","212.07412","176.55002","115.9",
"3규모(100~299인)","전기, 가스 및 수도사업(40-41)","법정외복리비[천원]","천원","239.3","221.94824","182.63475","162.84385","128.42431","112",
"3규모(100~299인)","전기, 가스 및 수도사업(40-41)","모집비[천원]","천원","1.3",".19672",".2927",".03363",".31131","0",
"3규모(100~299인)","전기, 가스 및 수도사업(40-41)","교육훈련비[천원]","천원","36.3","32.31216","24.02451","12.7559","19.38232","8.7",
"3규모(100~299인)","전기, 가스 및 수도사업(40-41)","기타노동비용[천원]","천원","21.6","14.55236","12.89915","12.02928","4.80446","3.2",
"3규모(100~299인)","건설업(45)","노동비용총액[천원]","천원","2679.3","2812.31936","2302.21102","1991.15651","1807.84476","1796.7",
"3규모(100~299인)","건설업(45)","현금급여총계[천원]","천원","1796.2","1675.83631","1417.68956","1344.043","1150.02734","1139.5",
"3규모(100~299인)","건설업(45)","정액및초과[천원]","천원","1592.9","1486.99293","1304.26416","1229.28098","1077.53885","1062.5",
"3규모(100~299인)","건설업(45)","상여금등특별급여[천원]","천원","203.3","188.84338","113.4254","114.76201","72.48849","77",
"3규모(100~299인)","건설업(45)","현금급여외 노동비용(계)[천원]","천원","883","1136.48304","884.52146","647.11351","657.81742","657.2",
"3규모(100~299인)","건설업(45)","퇴직금등비용[천원]","천원","271.2","522.1107","371.04065","193.31531","233.21654","311.1",
"3규모(100~299인)","건설업(45)","현물지급비용[천원]","천원","0","0","0","0","5.56641",".1",
"3규모(100~299인)","건설업(45)","법정복리비[천원]","천원","487.7","521.66801","422.25662","365.90698","345.66919","289.3",
"3규모(100~299인)","건설업(45)","법정외복리비[천원]","천원","108.7","78.0354","82.4273","68.95212","61.26083","41",
"3규모(100~299인)","건설업(45)","모집비[천원]","천원","1.8","2.68131",".57525","2.55577","3.95302",".1",
"3규모(100~299인)","건설업(45)","교육훈련비[천원]","천원","6.1","7.27376","5.91635","14.07485","5.09001","13.8",
"3규모(100~299인)","건설업(45)","기타노동비용[천원]","천원","7.5","4.71386","2.30529","2.30847","3.06143","1.9",
"3규모(100~299인)","도,소매 및 소비자용품 수리업(50-52)","노동비용총액[천원]","천원","3106.4","2863.0882","2490.90781","2176.7787","1645.35527","1662.8",
"3규모(100~299인)","도,소매 및 소비자용품 수리업(50-52)","현금급여총계[천원]","천원","2376.5","2027.13584","1931.73544","1664.31476","1220.99888","1183.5",
"3규모(100~299인)","도,소매 및 소비자용품 수리업(50-52)","정액및초과[천원]","천원","1817.6","1671.74236","1574.95878","1217.07539","955.62866","994.9",
"3규모(100~299인)","도,소매 및 소비자용품 수리업(50-52)","상여금등특별급여[천원]","천원","559","355.39348","356.77666","447.23937","265.37022","188.6",
"3규모(100~299인)","도,소매 및 소비자용품 수리업(50-52)","현금급여외 노동비용(계)[천원]","천원","729.9","835.95236","559.17237","512.46393","424.35639","479.3",
"3규모(100~299인)","도,소매 및 소비자용품 수리업(50-52)","퇴직금등비용[천원]","천원","355.3","526.05129","281.74166","290.77204","207.19034","314.8",
"3규모(100~299인)","도,소매 및 소비자용품 수리업(50-52)","현물지급비용[천원]","천원","2.1","1.66789",".66926","0",".55431",".2",
"3규모(100~299인)","도,소매 및 소비자용품 수리업(50-52)","법정복리비[천원]","천원","187.1","157.88843","146.14032","120.85754","106.75774","83.7",
"3규모(100~299인)","도,소매 및 소비자용품 수리업(50-52)","법정외복리비[천원]","천원","144.4","114.66918","112.33014","83.86843","85.07204","70.5",
"3규모(100~299인)","도,소매 및 소비자용품 수리업(50-52)","모집비[천원]","천원","4.1","5.33842","1.44985","1.54006","7.80945","3.2",
"3규모(100~299인)","도,소매 및 소비자용품 수리업(50-52)","교육훈련비[천원]","천원","29.3","25.52674","15.34251","13.32689","15.55146","6",
"3규모(100~299인)","도,소매 및 소비자용품 수리업(50-52)","기타노동비용[천원]","천원","7.4","4.81041","1.49863","2.09896","1.42105",".9",
"3규모(100~299인)","숙박 및 음식점업(55)","노동비용총액[천원]","천원","1382.8","1005.8884","1048.05076","1270.61944","1123.37123","1159.1",
"3규모(100~299인)","숙박 및 음식점업(55)","현금급여총계[천원]","천원","1018.8","800.35033","818.9826","1026.71597","748.26789","840.3",
"3규모(100~299인)","숙박 및 음식점업(55)","정액및초과[천원]","천원","974.7","782.86718","764.6075","946.6904","712.84783","753.5",
"3규모(100~299인)","숙박 및 음식점업(55)","상여금등특별급여[천원]","천원","44","17.48315","54.3751","80.02557","35.42006","86.8",
"3규모(100~299인)","숙박 및 음식점업(55)","현금급여외 노동비용(계)[천원]","천원","364.1","205.53807","229.06817","243.90347","375.10334","318.7",
"3규모(100~299인)","숙박 및 음식점업(55)","퇴직금등비용[천원]","천원","156.6","71.46444","77.7782","77.23044","215.07805","144.9",
"3규모(100~299인)","숙박 및 음식점업(55)","현물지급비용[천원]","천원","7.9","0","0","0","2.15866","2.9",
"3규모(100~299인)","숙박 및 음식점업(55)","법정복리비[천원]","천원","99.7","75.73271","78.1794","103.53167","64.66191","64.5",
"3규모(100~299인)","숙박 및 음식점업(55)","법정외복리비[천원]","천원","92.6","51.02013","68.10108","60.54413","76.99276","79.2",
"3규모(100~299인)","숙박 및 음식점업(55)","모집비[천원]","천원",".5",".86772","1.85072",".04917","2.47924","3.6",
"3규모(100~299인)","숙박 및 음식점업(55)","교육훈련비[천원]","천원","2.7","1.76039","2.60538","1.74023",".81597","3.5",
"3규모(100~299인)","숙박 및 음식점업(55)","기타노동비용[천원]","천원","4","4.69267",".55339",".80783","12.91675","20.1",
"3규모(100~299인)","운수, 창고 및 통신업(60-64)","노동비용총액[천원]","천원","1752.4","1497.76176","1396.43164","1297.92592","1456.76677","1326.3",
"3규모(100~299인)","운수, 창고 및 통신업(60-64)","현금급여총계[천원]","천원","1268.4","1044.79196","987.42272","928.50966","1016.73711","918.3",
"3규모(100~299인)","운수, 창고 및 통신업(60-64)","정액및초과[천원]","천원","1119.2","902.36304","848.72648","763.98784","835.11226","764.7",
"3규모(100~299인)","운수, 창고 및 통신업(60-64)","상여금등특별급여[천원]","천원","149.2","142.42891","138.69624","164.52183","181.62485","153.6",
"3규모(100~299인)","운수, 창고 및 통신업(60-64)","현금급여외 노동비용(계)[천원]","천원","484","452.96981","409.00892","369.41626","440.02965","408",
"3규모(100~299인)","운수, 창고 및 통신업(60-64)","퇴직금등비용[천원]","천원","204.8","196.37756","158.39645","127.21415","209.49417","216.7",
"3규모(100~299인)","운수, 창고 및 통신업(60-64)","현물지급비용[천원]","천원","2","1.0084","1.12436",".63239",".66999","1.6",
"3규모(100~299인)","운수, 창고 및 통신업(60-64)","법정복리비[천원]","천원","148.9","135.33231","128.03947","124.14971","116.05518","84.1",
"3규모(100~299인)","운수, 창고 및 통신업(60-64)","법정외복리비[천원]","천원","121.4","113.6559","115.51245","111.68661","105.27734","99.2",
"3규모(100~299인)","운수, 창고 및 통신업(60-64)","모집비[천원]","천원",".6",".75524",".37849",".42374",".41172",".2",
"3규모(100~299인)","운수, 창고 및 통신업(60-64)","교육훈련비[천원]","천원","2.5","2.25113","1.57846","2.42904","3.99704","2.7",
"3규모(100~299인)","운수, 창고 및 통신업(60-64)","기타노동비용[천원]","천원","3.8","3.58927","3.97924","2.88062","4.12421","3.5",
"3규모(100~299인)","금융 및 보험업(65-67)","노동비용총액[천원]","천원","3758.8","3529.56481","3169.27734","2497.89424","2755.37442","2372.9",
"3규모(100~299인)","금융 및 보험업(65-67)","현금급여총계[천원]","천원","2799.2","2374.07601","2061.9765","1822.24511","1513.96378","1599.3",
"3규모(100~299인)","금융 및 보험업(65-67)","정액및초과[천원]","천원","1623.3","1465.6979","1257.91805","1217.26037","1207.15891","1141.1",
"3규모(100~299인)","금융 및 보험업(65-67)","상여금등특별급여[천원]","천원","1175.9","908.37811","804.05845","604.98474","306.80487","458.2",
"3규모(100~299인)","금융 및 보험업(65-67)","현금급여외 노동비용(계)[천원]","천원","959.6","1155.4888","1107.30084","675.64913","1241.41064","773.6",
"3규모(100~299인)","금융 및 보험업(65-67)","퇴직금등비용[천원]","천원","500.7","731.86983","690.492","352.7146","949.3585","554.1",
"3규모(100~299인)","금융 및 보험업(65-67)","현물지급비용[천원]","천원","2.3",".70254","6.29057","4.06189","1.76247","1.2",
"3규모(100~299인)","금융 및 보험업(65-67)","법정복리비[천원]","천원","205.4","190.20816","167.19527","148.33499","143.40389","101.4",
"3규모(100~299인)","금융 및 보험업(65-67)","법정외복리비[천원]","천원","204.6","195.18724","213.01814","141.16136","124.4592","100.2",
"3규모(100~299인)","금융 및 보험업(65-67)","모집비[천원]","천원","1",".971","1.53817",".36927",".29495",".4",
"3규모(100~299인)","금융 및 보험업(65-67)","교육훈련비[천원]","천원","26","17.81536","16.07195","19.9378","11.51145","9.8",
"3규모(100~299인)","금융 및 보험업(65-67)","기타노동비용[천원]","천원","19.6","18.73467","12.69472","9.06921","10.62019","6.5",
"3규모(100~299인)","부동산 및 사업서비스업(70-74)","노동비용총액[천원]","천원","2061.1","2175.65865","1895.67332","1919.42088","1984.21147","1719.7",
"3규모(100~299인)","부동산 및 사업서비스업(70-74)","현금급여총계[천원]","천원","1667.2","1676.14885","1404.32834","1390.35445","1336.95795","1172.4",
"3규모(100~299인)","부동산 및 사업서비스업(70-74)","정액및초과[천원]","천원","1410.7","1431.51213","1199.52357","1198.85424","1140.48118","939.5",
"3규모(100~299인)","부동산 및 사업서비스업(70-74)","상여금등특별급여[천원]","천원","256.5","244.63671","204.80477","191.50021","196.47677","232.8",
"3규모(100~299인)","부동산 및 사업서비스업(70-74)","현금급여외 노동비용(계)[천원]","천원","393.9","499.5098","491.34498","529.06643","647.25351","547.3",
"3규모(100~299인)","부동산 및 사업서비스업(70-74)","퇴직금등비용[천원]","천원","173.7","246.66966","274.42526","318.41847","458.58041","405.5",
"3규모(100~299인)","부동산 및 사업서비스업(70-74)","현물지급비용[천원]","천원","0","2.61755","1.30256",".51097","1.58326",".5",
"3규모(100~299인)","부동산 및 사업서비스업(70-74)","법정복리비[천원]","천원","141","149.36682","129.14893","120.14216","115.09209","80.9",
"3규모(100~299인)","부동산 및 사업서비스업(70-74)","법정외복리비[천원]","천원","61","79.8064","69.16399","71.85475","59.132","46.5",
"3규모(100~299인)","부동산 및 사업서비스업(70-74)","모집비[천원]","천원","2","2.53372","1.60391","2.5914","1.78885","2.6",
"3규모(100~299인)","부동산 및 사업서비스업(70-74)","교육훈련비[천원]","천원","7.8","11.84548","11.88864","9.95775","8.65056","9.1",
"3규모(100~299인)","부동산 및 사업서비스업(70-74)","기타노동비용[천원]","천원","8.3","6.67017","3.81169","5.59092","2.42634","2.2",
"3규모(100~299인)","교육 서비스업(80)","노동비용총액[천원]","천원","2676.6","2465.29738","2080.04621","2102.83741","1718.62651","1947.5",
"3규모(100~299인)","교육 서비스업(80)","현금급여총계[천원]","천원","2466.2","2249.42303","1863.21236","1883.03004","1540.41074","1817",
"3규모(100~299인)","교육 서비스업(80)","정액및초과[천원]","천원","2015.4","1823.0133","1661.15091","1587.77154","1237.21538","1472.1",
"3규모(100~299인)","교육 서비스업(80)","상여금등특별급여[천원]","천원","450.8","426.40973","202.06145","295.2585","303.19536","344.9",
"3규모(100~299인)","교육 서비스업(80)","현금급여외 노동비용(계)[천원]","천원","210.5","215.87434","216.83385","219.80737","178.21577","130.5",
"3규모(100~299인)","교육 서비스업(80)","퇴직금등비용[천원]","천원","9.3","26.84359","17.9399","34.25881","20.41489","14",
"3규모(100~299인)","교육 서비스업(80)","현물지급비용[천원]","천원",".1","0","0","0","0","0",
"3규모(100~299인)","교육 서비스업(80)","법정복리비[천원]","천원","141.3","123.06809","112.99586","96.47648","90.16825","66.4",
"3규모(100~299인)","교육 서비스업(80)","법정외복리비[천원]","천원","42.5","47.24884","52.79482","52.01494","46.07711","34.8",
"3규모(100~299인)","교육 서비스업(80)","모집비[천원]","천원","5.9","4.10677","20.88204","21.55463","14.27092","11.5",
"3규모(100~299인)","교육 서비스업(80)","교육훈련비[천원]","천원","10.1","13.19699","10.83969","14.30448","6.24091","3.2",
"3규모(100~299인)","교육 서비스업(80)","기타노동비용[천원]","천원","1.3","1.41006","1.38155","1.19804","1.04369",".5",
"3규모(100~299인)","보건 및 사회복지사업(85)","노동비용총액[천원]","천원","2066.4","2157.43096","1814.48606","1807.16913","1535.63738","1715",
"3규모(100~299인)","보건 및 사회복지사업(85)","현금급여총계[천원]","천원","1708","1648.62269","1511.97399","1500.12343","1240.21688","1363.5",
"3규모(100~299인)","보건 및 사회복지사업(85)","정액및초과[천원]","천원","1482.4","1420.40654","1349.11869","1352.3583","1073.51137","1120.8",
"3규모(100~299인)","보건 및 사회복지사업(85)","상여금등특별급여[천원]","천원","225.5","228.21614","162.8553","147.76513","166.70551","242.7",
"3규모(100~299인)","보건 및 사회복지사업(85)","현금급여외 노동비용(계)[천원]","천원","358.4","508.80828","302.51208","307.0457","295.42051","351.5",
"3규모(100~299인)","보건 및 사회복지사업(85)","퇴직금등비용[천원]","천원","110.7","273.97331","116.93753","125.90459","113.68578","221.4",
"3규모(100~299인)","보건 및 사회복지사업(85)","현물지급비용[천원]","천원",".2","3.97787",".2197",".11901","0","0",
"3규모(100~299인)","보건 및 사회복지사업(85)","법정복리비[천원]","천원","136.9","132.00234","116.84678","114.43502","100.1519","82.2",
"3규모(100~299인)","보건 및 사회복지사업(85)","법정외복리비[천원]","천원","93.8","87.57573","57.90342","55.58937","67.09197","43.4",
"3규모(100~299인)","보건 및 사회복지사업(85)","모집비[천원]","천원","2","1.76101","1.3431",".57369","1.32311",".2",
"3규모(100~299인)","보건 및 사회복지사업(85)","교육훈련비[천원]","천원","8.1","4.15233","4.36533","2.36966","1.53402","4",
"3규모(100~299인)","보건 및 사회복지사업(85)","기타노동비용[천원]","천원","6.6","5.36569","4.89623","8.05436","11.63372",".3",
"3규모(100~299인)","기타 공공, 사회 및 개인서비스업(90-93)","노동비용총액[천원]","천원","3479","2214.56297","2294.66379","2312.58192","2635.73058","2560.2",
"3규모(100~299인)","기타 공공, 사회 및 개인서비스업(90-93)","현금급여총계[천원]","천원","2266.2","1641.48377","1554.63967","1413.71445","1235.92281","1384.4",
"3규모(100~299인)","기타 공공, 사회 및 개인서비스업(90-93)","정액및초과[천원]","천원","1750.1","1341.24975","1207.92705","1068.79042","1050.86533","1144.5",
"3규모(100~299인)","기타 공공, 사회 및 개인서비스업(90-93)","상여금등특별급여[천원]","천원","516.2","300.23402","346.71263","344.92403","185.05747","239.9",
"3규모(100~299인)","기타 공공, 사회 및 개인서비스업(90-93)","현금급여외 노동비용(계)[천원]","천원","1212.7","573.07919","740.02412","898.86747","1399.80777","1175.8",
"3규모(100~299인)","기타 공공, 사회 및 개인서비스업(90-93)","퇴직금등비용[천원]","천원","729.3","162.40633","359.3885","568.40037","1108.54808","939",
"3규모(100~299인)","기타 공공, 사회 및 개인서비스업(90-93)","현물지급비용[천원]","천원","0","11.12118","1.66529","2.24337","1.26424","0",
"3규모(100~299인)","기타 공공, 사회 및 개인서비스업(90-93)","법정복리비[천원]","천원","221.8","178.86424","167.83551","153.53978","137.1081","107.5",
"3규모(100~299인)","기타 공공, 사회 및 개인서비스업(90-93)","법정외복리비[천원]","천원","210.8","190.17853","190.37627","161.151","139.32777","118.8",
"3규모(100~299인)","기타 공공, 사회 및 개인서비스업(90-93)","모집비[천원]","천원",".9",".95373","2.30188",".43767",".60424",".1",
"3규모(100~299인)","기타 공공, 사회 및 개인서비스업(90-93)","교육훈련비[천원]","천원","32.7","24.35899","13.55927","8.41753","6.6828","5.2",
"3규모(100~299인)","기타 공공, 사회 및 개인서비스업(90-93)","기타노동비용[천원]","천원","17.2","5.19619","4.8974","4.67775","6.27254","5.2",
"4규모(300~499인)","전산업","노동비용총액[천원]","천원","2613.4","2264.6364","2095.29966","2033.29245","1906.48829","1822.2",
"4규모(300~499인)","전산업","현금급여총계[천원]","천원","1918.5","1694.51515","1531.611","1470.24395","1285.57593","1241.1",
"4규모(300~499인)","전산업","정액및초과[천원]","천원","1547.8","1384.31539","1230.71629","1172.11308","1061.36972","1015.9",
"4규모(300~499인)","전산업","상여금등특별급여[천원]","천원","370.7","310.19976","300.89471","298.13087","224.20621","225.1",
"4규모(300~499인)","전산업","현금급여외 노동비용(계)[천원]","천원","694.9","570.12125","563.68866","563.0485","620.91236","581.2",
"4규모(300~499인)","전산업","퇴직금등비용[천원]","천원","316.4","236.78798","237.17478","239.57624","317.15137","353.1",
"4규모(300~499인)","전산업","현물지급비용[천원]","천원","1.9","1.85639","2.44102","13.01057","1.14709","1.6",
"4규모(300~499인)","전산업","법정복리비[천원]","천원","200.6","177.3519","168.56769","155.55916","133.90767","100.6",
"4규모(300~499인)","전산업","법정외복리비[천원]","천원","142.6","126.60433","129.87815","128.3913","143.83695","106.1",
"4규모(300~499인)","전산업","모집비[천원]","천원","2.2","2.00811","2.16581","2.44621","1.37694",".8",
"4규모(300~499인)","전산업","교육훈련비[천원]","천원","23.5","19.13187","16.93929","15.17113","13.7373","12.8",
"4규모(300~499인)","전산업","기타노동비용[천원]","천원","7.7","6.38067","6.52193","8.89388","9.75504","6.2",
"4규모(300~499인)","광 업(10-14)","노동비용총액[천원]","천원","4065.1","3405.69697","2989.47855","2679.20866","1987.82857","2063.1",
"4규모(300~499인)","광 업(10-14)","현금급여총계[천원]","천원","2486.6","2294.64164","2105.8375","1793.00443","1545.14776","1301.1",
"4규모(300~499인)","광 업(10-14)","정액및초과[천원]","천원","1650.4","1567.44426","1956.44148","1379.18764","1253.4863","1058.9",
"4규모(300~499인)","광 업(10-14)","상여금등특별급여[천원]","천원","836.2","727.19738","149.39602","413.81679","291.66146","242.2",
"4규모(300~499인)","광 업(10-14)","현금급여외 노동비용(계)[천원]","천원","1578.5","1111.05532","883.64106","886.20423","442.6808","761.9",
"4규모(300~499인)","광 업(10-14)","퇴직금등비용[천원]","천원","788.6","533.64688","412.64016","170.81274","98.5977","489.6",
"4규모(300~499인)","광 업(10-14)","현물지급비용[천원]","천원","0","0","0","0","0","0",
"4규모(300~499인)","광 업(10-14)","법정복리비[천원]","천원","579.3","386.49185","289.65847","464.39402","206.51813","143.9",
"4규모(300~499인)","광 업(10-14)","법정외복리비[천원]","천원","191.4","173.6075","168.72135","242.56437","130.02176","121.6",
"4규모(300~499인)","광 업(10-14)","모집비[천원]","천원",".4","0",".1132","0","0","0",
"4규모(300~499인)","광 업(10-14)","교육훈련비[천원]","천원","2.9","2.49435","7.0356","4.91425","3.07685","0",
"4규모(300~499인)","광 업(10-14)","기타노동비용[천원]","천원","15.9","14.81475","5.47228","3.51884","4.46636","6.7",
"4규모(300~499인)","제 조 업(15-37)","노동비용총액[천원]","천원","2399.7","2088.5463","1952.56247","1796.02337","1528.32259","1496.5",
"4규모(300~499인)","제 조 업(15-37)","현금급여총계[천원]","천원","1632.3","1473.8475","1362.91641","1271.52135","1099.14816","1045.8",
"4규모(300~499인)","제 조 업(15-37)","정액및초과[천원]","천원","1350.8","1213.299","1109.99835","1038.78422","917.55433","907.4",
"4규모(300~499인)","제 조 업(15-37)","상여금등특별급여[천원]","천원","281.5","260.5485","252.91806","232.73714","181.59383","138.4",
"4규모(300~499인)","제 조 업(15-37)","현금급여외 노동비용(계)[천원]","천원","767.4","614.69879","589.64606","524.50201","429.17443","450.7",
"4규모(300~499인)","제 조 업(15-37)","퇴직금등비용[천원]","천원","391.7","278.43142","256.76045","201.09113","179.28891","246.9",
"4규모(300~499인)","제 조 업(15-37)","현물지급비용[천원]","천원","1.6","1.76548","1.88212","24.51045","1.46405","1.7",
"4규모(300~499인)","제 조 업(15-37)","법정복리비[천원]","천원","189.3","166.71913","156.43636","138.95938","109.4505","88.1",
"4규모(300~499인)","제 조 업(15-37)","법정외복리비[천원]","천원","158.1","144.08273","151.09686","131.6421","112.20286","97.9",
"4규모(300~499인)","제 조 업(15-37)","모집비[천원]","천원","1.4","1.10377","1.96013","2.87674","1.04399",".5",
"4규모(300~499인)","제 조 업(15-37)","교육훈련비[천원]","천원","18.5","15.81989","13.82128","13.37905","10.63997","9.3",
"4규모(300~499인)","제 조 업(15-37)","기타노동비용[천원]","천원","6.8","6.77637","7.68886","12.04315","15.08416","6.2",
"4규모(300~499인)","전기, 가스 및 수도사업(40-41)","노동비용총액[천원]","천원","4581.7","4096.56487","4655.97105","2965.46641","2715.6155","3304.8",
"4규모(300~499인)","전기, 가스 및 수도사업(40-41)","현금급여총계[천원]","천원","3752.9","3263.75172","3941.01085","2411.74699","2289.18566","2045.9",
"4규모(300~499인)","전기, 가스 및 수도사업(40-41)","정액및초과[천원]","천원","2093","2372.27581","2380.25871","1508.98708","1321.50233","1317.2",
"4규모(300~499인)","전기, 가스 및 수도사업(40-41)","상여금등특별급여[천원]","천원","1659.9","891.47591","1560.75215","902.75991","967.68333","728.7",
"4규모(300~499인)","전기, 가스 및 수도사업(40-41)","현금급여외 노동비용(계)[천원]","천원","828.8","832.81315","714.9602","553.71942","426.42984","1258.9",
"4규모(300~499인)","전기, 가스 및 수도사업(40-41)","퇴직금등비용[천원]","천원","157.4","257.87828","315.48688","264.71167","41.46066","752.7",
"4규모(300~499인)","전기, 가스 및 수도사업(40-41)","현물지급비용[천원]","천원","26.7","14.17793","0","0","0","0",
"4규모(300~499인)","전기, 가스 및 수도사업(40-41)","법정복리비[천원]","천원","262.8","258.47298","219.327","169.4888","142.98663","106",
"4규모(300~499인)","전기, 가스 및 수도사업(40-41)","법정외복리비[천원]","천원","299.8","222.75516","152.18182","97.32881","232.05194","272.6",
"4규모(300~499인)","전기, 가스 및 수도사업(40-41)","모집비[천원]","천원",".7","0","0","1.94078","0","0",
"4규모(300~499인)","전기, 가스 및 수도사업(40-41)","교육훈련비[천원]","천원","74.5","79.5288","27.9645","20.24935","9.23876","127.7",
"4규모(300~499인)","전기, 가스 및 수도사업(40-41)","기타노동비용[천원]","천원","7","0","0","0",".69186","0",
"4규모(300~499인)","건설업(45)","노동비용총액[천원]","천원","2643.1","2278.57088","2195.72341","2452.87666","2321.40113","2651.3",
"4규모(300~499인)","건설업(45)","현금급여총계[천원]","천원","1689.3","1707.24044","1405.53397","1477.09211","1377.20124","1377",
"4규모(300~499인)","건설업(45)","정액및초과[천원]","천원","1472.8","1527.79566","1238.64362","1295.59029","1225.52967","1285.4",
"4규모(300~499인)","건설업(45)","상여금등특별급여[천원]","천원","216.5","179.44478","166.89035","181.50182","151.67157","91.6",
"4규모(300~499인)","건설업(45)","현금급여외 노동비용(계)[천원]","천원","953.7","571.33044","790.18944","975.78456","944.19989","1274.3",
"4규모(300~499인)","건설업(45)","퇴직금등비용[천원]","천원","336.6","171.04519","288.8146","514.18354","327.96041","894.4",
"4규모(300~499인)","건설업(45)","현물지급비용[천원]","천원","0","0","0","0","0","0",
"4규모(300~499인)","건설업(45)","법정복리비[천원]","천원","468.1","342.95946","452.37116","412.27367","556.75037","304.8",
"4규모(300~499인)","건설업(45)","법정외복리비[천원]","천원","129.2","50.48561","42.45512","40.29671","45.21123","33.6",
"4규모(300~499인)","건설업(45)","모집비[천원]","천원","8",".1439","0",".31231",".36375","0",
"4규모(300~499인)","건설업(45)","교육훈련비[천원]","천원","10.9","6.15615","5.01438","8.01415","12.41927","36.1",
"4규모(300~499인)","건설업(45)","기타노동비용[천원]","천원","1",".54013","1.53417",".70417","1.49486","5.4",
"4규모(300~499인)","도,소매 및 소비자용품 수리업(50-52)","노동비용총액[천원]","천원","2080.4","1946.57795","1965.78696","2183.83483","1940.44112","1927",
"4규모(300~499인)","도,소매 및 소비자용품 수리업(50-52)","현금급여총계[천원]","천원","1711.6","1495.8785","1495.46811","1653.36583","1299.52397","1443.3",
"4규모(300~499인)","도,소매 및 소비자용품 수리업(50-52)","정액및초과[천원]","천원","1387.6","1199.55362","1129.89303","1326.88626","1057.07909","1142.4",
"4규모(300~499인)","도,소매 및 소비자용품 수리업(50-52)","상여금등특별급여[천원]","천원","324","296.32488","365.57508","326.47957","242.44489","300.8",
"4규모(300~499인)","도,소매 및 소비자용품 수리업(50-52)","현금급여외 노동비용(계)[천원]","천원","368.8","450.69945","470.31886","530.469","640.91715","483.7",
"4규모(300~499인)","도,소매 및 소비자용품 수리업(50-52)","퇴직금등비용[천원]","천원","121.6","106.87208","145.92709","185.9591","336.88214","193.3",
"4규모(300~499인)","도,소매 및 소비자용품 수리업(50-52)","현물지급비용[천원]","천원",".2",".03911","0","0","0",".9",
"4규모(300~499인)","도,소매 및 소비자용품 수리업(50-52)","법정복리비[천원]","천원","147.1","134.98468","126.60047","137.39141","110.06023","103.4",
"4규모(300~499인)","도,소매 및 소비자용품 수리업(50-52)","법정외복리비[천원]","천원","85.7","176.67488","160.53057","171.07492","162.06234","148.8",
"4규모(300~499인)","도,소매 및 소비자용품 수리업(50-52)","모집비[천원]","천원","2.7","2.82065","2.64287","3.84636","1.87942",".4",
"4규모(300~499인)","도,소매 및 소비자용품 수리업(50-52)","교육훈련비[천원]","천원","7","23.66017","31.90211","24.60308","20.54516","20.5",
"4규모(300~499인)","도,소매 및 소비자용품 수리업(50-52)","기타노동비용[천원]","천원","4.4","5.64788","2.71574","7.59413","9.48786","16.4",
"4규모(300~499인)","숙박 및 음식점업(55)","노동비용총액[천원]","천원","2077.5","1879.13535","1719.25196","1761.80864","1391.36982","1817",
"4규모(300~499인)","숙박 및 음식점업(55)","현금급여총계[천원]","천원","1583","1413.26914","1311.49834","1291.83143","988.80985","1204.3",
"4규모(300~499인)","숙박 및 음식점업(55)","정액및초과[천원]","천원","1285.2","1185.96815","1157.17409","1127.46325","893.07119","1024.6",
"4규모(300~499인)","숙박 및 음식점업(55)","상여금등특별급여[천원]","천원","297.8","227.30099","154.32425","164.36818","95.73866","179.6",
"4규모(300~499인)","숙박 및 음식점업(55)","현금급여외 노동비용(계)[천원]","천원","494.5","465.86621","407.75363","469.97722","402.55997","612.7",
"4규모(300~499인)","숙박 및 음식점업(55)","퇴직금등비용[천원]","천원","169.6","156.79397","126.37597","179.63468","151.62284","379.6",
"4규모(300~499인)","숙박 및 음식점업(55)","현물지급비용[천원]","천원","7.9","8.605","3.96631","0","3.98151","10.1",
"4규모(300~499인)","숙박 및 음식점업(55)","법정복리비[천원]","천원","172.1","148.57898","139.42089","116.27196","104.04022","81.3",
"4규모(300~499인)","숙박 및 음식점업(55)","법정외복리비[천원]","천원","131.4","137.17695","128.01691","151.42834","130.17417","138.3",
"4규모(300~499인)","숙박 및 음식점업(55)","모집비[천원]","천원",".1",".75898","1.27229",".06918",".08937","0",
"4규모(300~499인)","숙박 및 음식점업(55)","교육훈련비[천원]","천원","9","11.11801","7.32196","11.30179","2.60049","1.9",
"4규모(300~499인)","숙박 및 음식점업(55)","기타노동비용[천원]","천원","4.5","2.83431","1.3793","11.27126","10.05136","1.4",
"4규모(300~499인)","운수, 창고 및 통신업(60-64)","노동비용총액[천원]","천원","1969.8","1806.00181","1732.97482","1678.57873","1485.34885","1514.2",
"4규모(300~499인)","운수, 창고 및 통신업(60-64)","현금급여총계[천원]","천원","1442.9","1275.3659","1192.71603","1040.88865","979.92327","1021.8",
"4규모(300~499인)","운수, 창고 및 통신업(60-64)","정액및초과[천원]","천원","1239.7","1038.46222","988.77311","806.94755","835.4298","828.8",
"4규모(300~499인)","운수, 창고 및 통신업(60-64)","상여금등특별급여[천원]","천원","203.3","236.90368","203.94292","233.9411","144.49347","193",
"4규모(300~499인)","운수, 창고 및 통신업(60-64)","현금급여외 노동비용(계)[천원]","천원","526.8","530.63591","540.2588","637.69008","505.42558","492.4",
"4규모(300~499인)","운수, 창고 및 통신업(60-64)","퇴직금등비용[천원]","천원","176.8","156.15251","195.14234","351.63883","161.0546","238.8",
"4규모(300~499인)","운수, 창고 및 통신업(60-64)","현물지급비용[천원]","천원","0","0","2.31833","2.72794","2.91161","2",
"4규모(300~499인)","운수, 창고 및 통신업(60-64)","법정복리비[천원]","천원","169.3","173.66834","158.13991","137.26181","116.33793","112.3",
"4규모(300~499인)","운수, 창고 및 통신업(60-64)","법정외복리비[천원]","천원","165.1","183.31642","167.30022","120.9747","219.489","126.4",
"4규모(300~499인)","운수, 창고 및 통신업(60-64)","모집비[천원]","천원",".5",".83887",".54902",".8001",".06482",".1",
"4규모(300~499인)","운수, 창고 및 통신업(60-64)","교육훈련비[천원]","천원","10.6","10.03904","13.91201","19.16888",".86331","9.6",
"4규모(300~499인)","운수, 창고 및 통신업(60-64)","기타노동비용[천원]","천원","4.5","6.62073","2.89697","5.11783","4.70431","3.1",
"4규모(300~499인)","금융 및 보험업(65-67)","노동비용총액[천원]","천원","4075.6","3511.19224","3402.87837","3305.94999","3869.17712","3210.3",
"4규모(300~499인)","금융 및 보험업(65-67)","현금급여총계[천원]","천원","3205.4","2815.86868","2539.22979","2420.28797","2065.12618","2004.7",
"4규모(300~499인)","금융 및 보험업(65-67)","정액및초과[천원]","천원","2037.2","1882.19628","1575.32968","1581.39909","1670.79058","1349.8",
"4규모(300~499인)","금융 및 보험업(65-67)","상여금등특별급여[천원]","천원","1168.2","933.6724","963.90011","838.88889","394.3356","654.9",
"4규모(300~499인)","금융 및 보험업(65-67)","현금급여외 노동비용(계)[천원]","천원","870.2","695.32356","863.64858","885.66202","1804.05093","1205.6",
"4규모(300~499인)","금융 및 보험업(65-67)","퇴직금등비용[천원]","천원","362.3","215.68448","443.79786","470.6791","1148.20291","833.5",
"4규모(300~499인)","금융 및 보험업(65-67)","현물지급비용[천원]","천원","0",".24427",".39714","0","0","0",
"4규모(300~499인)","금융 및 보험업(65-67)","법정복리비[천원]","천원","238","223.04025","194.9386","178.19748","169.74339","130.9",
"4규모(300~499인)","금융 및 보험업(65-67)","법정외복리비[천원]","천원","159.6","164.81127","153.34966","189.29344","441.31917","200.1",
"4규모(300~499인)","금융 및 보험업(65-67)","모집비[천원]","천원","3.2","2.55437","1.73398",".59574","1.86186",".3",
"4규모(300~499인)","금융 및 보험업(65-67)","교육훈련비[천원]","천원","84.2","69.88494","52.02042","32.6821","28.76193","29.4",
"4규모(300~499인)","금융 및 보험업(65-67)","기타노동비용[천원]","천원","23.1","19.10397","17.41092","14.21416","14.16168","11.4",
"4규모(300~499인)","부동산 및 사업서비스업(70-74)","노동비용총액[천원]","천원","2771.8","2372.30361","2003.71715","1955.342","1973.90696","1733.2",
"4규모(300~499인)","부동산 및 사업서비스업(70-74)","현금급여총계[천원]","천원","2186.6","1874.08163","1536.77752","1473.02937","1411.92212","1261.4",
"4규모(300~499인)","부동산 및 사업서비스업(70-74)","정액및초과[천원]","천원","1922.9","1651.42682","1296.22127","1201.29041","1141.2099","1039.3",
"4규모(300~499인)","부동산 및 사업서비스업(70-74)","상여금등특별급여[천원]","천원","263.7","222.65481","240.55625","271.73896","270.71221","222",
"4규모(300~499인)","부동산 및 사업서비스업(70-74)","현금급여외 노동비용(계)[천원]","천원","585.2","498.22198","466.93962","482.31263","561.98485","471.9",
"4규모(300~499인)","부동산 및 사업서비스업(70-74)","퇴직금등비용[천원]","천원","266.2","250.89839","205.68799","237.91013","329.0929","295.1",
"4규모(300~499인)","부동산 및 사업서비스업(70-74)","현물지급비용[천원]","천원","1.6",".05484","1.18032",".436",".25836","2.1",
"4규모(300~499인)","부동산 및 사업서비스업(70-74)","법정복리비[천원]","천원","179.1","168.07422","161.39181","139.06713","119.4582","90.7",
"4규모(300~499인)","부동산 및 사업서비스업(70-74)","법정외복리비[천원]","천원","102","58.37114","72.80305","84.90045","90.7418","68.6",
"4규모(300~499인)","부동산 및 사업서비스업(70-74)","모집비[천원]","천원","4.4","1.85953","2.38243","1.37667","1.5903",".8",
"4규모(300~499인)","부동산 및 사업서비스업(70-74)","교육훈련비[천원]","천원","24","14.41736","17.58655","12.78305","18.72633","12",
"4규모(300~499인)","부동산 및 사업서비스업(70-74)","기타노동비용[천원]","천원","7.9","4.54649","5.90747","5.8392","2.11697","2.5",
"4규모(300~499인)","교육 서비스업(80)","노동비용총액[천원]","천원","2892.5","2668.70625","2170.79729","2587.56365","2005.8269","2721.3",
"4규모(300~499인)","교육 서비스업(80)","현금급여총계[천원]","천원","2664.1","2399.9435","1960.62319","2350.36587","1820.38592","2542.3",
"4규모(300~499인)","교육 서비스업(80)","정액및초과[천원]","천원","2161.2","1969.18101","1599.20229","1935.58212","1324.41019","1440.4",
"4규모(300~499인)","교육 서비스업(80)","상여금등특별급여[천원]","천원","503","430.76249","361.4209","414.78376","495.97573","1101.9",
"4규모(300~499인)","교육 서비스업(80)","현금급여외 노동비용(계)[천원]","천원","228.4","268.76275","210.1741","237.19778","185.44098","179",
"4규모(300~499인)","교육 서비스업(80)","퇴직금등비용[천원]","천원","8.8","21.09701","30.59947","20.38513","9.10284","28.7",
"4규모(300~499인)","교육 서비스업(80)","현물지급비용[천원]","천원","0","0","0","0","1.27466","1.8",
"4규모(300~499인)","교육 서비스업(80)","법정복리비[천원]","천원","144.9","138.3296","110.607","120.9155","88.22847","74.2",
"4규모(300~499인)","교육 서비스업(80)","법정외복리비[천원]","천원","63.4","60.94997","47.69124","64.07212","59.96793","40.5",
"4규모(300~499인)","교육 서비스업(80)","모집비[천원]","천원","1.7","40.08044","14.72436","21.03392","17.01193","26.7",
"4규모(300~499인)","교육 서비스업(80)","교육훈련비[천원]","천원","8.8","8.30572","6.46504","10.48397","8.7727","7",
"4규모(300~499인)","교육 서비스업(80)","기타노동비용[천원]","천원",".8","0",".08698",".30714","1.08245","0",
"4규모(300~499인)","보건 및 사회복지사업(85)","노동비용총액[천원]","천원","2205.4","2211.31357","2138.64137","1902.61457","1778.52866","1738.2",
"4규모(300~499인)","보건 및 사회복지사업(85)","현금급여총계[천원]","천원","1864.8","1839.99165","1769.07646","1612.31644","1403.67278","1392",
"4규모(300~499인)","보건 및 사회복지사업(85)","정액및초과[천원]","천원","1542.3","1590.13614","1525.04985","1376.96967","1185.7012","1182.5",
"4규모(300~499인)","보건 및 사회복지사업(85)","상여금등특별급여[천원]","천원","322.5","249.85551","244.02661","235.34677","217.97158","209.5",
"4규모(300~499인)","보건 및 사회복지사업(85)","현금급여외 노동비용(계)[천원]","천원","340.6","371.32192","369.56491","290.29813","374.85588","346.3",
"4규모(300~499인)","보건 및 사회복지사업(85)","퇴직금등비용[천원]","천원","125.6","156.64562","172.46769","108.1724","204.41752","226.4",
"4규모(300~499인)","보건 및 사회복지사업(85)","현물지급비용[천원]","천원",".8","0","0","0","0","0",
"4규모(300~499인)","보건 및 사회복지사업(85)","법정복리비[천원]","천원","143.6","154.17866","140.92192","120.24301","116.94986","87.3",
"4규모(300~499인)","보건 및 사회복지사업(85)","법정외복리비[천원]","천원","63.4","50.34952","47.78937","54.67463","36.25628","26.3",
"4규모(300~499인)","보건 및 사회복지사업(85)","모집비[천원]","천원",".5","1.72286","3.25112",".60455",".43319",".2",
"4규모(300~499인)","보건 및 사회복지사업(85)","교육훈련비[천원]","천원","5.2","7.37793","4.26411","4.88671","14.83067","5",
"4규모(300~499인)","보건 및 사회복지사업(85)","기타노동비용[천원]","천원","1.5","1.04733",".87069","1.71682","1.96836","1.2",
"4규모(300~499인)","기타 공공, 사회 및 개인서비스업(90-93)","노동비용총액[천원]","천원","2720.1","2397.23222","2196.17453","2961.68178","2693.17326","3117.4",
"4규모(300~499인)","기타 공공, 사회 및 개인서비스업(90-93)","현금급여총계[천원]","천원","2123.7","1853.51304","1669.07718","2061.78441","1364.09112","1543.7",
"4규모(300~499인)","기타 공공, 사회 및 개인서비스업(90-93)","정액및초과[천원]","천원","1586.1","1491.55469","1379.18495","1614.17287","1162.72946","1234.7",
"4규모(300~499인)","기타 공공, 사회 및 개인서비스업(90-93)","상여금등특별급여[천원]","천원","537.6","361.95835","289.89223","447.61154","201.36165","309",
"4규모(300~499인)","기타 공공, 사회 및 개인서비스업(90-93)","현금급여외 노동비용(계)[천원]","천원","596.4","543.71918","527.09735","899.89737","1329.08214","1573.7",
"4규모(300~499인)","기타 공공, 사회 및 개인서비스업(90-93)","퇴직금등비용[천원]","천원","150","137.62321","96.81964","389.52173","889.32228","1209.5",
"4규모(300~499인)","기타 공공, 사회 및 개인서비스업(90-93)","현물지급비용[천원]","천원","6.1","13.62096","26.78016","29.10599","3.04916",".7",
"4규모(300~499인)","기타 공공, 사회 및 개인서비스업(90-93)","법정복리비[천원]","천원","211.9","207.32978","192.2629","185.4087","142.42665","120.7",
"4규모(300~499인)","기타 공공, 사회 및 개인서비스업(90-93)","법정외복리비[천원]","천원","178","149.27913","176.76157","268.75153","270.02244","213.5",
"4규모(300~499인)","기타 공공, 사회 및 개인서비스업(90-93)","모집비[천원]","천원","1.6","1.65561","1.97088",".47797",".05675","0",
"4규모(300~499인)","기타 공공, 사회 및 개인서비스업(90-93)","교육훈련비[천원]","천원","38.9","30.65397","27.19704","24.43539","21.3975","17.1",
"4규모(300~499인)","기타 공공, 사회 및 개인서비스업(90-93)","기타노동비용[천원]","천원","10","3.55653","5.30515","2.19606","2.80735","12.1",
"5규모(500~999인)","전산업","노동비용총액[천원]","천원","2710.3","2429.27003","2313.31364","2201.7132","2017.48501","1960.7",
"5규모(500~999인)","전산업","현금급여총계[천원]","천원","1989.2","1726.95709","1670.63119","1526.18171","1355.7175","1253.8",
"5규모(500~999인)","전산업","정액및초과[천원]","천원","1562.8","1371.02673","1316.52315","1201.62488","1080.70534","1031.4",
"5규모(500~999인)","전산업","상여금등특별급여[천원]","천원","426.4","355.93037","354.10804","324.55683","275.01216","222.5",
"5규모(500~999인)","전산업","현금급여외 노동비용(계)[천원]","천원","721","702.31294","642.68245","675.5315","661.76752","706.9",
"5규모(500~999인)","전산업","퇴직금등비용[천원]","천원","313","326.35929","276.95621","338.34221","341.82541","458.6",
"5규모(500~999인)","전산업","현물지급비용[천원]","천원","1.6","2.42589","1.15722","3.55253","3.23335","1.9",
"5규모(500~999인)","전산업","법정복리비[천원]","천원","213.7","186.50138","183.80415","163.315","147.90166","112.1",
"5규모(500~999인)","전산업","법정외복리비[천원]","천원","161.3","152.87927","148.87798","141.6588","137.6257","108.6",
"5규모(500~999인)","전산업","모집비[천원]","천원","1.4","1.84326","1.43225","1.34721","3.51381","2.5",
"5규모(500~999인)","전산업","교육훈련비[천원]","천원","21.8","24.14679","21.96752","19.94298","20.58731","15.8",
"5규모(500~999인)","전산업","기타노동비용[천원]","천원","8.3","8.15705","8.48712","7.37277","7.08029","7.4",
"5규모(500~999인)","광 업(10-14)","노동비용총액[천원]","천원","3748.7","0","0","1925.44691","2602.27652","2235.7",
"5규모(500~999인)","광 업(10-14)","현금급여총계[천원]","천원","2159.2","0","0","1566.19098","1572.8367","1433.8",
"5규모(500~999인)","광 업(10-14)","정액및초과[천원]","천원","1523.8","0","0","1158.76793","1204.04923","1069.6",
"5규모(500~999인)","광 업(10-14)","상여금등특별급여[천원]","천원","635.4","0","0","407.42305","368.78747","364.2",
"5규모(500~999인)","광 업(10-14)","현금급여외 노동비용(계)[천원]","천원","1589.5","0","0","359.25592","1029.43982","801.9",
"5규모(500~999인)","광 업(10-14)","퇴직금등비용[천원]","천원","448.3","0","0","65.07895","342.54879","351.2",
"5규모(500~999인)","광 업(10-14)","현물지급비용[천원]","천원","0","0","0","0","0","0",
"5규모(500~999인)","광 업(10-14)","법정복리비[천원]","천원","949.2","0","0","275.43336","496.44854","402.1",
"5규모(500~999인)","광 업(10-14)","법정외복리비[천원]","천원","186.6","0","0","14.36011","185.87242","48.3",
"5규모(500~999인)","광 업(10-14)","모집비[천원]","천원","0","0","0",".09557",".07537","0",
"5규모(500~999인)","광 업(10-14)","교육훈련비[천원]","천원","2.6","0","0",".16159","3.36767",".1",
"5규모(500~999인)","광 업(10-14)","기타노동비용[천원]","천원","2.8","0","0","4.12635","1.12703",".1",
"5규모(500~999인)","제 조 업(15-37)","노동비용총액[천원]","천원","2526.8","2272.3723","2107.00261","2013.81018","1781.35969","1762.6",
"5규모(500~999인)","제 조 업(15-37)","현금급여총계[천원]","천원","1744.5","1525.26105","1494.43876","1408.66438","1207.54244","1106.7",
"5규모(500~999인)","제 조 업(15-37)","정액및초과[천원]","천원","1423.7","1247.91629","1191.58674","1132.14598","996.33632","954.6",
"5규모(500~999인)","제 조 업(15-37)","상여금등특별급여[천원]","천원","320.8","277.34477","302.85202","276.5184","211.20611","152.1",
"5규모(500~999인)","제 조 업(15-37)","현금급여외 노동비용(계)[천원]","천원","782.3","747.11124","612.56385","605.1458","573.81725","655.8",
"5규모(500~999인)","제 조 업(15-37)","퇴직금등비용[천원]","천원","373.8","381.12869","263.12056","288.96538","292.45013","423.3",
"5규모(500~999인)","제 조 업(15-37)","현물지급비용[천원]","천원","2.8","3.85758","1.8141",".99979","5.16115","3.6",
"5규모(500~999인)","제 조 업(15-37)","법정복리비[천원]","천원","200.7","169.80911","163.94212","144.28071","122.80643","95.1",
"5규모(500~999인)","제 조 업(15-37)","법정외복리비[천원]","천원","172.7","156.39131","148.9888","141.67965","125.64303","107.1",
"5규모(500~999인)","제 조 업(15-37)","모집비[천원]","천원","1.5","1.30156",".98172","1.18963","1.70011","1.2",
"5규모(500~999인)","제 조 업(15-37)","교육훈련비[천원]","천원","21.3","25.64563","23.1532","19.4166","18.28477","14.3",
"5규모(500~999인)","제 조 업(15-37)","기타노동비용[천원]","천원","9.5","8.97738","10.56334","8.61404","7.77162","11.3",
"5규모(500~999인)","전기, 가스 및 수도사업(40-41)","노동비용총액[천원]","천원","4330.7","3739.15248","4817.85864","3016.01193","3217.45959","3157.4",
"5규모(500~999인)","전기, 가스 및 수도사업(40-41)","현금급여총계[천원]","천원","3524.2","2918.8658","3677.43676","2211.29615","2203.58196","2072.6",
"5규모(500~999인)","전기, 가스 및 수도사업(40-41)","정액및초과[천원]","천원","2452.8","2056.09283","2450.09877","1594.92682","1573.53416","1558.6",
"5규모(500~999인)","전기, 가스 및 수도사업(40-41)","상여금등특별급여[천원]","천원","1071.3","862.77297","1227.33799","616.36932","630.0478","514",
"5규모(500~999인)","전기, 가스 및 수도사업(40-41)","현금급여외 노동비용(계)[천원]","천원","806.6","820.28668","1140.42188","804.71578","1013.87763","1084.9",
"5규모(500~999인)","전기, 가스 및 수도사업(40-41)","퇴직금등비용[천원]","천원","210.1","337.39621","207.27033","209.55234","520.56927","549.9",
"5규모(500~999인)","전기, 가스 및 수도사업(40-41)","현물지급비용[천원]","천원","0","0","0","0","17.14286","0",
"5규모(500~999인)","전기, 가스 및 수도사업(40-41)","법정복리비[천원]","천원","237.2","214.57867","191.27503","166.95044","153.56188","101.7",
"5규모(500~999인)","전기, 가스 및 수도사업(40-41)","법정외복리비[천원]","천원","287.4","166.56628","679.07074","370.5236","271.81939","312.8",
"5규모(500~999인)","전기, 가스 및 수도사업(40-41)","모집비[천원]","천원","1.8","1.98784",".44173",".92979","1.01837","94.3",
"5규모(500~999인)","전기, 가스 및 수도사업(40-41)","교육훈련비[천원]","천원","64.7","90.90778","53.08704","50.42316","39.05122","15.1",
"5규모(500~999인)","전기, 가스 및 수도사업(40-41)","기타노동비용[천원]","천원","5.3","8.84989","9.277","6.33646","10.71465","11",
"5규모(500~999인)","건설업(45)","노동비용총액[천원]","천원","2660.8","2633.32482","2605.08735","2510.73026","2066.05746","2382.5",
"5규모(500~999인)","건설업(45)","현금급여총계[천원]","천원","1866.1","1759.09968","1739.23733","1583.95201","1313.92626","1286",
"5규모(500~999인)","건설업(45)","정액및초과[천원]","천원","1619","1531.46104","1481.79303","1331.25139","1127.8464","1171.1",
"5규모(500~999인)","건설업(45)","상여금등특별급여[천원]","천원","247","227.63864","257.4443","252.70062","186.07987","114.8",
"5규모(500~999인)","건설업(45)","현금급여외 노동비용(계)[천원]","천원","794.7","874.22514","865.85002","926.77824","752.13119","1096.5",
"5규모(500~999인)","건설업(45)","퇴직금등비용[천원]","천원","312","362.41478","180.08625","327.42643","262.11096","608.2",
"5규모(500~999인)","건설업(45)","현물지급비용[천원]","천원","0","0","0","0","0","0",
"5규모(500~999인)","건설업(45)","법정복리비[천원]","천원","295.9","356.73438","529.21125","489.37668","381.73698","343.9",
"5규모(500~999인)","건설업(45)","법정외복리비[천원]","천원","156.2","133.97472","130.29665","85.78968","88.99678","94.6",
"5규모(500~999인)","건설업(45)","모집비[천원]","천원","2.1","1.02069","1.61838","2.1657",".14019","1.9",
"5규모(500~999인)","건설업(45)","교육훈련비[천원]","천원","20.5","14.04736","16.55522","16.69035","10.22721","42.4",
"5규모(500~999인)","건설업(45)","기타노동비용[천원]","천원","8.1","6.03321","8.08227","5.32941","8.91908","5.6",
"5규모(500~999인)","도,소매 및 소비자용품 수리업(50-52)","노동비용총액[천원]","천원","3013.3","3130.51516","3280.46708","2740.35984","3154.51659","2155.8",
"5규모(500~999인)","도,소매 및 소비자용품 수리업(50-52)","현금급여총계[천원]","천원","2311.4","2266.06893","2407.45595","1874.83765","1727.41682","1356.1",
"5규모(500~999인)","도,소매 및 소비자용품 수리업(50-52)","정액및초과[천원]","천원","1777.4","1741.42876","1943.84954","1469.3344","1464.39452","1166.1",
"5규모(500~999인)","도,소매 및 소비자용품 수리업(50-52)","상여금등특별급여[천원]","천원","534","524.64017","463.60641","405.50325","263.02231","190",
"5규모(500~999인)","도,소매 및 소비자용품 수리업(50-52)","현금급여외 노동비용(계)[천원]","천원","701.9","864.44623","873.01112","865.52219","1427.09976","799.8",
"5규모(500~999인)","도,소매 및 소비자용품 수리업(50-52)","퇴직금등비용[천원]","천원","294.4","441.74749","437.52293","440.45479","995.88253","615.1",
"5규모(500~999인)","도,소매 및 소비자용품 수리업(50-52)","현물지급비용[천원]","천원","0",".89826","0",".62215",".69415","0",
"5규모(500~999인)","도,소매 및 소비자용품 수리업(50-52)","법정복리비[천원]","천원","182.2","200.816","200.55432","157.98019","149.8921","97.3",
"5규모(500~999인)","도,소매 및 소비자용품 수리업(50-52)","법정외복리비[천원]","천원","202","181.31763","191.94491","206.79484","175.03216","64.5",
"5규모(500~999인)","도,소매 및 소비자용품 수리업(50-52)","모집비[천원]","천원","2","3.64394","2.65361","3.67999","56.61414",".5",
"5규모(500~999인)","도,소매 및 소비자용품 수리업(50-52)","교육훈련비[천원]","천원","13.7","30.19115","35.06564","46.4296","38.72098","19.4",
"5규모(500~999인)","도,소매 및 소비자용품 수리업(50-52)","기타노동비용[천원]","천원","7.6","5.83177","5.26971","9.56064","10.26371","2.9",
"5규모(500~999인)","숙박 및 음식점업(55)","노동비용총액[천원]","천원","2611","2544.00667","2277.34285","2068.02813","1475.71409","1385.3",
"5규모(500~999인)","숙박 및 음식점업(55)","현금급여총계[천원]","천원","1867.6","1803.92848","1487.63323","1495.73653","1093.57464","1008.7",
"5규모(500~999인)","숙박 및 음식점업(55)","정액및초과[천원]","천원","1397.1","1378.67858","1141.7361","1272.8431","948.48156","801.8",
"5규모(500~999인)","숙박 및 음식점업(55)","상여금등특별급여[천원]","천원","470.5","425.2499","345.89714","222.89343","145.09309","206.9",
"5규모(500~999인)","숙박 및 음식점업(55)","현금급여외 노동비용(계)[천원]","천원","743.4","740.07819","789.70962","572.2916","382.13944","376.6",
"5규모(500~999인)","숙박 및 음식점업(55)","퇴직금등비용[천원]","천원","349.4","384.17658","445.4353","259.37002","116.11679","134.1",
"5규모(500~999인)","숙박 및 음식점업(55)","현물지급비용[천원]","천원",".3","0","0",".38094",".82655","1.6",
"5규모(500~999인)","숙박 및 음식점업(55)","법정복리비[천원]","천원","213.6","203.53918","183.46973","149.08496","119.47915","90.6",
"5규모(500~999인)","숙박 및 음식점업(55)","법정외복리비[천원]","천원","168.9","143.64898","150.06443","137.13713","133.43975","143.7",
"5규모(500~999인)","숙박 및 음식점업(55)","모집비[천원]","천원","1",".68112","1.07273",".31642","1.0234",".2",
"5규모(500~999인)","숙박 및 음식점업(55)","교육훈련비[천원]","천원","9","8.03232","7.82266","16.81276","10.1622","4.6",
"5규모(500~999인)","숙박 및 음식점업(55)","기타노동비용[천원]","천원","1.2","0","1.84477","9.18936","1.0916","1.8",
"5규모(500~999인)","운수, 창고 및 통신업(60-64)","노동비용총액[천원]","천원","2272.3","1940.96308","1811.86461","1598.48143","1581.53544","1620",
"5규모(500~999인)","운수, 창고 및 통신업(60-64)","현금급여총계[천원]","천원","1568.8","1297.30339","1184.45846","1115.06387","1130.86465","1090.6",
"5규모(500~999인)","운수, 창고 및 통신업(60-64)","정액및초과[천원]","천원","1313","1053.85304","973.14251","838.45815","889.03024","844.8",
"5규모(500~999인)","운수, 창고 및 통신업(60-64)","상여금등특별급여[천원]","천원","255.8","243.45035","211.31595","276.60572","241.83441","245.8",
"5규모(500~999인)","운수, 창고 및 통신업(60-64)","현금급여외 노동비용(계)[천원]","천원","703.5","643.65969","627.40614","483.41756","450.67079","529.4",
"5규모(500~999인)","운수, 창고 및 통신업(60-64)","퇴직금등비용[천원]","천원","306.1","277.06106","277.66867","162.97286","170.12688","269.4",
"5규모(500~999인)","운수, 창고 및 통신업(60-64)","현물지급비용[천원]","천원",".4",".0119","0","0","0","1.3",
"5규모(500~999인)","운수, 창고 및 통신업(60-64)","법정복리비[천원]","천원","223.6","181.2963","176.22825","161.35767","141.81563","116.8",
"5규모(500~999인)","운수, 창고 및 통신업(60-64)","법정외복리비[천원]","천원","152.3","158.72332","156.82288","137.26046","125.4811","121",
"5규모(500~999인)","운수, 창고 및 통신업(60-64)","모집비[천원]","천원",".5",".58183",".5133",".314",".23233",".1",
"5규모(500~999인)","운수, 창고 및 통신업(60-64)","교육훈련비[천원]","천원","15.6","16.74185","10.10831","16.09865","11.16807","17.7",
"5규모(500~999인)","운수, 창고 및 통신업(60-64)","기타노동비용[천원]","천원","5.1","9.24343","6.06473","5.41391","1.84679","3",
"5규모(500~999인)","금융 및 보험업(65-67)","노동비용총액[천원]","천원","4728.3","3783.77156","4691.30764","4126.38926","4045.52686","4133.9",
"5규모(500~999인)","금융 및 보험업(65-67)","현금급여총계[천원]","천원","3688.6","2841.21291","3455.32938","2942.68262","2697.30722","1852.8",
"5규모(500~999인)","금융 및 보험업(65-67)","정액및초과[천원]","천원","2417","1979.476","2110.11419","1714.18546","1342.62072","1356",
"5규모(500~999인)","금융 및 보험업(65-67)","상여금등특별급여[천원]","천원","1271.6","861.73691","1345.21519","1228.49716","1354.6865","496.8",
"5규모(500~999인)","금융 및 보험업(65-67)","현금급여외 노동비용(계)[천원]","천원","1039.7","942.55865","1235.97826","1183.70663","1348.21965","2281.1",
"5규모(500~999인)","금융 및 보험업(65-67)","퇴직금등비용[천원]","천원","428.7","261.17395","643.08103","491.92079","500.50074","1980.4",
"5규모(500~999인)","금융 및 보험업(65-67)","현물지급비용[천원]","천원","0","0","0","18.71093","0","0",
"5규모(500~999인)","금융 및 보험업(65-67)","법정복리비[천원]","천원","268.5","215.39104","238.88931","207.47615","178.57061","127.1",
"5규모(500~999인)","금융 및 보험업(65-67)","법정외복리비[천원]","천원","281.7","408.84126","295.28309","404.58615","608.67969","131.9",
"5규모(500~999인)","금융 및 보험업(65-67)","모집비[천원]","천원","1.6",".55777",".83433","3.2745","6.2796",".8",
"5규모(500~999인)","금융 및 보험업(65-67)","교육훈련비[천원]","천원","54.6","48.61631","48.68979","49.91679","41.49672","29",
"5규모(500~999인)","금융 및 보험업(65-67)","기타노동비용[천원]","천원","4.5","7.97832","9.20071","7.82132","12.69229","11.9",
"5규모(500~999인)","부동산 및 사업서비스업(70-74)","노동비용총액[천원]","천원","2636.7","2186.50225","2272.27499","2152.48701","2210.27831","1979.4",
"5규모(500~999인)","부동산 및 사업서비스업(70-74)","현금급여총계[천원]","천원","2110.6","1735.40013","1628.3003","1376.5431","1375.93888","1293.9",
"5규모(500~999인)","부동산 및 사업서비스업(70-74)","정액및초과[천원]","천원","1633.7","1386.35446","1315.26601","1106.24351","1094.24789","1048.4",
"5규모(500~999인)","부동산 및 사업서비스업(70-74)","상여금등특별급여[천원]","천원","476.9","349.04566","313.03429","270.29959","281.69099","245.5",
"5규모(500~999인)","부동산 및 사업서비스업(70-74)","현금급여외 노동비용(계)[천원]","천원","526","451.10212","643.97469","775.94391","834.33943","685.6",
"5규모(500~999인)","부동산 및 사업서비스업(70-74)","퇴직금등비용[천원]","천원","160.5","135.20744","347.36553","501.87612","541.98005","439.4",
"5규모(500~999인)","부동산 및 사업서비스업(70-74)","현물지급비용[천원]","천원","1.3","1.91477",".37606","15.57685","1.85902","0",
"5규모(500~999인)","부동산 및 사업서비스업(70-74)","법정복리비[천원]","천원","193.1","170.50508","163.77356","135.61561","137.95283","110.8",
"5규모(500~999인)","부동산 및 사업서비스업(70-74)","법정외복리비[천원]","천원","131.8","112.12899","105.52052","97.16842","111.38181","113.9",
"5규모(500~999인)","부동산 및 사업서비스업(70-74)","모집비[천원]","천원","1.1","1.22085",".71021",".89058",".53593",".6",
"5규모(500~999인)","부동산 및 사업서비스업(70-74)","교육훈련비[천원]","천원","25.2","19.98641","18.473","17.39253","32.58202","16.7",
"5규모(500~999인)","부동산 및 사업서비스업(70-74)","기타노동비용[천원]","천원","13","10.1386","7.75581","7.42381","8.04779","4.1",
"5규모(500~999인)","교육 서비스업(80)","노동비용총액[천원]","천원","3095.1","3296.75452","2360.68792","2095.97292","1859.1514","2148.9",
"5규모(500~999인)","교육 서비스업(80)","현금급여총계[천원]","천원","2835.6","2789.68626","2101.53801","1969.3561","1751.68168","2032.2",
"5규모(500~999인)","교육 서비스업(80)","정액및초과[천원]","천원","1819","1896.52473","1468.24194","1610.39479","1558.05649","1517",
"5규모(500~999인)","교육 서비스업(80)","상여금등특별급여[천원]","천원","1016.6","893.16153","633.29607","358.96131","193.6252","515.2",
"5규모(500~999인)","교육 서비스업(80)","현금급여외 노동비용(계)[천원]","천원","259.5","507.06826","259.14991","126.61682","107.46972","116.6",
"5규모(500~999인)","교육 서비스업(80)","퇴직금등비용[천원]","천원","38.8","227.35642","31.69529","17.91289","13.04948","23.8",
"5규모(500~999인)","교육 서비스업(80)","현물지급비용[천원]","천원","0","0","0","0","0","0",
"5규모(500~999인)","교육 서비스업(80)","법정복리비[천원]","천원","149.4","148.32945","116.92161","74.16269","66.76835","61.3",
"5규모(500~999인)","교육 서비스업(80)","법정외복리비[천원]","천원","47","92.66339","72.23609","23.1067","14.15119","13.4",
"5규모(500~999인)","교육 서비스업(80)","모집비[천원]","천원","4","21.41787","20.25468","2.3286","2.88677","7.2",
"5규모(500~999인)","교육 서비스업(80)","교육훈련비[천원]","천원","20.3","16.98937","18.04224","9.10594","10.61393","10.4",
"5규모(500~999인)","교육 서비스업(80)","기타노동비용[천원]","천원","0",".31176","0","0","0",".5",
"5규모(500~999인)","보건 및 사회복지사업(85)","노동비용총액[천원]","천원","2619.3","2606.21786","2246.44584","2080.71972","1863.12938","1733.8",
"5규모(500~999인)","보건 및 사회복지사업(85)","현금급여총계[천원]","천원","2179.9","2012.55697","1886.45072","1732.99701","1524.59127","1395.1",
"5규모(500~999인)","보건 및 사회복지사업(85)","정액및초과[천원]","천원","1609.2","1439.66189","1537.99828","1425.1666","1222.19501","1089.3",
"5규모(500~999인)","보건 및 사회복지사업(85)","상여금등특별급여[천원]","천원","570.7","572.89508","348.45244","307.8304","302.39626","305.8",
"5규모(500~999인)","보건 및 사회복지사업(85)","현금급여외 노동비용(계)[천원]","천원","439.5","593.66089","359.99512","347.72272","338.53811","338.8",
"5규모(500~999인)","보건 및 사회복지사업(85)","퇴직금등비용[천원]","천원","178","345.86209","143.97833","93.17121","108.17639","116.8",
"5규모(500~999인)","보건 및 사회복지사업(85)","현물지급비용[천원]","천원","0","0","0","0","0","0",
"5규모(500~999인)","보건 및 사회복지사업(85)","법정복리비[천원]","천원","178.2","161.69965","137.0447","126.49919","120.16258","85.2",
"5규모(500~999인)","보건 및 사회복지사업(85)","법정외복리비[천원]","천원","70.2","72.43829","66.62202","119.06931","94.95696","127.7",
"5규모(500~999인)","보건 및 사회복지사업(85)","모집비[천원]","천원",".1",".64202","1.70395","1.10343",".41946",".2",
"5규모(500~999인)","보건 및 사회복지사업(85)","교육훈련비[천원]","천원","10.3","8.61848","9.4673","6.12199","14.21496","8.3",
"5규모(500~999인)","보건 및 사회복지사업(85)","기타노동비용[천원]","천원","2.6","4.40037","1.17883","1.75758",".60775",".6",
"5규모(500~999인)","기타 공공, 사회 및 개인서비스업(90-93)","노동비용총액[천원]","천원","3200.7","3060.87961","2412.27306","3376.5006","2323.6082","2392.9",
"5규모(500~999인)","기타 공공, 사회 및 개인서비스업(90-93)","현금급여총계[천원]","천원","2493.3","2342.76281","1914.01577","1942.76964","1691.00997","1522.3",
"5규모(500~999인)","기타 공공, 사회 및 개인서비스업(90-93)","정액및초과[천원]","천원","2015.4","1867.14614","1556.70261","1557.46037","1343.09127","1209.4",
"5규모(500~999인)","기타 공공, 사회 및 개인서비스업(90-93)","상여금등특별급여[천원]","천원","477.9","475.61667","357.31315","385.30927","347.9187","312.8",
"5규모(500~999인)","기타 공공, 사회 및 개인서비스업(90-93)","현금급여외 노동비용(계)[천원]","천원","707.5","718.1168","498.2573","1433.73096","632.59823","870.6",
"5규모(500~999인)","기타 공공, 사회 및 개인서비스업(90-93)","퇴직금등비용[천원]","천원","320.8","283.16056","145.67831","1108.28777","330.78559","672.5",
"5규모(500~999인)","기타 공공, 사회 및 개인서비스업(90-93)","현물지급비용[천원]","천원","0","2.51768","3.186","0","0","0",
"5규모(500~999인)","기타 공공, 사회 및 개인서비스업(90-93)","법정복리비[천원]","천원","230.2","238.57791","197.6583","180.88797","174.61801","109.1",
"5규모(500~999인)","기타 공공, 사회 및 개인서비스업(90-93)","법정외복리비[천원]","천원","123.7","161.04413","115.13034","119.52398","102.2549","81",
"5규모(500~999인)","기타 공공, 사회 및 개인서비스업(90-93)","모집비[천원]","천원","3.3","2.65376","3.16221","3.13003","2.32467",".4",
"5규모(500~999인)","기타 공공, 사회 및 개인서비스업(90-93)","교육훈련비[천원]","천원","22.7","25.0028","26.87075","15.84995","16.73781","4.3",
"5규모(500~999인)","기타 공공, 사회 및 개인서비스업(90-93)","기타노동비용[천원]","천원","6.6","5.15996","6.57139","6.05126","5.87726","3.4",
"6규모(1000인이상)","전산업","노동비용총액[천원]","천원","3572.9","3133.41573","2959.99299","3164.02146","2616.67923","2575.3",
"6규모(1000인이상)","전산업","현금급여총계[천원]","천원","2527.7","2289.30272","2010.31936","1904.69331","1688.22602","1510.8",
"6규모(1000인이상)","전산업","정액및초과[천원]","천원","1901.3","1719.67529","1529.58685","1456.70824","1304.46775","1207.8",
"6규모(1000인이상)","전산업","상여금등특별급여[천원]","천원","626.3","569.62743","480.73251","447.98507","383.75827","302.9",
"6규모(1000인이상)","전산업","현금급여외 노동비용(계)[천원]","천원","1045.3","844.11301","949.67363","1259.32814","928.45321","1064.6",
"6규모(1000인이상)","전산업","퇴직금등비용[천원]","천원","427.8","281.53983","455.06649","802.80345","498.50416","726",
"6규모(1000인이상)","전산업","현물지급비용[천원]","천원","4.3","3.66168","1.83632","1.8094","5.52828","2.7",
"6규모(1000인이상)","전산업","법정복리비[천원]","천원","267.4","246.72306","232.20338","198.73061","175.59857","130",
"6규모(1000인이상)","전산업","법정외복리비[천원]","천원","268.6","231.21973","196.02282","189.52617","195.91841","159",
"6규모(1000인이상)","전산업","모집비[천원]","천원","3.8","3.17569","3.71938","3.59192","2.49437","1.1",
"6규모(1000인이상)","전산업","교육훈련비[천원]","천원","61.4","64.82214","53.14229","52.03559","42.0636","36.2",
"6규모(1000인이상)","전산업","기타노동비용[천원]","천원","12.1","12.97087","7.68295","10.831","8.34584","9.6",
"6규모(1000인이상)","광 업(10-14)","노동비용총액[천원]","천원","3964.9","3418.55311","3868.78691","5255.16352","2907.24754","4138.1",
"6규모(1000인이상)","광 업(10-14)","현금급여총계[천원]","천원","2493.9","2072.85836","1548.77647","1846.91979","1700.78223","1729.3",
"6규모(1000인이상)","광 업(10-14)","정액및초과[천원]","천원","2045.3","1690.71908","1063.61693","1497.02964","1412.73346","1475.5",
"6규모(1000인이상)","광 업(10-14)","상여금등특별급여[천원]","천원","448.6","382.13928","485.15954","349.89015","288.04877","253.8",
"6규모(1000인이상)","광 업(10-14)","현금급여외 노동비용(계)[천원]","천원","1471.1","1345.69474","2320.01044","3408.24374","1206.46531","2408.8",
"6규모(1000인이상)","광 업(10-14)","퇴직금등비용[천원]","천원","7.7","140.36956","1225.84489","2515.91996","408.00245","1625.4",
"6규모(1000인이상)","광 업(10-14)","현물지급비용[천원]","천원","0","0","0","0","0","0",
"6규모(1000인이상)","광 업(10-14)","법정복리비[천원]","천원","1277.4","1020.13675","950.22049","771.9613","674.49212","532.7",
"6규모(1000인이상)","광 업(10-14)","법정외복리비[천원]","천원","175.1","177.57989","137.97832","113.6137","120.44117","233.2",
"6규모(1000인이상)","광 업(10-14)","모집비[천원]","천원","0",".15151","0","0",".17943",".1",
"6규모(1000인이상)","광 업(10-14)","교육훈련비[천원]","천원","5.9","3.49735","2.01663","3.836","2.05949","15.1",
"6규모(1000인이상)","광 업(10-14)","기타노동비용[천원]","천원","4.9","3.95969","3.9501","2.91278","1.29064","2.2",
"6규모(1000인이상)","제 조 업(15-37)","노동비용총액[천원]","천원","3251.5","2972.85364","2650.94059","2740.58309","2329.72954","2190.7",
"6규모(1000인이상)","제 조 업(15-37)","현금급여총계[천원]","천원","2300.1","2151.25882","1863.8063","1747.94998","1567.46709","1385",
"6규모(1000인이상)","제 조 업(15-37)","정액및초과[천원]","천원","1730.4","1624.3396","1403.13927","1330.66958","1215.02601","1111.4",
"6규모(1000인이상)","제 조 업(15-37)","상여금등특별급여[천원]","천원","569.7","526.91922","460.66703","417.28039","352.44108","273.6",
"6규모(1000인이상)","제 조 업(15-37)","현금급여외 노동비용(계)[천원]","천원","951.4","821.59482","787.13429","992.63312","762.26245","805.7",
"6규모(1000인이상)","제 조 업(15-37)","퇴직금등비용[천원]","천원","310.7","277.72995","314.75548","562.93191","377.26826","504.2",
"6규모(1000인이상)","제 조 업(15-37)","현물지급비용[천원]","천원","6.5","5.53604","2.78359","2.25556","9.65934","3.9",
"6규모(1000인이상)","제 조 업(15-37)","법정복리비[천원]","천원","263.9","227.59096","226.27027","181.02717","159.73289","114.1",
"6규모(1000인이상)","제 조 업(15-37)","법정외복리비[천원]","천원","290.3","233.49219","186.03474","192.84282","172.48518","147.1",
"6규모(1000인이상)","제 조 업(15-37)","모집비[천원]","천원","5.3","4.13419","5.33883","4.81848","3.33061","1.4",
"6규모(1000인이상)","제 조 업(15-37)","교육훈련비[천원]","천원","59.4","56.03299","43.89174","36.75244","30.15719","26.2",
"6규모(1000인이상)","제 조 업(15-37)","기타노동비용[천원]","천원","15.3","17.07851","8.05964","12.00474","9.62898","8.8",
"6규모(1000인이상)","전기, 가스 및 수도사업(40-41)","노동비용총액[천원]","천원","4712.8","4216.16635","3599.09412","7914.72796","3353.64491","4019.9",
"6규모(1000인이상)","전기, 가스 및 수도사업(40-41)","현금급여총계[천원]","천원","3683","3312.99796","2760.09695","2516.25135","2319.14339","2034.9",
"6규모(1000인이상)","전기, 가스 및 수도사업(40-41)","정액및초과[천원]","천원","2804.6","2482.54833","2096.76543","1977.03247","1767.60586","1550.4",
"6규모(1000인이상)","전기, 가스 및 수도사업(40-41)","상여금등특별급여[천원]","천원","878.4","830.44963","663.33152","539.21888","551.53753","484.5",
"6규모(1000인이상)","전기, 가스 및 수도사업(40-41)","현금급여외 노동비용(계)[천원]","천원","1029.8","903.16839","838.99717","5398.47661","1034.50152","1985",
"6규모(1000인이상)","전기, 가스 및 수도사업(40-41)","퇴직금등비용[천원]","천원","32.1","24.46722","19.43049","4798.56298","427.19256","1601.5",
"6규모(1000인이상)","전기, 가스 및 수도사업(40-41)","현물지급비용[천원]","천원","0","0","0","0","0","0",
"6규모(1000인이상)","전기, 가스 및 수도사업(40-41)","법정복리비[천원]","천원","283.2","255.38123","228.29171","204.55852","179.29125","101",
"6규모(1000인이상)","전기, 가스 및 수도사업(40-41)","법정외복리비[천원]","천원","609","482.85233","479.45851","296.11836","345.50427","252.7",
"6규모(1000인이상)","전기, 가스 및 수도사업(40-41)","모집비[천원]","천원","1.7","1.04608",".75094",".00075",".25472",".5",
"6규모(1000인이상)","전기, 가스 및 수도사업(40-41)","교육훈련비[천원]","천원","101.9","139.42153","108.32325","97.44587","80.39905","27.9",
"6규모(1000인이상)","전기, 가스 및 수도사업(40-41)","기타노동비용[천원]","천원","1.8","0","2.74226","1.79013","1.85966","1.4",
"6규모(1000인이상)","건설업(45)","노동비용총액[천원]","천원","3971.4","3658.09019","3282.49672","3878.9696","2704.7764","2818.8",
"6규모(1000인이상)","건설업(45)","현금급여총계[천원]","천원","2713.3","2453.36562","2097.93307","2108.77297","1804.96641","1674.8",
"6규모(1000인이상)","건설업(45)","정액및초과[천원]","천원","2244.8","2017.52238","1752.27408","1673.35178","1482.10144","1466.7",
"6규모(1000인이상)","건설업(45)","상여금등특별급여[천원]","천원","468.5","435.84324","345.65899","435.42118","322.86497","208.1",
"6규모(1000인이상)","건설업(45)","현금급여외 노동비용(계)[천원]","천원","1258.2","1204.72457","1184.56366","1770.19663","899.80999","1144",
"6규모(1000인이상)","건설업(45)","퇴직금등비용[천원]","천원","461.5","411.41866","510.18184","1057.17589","278.86928","588.1",
"6규모(1000인이상)","건설업(45)","현물지급비용[천원]","천원","6.3","6.62121","3.17281",".7757","1.72128",".5",
"6규모(1000인이상)","건설업(45)","법정복리비[천원]","천원","503.7","578.44869","495.68563","522.07311","440.17024","367.4",
"6규모(1000인이상)","건설업(45)","법정외복리비[천원]","천원","216.5","144.07097","110.87281","146.49648","125.00794","128.1",
"6규모(1000인이상)","건설업(45)","모집비[천원]","천원","3.5","6.34174","1.3119","1.02461",".88278",".3",
"6규모(1000인이상)","건설업(45)","교육훈련비[천원]","천원","47.5","31.18113","43.8646","23.72632","37.37079","50.3",
"6규모(1000인이상)","건설업(45)","기타노동비용[천원]","천원","19.2","26.64217","19.47407","18.92454","15.78768","9.5",
"6규모(1000인이상)","도,소매 및 소비자용품 수리업(50-52)","노동비용총액[천원]","천원","2809.8","2763.03515","2258.61447","2164.5438","2148.00326","2078.2",
"6규모(1000인이상)","도,소매 및 소비자용품 수리업(50-52)","현금급여총계[천원]","천원","2160.4","2028.74636","1735.73787","1572.91722","1469.22955","1453.6",
"6규모(1000인이상)","도,소매 및 소비자용품 수리업(50-52)","정액및초과[천원]","천원","1671.4","1595.38616","1328.76178","1273.45041","1181.65005","1175.3",
"6규모(1000인이상)","도,소매 및 소비자용품 수리업(50-52)","상여금등특별급여[천원]","천원","488.9","433.36021","406.97609","299.4668","287.5795","278.3",
"6규모(1000인이상)","도,소매 및 소비자용품 수리업(50-52)","현금급여외 노동비용(계)[천원]","천원","649.5","734.28879","522.8766","591.62659","678.77371","624.6",
"6규모(1000인이상)","도,소매 및 소비자용품 수리업(50-52)","퇴직금등비용[천원]","천원","242.7","264.19531","169.25636","191.18114","366.92006","359.4",
"6규모(1000인이상)","도,소매 및 소비자용품 수리업(50-52)","현물지급비용[천원]","천원","0","0","0","3.49249",".75089","0",
"6규모(1000인이상)","도,소매 및 소비자용품 수리업(50-52)","법정복리비[천원]","천원","158.4","188.13423","159.41594","141.5572","139.51613","106.6",
"6규모(1000인이상)","도,소매 및 소비자용품 수리업(50-52)","법정외복리비[천원]","천원","184.2","198.60119","130.7369","152.45202","120.43012","129",
"6규모(1000인이상)","도,소매 및 소비자용품 수리업(50-52)","모집비[천원]","천원","2","2.91284","2.79388","9.36149","4.48231","1.4",
"6규모(1000인이상)","도,소매 및 소비자용품 수리업(50-52)","교육훈련비[천원]","천원","56","71.26987","51.43056","80.38569","41.72068","25.5",
"6규모(1000인이상)","도,소매 및 소비자용품 수리업(50-52)","기타노동비용[천원]","천원","6.3","9.17534","9.24297","13.19655","4.95352","2.7",
"6규모(1000인이상)","숙박 및 음식점업(55)","노동비용총액[천원]","천원","2264.8","2413.58913","2041.44663","1739.26063","1922.4656","1911.1",
"6규모(1000인이상)","숙박 및 음식점업(55)","현금급여총계[천원]","천원","1635.8","1594.65946","1384.4538","1147.22056","1129.80572","1339.7",
"6규모(1000인이상)","숙박 및 음식점업(55)","정액및초과[천원]","천원","1302.1","1192.6079","1194.08039","956.63794","982.70753","1072.7",
"6규모(1000인이상)","숙박 및 음식점업(55)","상여금등특별급여[천원]","천원","333.7","402.05155","190.37341","190.58262","147.09819","267.1",
"6규모(1000인이상)","숙박 및 음식점업(55)","현금급여외 노동비용(계)[천원]","천원","629","818.92968","656.99283","592.04007","792.65988","571.3",
"6규모(1000인이상)","숙박 및 음식점업(55)","퇴직금등비용[천원]","천원","232.2","418.91711","254.7399","231.75705","372.11966","309.6",
"6규모(1000인이상)","숙박 및 음식점업(55)","현물지급비용[천원]","천원","9.5","11.42713","10.00584","12.36521","17.01779","0",
"6규모(1000인이상)","숙박 및 음식점업(55)","법정복리비[천원]","천원","184.4","176.50463","161.31375","129.91313","152.60182","105.2",
"6규모(1000인이상)","숙박 및 음식점업(55)","법정외복리비[천원]","천원","178.5","186.62855","198.62152","197.837","228.11767","134.3",
"6규모(1000인이상)","숙박 및 음식점업(55)","모집비[천원]","천원","1","1.2029",".62685",".49698",".21087",".3",
"6규모(1000인이상)","숙박 및 음식점업(55)","교육훈련비[천원]","천원","16.1","19.83095","21.64356","17.68277","13.86724","10.9",
"6규모(1000인이상)","숙박 및 음식점업(55)","기타노동비용[천원]","천원","7.3","4.4184","10.04141","1.98793","8.72483","11",
"6규모(1000인이상)","운수, 창고 및 통신업(60-64)","노동비용총액[천원]","천원","4384.5","3176.11496","3300.62559","3356.40221","2854.30265","2586.2",
"6규모(1000인이상)","운수, 창고 및 통신업(60-64)","현금급여총계[천원]","천원","2432.9","2156.21119","2010.74112","1995.79845","1681.00982","1447.8",
"6규모(1000인이상)","운수, 창고 및 통신업(60-64)","정액및초과[천원]","천원","1956.3","1696.16138","1635.31973","1586.38892","1340.41181","1215.3",
"6규모(1000인이상)","운수, 창고 및 통신업(60-64)","상여금등특별급여[천원]","천원","476.6","460.04981","375.42139","409.40953","340.59802","232.6",
"6규모(1000인이상)","운수, 창고 및 통신업(60-64)","현금급여외 노동비용(계)[천원]","천원","1951.6","1019.90377","1289.88447","1360.60376","1173.29283","1138.4",
"6규모(1000인이상)","운수, 창고 및 통신업(60-64)","퇴직금등비용[천원]","천원","1314.9","377.33574","757.5709","843.94312","651.91375","680.7",
"6규모(1000인이상)","운수, 창고 및 통신업(60-64)","현물지급비용[천원]","천원","1.2",".00016",".00028",".01884",".12544",".8",
"6규모(1000인이상)","운수, 창고 및 통신업(60-64)","법정복리비[천원]","천원","279.4","282.5706","242.75311","219.18789","182.16034","156.1",
"6규모(1000인이상)","운수, 창고 및 통신업(60-64)","법정외복리비[천원]","천원","272.5","255.954","210.84513","180.26867","268.25463","206.2",
"6규모(1000인이상)","운수, 창고 및 통신업(60-64)","모집비[천원]","천원","1.2",".94506",".37029",".85489",".60561",".1",
"6규모(1000인이상)","운수, 창고 및 통신업(60-64)","교육훈련비[천원]","천원","77.4","100.21708","75.8063","106.70562","66.14596","82.7",
"6규모(1000인이상)","운수, 창고 및 통신업(60-64)","기타노동비용[천원]","천원","5.1","2.88112","2.53845","9.62474","4.08709","11.8",
"6규모(1000인이상)","금융 및 보험업(65-67)","노동비용총액[천원]","천원","4200.1","3770.03895","4209.91302","3321.99203","3747.79734","4256.1",
"6규모(1000인이상)","금융 및 보험업(65-67)","현금급여총계[천원]","천원","3434","3129.84629","2689.36505","2483.2172","2247.78019","2026.5",
"6규모(1000인이상)","금융 및 보험업(65-67)","정액및초과[천원]","천원","2268.5","2007.28944","1816.63584","1689.00141","1503.87692","1465.4",
"6규모(1000인이상)","금융 및 보험업(65-67)","상여금등특별급여[천원]","천원","1165.5","1122.55685","872.72921","794.2158","743.90327","561.1",
"6규모(1000인이상)","금융 및 보험업(65-67)","현금급여외 노동비용(계)[천원]","천원","766.1","640.19266","1520.54796","838.77483","1500.01715","2229.5",
"6규모(1000인이상)","금융 및 보험업(65-67)","퇴직금등비용[천원]","천원","248","129.27393","1078.38701","450.65521","1018.08277","1862.3",
"6규모(1000인이상)","금융 및 보험업(65-67)","현물지급비용[천원]","천원","3.2","3.78444","1.33373","1.82442","0","6.1",
"6규모(1000인이상)","금융 및 보험업(65-67)","법정복리비[천원]","천원","274.2","250.50371","218.53846","186.64211","186.05377","128.8",
"6규모(1000인이상)","금융 및 보험업(65-67)","법정외복리비[천원]","천원","163.4","176.49168","155.94606","149.24527","206.27426","161.4",
"6규모(1000인이상)","금융 및 보험업(65-67)","모집비[천원]","천원","2.2","2.71461","2.32281",".41572","1.43936","1.5",
"6규모(1000인이상)","금융 및 보험업(65-67)","교육훈련비[천원]","천원","59.1","57.78885","50.8983","37.52329","72.35683","41.3",
"6규모(1000인이상)","금융 및 보험업(65-67)","기타노동비용[천원]","천원","15.9","19.63544","13.12161","12.4688","15.81017","28.2",
"6규모(1000인이상)","부동산 및 사업서비스업(70-74)","노동비용총액[천원]","천원","2900.7","2611.5594","2397.37118","2526.02772","2621.82363","2607.2",
"6규모(1000인이상)","부동산 및 사업서비스업(70-74)","현금급여총계[천원]","천원","2214.4","1935.37485","1723.94799","1728.80881","1464.27312","1434.4",
"6규모(1000인이상)","부동산 및 사업서비스업(70-74)","정액및초과[천원]","천원","1907.1","1669.00991","1458.64294","1444.31946","1235.60921","1171.2",
"6규모(1000인이상)","부동산 및 사업서비스업(70-74)","상여금등특별급여[천원]","천원","307.3","266.36494","265.30504","284.48935","228.66391","263.3",
"6규모(1000인이상)","부동산 및 사업서비스업(70-74)","현금급여외 노동비용(계)[천원]","천원","686.3","676.18455","673.4232","797.21891","1157.55051","1172.8",
"6규모(1000인이상)","부동산 및 사업서비스업(70-74)","퇴직금등비용[천원]","천원","208.6","250.51459","260.25598","364.94586","845.98783","922.1",
"6규모(1000인이상)","부동산 및 사업서비스업(70-74)","현물지급비용[천원]","천원",".8","0","0","1.12566",".40994","0",
"6규모(1000인이상)","부동산 및 사업서비스업(70-74)","법정복리비[천원]","천원","205.6","192.45083","173.55054","171.58511","134.76248","100.4",
"6규모(1000인이상)","부동산 및 사업서비스업(70-74)","법정외복리비[천원]","천원","189.2","146.18166","146.779","170.85592","127.32077","110.1",
"6규모(1000인이상)","부동산 및 사업서비스업(70-74)","모집비[천원]","천원","5.3","3.89073","3.29841","6.60007","3.47302",".8",
"6규모(1000인이상)","부동산 및 사업서비스업(70-74)","교육훈련비[천원]","천원","70.4","78.28421","82.21939","76.12357","40.55255","33.9",
"6규모(1000인이상)","부동산 및 사업서비스업(70-74)","기타노동비용[천원]","천원","6.4","4.86253","7.31989","5.98272","5.04392","5.5",
"6규모(1000인이상)","교육 서비스업(80)","노동비용총액[천원]","천원","3317.4","2993.36784","2622.35599","2570.53141","2317.76881","2805.2",
"6규모(1000인이상)","교육 서비스업(80)","현금급여총계[천원]","천원","3020","2738.27828","2308.39519","2263.93986","2054.87006","2618.9",
"6규모(1000인이상)","교육 서비스업(80)","정액및초과[천원]","천원","2201.6","2133.25303","1845.10579","1738.02944","1605.25482","1832.9",
"6규모(1000인이상)","교육 서비스업(80)","상여금등특별급여[천원]","천원","818.4","605.02525","463.2894","525.91043","449.61524","786",
"6규모(1000인이상)","교육 서비스업(80)","현금급여외 노동비용(계)[천원]","천원","297.4","255.08956","313.9608","306.59155","262.89875","186.4",
"6규모(1000인이상)","교육 서비스업(80)","퇴직금등비용[천원]","천원","60.8","53.31564","98.65606","121.31216","92.44742","85.9",
"6규모(1000인이상)","교육 서비스업(80)","현물지급비용[천원]","천원","0","0","0","0","0","0",
"6규모(1000인이상)","교육 서비스업(80)","법정복리비[천원]","천원","164.9","159.90136","146.23223","114.52865","106.63565","70.2",
"6규모(1000인이상)","교육 서비스업(80)","법정외복리비[천원]","천원","59.1","31.34107","57.8761","60.84547","52.17258","22.1",
"6규모(1000인이상)","교육 서비스업(80)","모집비[천원]","천원","1.2",".6214",".86784","1.69459",".35692","2.2",
"6규모(1000인이상)","교육 서비스업(80)","교육훈련비[천원]","천원","9.7","8.24869","8.36113","6.00722","10.67481","5.2",
"6규모(1000인이상)","교육 서비스업(80)","기타노동비용[천원]","천원","1.8","1.66141","1.96745","2.20347",".61136",".8",
"6규모(1000인이상)","보건 및 사회복지사업(85)","노동비용총액[천원]","천원","2769.1","2562.66117","2308.45407","2110.5036","2067.6039","1952.3",
"6규모(1000인이상)","보건 및 사회복지사업(85)","현금급여총계[천원]","천원","2312.1","2147.59424","1999.85556","1835.80169","1717.58291","1793.9",
"6규모(1000인이상)","보건 및 사회복지사업(85)","정액및초과[천원]","천원","1756","1595.40334","1473.19551","1423.47795","1372.53984","1338.5",
"6규모(1000인이상)","보건 및 사회복지사업(85)","상여금등특별급여[천원]","천원","556.1","552.19089","526.66004","412.32374","345.04306","455.5",
"6규모(1000인이상)","보건 및 사회복지사업(85)","현금급여외 노동비용(계)[천원]","천원","457","415.06693","308.59851","274.70191","350.021","158.4",
"6규모(1000인이상)","보건 및 사회복지사업(85)","퇴직금등비용[천원]","천원","120.2","126.55209","60.94482","63.75433","96.14252","39.5",
"6규모(1000인이상)","보건 및 사회복지사업(85)","현물지급비용[천원]","천원","0","0","0","0","0","0",
"6규모(1000인이상)","보건 및 사회복지사업(85)","법정복리비[천원]","천원","173.4","151.95226","136.37193","108.93733","107.04532","78.4",
"6규모(1000인이상)","보건 및 사회복지사업(85)","법정외복리비[천원]","천원","151.6","115.28062","79.517","80.07604","121.14628","33.9",
"6규모(1000인이상)","보건 및 사회복지사업(85)","모집비[천원]","천원",".5",".51134","14.32279","6.77023","7.68889",".4",
"6규모(1000인이상)","보건 및 사회복지사업(85)","교육훈련비[천원]","천원","7.7","17.11785","12.39395","9.52424","14.17234","4.7",
"6규모(1000인이상)","보건 및 사회복지사업(85)","기타노동비용[천원]","천원","3.7","3.65277","5.04803","5.63973","3.82565","1.5",
"6규모(1000인이상)","기타 공공, 사회 및 개인서비스업(90-93)","노동비용총액[천원]","천원","3795.2","4177.80411","3851.09681","4102.30677","3064.18575","4583.7",
"6규모(1000인이상)","기타 공공, 사회 및 개인서비스업(90-93)","현금급여총계[천원]","천원","2554","2165.88189","2151.72104","2082.26638","1738.76591","2083",
"6규모(1000인이상)","기타 공공, 사회 및 개인서비스업(90-93)","정액및초과[천원]","천원","1911.5","1610.07624","1678.09658","1573.60587","1347.3706","1631.2",
"6규모(1000인이상)","기타 공공, 사회 및 개인서비스업(90-93)","상여금등특별급여[천원]","천원","642.5","555.80565","473.62446","508.66051","391.3953","451.8",
"6규모(1000인이상)","기타 공공, 사회 및 개인서비스업(90-93)","현금급여외 노동비용(계)[천원]","천원","1241.1","2011.92222","1699.37576","2020.04039","1325.41984","2500.7",
"6규모(1000인이상)","기타 공공, 사회 및 개인서비스업(90-93)","퇴직금등비용[천원]","천원","343","1144.54988","735.86292","1242.31728","690.52409","2083.2",
"6규모(1000인이상)","기타 공공, 사회 및 개인서비스업(90-93)","현물지급비용[천원]","천원","3.9","3.31605","1.56476","6.46634","2.82705","0",
"6규모(1000인이상)","기타 공공, 사회 및 개인서비스업(90-93)","법정복리비[천원]","천원","266.8","262.40084","283.0998","230.29399","204.72102","153.3",
"6규모(1000인이상)","기타 공공, 사회 및 개인서비스업(90-93)","법정외복리비[천원]","천원","575","551.47467","631.9159","495.82367","414.72877","239.7",
"6규모(1000인이상)","기타 공공, 사회 및 개인서비스업(90-93)","모집비[천원]","천원","1.9","1.50804","4.89369","2.42184","1.94334",".8",
"6규모(1000인이상)","기타 공공, 사회 및 개인서비스업(90-93)","교육훈련비[천원]","천원","43.5","41.7505","34.85076","26.71355","8.321","15.5",
"6규모(1000인이상)","기타 공공, 사회 및 개인서비스업(90-93)","기타노동비용[천원]","천원","7","6.92224","7.18793","16.00372","2.35456","8.2",
