"규모별","산업별","항목","단위","2007 년","2006 년","2005 년","2004 년",
"전규모(10인이상)","전산업","노동비용총액[천원]","천원","3642.5","3392.8","3221.1","3057.5",
"전규모(10인이상)","전산업","현금급여총계[천원]","천원","2889.1","2686.2","2569.3","2449.5",
"전규모(10인이상)","전산업","정액및초과[천원]","천원","2231.3","2119.63454","1989.1","1868.1",
"전규모(10인이상)","전산업","상여금등특별급여[천원]","천원","657.8","566.61007","580.2","581.4",
"전규모(10인이상)","전산업","현금급여외 노동비용(계)[천원]","천원","753.4","706.5","651.8","607.9",
"전규모(10인이상)","전산업","퇴직금등비용[천원]","천원","241.6","229.8","223.8","212.1",
"전규모(10인이상)","전산업","현물지급비용[천원]","천원","3.3","3.3","3.4","4.6",
"전규모(10인이상)","전산업","법정복리비[천원]","천원","243.6","228.6","208.2","191.6",
"전규모(10인이상)","전산업","법정외복리비[천원]","천원","224.4","208","177.7","161.5",
"전규모(10인이상)","전산업","채용관련비용(모집비)[천원]","천원","3","2.9","3.8","4.8",
"전규모(10인이상)","전산업","교육훈련비[천원]","천원","29.5","26.5","26.9","24.3",
"전규모(10인이상)","전산업","기타노동비용[천원]","천원","8","7.4","8","9.1",
"전규모(10인이상)","광업 및 제조업 (10-37)(CD)","노동비용총액[천원]","천원","3811.9","3609.8","3356.9","3237.5",
"전규모(10인이상)","광업 및 제조업 (10-37)(CD)","현금급여총계[천원]","천원","2977.2","2804.9","2632.4","2563.6",
"전규모(10인이상)","광업 및 제조업 (10-37)(CD)","정액및초과[천원]","천원","2235.1","2129.39704","1975.4","1867.2",
"전규모(10인이상)","광업 및 제조업 (10-37)(CD)","상여금등특별급여[천원]","천원","742.1","675.45605","657","696.5",
"전규모(10인이상)","광업 및 제조업 (10-37)(CD)","현금급여외 노동비용(계)[천원]","천원","834.7","804.9","724.5","673.8",
"전규모(10인이상)","광업 및 제조업 (10-37)(CD)","퇴직금등비용[천원]","천원","269.8","263","256.5","247.6",
"전규모(10인이상)","광업 및 제조업 (10-37)(CD)","현물지급비용[천원]","천원","4.7","4.8","4.6","3.9",
"전규모(10인이상)","광업 및 제조업 (10-37)(CD)","법정복리비[천원]","천원","251.7","242.1","218.5","200",
"전규모(10인이상)","광업 및 제조업 (10-37)(CD)","법정외복리비[천원]","천원","264","252.6","204","184",
"전규모(10인이상)","광업 및 제조업 (10-37)(CD)","채용관련비용(모집비)[천원]","천원","2.9","3.3","4.5","3.5",
"전규모(10인이상)","광업 및 제조업 (10-37)(CD)","교육훈련비[천원]","천원","32.2","30.1","27.5","24",
"전규모(10인이상)","광업 및 제조업 (10-37)(CD)","기타노동비용[천원]","천원","9.3","9","8.9","10.9",
"전규모(10인이상)","광 업(10-12)","노동비용총액[천원]","천원","3748.1","3506.1","3304.7","3069.6",
"전규모(10인이상)","광 업(10-12)","현금급여총계[천원]","천원","2729.8","2561.8","2445.6","2268.5",
"전규모(10인이상)","광 업(10-12)","정액및초과[천원]","천원","2238.1","2104.50994","1971.7","1851.6",
"전규모(10인이상)","광 업(10-12)","상여금등특별급여[천원]","천원","491.7","457.28669","474","417",
"전규모(10인이상)","광 업(10-12)","현금급여외 노동비용(계)[천원]","천원","1018.3","944.3","859.1","801",
"전규모(10인이상)","광 업(10-12)","퇴직금등비용[천원]","천원","183.1","150.6","166.1","179.9",
"전규모(10인이상)","광 업(10-12)","현물지급비용[천원]","천원","1.2","3.2","3.2","3.8",
"전규모(10인이상)","광 업(10-12)","법정복리비[천원]","천원","589.6","547.2","474.8","441.7",
"전규모(10인이상)","광 업(10-12)","법정외복리비[천원]","천원","229","226.9","197.7","159.2",
"전규모(10인이상)","광 업(10-12)","채용관련비용(모집비)[천원]","천원",".1",".5",".6","1.4",
"전규모(10인이상)","광 업(10-12)","교육훈련비[천원]","천원","1.8","2","1.9","1.6",
"전규모(10인이상)","광 업(10-12)","기타노동비용[천원]","천원","13.5","14","14.7","13.4",
"전규모(10인이상)","석탄, 원유 및 우라늄광업(10)","노동비용총액[천원]","천원","4793","4471","4428.7","4029.1",
"전규모(10인이상)","석탄, 원유 및 우라늄광업(10)","현금급여총계[천원]","천원","3222.8","2912.5","2810.5","2535.5",
"전규모(10인이상)","석탄, 원유 및 우라늄광업(10)","정액및초과[천원]","천원","2330.5","2119.6555","2016.4","1798.6",
"전규모(10인이상)","석탄, 원유 및 우라늄광업(10)","상여금등특별급여[천원]","천원","892.3","792.80521","794.1","736.9",
"전규모(10인이상)","석탄, 원유 및 우라늄광업(10)","현금급여외 노동비용(계)[천원]","천원","1570.1","1558.5","1618.2","1493.6",
"전규모(10인이상)","석탄, 원유 및 우라늄광업(10)","퇴직금등비용[천원]","천원","114.9","179.9","222.1","281.4",
"전규모(10인이상)","석탄, 원유 및 우라늄광업(10)","현물지급비용[천원]","천원","0","2.5","7.2","8.6",
"전규모(10인이상)","석탄, 원유 및 우라늄광업(10)","법정복리비[천원]","천원","1264","1112.4","1095.8","992.6",
"전규모(10인이상)","석탄, 원유 및 우라늄광업(10)","법정외복리비[천원]","천원","183.2","241.6","245","167.9",
"전규모(10인이상)","석탄, 원유 및 우라늄광업(10)","채용관련비용(모집비)[천원]","천원",".1","0","0",".5",
"전규모(10인이상)","석탄, 원유 및 우라늄광업(10)","교육훈련비[천원]","천원","1.6","2.2","4.1","1.6",
"전규모(10인이상)","석탄, 원유 및 우라늄광업(10)","기타노동비용[천원]","천원","6.5","19.9","44","40.9",
"전규모(10인이상)","금속광업(11)","노동비용총액[천원]","천원","3401.8","2938.8","2435.1","2347",
"전규모(10인이상)","금속광업(11)","현금급여총계[천원]","천원","2439.5","2261","1779.2","1709.8",
"전규모(10인이상)","금속광업(11)","정액및초과[천원]","천원","2403.7","2119.98335","1680","1569.4",
"전규모(10인이상)","금속광업(11)","상여금등특별급여[천원]","천원","35.8","141.05393","99.2","140.4",
"전규모(10인이상)","금속광업(11)","현금급여외 노동비용(계)[천원]","천원","962.3","677.8","655.9","637.2",
"전규모(10인이상)","금속광업(11)","퇴직금등비용[천원]","천원","300.1","112.1","139.9","105.9",
"전규모(10인이상)","금속광업(11)","현물지급비용[천원]","천원","1.8","0","0","0",
"전규모(10인이상)","금속광업(11)","법정복리비[천원]","천원","437.6","448.3","371.1","374.7",
"전규모(10인이상)","금속광업(11)","법정외복리비[천원]","천원","219.9","114.8","139.6","156.1",
"전규모(10인이상)","금속광업(11)","채용관련비용(모집비)[천원]","천원","0","0","0",".1",
"전규모(10인이상)","금속광업(11)","교육훈련비[천원]","천원","2.9",".9",".6",".3",
"전규모(10인이상)","금속광업(11)","기타노동비용[천원]","천원","0","1.7","4.6","0",
"전규모(10인이상)","비금속광물 광업(연료용 제외)(12)","노동비용총액[천원]","천원","3278.3","3044.6","2922.7","2747.3",
"전규모(10인이상)","비금속광물 광업(연료용 제외)(12)","현금급여총계[천원]","천원","2508.9","2396.3","2329.7","2186.9",
"전규모(10인이상)","비금속광물 광업(연료용 제외)(12)","정액및초과[천원]","천원","2195.4","2096.69716","1961.9","1876.6",
"전규모(10인이상)","비금속광물 광업(연료용 제외)(12)","상여금등특별급여[천원]","천원","313.5","299.60402","367.9","310.3",
"전규모(10인이상)","비금속광물 광업(연료용 제외)(12)","현금급여외 노동비용(계)[천원]","천원","769.4","648.3","593","560.4",
"전규모(10인이상)","비금속광물 광업(연료용 제외)(12)","퇴직금등비용[천원]","천원","213.2","137","146.8","145.8",
"전규모(10인이상)","비금속광물 광업(연료용 제외)(12)","현물지급비용[천원]","천원","1.7","3.5","1.9","2.2",
"전규모(10인이상)","비금속광물 광업(연료용 제외)(12)","법정복리비[천원]","천원","285.9","271.5","255.8","248.8",
"전규모(10인이상)","비금속광물 광업(연료용 제외)(12)","법정외복리비[천원]","천원","249.7","222.3","182.1","156.2",
"전규모(10인이상)","비금속광물 광업(연료용 제외)(12)","채용관련비용(모집비)[천원]","천원",".1",".8",".8","1.7",
"전규모(10인이상)","비금속광물 광업(연료용 제외)(12)","교육훈련비[천원]","천원","2","1.9","1.1","1.6",
"전규모(10인이상)","비금속광물 광업(연료용 제외)(12)","기타노동비용[천원]","천원","16.8","11.4","4.5","4",
"전규모(10인이상)","제 조 업(15-37)","노동비용총액[천원]","천원","3812.2","3610.1","3357.2","3238.2",
"전규모(10인이상)","제 조 업(15-37)","현금급여총계[천원]","천원","2978.4","2805.7","2633.3","2565",
"전규모(10인이상)","제 조 업(15-37)","정액및초과[천원]","천원","2235.1","2129.48316","1975.4","1867.2",
"전규모(10인이상)","제 조 업(15-37)","상여금등특별급여[천원]","천원","743.2","676.21106","657.9","697.8",
"전규모(10인이상)","제 조 업(15-37)","현금급여외 노동비용(계)[천원]","천원","833.8","804.5","723.9","673.2",
"전규모(10인이상)","제 조 업(15-37)","퇴직금등비용[천원]","천원","270.3","263.3","256.9","247.9",
"전규모(10인이상)","제 조 업(15-37)","현물지급비용[천원]","천원","4.7","4.8","4.6","3.9",
"전규모(10인이상)","제 조 업(15-37)","법정복리비[천원]","천원","250.1","241.1","217.3","198.8",
"전규모(10인이상)","제 조 업(15-37)","법정외복리비[천원]","천원","264.1","252.7","204.1","184.1",
"전규모(10인이상)","제 조 업(15-37)","채용관련비용(모집비)[천원]","천원","3","3.4","4.5","3.5",
"전규모(10인이상)","제 조 업(15-37)","교육훈련비[천원]","천원","32.3","30.2","27.6","24.1",
"전규모(10인이상)","제 조 업(15-37)","기타노동비용[천원]","천원","9.2","9","8.9","10.9",
"전규모(10인이상)","음식료품 제조업(15)","노동비용총액[천원]","천원","2777.2","3094.4","2874","2755.5",
"전규모(10인이상)","음식료품 제조업(15)","현금급여총계[천원]","천원","2125","2366.9","2245.4","2168.6",
"전규모(10인이상)","음식료품 제조업(15)","정액및초과[천원]","천원","1687.1","1886.17338","1783.6","1696.7",
"전규모(10인이상)","음식료품 제조업(15)","상여금등특별급여[천원]","천원","437.9","480.7356","461.9","471.8",
"전규모(10인이상)","음식료품 제조업(15)","현금급여외 노동비용(계)[천원]","천원","652.2","727.5","628.6","586.9",
"전규모(10인이상)","음식료품 제조업(15)","퇴직금등비용[천원]","천원","197.2","273","245.4","243.6",
"전규모(10인이상)","음식료품 제조업(15)","현물지급비용[천원]","천원","3.7","4","2.3","2.3",
"전규모(10인이상)","음식료품 제조업(15)","법정복리비[천원]","천원","179.1","205.3","181.8","170.7",
"전규모(10인이상)","음식료품 제조업(15)","법정외복리비[천원]","천원","235.6","211.3","159.4","136.4",
"전규모(10인이상)","음식료품 제조업(15)","채용관련비용(모집비)[천원]","천원","1.3","2.1","10.4","2.9",
"전규모(10인이상)","음식료품 제조업(15)","교육훈련비[천원]","천원","25.1","21.6","21.3","19.4",
"전규모(10인이상)","음식료품 제조업(15)","기타노동비용[천원]","천원","10.2","10.2","7.9","11.7",
"전규모(10인이상)","담배제조업(16)","노동비용총액[천원]","천원","5590.2","6161.1","5683.8","5189.6",
"전규모(10인이상)","담배제조업(16)","현금급여총계[천원]","천원","4736.7","5434","5021.1","4378.2",
"전규모(10인이상)","담배제조업(16)","정액및초과[천원]","천원","3371.4","4416.94586","3883.1","3660",
"전규모(10인이상)","담배제조업(16)","상여금등특별급여[천원]","천원","1365.3","1017.06709","1138","718.2",
"전규모(10인이상)","담배제조업(16)","현금급여외 노동비용(계)[천원]","천원","853.5","727.1","662.7","811.4",
"전규모(10인이상)","담배제조업(16)","퇴직금등비용[천원]","천원","169.1","106.9","100.6","353.8",
"전규모(10인이상)","담배제조업(16)","현물지급비용[천원]","천원","0","0","4.6","5",
"전규모(10인이상)","담배제조업(16)","법정복리비[천원]","천원","319.5","368.2","335.1","298.4",
"전규모(10인이상)","담배제조업(16)","법정외복리비[천원]","천원","165.5","224.8","207","137.9",
"전규모(10인이상)","담배제조업(16)","채용관련비용(모집비)[천원]","천원",".6","2.8",".6",".6",
"전규모(10인이상)","담배제조업(16)","교육훈련비[천원]","천원","198.9","21.5","14.1","15.1",
"전규모(10인이상)","담배제조업(16)","기타노동비용[천원]","천원","0","3",".8",".6",
"전규모(10인이상)","섬유제품 제조업(봉제의복 제외)(17)","노동비용총액[천원]","천원","2726.1","2906.9","2643.9","2423.4",
"전규모(10인이상)","섬유제품 제조업(봉제의복 제외)(17)","현금급여총계[천원]","천원","2137.9","2234.6","2036.7","1901.6",
"전규모(10인이상)","섬유제품 제조업(봉제의복 제외)(17)","정액및초과[천원]","천원","1806","1858.99606","1661.3","1562.7",
"전규모(10인이상)","섬유제품 제조업(봉제의복 제외)(17)","상여금등특별급여[천원]","천원","331.9","375.59578","375.4","338.9",
"전규모(10인이상)","섬유제품 제조업(봉제의복 제외)(17)","현금급여외 노동비용(계)[천원]","천원","588.2","672.3","607.2","521.8",
"전규모(10인이상)","섬유제품 제조업(봉제의복 제외)(17)","퇴직금등비용[천원]","천원","192.1","304.4","289.7","202.8",
"전규모(10인이상)","섬유제품 제조업(봉제의복 제외)(17)","현물지급비용[천원]","천원",".3","1.4",".5",".6",
"전규모(10인이상)","섬유제품 제조업(봉제의복 제외)(17)","법정복리비[천원]","천원","195.6","190.9","176.4","159",
"전규모(10인이상)","섬유제품 제조업(봉제의복 제외)(17)","법정외복리비[천원]","천원","162.3","159.7","126.2","111.5",
"전규모(10인이상)","섬유제품 제조업(봉제의복 제외)(17)","채용관련비용(모집비)[천원]","천원","3.8","1",".6","1.1",
"전규모(10인이상)","섬유제품 제조업(봉제의복 제외)(17)","교육훈련비[천원]","천원","24.6","7.9","7.8","8.1",
"전규모(10인이상)","섬유제품 제조업(봉제의복 제외)(17)","기타노동비용[천원]","천원","9.5","6.9","5.9","38.6",
"전규모(10인이상)","봉제의복 및 모피제품 제조업(18)","노동비용총액[천원]","천원","2365.2","2324.6","2113.3","1945.5",
"전규모(10인이상)","봉제의복 및 모피제품 제조업(18)","현금급여총계[천원]","천원","1902.7","1901.7","1733.2","1578.6",
"전규모(10인이상)","봉제의복 및 모피제품 제조업(18)","정액및초과[천원]","천원","1726.8","1662.41329","1488.5","1360",
"전규모(10인이상)","봉제의복 및 모피제품 제조업(18)","상여금등특별급여[천원]","천원","175.9","239.2976","244.8","218.6",
"전규모(10인이상)","봉제의복 및 모피제품 제조업(18)","현금급여외 노동비용(계)[천원]","천원","462.5","422.9","380","366.9",
"전규모(10인이상)","봉제의복 및 모피제품 제조업(18)","퇴직금등비용[천원]","천원","226.8","173.1","166.9","139.9",
"전규모(10인이상)","봉제의복 및 모피제품 제조업(18)","현물지급비용[천원]","천원",".2",".3",".2",".6",
"전규모(10인이상)","봉제의복 및 모피제품 제조업(18)","법정복리비[천원]","천원","150","144.4","122.5","112.2",
"전규모(10인이상)","봉제의복 및 모피제품 제조업(18)","법정외복리비[천원]","천원","69.7","93.2","80.9","70.5",
"전규모(10인이상)","봉제의복 및 모피제품 제조업(18)","채용관련비용(모집비)[천원]","천원",".3","1.5",".5",".4",
"전규모(10인이상)","봉제의복 및 모피제품 제조업(18)","교육훈련비[천원]","천원","12.4","7.3","7.5","8.5",
"전규모(10인이상)","봉제의복 및 모피제품 제조업(18)","기타노동비용[천원]","천원","3.1","3.1","1.4","34.7",
"전규모(10인이상)","가죽, 가방 및 신발 제조업(19)","노동비용총액[천원]","천원","2649.2","2750.5","2401.1","2241.5",
"전규모(10인이상)","가죽, 가방 및 신발 제조업(19)","현금급여총계[천원]","천원","2082.9","2172.7","1883.1","1759.8",
"전규모(10인이상)","가죽, 가방 및 신발 제조업(19)","정액및초과[천원]","천원","1673.5","1854.24669","1614.9","1480.7",
"전규모(10인이상)","가죽, 가방 및 신발 제조업(19)","상여금등특별급여[천원]","천원","409.3","318.42021","268.2","279.2",
"전규모(10인이상)","가죽, 가방 및 신발 제조업(19)","현금급여외 노동비용(계)[천원]","천원","566.3","577.9","518","481.6",
"전규모(10인이상)","가죽, 가방 및 신발 제조업(19)","퇴직금등비용[천원]","천원","247.7","252.4","257.2","237.5",
"전규모(10인이상)","가죽, 가방 및 신발 제조업(19)","현물지급비용[천원]","천원",".6",".2","3.3",".9",
"전규모(10인이상)","가죽, 가방 및 신발 제조업(19)","법정복리비[천원]","천원","185.1","184.4","156","141.9",
"전규모(10인이상)","가죽, 가방 및 신발 제조업(19)","법정외복리비[천원]","천원","119.9","128.8","92.8","80.1",
"전규모(10인이상)","가죽, 가방 및 신발 제조업(19)","채용관련비용(모집비)[천원]","천원","1.8",".5",".5",".3",
"전규모(10인이상)","가죽, 가방 및 신발 제조업(19)","교육훈련비[천원]","천원","7.8","4.6","2.9","2.8",
"전규모(10인이상)","가죽, 가방 및 신발 제조업(19)","기타노동비용[천원]","천원","3.4","6.9","5.3","18.2",
"전규모(10인이상)","목재 및 나무제품 제조업(가구제외)(20)","노동비용총액[천원]","천원","3010.7","2720","2463","2651.9",
"전규모(10인이상)","목재 및 나무제품 제조업(가구제외)(20)","현금급여총계[천원]","천원","2366.6","2100.4","1918.7","2000.4",
"전규모(10인이상)","목재 및 나무제품 제조업(가구제외)(20)","정액및초과[천원]","천원","2220","1872.34037","1706.5","1747.3",
"전규모(10인이상)","목재 및 나무제품 제조업(가구제외)(20)","상여금등특별급여[천원]","천원","146.7","228.05811","212.2","253",
"전규모(10인이상)","목재 및 나무제품 제조업(가구제외)(20)","현금급여외 노동비용(계)[천원]","천원","644.1","619.6","544.3","651.5",
"전규모(10인이상)","목재 및 나무제품 제조업(가구제외)(20)","퇴직금등비용[천원]","천원","158.9","208.7","187.5","283.8",
"전규모(10인이상)","목재 및 나무제품 제조업(가구제외)(20)","현물지급비용[천원]","천원","0","0",".9",".1",
"전규모(10인이상)","목재 및 나무제품 제조업(가구제외)(20)","법정복리비[천원]","천원","257.6","225.1","212.8","192.1",
"전규모(10인이상)","목재 및 나무제품 제조업(가구제외)(20)","법정외복리비[천원]","천원","212.3","175.7","130.4","166",
"전규모(10인이상)","목재 및 나무제품 제조업(가구제외)(20)","채용관련비용(모집비)[천원]","천원","1.3",".5",".6",".3",
"전규모(10인이상)","목재 및 나무제품 제조업(가구제외)(20)","교육훈련비[천원]","천원","12.8","5.4","7","8.2",
"전규모(10인이상)","목재 및 나무제품 제조업(가구제외)(20)","기타노동비용[천원]","천원","1.2","4.2","5.2","1.1",
"전규모(10인이상)","펄프, 종이 및 종이제품 제조업(21)","노동비용총액[천원]","천원","3422.8","3352.4","3444.8","3071.5",
"전규모(10인이상)","펄프, 종이 및 종이제품 제조업(21)","현금급여총계[천원]","천원","2710.1","2570.6","2513.9","2443.7",
"전규모(10인이상)","펄프, 종이 및 종이제품 제조업(21)","정액및초과[천원]","천원","2116.2","1985.31987","1970.5","1875.4",
"전규모(10인이상)","펄프, 종이 및 종이제품 제조업(21)","상여금등특별급여[천원]","천원","593.9","585.24182","543.4","568.3",
"전규모(10인이상)","펄프, 종이 및 종이제품 제조업(21)","현금급여외 노동비용(계)[천원]","천원","712.7","781.9","931","627.8",
"전규모(10인이상)","펄프, 종이 및 종이제품 제조업(21)","퇴직금등비용[천원]","천원","226.4","322.7","541","239.3",
"전규모(10인이상)","펄프, 종이 및 종이제품 제조업(21)","현물지급비용[천원]","천원",".2",".5",".7",".3",
"전규모(10인이상)","펄프, 종이 및 종이제품 제조업(21)","법정복리비[천원]","천원","254.3","234.5","214.4","206.2",
"전규모(10인이상)","펄프, 종이 및 종이제품 제조업(21)","법정외복리비[천원]","천원","209.6","185.6","153.2","161",
"전규모(10인이상)","펄프, 종이 및 종이제품 제조업(21)","채용관련비용(모집비)[천원]","천원","1.3",".8","3.1","2.1",
"전규모(10인이상)","펄프, 종이 및 종이제품 제조업(21)","교육훈련비[천원]","천원","17.6","30.5","13","14.4",
"전규모(10인이상)","펄프, 종이 및 종이제품 제조업(21)","기타노동비용[천원]","천원","3.3","7.3","5.7","4.6",
"전규모(10인이상)","출판, 인쇄 및 기록매체 복제업(22)","노동비용총액[천원]","천원","2969.9","3124.6","2877","2805.6",
"전규모(10인이상)","출판, 인쇄 및 기록매체 복제업(22)","현금급여총계[천원]","천원","2379.6","2422.4","2270.8","2279.5",
"전규모(10인이상)","출판, 인쇄 및 기록매체 복제업(22)","정액및초과[천원]","천원","2144.6","2052.84488","1909.5","1859.8",
"전규모(10인이상)","출판, 인쇄 및 기록매체 복제업(22)","상여금등특별급여[천원]","천원","235","369.51861","361.4","419.7",
"전규모(10인이상)","출판, 인쇄 및 기록매체 복제업(22)","현금급여외 노동비용(계)[천원]","천원","590.3","702.2","606.1","526.1",
"전규모(10인이상)","출판, 인쇄 및 기록매체 복제업(22)","퇴직금등비용[천원]","천원","201.2","345.8","243.3","212.9",
"전규모(10인이상)","출판, 인쇄 및 기록매체 복제업(22)","현물지급비용[천원]","천원",".1",".5",".7",".9",
"전규모(10인이상)","출판, 인쇄 및 기록매체 복제업(22)","법정복리비[천원]","천원","190.2","188.9","176.9","171.9",
"전규모(10인이상)","출판, 인쇄 및 기록매체 복제업(22)","법정외복리비[천원]","천원","164.2","132.8","131.7","98.1",
"전규모(10인이상)","출판, 인쇄 및 기록매체 복제업(22)","채용관련비용(모집비)[천원]","천원","1.3","2.3","1.7","2.3",
"전규모(10인이상)","출판, 인쇄 및 기록매체 복제업(22)","교육훈련비[천원]","천원","7.5","26.3","29.8","35.7",
"전규모(10인이상)","출판, 인쇄 및 기록매체 복제업(22)","기타노동비용[천원]","천원","25.7","5.6","21.9","4.2",
"전규모(10인이상)","코크스, 석유 정제품 및 핵연료 제조업(23)","노동비용총액[천원]","천원","8231.4","7235.5","6920.3","7054.5",
"전규모(10인이상)","코크스, 석유 정제품 및 핵연료 제조업(23)","현금급여총계[천원]","천원","6240.9","5493","5430.7","5348.2",
"전규모(10인이상)","코크스, 석유 정제품 및 핵연료 제조업(23)","정액및초과[천원]","천원","3946.1","3781.98889","3173.9","3009.1",
"전규모(10인이상)","코크스, 석유 정제품 및 핵연료 제조업(23)","상여금등특별급여[천원]","천원","2294.9","1711.03913","2256.8","2339.1",
"전규모(10인이상)","코크스, 석유 정제품 및 핵연료 제조업(23)","현금급여외 노동비용(계)[천원]","천원","1990.4","1742.5","1489.7","1706.4",
"전규모(10인이상)","코크스, 석유 정제품 및 핵연료 제조업(23)","퇴직금등비용[천원]","천원","737.2","695.6","563.2","825.2",
"전규모(10인이상)","코크스, 석유 정제품 및 핵연료 제조업(23)","현물지급비용[천원]","천원","15.4","25.9","25.6","8.3",
"전규모(10인이상)","코크스, 석유 정제품 및 핵연료 제조업(23)","법정복리비[천원]","천원","429.8","429.7","390.3","347.3",
"전규모(10인이상)","코크스, 석유 정제품 및 핵연료 제조업(23)","법정외복리비[천원]","천원","500.3","420","413.3","392.1",
"전규모(10인이상)","코크스, 석유 정제품 및 핵연료 제조업(23)","채용관련비용(모집비)[천원]","천원","13.5","7.5","5.1","5.7",
"전규모(10인이상)","코크스, 석유 정제품 및 핵연료 제조업(23)","교육훈련비[천원]","천원","284.1","148.9","61.9","99.9",
"전규모(10인이상)","코크스, 석유 정제품 및 핵연료 제조업(23)","기타노동비용[천원]","천원","10","14.9","30.2","28.1",
"전규모(10인이상)","화합물 및 화학제품 제조업(24)","노동비용총액[천원]","천원","4644.4","4088.6","3905.9","3773.4",
"전규모(10인이상)","화합물 및 화학제품 제조업(24)","현금급여총계[천원]","천원","3472","3149.9","3057.6","2926.5",
"전규모(10인이상)","화합물 및 화학제품 제조업(24)","정액및초과[천원]","천원","2666.9","2380.88594","2309.1","2211.9",
"전규모(10인이상)","화합물 및 화학제품 제조업(24)","상여금등특별급여[천원]","천원","805.1","768.9978","748.6","714.6",
"전규모(10인이상)","화합물 및 화학제품 제조업(24)","현금급여외 노동비용(계)[천원]","천원","1172.4","938.7","848.3","846.9",
"전규모(10인이상)","화합물 및 화학제품 제조업(24)","퇴직금등비용[천원]","천원","417.4","316.8","327.7","380.3",
"전규모(10인이상)","화합물 및 화학제품 제조업(24)","현물지급비용[천원]","천원","5.3","1.6","15.6","2.7",
"전규모(10인이상)","화합물 및 화학제품 제조업(24)","법정복리비[천원]","천원","276.1","278.1","230.6","221.7",
"전규모(10인이상)","화합물 및 화학제품 제조업(24)","법정외복리비[천원]","천원","393","268.8","205.4","174.2",
"전규모(10인이상)","화합물 및 화학제품 제조업(24)","채용관련비용(모집비)[천원]","천원","5.5","2.6","3.6","7.9",
"전규모(10인이상)","화합물 및 화학제품 제조업(24)","교육훈련비[천원]","천원","57.9","58.2","55","48.6",
"전규모(10인이상)","화합물 및 화학제품 제조업(24)","기타노동비용[천원]","천원","17.1","12.7","10.5","11.5",
"전규모(10인이상)","고무 및 플라스틱제품 제조업(25)","노동비용총액[천원]","천원","3148","2904.4","2738.2","2547.1",
"전규모(10인이상)","고무 및 플라스틱제품 제조업(25)","현금급여총계[천원]","천원","2477.4","2286.7","2153.8","2053.5",
"전규모(10인이상)","고무 및 플라스틱제품 제조업(25)","정액및초과[천원]","천원","1968.1","1853.38276","1685.4","1617.3",
"전규모(10인이상)","고무 및 플라스틱제품 제조업(25)","상여금등특별급여[천원]","천원","509.4","433.36431","468.5","436.2",
"전규모(10인이상)","고무 및 플라스틱제품 제조업(25)","현금급여외 노동비용(계)[천원]","천원","670.5","617.7","584.4","493.6",
"전규모(10인이상)","고무 및 플라스틱제품 제조업(25)","퇴직금등비용[천원]","천원","233.2","202.2","232","157.6",
"전규모(10인이상)","고무 및 플라스틱제품 제조업(25)","현물지급비용[천원]","천원","3.1",".9","1.3","1.4",
"전규모(10인이상)","고무 및 플라스틱제품 제조업(25)","법정복리비[천원]","천원","215.2","198.4","178","159.8",
"전규모(10인이상)","고무 및 플라스틱제품 제조업(25)","법정외복리비[천원]","천원","203.5","196.4","156.3","155.3",
"전규모(10인이상)","고무 및 플라스틱제품 제조업(25)","채용관련비용(모집비)[천원]","천원","1.4","1","1","1.3",
"전규모(10인이상)","고무 및 플라스틱제품 제조업(25)","교육훈련비[천원]","천원","10.2","13.6","11.4","13",
"전규모(10인이상)","고무 및 플라스틱제품 제조업(25)","기타노동비용[천원]","천원","4","5.1","4.4","5.1",
"전규모(10인이상)","비금속 광물제품 제조업(26)","노동비용총액[천원]","천원","3619.4","3669.2","3696.5","3283.7",
"전규모(10인이상)","비금속 광물제품 제조업(26)","현금급여총계[천원]","천원","2637.9","2754.6","2647.8","2488.7",
"전규모(10인이상)","비금속 광물제품 제조업(26)","정액및초과[천원]","천원","2073.9","2191.24593","2017.5","1844.2",
"전규모(10인이상)","비금속 광물제품 제조업(26)","상여금등특별급여[천원]","천원","564","563.31893","630.2","644.4",
"전규모(10인이상)","비금속 광물제품 제조업(26)","현금급여외 노동비용(계)[천원]","천원","981.5","914.6","1048.8","795",
"전규모(10인이상)","비금속 광물제품 제조업(26)","퇴직금등비용[천원]","천원","353.9","354.2","559.5","329.4",
"전규모(10인이상)","비금속 광물제품 제조업(26)","현물지급비용[천원]","천원","4.8","1.5","2.3","6.2",
"전규모(10인이상)","비금속 광물제품 제조업(26)","법정복리비[천원]","천원","232.7","264.1","240","219.7",
"전규모(10인이상)","비금속 광물제품 제조업(26)","법정외복리비[천원]","천원","354.4","266.5","219.9","198.8",
"전규모(10인이상)","비금속 광물제품 제조업(26)","채용관련비용(모집비)[천원]","천원",".8","1.9",".9","2.1",
"전규모(10인이상)","비금속 광물제품 제조업(26)","교육훈련비[천원]","천원","29.8","15","16.6","27.6",
"전규모(10인이상)","비금속 광물제품 제조업(26)","기타노동비용[천원]","천원","5.1","11.3","9.4","11.1",
"전규모(10인이상)","제1차 금속산업(27)","노동비용총액[천원]","천원","4656.6","4519.5","4156.9","4169",
"전규모(10인이상)","제1차 금속산업(27)","현금급여총계[천원]","천원","3541.9","3381.7","3114.8","3083.3",
"전규모(10인이상)","제1차 금속산업(27)","정액및초과[천원]","천원","2556.5","2400.41923","2224.1","2095",
"전규모(10인이상)","제1차 금속산업(27)","상여금등특별급여[천원]","천원","985.4","981.31097","890.7","988.3",
"전규모(10인이상)","제1차 금속산업(27)","현금급여외 노동비용(계)[천원]","천원","1114.7","1137.7","1042.1","1085.7",
"전규모(10인이상)","제1차 금속산업(27)","퇴직금등비용[천원]","천원","246.8","246.7","327.3","401.1",
"전규모(10인이상)","제1차 금속산업(27)","현물지급비용[천원]","천원","1.7","0","4.7","1.1",
"전규모(10인이상)","제1차 금속산업(27)","법정복리비[천원]","천원","322.8","321","273.8","253.7",
"전규모(10인이상)","제1차 금속산업(27)","법정외복리비[천원]","천원","484.3","510.2","389.8","377.9",
"전규모(10인이상)","제1차 금속산업(27)","채용관련비용(모집비)[천원]","천원","1.1","1.1","1.7","2.3",
"전규모(10인이상)","제1차 금속산업(27)","교육훈련비[천원]","천원","43.2","36","35.2","32.4",
"전규모(10인이상)","제1차 금속산업(27)","기타노동비용[천원]","천원","14.8","22.8","9.6","17.1",
"전규모(10인이상)","조립금속제품 제조업 (기계 및 가구제외)(28)","노동비용총액[천원]","천원","2786.3","2803.8","2527.6","2355.6",
"전규모(10인이상)","조립금속제품 제조업 (기계 및 가구제외)(28)","현금급여총계[천원]","천원","2199.7","2149.1","1980.4","1884.5",
"전규모(10인이상)","조립금속제품 제조업 (기계 및 가구제외)(28)","정액및초과[천원]","천원","1855","1780.17353","1626.8","1565.1",
"전규모(10인이상)","조립금속제품 제조업 (기계 및 가구제외)(28)","상여금등특별급여[천원]","천원","344.7","368.88351","353.6","319.4",
"전규모(10인이상)","조립금속제품 제조업 (기계 및 가구제외)(28)","현금급여외 노동비용(계)[천원]","천원","586.6","654.7","547.2","471.1",
"전규모(10인이상)","조립금속제품 제조업 (기계 및 가구제외)(28)","퇴직금등비용[천원]","천원","163.6","229.1","196","146",
"전규모(10인이상)","조립금속제품 제조업 (기계 및 가구제외)(28)","현물지급비용[천원]","천원","1.2","6.6",".9","1.9",
"전규모(10인이상)","조립금속제품 제조업 (기계 및 가구제외)(28)","법정복리비[천원]","천원","211.3","219.8","184.5","173.8",
"전규모(10인이상)","조립금속제품 제조업 (기계 및 가구제외)(28)","법정외복리비[천원]","천원","188.6","188.2","154.1","136.6",
"전규모(10인이상)","조립금속제품 제조업 (기계 및 가구제외)(28)","채용관련비용(모집비)[천원]","천원","3.8","1","1.7","1.8",
"전규모(10인이상)","조립금속제품 제조업 (기계 및 가구제외)(28)","교육훈련비[천원]","천원","7.9","6.1","6.8","8.2",
"전규모(10인이상)","조립금속제품 제조업 (기계 및 가구제외)(28)","기타노동비용[천원]","천원","10.2","3.9","3.1","2.8",
"전규모(10인이상)","기타 기계 및 장비 제조업(29)","노동비용총액[천원]","천원","3540.4","3560.4","3246.9","3106.9",
"전규모(10인이상)","기타 기계 및 장비 제조업(29)","현금급여총계[천원]","천원","2838.4","2803.7","2602","2475.3",
"전규모(10인이상)","기타 기계 및 장비 제조업(29)","정액및초과[천원]","천원","2225.8","2249.84257","2067.9","1943.4",
"전규모(10인이상)","기타 기계 및 장비 제조업(29)","상여금등특별급여[천원]","천원","612.6","553.90057","534.2","531.9",
"전규모(10인이상)","기타 기계 및 장비 제조업(29)","현금급여외 노동비용(계)[천원]","천원","702","756.7","644.9","631.5",
"전규모(10인이상)","기타 기계 및 장비 제조업(29)","퇴직금등비용[천원]","천원","208.6","222.4","197.1","223.6",
"전규모(10인이상)","기타 기계 및 장비 제조업(29)","현물지급비용[천원]","천원","6.1","1.2","1.5","1.8",
"전규모(10인이상)","기타 기계 및 장비 제조업(29)","법정복리비[천원]","천원","237","245","212.3","199.6",
"전규모(10인이상)","기타 기계 및 장비 제조업(29)","법정외복리비[천원]","천원","220","264.6","208.8","184.7",
"전규모(10인이상)","기타 기계 및 장비 제조업(29)","채용관련비용(모집비)[천원]","천원","2.2","2.1","2.1","2.6",
"전규모(10인이상)","기타 기계 및 장비 제조업(29)","교육훈련비[천원]","천원","21.7","14.1","11.7","12.3",
"전규모(10인이상)","기타 기계 및 장비 제조업(29)","기타노동비용[천원]","천원","6.4","7.3","11.3","6.9",
"전규모(10인이상)","컴퓨터 및 사무용기기 제조업(30)","노동비용총액[천원]","천원","2965.8","3029.5","2915.7","2957.9",
"전규모(10인이상)","컴퓨터 및 사무용기기 제조업(30)","현금급여총계[천원]","천원","2370.8","2398.7","2221.4","2321.6",
"전규모(10인이상)","컴퓨터 및 사무용기기 제조업(30)","정액및초과[천원]","천원","2060.8","1916.41765","1807.9","1624.6",
"전규모(10인이상)","컴퓨터 및 사무용기기 제조업(30)","상여금등특별급여[천원]","천원","310","482.28764","413.6","697",
"전규모(10인이상)","컴퓨터 및 사무용기기 제조업(30)","현금급여외 노동비용(계)[천원]","천원","595","630.8","694.2","636.3",
"전규모(10인이상)","컴퓨터 및 사무용기기 제조업(30)","퇴직금등비용[천원]","천원","178.4","190.2","343.8","183.9",
"전규모(10인이상)","컴퓨터 및 사무용기기 제조업(30)","현물지급비용[천원]","천원","15.4","0",".1","32.7",
"전규모(10인이상)","컴퓨터 및 사무용기기 제조업(30)","법정복리비[천원]","천원","192.9","191","165.9","178.9",
"전규모(10인이상)","컴퓨터 및 사무용기기 제조업(30)","법정외복리비[천원]","천원","178.7","227.8","161.1","186.3",
"전규모(10인이상)","컴퓨터 및 사무용기기 제조업(30)","채용관련비용(모집비)[천원]","천원",".7","1.9","1.8","7.3",
"전규모(10인이상)","컴퓨터 및 사무용기기 제조업(30)","교육훈련비[천원]","천원","21.8","11.6","14.1","41.1",
"전규모(10인이상)","컴퓨터 및 사무용기기 제조업(30)","기타노동비용[천원]","천원","7.1","8.3","7.4","6.1",
"전규모(10인이상)","기타 전기기계 및 전기변환장치 제조업(31)","노동비용총액[천원]","천원","3441.1","2995.1","2724.8","2552.4",
"전규모(10인이상)","기타 전기기계 및 전기변환장치 제조업(31)","현금급여총계[천원]","천원","2754.2","2362.2","2138.5","2009.9",
"전규모(10인이상)","기타 전기기계 및 전기변환장치 제조업(31)","정액및초과[천원]","천원","2116.7","1847.50577","1737.4","1593.5",
"전규모(10인이상)","기타 전기기계 및 전기변환장치 제조업(31)","상여금등특별급여[천원]","천원","637.5","514.70411","401.1","416.4",
"전규모(10인이상)","기타 전기기계 및 전기변환장치 제조업(31)","현금급여외 노동비용(계)[천원]","천원","686.9","632.9","586.4","542.6",
"전규모(10인이상)","기타 전기기계 및 전기변환장치 제조업(31)","퇴직금등비용[천원]","천원","234.4","217.5","211","194.2",
"전규모(10인이상)","기타 전기기계 및 전기변환장치 제조업(31)","현물지급비용[천원]","천원",".8",".1","14.1","12.3",
"전규모(10인이상)","기타 전기기계 및 전기변환장치 제조업(31)","법정복리비[천원]","천원","227.6","191.6","171.4","156.4",
"전규모(10인이상)","기타 전기기계 및 전기변환장치 제조업(31)","법정외복리비[천원]","천원","198.9","198.1","164.6","154.1",
"전규모(10인이상)","기타 전기기계 및 전기변환장치 제조업(31)","채용관련비용(모집비)[천원]","천원","1.9","2.3","2.6","2.3",
"전규모(10인이상)","기타 전기기계 및 전기변환장치 제조업(31)","교육훈련비[천원]","천원","21.3","17.9","16.6","18.9",
"전규모(10인이상)","기타 전기기계 및 전기변환장치 제조업(31)","기타노동비용[천원]","천원","2","5.3","6","4.4",
"전규모(10인이상)","전자부품, 영상, 음향 및 통신장비 제조업(32)","노동비용총액[천원]","천원","4142.7","3963.4","3669.7","3638.3",
"전규모(10인이상)","전자부품, 영상, 음향 및 통신장비 제조업(32)","현금급여총계[천원]","천원","3268.7","3132.7","2919.1","3009.2",
"전규모(10인이상)","전자부품, 영상, 음향 및 통신장비 제조업(32)","정액및초과[천원]","천원","2354.8","2212.95876","2029.6","1884.6",
"전규모(10인이상)","전자부품, 영상, 음향 및 통신장비 제조업(32)","상여금등특별급여[천원]","천원","913.9","919.73228","889.4","1124.6",
"전규모(10인이상)","전자부품, 영상, 음향 및 통신장비 제조업(32)","현금급여외 노동비용(계)[천원]","천원","874","830.7","750.6","629.1",
"전규모(10인이상)","전자부품, 영상, 음향 및 통신장비 제조업(32)","퇴직금등비용[천원]","천원","293.9","224","181.4","183.3",
"전규모(10인이상)","전자부품, 영상, 음향 및 통신장비 제조업(32)","현물지급비용[천원]","천원","1.9","3.4","2.6","2.1",
"전규모(10인이상)","전자부품, 영상, 음향 및 통신장비 제조업(32)","법정복리비[천원]","천원","238.6","220.8","217.7","181.9",
"전규모(10인이상)","전자부품, 영상, 음향 및 통신장비 제조업(32)","법정외복리비[천원]","천원","265.9","289.4","251.4","207.3",
"전규모(10인이상)","전자부품, 영상, 음향 및 통신장비 제조업(32)","채용관련비용(모집비)[천원]","천원","6.5","11.1","16.4","9.3",
"전규모(10인이상)","전자부품, 영상, 음향 및 통신장비 제조업(32)","교육훈련비[천원]","천원","60.7","73.4","73.8","40.5",
"전규모(10인이상)","전자부품, 영상, 음향 및 통신장비 제조업(32)","기타노동비용[천원]","천원","6.4","8.5","7.4","4.8",
"전규모(10인이상)","의료, 정밀, 광학기기 및 시계 제조업(33)","노동비용총액[천원]","천원","2682.9","2666","2658.4","2481.6",
"전규모(10인이상)","의료, 정밀, 광학기기 및 시계 제조업(33)","현금급여총계[천원]","천원","2181.2","2184.5","2169.4","2012.9",
"전규모(10인이상)","의료, 정밀, 광학기기 및 시계 제조업(33)","정액및초과[천원]","천원","1869.9","1969.51693","1913.5","1744.4",
"전규모(10인이상)","의료, 정밀, 광학기기 및 시계 제조업(33)","상여금등특별급여[천원]","천원","311.2","214.97979","255.9","268.5",
"전규모(10인이상)","의료, 정밀, 광학기기 및 시계 제조업(33)","현금급여외 노동비용(계)[천원]","천원","501.8","481.5","489","468.7",
"전규모(10인이상)","의료, 정밀, 광학기기 및 시계 제조업(33)","퇴직금등비용[천원]","천원","188.1","148.8","153.4","165.1",
"전규모(10인이상)","의료, 정밀, 광학기기 및 시계 제조업(33)","현물지급비용[천원]","천원","1.5","1.4","2.2","5.3",
"전규모(10인이상)","의료, 정밀, 광학기기 및 시계 제조업(33)","법정복리비[천원]","천원","177.8","174.8","161.7","144.5",
"전규모(10인이상)","의료, 정밀, 광학기기 및 시계 제조업(33)","법정외복리비[천원]","천원","123","129.7","146.6","128.8",
"전규모(10인이상)","의료, 정밀, 광학기기 및 시계 제조업(33)","채용관련비용(모집비)[천원]","천원","1.6","1.7","1.1","2",
"전규모(10인이상)","의료, 정밀, 광학기기 및 시계 제조업(33)","교육훈련비[천원]","천원","7.3","23.1","19.1","20.1",
"전규모(10인이상)","의료, 정밀, 광학기기 및 시계 제조업(33)","기타노동비용[천원]","천원","2.5","2.1","4.9","2.9",
"전규모(10인이상)","자동차 및 트레일러 제조업(34)","노동비용총액[천원]","천원","4681.7","4346.3","4186.3","4082.5",
"전규모(10인이상)","자동차 및 트레일러 제조업(34)","현금급여총계[천원]","천원","3711.2","3337.9","3327.6","3251.2",
"전규모(10인이상)","자동차 및 트레일러 제조업(34)","정액및초과[천원]","천원","2505.2","2336.07374","2219.4","2146.8",
"전규모(10인이상)","자동차 및 트레일러 제조업(34)","상여금등특별급여[천원]","천원","1206","1001.83123","1108.3","1104.3",
"전규모(10인이상)","자동차 및 트레일러 제조업(34)","현금급여외 노동비용(계)[천원]","천원","970.5","1008.4","858.7","831.3",
"전규모(10인이상)","자동차 및 트레일러 제조업(34)","퇴직금등비용[천원]","천원","359","367.4","284.9","292.4",
"전규모(10인이상)","자동차 및 트레일러 제조업(34)","현물지급비용[천원]","천원","15.7","21.8","10","10.1",
"전규모(10인이상)","자동차 및 트레일러 제조업(34)","법정복리비[천원]","천원","317.6","297.8","283.9","265.2",
"전규모(10인이상)","자동차 및 트레일러 제조업(34)","법정외복리비[천원]","천원","260.7","292.8","246.9","234.7",
"전규모(10인이상)","자동차 및 트레일러 제조업(34)","채용관련비용(모집비)[천원]","천원","1","1.4","1.7","1.1",
"전규모(10인이상)","자동차 및 트레일러 제조업(34)","교육훈련비[천원]","천원","11.4","12.8","15.1","17.3",
"전규모(10인이상)","자동차 및 트레일러 제조업(34)","기타노동비용[천원]","천원","5.3","14.4","16.1","10.5",
"전규모(10인이상)","기타 운송장비 제조업(35)","노동비용총액[천원]","천원","5570.5","5190.4","4745.8","4666.9",
"전규모(10인이상)","기타 운송장비 제조업(35)","현금급여총계[천원]","천원","4231.3","4014.9","3734.2","3603.1",
"전규모(10인이상)","기타 운송장비 제조업(35)","정액및초과[천원]","천원","2696","2612.14552","2445.2","2361.7",
"전규모(10인이상)","기타 운송장비 제조업(35)","상여금등특별급여[천원]","천원","1535.2","1402.71916","1289","1241.4",
"전규모(10인이상)","기타 운송장비 제조업(35)","현금급여외 노동비용(계)[천원]","천원","1339.3","1175.6","1011.7","1063.8",
"전규모(10인이상)","기타 운송장비 제조업(35)","퇴직금등비용[천원]","천원","291.7","283.8","233.5","367.9",
"전규모(10인이상)","기타 운송장비 제조업(35)","현물지급비용[천원]","천원","8.5","3.7","5.3","3.3",
"전규모(10인이상)","기타 운송장비 제조업(35)","법정복리비[천원]","천원","444.1","426.5","390.2","333.4",
"전규모(10인이상)","기타 운송장비 제조업(35)","법정외복리비[천원]","천원","509.8","417.9","342.6","311.8",
"전규모(10인이상)","기타 운송장비 제조업(35)","채용관련비용(모집비)[천원]","천원","2.6","2.7","2","1.4",
"전규모(10인이상)","기타 운송장비 제조업(35)","교육훈련비[천원]","천원","51.7","30.1","30.9","28.9",
"전규모(10인이상)","기타 운송장비 제조업(35)","기타노동비용[천원]","천원","30.9","10.9","7.2","17.2",
"전규모(10인이상)","가구 및 기타 제품 제조업(36)","노동비용총액[천원]","천원","3037.8","2541.1","2357.4","2155.5",
"전규모(10인이상)","가구 및 기타 제품 제조업(36)","현금급여총계[천원]","천원","2380.7","1988.7","1900.6","1679.7",
"전규모(10인이상)","가구 및 기타 제품 제조업(36)","정액및초과[천원]","천원","2046.7","1710.93638","1590.7","1439.5",
"전규모(10인이상)","가구 및 기타 제품 제조업(36)","상여금등특별급여[천원]","천원","334","277.71394","310","240.2",
"전규모(10인이상)","가구 및 기타 제품 제조업(36)","현금급여외 노동비용(계)[천원]","천원","657.1","552.4","456.8","475.7",
"전규모(10인이상)","가구 및 기타 제품 제조업(36)","퇴직금등비용[천원]","천원","235.2","189.1","155.1","221.8",
"전규모(10인이상)","가구 및 기타 제품 제조업(36)","현물지급비용[천원]","천원","1","32.9","0",".3",
"전규모(10인이상)","가구 및 기타 제품 제조업(36)","법정복리비[천원]","천원","201.9","175.3","160.8","148.7",
"전규모(10인이상)","가구 및 기타 제품 제조업(36)","법정외복리비[천원]","천원","199.7","142.1","128.6","97.2",
"전규모(10인이상)","가구 및 기타 제품 제조업(36)","채용관련비용(모집비)[천원]","천원","3.2","2.1",".9","1.2",
"전규모(10인이상)","가구 및 기타 제품 제조업(36)","교육훈련비[천원]","천원","7.8","7.1","6.3","4.7",
"전규모(10인이상)","가구 및 기타 제품 제조업(36)","기타노동비용[천원]","천원","8.3","3.9","5.1","1.9",
"전규모(10인이상)","재생용 가공원료 생산업(37)","노동비용총액[천원]","천원","2436.2","2828.2","2725.8","2789.5",
"전규모(10인이상)","재생용 가공원료 생산업(37)","현금급여총계[천원]","천원","1961.2","2213.2","2227.7","2101.6",
"전규모(10인이상)","재생용 가공원료 생산업(37)","정액및초과[천원]","천원","1780.3","1924.08758","2075","1793.2",
"전규모(10인이상)","재생용 가공원료 생산업(37)","상여금등특별급여[천원]","천원","180.9","289.10614","152.7","308.4",
"전규모(10인이상)","재생용 가공원료 생산업(37)","현금급여외 노동비용(계)[천원]","천원","474.9","615","498","687.9",
"전규모(10인이상)","재생용 가공원료 생산업(37)","퇴직금등비용[천원]","천원","106.8","219.4","98.8","374.8",
"전규모(10인이상)","재생용 가공원료 생산업(37)","현물지급비용[천원]","천원",".9","0","0","0",
"전규모(10인이상)","재생용 가공원료 생산업(37)","법정복리비[천원]","천원","185.5","202.3","189","186.4",
"전규모(10인이상)","재생용 가공원료 생산업(37)","법정외복리비[천원]","천원","177.8","185.5","193.6","118.2",
"전규모(10인이상)","재생용 가공원료 생산업(37)","채용관련비용(모집비)[천원]","천원",".2",".3","4.1",".3",
"전규모(10인이상)","재생용 가공원료 생산업(37)","교육훈련비[천원]","천원","1.8","5.1","4.2","7.1",
"전규모(10인이상)","재생용 가공원료 생산업(37)","기타노동비용[천원]","천원","2","2.4","8.3","1.1",
"전규모(10인이상)","사회간접자본 및 기타서비스업(40-93)(E-R)","노동비용총액[천원]","천원","3475.2","3201.1","3070.3","2857.3",
"전규모(10인이상)","사회간접자본 및 기타서비스업(40-93)(E-R)","현금급여총계[천원]","천원","2802.2","2581.5","2499.3","2322.7",
"전규모(10인이상)","사회간접자본 및 기타서비스업(40-93)(E-R)","정액및초과[천원]","천원","2227.6","2111.01093","2004.4","1869.1",
"전규모(10인이상)","사회간접자본 및 기타서비스업(40-93)(E-R)","상여금등특별급여[천원]","천원","574.5","470.46197","494.9","453.5",
"전규모(10인이상)","사회간접자본 및 기타서비스업(40-93)(E-R)","현금급여외 노동비용(계)[천원]","천원","673.1","619.6","571.1","534.7",
"전규모(10인이상)","사회간접자본 및 기타서비스업(40-93)(E-R)","퇴직금등비용[천원]","천원","213.7","200.4","187.5","172.6",
"전규모(10인이상)","사회간접자본 및 기타서비스업(40-93)(E-R)","현물지급비용[천원]","천원","1.9","2","2.1","5.4",
"전규모(10인이상)","사회간접자본 및 기타서비스업(40-93)(E-R)","법정복리비[천원]","천원","235.5","216.7","196.8","182.3",
"전규모(10인이상)","사회간접자본 및 기타서비스업(40-93)(E-R)","법정외복리비[천원]","천원","185.2","168.6","148.4","136.4",
"전규모(10인이상)","사회간접자본 및 기타서비스업(40-93)(E-R)","채용관련비용(모집비)[천원]","천원","3.1","2.5","2.9","6.2",
"전규모(10인이상)","사회간접자본 및 기타서비스업(40-93)(E-R)","교육훈련비[천원]","천원","26.9","23.4","26.2","24.7",
"전규모(10인이상)","사회간접자본 및 기타서비스업(40-93)(E-R)","기타노동비용[천원]","천원","6.8","6","7","7.1",
"전규모(10인이상)","전기, 가스 및 수도사업(40-41)","노동비용총액[천원]","천원","6211.4","5788.4","5555.4","5145.4",
"전규모(10인이상)","전기, 가스 및 수도사업(40-41)","현금급여총계[천원]","천원","5248.9","4875.6","4590.2","4228.3",
"전규모(10인이상)","전기, 가스 및 수도사업(40-41)","정액및초과[천원]","천원","4019.2","3621.62214","3309.2","3307.7",
"전규모(10인이상)","전기, 가스 및 수도사업(40-41)","상여금등특별급여[천원]","천원","1229.7","1253.97056","1281","920.6",
"전규모(10인이상)","전기, 가스 및 수도사업(40-41)","현금급여외 노동비용(계)[천원]","천원","962.5","912.8","965.2","917.1",
"전규모(10인이상)","전기, 가스 및 수도사업(40-41)","퇴직금등비용[천원]","천원","149.8","144.2","147.2","99.1",
"전규모(10인이상)","전기, 가스 및 수도사업(40-41)","현물지급비용[천원]","천원","0","4.1","4.3","8.5",
"전규모(10인이상)","전기, 가스 및 수도사업(40-41)","법정복리비[천원]","천원","358.9","340.6","308.3","294.4",
"전규모(10인이상)","전기, 가스 및 수도사업(40-41)","법정외복리비[천원]","천원","326.8","311.2","409.3","416.5",
"전규모(10인이상)","전기, 가스 및 수도사업(40-41)","채용관련비용(모집비)[천원]","천원","4.9","3.1","2.7","2.6",
"전규모(10인이상)","전기, 가스 및 수도사업(40-41)","교육훈련비[천원]","천원","91.8","81.7","70.9","71.8",
"전규모(10인이상)","전기, 가스 및 수도사업(40-41)","기타노동비용[천원]","천원","30.3","27.8","22.3","24.3",
"전규모(10인이상)","전기, 가스 및 증기업(40)","노동비용총액[천원]","천원","6211.4","5786.1","5553.8","5144.9",
"전규모(10인이상)","전기, 가스 및 증기업(40)","현금급여총계[천원]","천원","5248.9","4873.5","4587.9","4226.8",
"전규모(10인이상)","전기, 가스 및 증기업(40)","정액및초과[천원]","천원","4019.2","3620.63176","3307.9","3307.7",
"전규모(10인이상)","전기, 가스 및 증기업(40)","상여금등특별급여[천원]","천원","1229.7","1252.86605","1280.1","919.1",
"전규모(10인이상)","전기, 가스 및 증기업(40)","현금급여외 노동비용(계)[천원]","천원","962.5","912.6","965.8","918.1",
"전규모(10인이상)","전기, 가스 및 증기업(40)","퇴직금등비용[천원]","천원","149.8","144.4","147.7","99.4",
"전규모(10인이상)","전기, 가스 및 증기업(40)","현물지급비용[천원]","천원","0","4.1","4.3","8.5",
"전규모(10인이상)","전기, 가스 및 증기업(40)","법정복리비[천원]","천원","358.9","340.7","308.3","294.4",
"전규모(10인이상)","전기, 가스 및 증기업(40)","법정외복리비[천원]","천원","326.8","310.7","409.4","416.9",
"전규모(10인이상)","전기, 가스 및 증기업(40)","채용관련비용(모집비)[천원]","천원","4.9","3.1","2.7","2.6",
"전규모(10인이상)","전기, 가스 및 증기업(40)","교육훈련비[천원]","천원","91.8","81.8","70.9","72",
"전규모(10인이상)","전기, 가스 및 증기업(40)","기타노동비용[천원]","천원","30.3","27.9","22.4","24.3",
"전규모(10인이상)","수도사업(41)","노동비용총액[천원]","천원","","6723.5","6116.1","5338.2",
"전규모(10인이상)","수도사업(41)","현금급여총계[천원]","천원","","5734.9","5366.9","4752.2",
"전규모(10인이상)","수도사업(41)","정액및초과[천원]","천원","","4027.84659","3769.4","3336.8",
"전규모(10인이상)","수도사업(41)","상여금등특별급여[천원]","천원","","1707.00758","1597.5","1415.4",
"전규모(10인이상)","수도사업(41)","현금급여외 노동비용(계)[천원]","천원","","988.7","749.2","586",
"전규모(10인이상)","수도사업(41)","퇴직금등비용[천원]","천원","","96.5","0","0",
"전규모(10인이상)","수도사업(41)","현물지급비용[천원]","천원","","0","0","0",
"전규모(10인이상)","수도사업(41)","법정복리비[천원]","천원","","327.9","312.8","279.9",
"전규모(10인이상)","수도사업(41)","법정외복리비[천원]","천원","","501.9","360.2","288.8",
"전규모(10인이상)","수도사업(41)","채용관련비용(모집비)[천원]","천원","",".9","0","0",
"전규모(10인이상)","수도사업(41)","교육훈련비[천원]","천원","","54.2","69.5","15.7",
"전규모(10인이상)","수도사업(41)","기타노동비용[천원]","천원","","7.4","6.7","1.7",
"전규모(10인이상)","건설업(45-46)","노동비용총액[천원]","천원","3514.9","3328.8","3036.9","2729.6",
"전규모(10인이상)","건설업(45-46)","현금급여총계[천원]","천원","2715","2560.7","2337.7","2149.3",
"전규모(10인이상)","건설업(45-46)","정액및초과[천원]","천원","2303.2","2146.7873","2021.4","1840.2",
"전규모(10인이상)","건설업(45-46)","상여금등특별급여[천원]","천원","411.9","413.90085","316.3","309.1",
"전규모(10인이상)","건설업(45-46)","현금급여외 노동비용(계)[천원]","천원","799.9","768.1","699.2","580.4",
"전규모(10인이상)","건설업(45-46)","퇴직금등비용[천원]","천원","202.7","207.7","216","140.7",
"전규모(10인이상)","건설업(45-46)","현물지급비용[천원]","천원","1.4","1.1","1","8.1",
"전규모(10인이상)","건설업(45-46)","법정복리비[천원]","천원","353.4","333.5","294.3","248.3",
"전규모(10인이상)","건설업(45-46)","법정외복리비[천원]","천원","222.4","208.4","170","135.9",
"전규모(10인이상)","건설업(45-46)","채용관련비용(모집비)[천원]","천원","2.2","1.3","1.3","31",
"전규모(10인이상)","건설업(45-46)","교육훈련비[천원]","천원","13","11.6","12.2","10.7",
"전규모(10인이상)","건설업(45-46)","기타노동비용[천원]","천원","4.7","4.4","4.3","5.6",
"전규모(10인이상)","종합 건설업(45)","노동비용총액[천원]","천원","4024.4","4137","3668.6","3177.2",
"전규모(10인이상)","종합 건설업(45)","현금급여총계[천원]","천원","3073.7","3131.8","2741.7","2402.1",
"전규모(10인이상)","종합 건설업(45)","정액및초과[천원]","천원","2532","2535.54096","2293.5","2005.4",
"전규모(10인이상)","종합 건설업(45)","상여금등특별급여[천원]","천원","541.8","596.28573","448.3","396.7",
"전규모(10인이상)","종합 건설업(45)","현금급여외 노동비용(계)[천원]","천원","950.6","1005.2","926.9","775.1",
"전규모(10인이상)","종합 건설업(45)","퇴직금등비용[천원]","천원","219","312.6","303.2","206.3",
"전규모(10인이상)","종합 건설업(45)","현물지급비용[천원]","천원","1.3","2.3","2.2","18.9",
"전규모(10인이상)","종합 건설업(45)","법정복리비[천원]","천원","469","457.7","413.9","332",
"전규모(10인이상)","종합 건설업(45)","법정외복리비[천원]","천원","233","206.4","180.3","133.4",
"전규모(10인이상)","종합 건설업(45)","채용관련비용(모집비)[천원]","천원","4.7","2.6","2","63.1",
"전규모(10인이상)","종합 건설업(45)","교육훈련비[천원]","천원","17.2","17","20.3","16.6",
"전규모(10인이상)","종합 건설업(45)","기타노동비용[천원]","천원","6.4","6.5","4.9","4.8",
"전규모(10인이상)","전문직별 공사업(46)","노동비용총액[천원]","천원","3172.2","2787.2","2584.4","2408.6",
"전규모(10인이상)","전문직별 공사업(46)","현금급여총계[천원]","천원","2473.7","2178","2048.3","1968",
"전규모(10인이상)","전문직별 공사업(46)","정액및초과[천원]","천원","2149.3","1886.28745","1826.6","1721.7",
"전규모(10인이상)","전문직별 공사업(46)","상여금등특별급여[천원]","천원","324.5","291.6866","221.7","246.2",
"전규모(10인이상)","전문직별 공사업(46)","현금급여외 노동비용(계)[천원]","천원","698.5","609.2","536.1","440.7",
"전규모(10인이상)","전문직별 공사업(46)","퇴직금등비용[천원]","천원","191.8","137.4","153.6","93.6",
"전규모(10인이상)","전문직별 공사업(46)","현물지급비용[천원]","천원","1.4",".4",".2",".4",
"전규모(10인이상)","전문직별 공사업(46)","법정복리비[천원]","천원","275.7","250.2","208.6","188.3",
"전규모(10인이상)","전문직별 공사업(46)","법정외복리비[천원]","천원","215.3","209.7","162.7","137.6",
"전규모(10인이상)","전문직별 공사업(46)","채용관련비용(모집비)[천원]","천원",".5",".4",".8","8",
"전규모(10인이상)","전문직별 공사업(46)","교육훈련비[천원]","천원","10.1","8","6.3","6.5",
"전규모(10인이상)","전문직별 공사업(46)","기타노동비용[천원]","천원","3.6","3","3.9","6.2",
"전규모(10인이상)","도매 및 소매업 숙박 및 음식점업(50-55) (GH)","노동비용총액[천원]","천원","3178","3058.4","2847.2","2707",
"전규모(10인이상)","도매 및 소매업 숙박 및 음식점업(50-55) (GH)","현금급여총계[천원]","천원","2545.2","2462.2","2318.1","2194.7",
"전규모(10인이상)","도매 및 소매업 숙박 및 음식점업(50-55) (GH)","정액및초과[천원]","천원","2052.1","2076.11176","1951.3","1808.4",
"전규모(10인이상)","도매 및 소매업 숙박 및 음식점업(50-55) (GH)","상여금등특별급여[천원]","천원","493.1","386.05037","366.8","386.3",
"전규모(10인이상)","도매 및 소매업 숙박 및 음식점업(50-55) (GH)","현금급여외 노동비용(계)[천원]","천원","632.7","596.2","529.1","512.3",
"전규모(10인이상)","도매 및 소매업 숙박 및 음식점업(50-55) (GH)","퇴직금등비용[천원]","천원","225.2","206.7","197.7","190.8",
"전규모(10인이상)","도매 및 소매업 숙박 및 음식점업(50-55) (GH)","현물지급비용[천원]","천원","3.5","3.7","3.7","4.1",
"전규모(10인이상)","도매 및 소매업 숙박 및 음식점업(50-55) (GH)","법정복리비[천원]","천원","191.3","182.3","167.4","159.5",
"전규모(10인이상)","도매 및 소매업 숙박 및 음식점업(50-55) (GH)","법정외복리비[천원]","천원","183.9","174.3","126.1","125.8",
"전규모(10인이상)","도매 및 소매업 숙박 및 음식점업(50-55) (GH)","채용관련비용(모집비)[천원]","천원","2.8","2.9","4","3.3",
"전규모(10인이상)","도매 및 소매업 숙박 및 음식점업(50-55) (GH)","교육훈련비[천원]","천원","18.8","19.4","22.3","24.2",
"전규모(10인이상)","도매 및 소매업 숙박 및 음식점업(50-55) (GH)","기타노동비용[천원]","천원","7.4","6.9","7.9","4.6",
"전규모(10인이상)","도매 및 소매업(50-52)","노동비용총액[천원]","천원","3422.2","3236.6","2993.3","2843.7",
"전규모(10인이상)","도매 및 소매업(50-52)","현금급여총계[천원]","천원","2737.6","2605.6","2439.4","2309.4",
"전규모(10인이상)","도매 및 소매업(50-52)","정액및초과[천원]","천원","2203.9","2208.93211","2066.3","1908",
"전규모(10인이상)","도매 및 소매업(50-52)","상여금등특별급여[천원]","천원","533.7","396.70639","373.1","401.3",
"전규모(10인이상)","도매 및 소매업(50-52)","현금급여외 노동비용(계)[천원]","천원","684.5","630.9","553.9","534.3",
"전규모(10인이상)","도매 및 소매업(50-52)","퇴직금등비용[천원]","천원","249.1","217.7","207.7","198.3",
"전규모(10인이상)","도매 및 소매업(50-52)","현물지급비용[천원]","천원","3.1","3.3","3.5","3.2",
"전규모(10인이상)","도매 및 소매업(50-52)","법정복리비[천원]","천원","203.8","191.5","174.6","165.9",
"전규모(10인이상)","도매 및 소매업(50-52)","법정외복리비[천원]","천원","199.8","189.2","131.7","131.9",
"전규모(10인이상)","도매 및 소매업(50-52)","채용관련비용(모집비)[천원]","천원","2.7","3.1","4.4","3.6",
"전규모(10인이상)","도매 및 소매업(50-52)","교육훈련비[천원]","천원","20.1","20.6","24.6","26.9",
"전규모(10인이상)","도매 및 소매업(50-52)","기타노동비용[천원]","천원","6","5.5","7.4","4.5",
"전규모(10인이상)","자동차 판매 및 차량연료 소매업(50)","노동비용총액[천원]","천원","2717","3308.5","3385.3","3265.2",
"전규모(10인이상)","자동차 판매 및 차량연료 소매업(50)","현금급여총계[천원]","천원","2299.8","2560.9","2802.8","2721.2",
"전규모(10인이상)","자동차 판매 및 차량연료 소매업(50)","정액및초과[천원]","천원","1911.1","2170.40636","2444.3","2284.5",
"전규모(10인이상)","자동차 판매 및 차량연료 소매업(50)","상여금등특별급여[천원]","천원","388.7","390.48152","358.5","436.7",
"전규모(10인이상)","자동차 판매 및 차량연료 소매업(50)","현금급여외 노동비용(계)[천원]","천원","417.1","747.7","582.5","544",
"전규모(10인이상)","자동차 판매 및 차량연료 소매업(50)","퇴직금등비용[천원]","천원","135","369.1","202.3","172.4",
"전규모(10인이상)","자동차 판매 및 차량연료 소매업(50)","현물지급비용[천원]","천원","0","11.8","4.1","2.1",
"전규모(10인이상)","자동차 판매 및 차량연료 소매업(50)","법정복리비[천원]","천원","154.6","188","202.4","189",
"전규모(10인이상)","자동차 판매 및 차량연료 소매업(50)","법정외복리비[천원]","천원","116.1","144.2","131.9","156.1",
"전규모(10인이상)","자동차 판매 및 차량연료 소매업(50)","채용관련비용(모집비)[천원]","천원","1.6","2.2","2.6","1.8",
"전규모(10인이상)","자동차 판매 및 차량연료 소매업(50)","교육훈련비[천원]","천원","9.6","29.8","30.7","18.3",
"전규모(10인이상)","자동차 판매 및 차량연료 소매업(50)","기타노동비용[천원]","천원",".2","2.6","8.5","4.4",
"전규모(10인이상)","도매 및 상품 중개업(51)","노동비용총액[천원]","천원","3780.1","3400","3270.4","3100.6",
"전규모(10인이상)","도매 및 상품 중개업(51)","현금급여총계[천원]","천원","2988.7","2745.3","2657.1","2519.8",
"전규모(10인이상)","도매 및 상품 중개업(51)","정액및초과[천원]","천원","2483.1","2345.60809","2293.2","2132.2",
"전규모(10인이상)","도매 및 상품 중개업(51)","상여금등특별급여[천원]","천원","505.6","399.71435","363.9","387.6",
"전규모(10인이상)","도매 및 상품 중개업(51)","현금급여외 노동비용(계)[천원]","천원","791.4","654.7","613.3","580.8",
"전규모(10인이상)","도매 및 상품 중개업(51)","퇴직금등비용[천원]","천원","307.4","217.8","240.6","218.2",
"전규모(10인이상)","도매 및 상품 중개업(51)","현물지급비용[천원]","천원","2.5","2","3.3","2.9",
"전규모(10인이상)","도매 및 상품 중개업(51)","법정복리비[천원]","천원","223.2","198","183.4","175.6",
"전규모(10인이상)","도매 및 상품 중개업(51)","법정외복리비[천원]","천원","227.6","210.7","144.2","142.9",
"전규모(10인이상)","도매 및 상품 중개업(51)","채용관련비용(모집비)[천원]","천원","3.7","3.1","5.9","4.7",
"전규모(10인이상)","도매 및 상품 중개업(51)","교육훈련비[천원]","천원","23","18.6","29.2","33.3",
"전규모(10인이상)","도매 및 상품 중개업(51)","기타노동비용[천원]","천원","4.2","4.4","6.7","3.2",
"전규모(10인이상)","소매업(자동차제외)(52)","노동비용총액[천원]","천원","2948.5","2755.6","2386.6","2317.1",
"전규모(10인이상)","소매업(자동차제외)(52)","현금급여총계[천원]","천원","2393.9","2218.3","1953.3","1867.4",
"전규모(10인이상)","소매업(자동차제외)(52)","정액및초과[천원]","천원","1782.7","1828.75127","1559.7","1447.2",
"전규모(10인이상)","소매업(자동차제외)(52)","상여금등특별급여[천원]","천원","611.3","389.54269","393.6","420.2",
"전규모(10인이상)","소매업(자동차제외)(52)","현금급여외 노동비용(계)[천원]","천원","554.5","537.3","433.3","449.7",
"전규모(10인이상)","소매업(자동차제외)(52)","퇴직금등비용[천원]","천원","171.8","183.6","144.8","166.9",
"전규모(10인이상)","소매업(자동차제외)(52)","현물지급비용[천원]","천원","4.9","5","3.7","4.1",
"전규모(10인이상)","소매업(자동차제외)(52)","법정복리비[천원]","천원","180.3","174","152.5","144.9",
"전규모(10인이상)","소매업(자동차제외)(52)","법정외복리비[천원]","천원","168.8","138.2","107.2","108.5",
"전규모(10인이상)","소매업(자동차제외)(52)","채용관련비용(모집비)[천원]","천원","1.2","3.2","1.9","1.9",
"전규모(10인이상)","소매업(자동차제외)(52)","교육훈련비[천원]","천원","17.2","24.2","14.5","16.8",
"전규모(10인이상)","소매업(자동차제외)(52)","기타노동비용[천원]","천원","10.3","9.1","8.8","6.7",
"전규모(10인이상)","숙박 및 음식점업(55)","노동비용총액[천원]","천원","2307.8","2285.8","2202.7","2095.8",
"전규모(10인이상)","숙박 및 음식점업(55)","현금급여총계[천원]","천원","1859.6","1840.3","1782.8","1681.8",
"전규모(10인이상)","숙박 및 음식점업(55)","정액및초과[천원]","천원","1511.2","1500.39026","1444","1362.6",
"전규모(10인이상)","숙박 및 음식점업(55)","상여금등특별급여[천원]","천원","348.4","339.86092","338.8","319.2",
"전규모(10인이상)","숙박 및 음식점업(55)","현금급여외 노동비용(계)[천원]","천원","448.2","445.6","419.9","414",
"전규모(10인이상)","숙박 및 음식점업(55)","퇴직금등비용[천원]","천원","140.1","159","153.4","157.4",
"전규모(10인이상)","숙박 및 음식점업(55)","현물지급비용[천원]","천원","4.8","5.1","4.9","8.1",
"전규모(10인이상)","숙박 및 음식점업(55)","법정복리비[천원]","천원","146.7","142.4","135.9","130.7",
"전규모(10인이상)","숙박 및 음식점업(55)","법정외복리비[천원]","천원","127.2","109.7","101.5","98.3",
"전규모(10인이상)","숙박 및 음식점업(55)","채용관련비용(모집비)[천원]","천원","2.9","2","1.9","2",
"전규모(10인이상)","숙박 및 음식점업(55)","교육훈련비[천원]","천원","14.2","14","12.3","12.5",
"전규모(10인이상)","숙박 및 음식점업(55)","기타노동비용[천원]","천원","12.2","13.4","10","5",
"전규모(10인이상)","숙박 및 음식점업(55)","노동비용총액[천원]","천원","2307.8","2285.8","2202.7","2095.8",
"전규모(10인이상)","숙박 및 음식점업(55)","현금급여총계[천원]","천원","1859.6","1840.3","1782.8","1681.8",
"전규모(10인이상)","숙박 및 음식점업(55)","정액및초과[천원]","천원","1511.2","1500.39026","1444","1362.6",
"전규모(10인이상)","숙박 및 음식점업(55)","상여금등특별급여[천원]","천원","348.4","339.86092","338.8","319.2",
"전규모(10인이상)","숙박 및 음식점업(55)","현금급여외 노동비용(계)[천원]","천원","448.2","445.6","419.9","414",
"전규모(10인이상)","숙박 및 음식점업(55)","퇴직금등비용[천원]","천원","140.1","159","153.4","157.4",
"전규모(10인이상)","숙박 및 음식점업(55)","현물지급비용[천원]","천원","4.8","5.1","4.9","8.1",
"전규모(10인이상)","숙박 및 음식점업(55)","법정복리비[천원]","천원","146.7","142.4","135.9","130.7",
"전규모(10인이상)","숙박 및 음식점업(55)","법정외복리비[천원]","천원","127.2","109.7","101.5","98.3",
"전규모(10인이상)","숙박 및 음식점업(55)","채용관련비용(모집비)[천원]","천원","2.9","2","1.9","2",
"전규모(10인이상)","숙박 및 음식점업(55)","교육훈련비[천원]","천원","14.2","14","12.3","12.5",
"전규모(10인이상)","숙박 및 음식점업(55)","기타노동비용[천원]","천원","12.2","13.4","10","5",
"전규모(10인이상)","운수업, 창고 및 통신업(60-64) (IJ)","노동비용총액[천원]","천원","2973","2721.3","2694.4","2531.2",
"전규모(10인이상)","운수업, 창고 및 통신업(60-64) (IJ)","현금급여총계[천원]","천원","2400","2175.4","2160.6","2070",
"전규모(10인이상)","운수업, 창고 및 통신업(60-64) (IJ)","정액및초과[천원]","천원","1858.9","1716.17953","1705.2","1673",
"전규모(10인이상)","운수업, 창고 및 통신업(60-64) (IJ)","상여금등특별급여[천원]","천원","541.1","459.20036","455.4","396.9",
"전규모(10인이상)","운수업, 창고 및 통신업(60-64) (IJ)","현금급여외 노동비용(계)[천원]","천원","573","546","533.8","461.2",
"전규모(10인이상)","운수업, 창고 및 통신업(60-64) (IJ)","퇴직금등비용[천원]","천원","201.1","208.8","179.6","129.8",
"전규모(10인이상)","운수업, 창고 및 통신업(60-64) (IJ)","현물지급비용[천원]","천원","1.5","1.3","1.2","6.9",
"전규모(10인이상)","운수업, 창고 및 통신업(60-64) (IJ)","법정복리비[천원]","천원","198.4","186.6","174.1","167.2",
"전규모(10인이상)","운수업, 창고 및 통신업(60-64) (IJ)","법정외복리비[천원]","천원","136.2","118.8","149","124.9",
"전규모(10인이상)","운수업, 창고 및 통신업(60-64) (IJ)","채용관련비용(모집비)[천원]","천원","2","1.6","1.8","1.5",
"전규모(10인이상)","운수업, 창고 및 통신업(60-64) (IJ)","교육훈련비[천원]","천원","26.2","22.3","22.8","23.8",
"전규모(10인이상)","운수업, 창고 및 통신업(60-64) (IJ)","기타노동비용[천원]","천원","7.6","6.5","5.2","6.9",
"전규모(10인이상)","운수업(60-63)","노동비용총액[천원]","천원","2455.5","2354","2207.3","2192.8",
"전규모(10인이상)","운수업(60-63)","현금급여총계[천원]","천원","1952.4","1862.4","1773.2","1787",
"전규모(10인이상)","운수업(60-63)","정액및초과[천원]","천원","1563.8","1519.6585","1463.8","1458.5",
"전규모(10인이상)","운수업(60-63)","상여금등특별급여[천원]","천원","388.6","342.7473","309.3","328.5",
"전규모(10인이상)","운수업(60-63)","현금급여외 노동비용(계)[천원]","천원","503.2","491.5","434.1","405.8",
"전규모(10인이상)","운수업(60-63)","퇴직금등비용[천원]","천원","192.2","203","172.9","127.5",
"전규모(10인이상)","운수업(60-63)","현물지급비용[천원]","천원","1.5","1.3","1.2","8",
"전규모(10인이상)","운수업(60-63)","법정복리비[천원]","천원","173.4","167.6","151.8","149.8",
"전규모(10인이상)","운수업(60-63)","법정외복리비[천원]","천원","121.9","106.5","97.3","101.6",
"전규모(10인이상)","운수업(60-63)","채용관련비용(모집비)[천원]","천원",".7",".7",".7",".7",
"전규모(10인이상)","운수업(60-63)","교육훈련비[천원]","천원","8","7.6","6.6","10.8",
"전규모(10인이상)","운수업(60-63)","기타노동비용[천원]","천원","5.4","4.9","3.6","7.2",
"전규모(10인이상)","육상운송 및 파이프라인 운송업(60)","노동비용총액[천원]","천원","1906.2","1920.8","1927.6","1906.7",
"전규모(10인이상)","육상운송 및 파이프라인 운송업(60)","현금급여총계[천원]","천원","1522.5","1501.1","1533.9","1547",
"전규모(10인이상)","육상운송 및 파이프라인 운송업(60)","정액및초과[천원]","천원","1280.3","1269.66454","1303.5","1297",
"전규모(10인이상)","육상운송 및 파이프라인 운송업(60)","상여금등특별급여[천원]","천원","242.2","231.47857","230.4","250",
"전규모(10인이상)","육상운송 및 파이프라인 운송업(60)","현금급여외 노동비용(계)[천원]","천원","383.7","419.7","393.7","359.7",
"전규모(10인이상)","육상운송 및 파이프라인 운송업(60)","퇴직금등비용[천원]","천원","117.2","172","157.5","120.3",
"전규모(10인이상)","육상운송 및 파이프라인 운송업(60)","현물지급비용[천원]","천원","1.4","1.9","1.4","10.7",
"전규모(10인이상)","육상운송 및 파이프라인 운송업(60)","법정복리비[천원]","천원","150.5","148.6","138.1","134.8",
"전규모(10인이상)","육상운송 및 파이프라인 운송업(60)","법정외복리비[천원]","천원","107.5","90.7","90.4","82.2",
"전규모(10인이상)","육상운송 및 파이프라인 운송업(60)","채용관련비용(모집비)[천원]","천원",".2",".4",".6",".6",
"전규모(10인이상)","육상운송 및 파이프라인 운송업(60)","교육훈련비[천원]","천원","2.9","1.4","2.1","3",
"전규모(10인이상)","육상운송 및 파이프라인 운송업(60)","기타노동비용[천원]","천원","3.9","4.8","3.7","8.1",
"전규모(10인이상)","수상 운송업(61)","노동비용총액[천원]","천원","4496.2","3900.5","4121.7","3553.4",
"전규모(10인이상)","수상 운송업(61)","현금급여총계[천원]","천원","3401.3","2894.6","3297.8","2844.5",
"전규모(10인이상)","수상 운송업(61)","정액및초과[천원]","천원","2475","2289.4796","2477.5","2185.2",
"전규모(10인이상)","수상 운송업(61)","상여금등특별급여[천원]","천원","926.3","605.16699","820.3","659.3",
"전규모(10인이상)","수상 운송업(61)","현금급여외 노동비용(계)[천원]","천원","1095","1005.9","824","708.9",
"전규모(10인이상)","수상 운송업(61)","퇴직금등비용[천원]","천원","682.5","562.9","370.7","289",
"전규모(10인이상)","수상 운송업(61)","현물지급비용[천원]","천원","3.7",".2","1.6",".6",
"전규모(10인이상)","수상 운송업(61)","법정복리비[천원]","천원","226.8","212.9","219.1","176.3",
"전규모(10인이상)","수상 운송업(61)","법정외복리비[천원]","천원","148.7","200.1","189","214.4",
"전규모(10인이상)","수상 운송업(61)","채용관련비용(모집비)[천원]","천원","4.6","1.3","1.1","1.2",
"전규모(10인이상)","수상 운송업(61)","교육훈련비[천원]","천원","19.3","21.5","35.7","19.8",
"전규모(10인이상)","수상 운송업(61)","기타노동비용[천원]","천원","9.5","7","6.8","7.6",
"전규모(10인이상)","항공 운송업(62)","노동비용총액[천원]","천원","5566.7","4816.9","4538.4","4304.5",
"전규모(10인이상)","항공 운송업(62)","현금급여총계[천원]","천원","4283.5","4011","3821.9","3518.4",
"전규모(10인이상)","항공 운송업(62)","정액및초과[천원]","천원","2809.6","2885.57402","2813.1","2598.1",
"전규모(10인이상)","항공 운송업(62)","상여금등특별급여[천원]","천원","1473.8","1125.45583","1008.8","920.2",
"전규모(10인이상)","항공 운송업(62)","현금급여외 노동비용(계)[천원]","천원","1283.2","805.8","716.4","786.1",
"전규모(10인이상)","항공 운송업(62)","퇴직금등비용[천원]","천원","597.1","275.8","305.3","109.2",
"전규모(10인이상)","항공 운송업(62)","현물지급비용[천원]","천원","3.2","0","0","0",
"전규모(10인이상)","항공 운송업(62)","법정복리비[천원]","천원","318.4","285.4","230","289.5",
"전규모(10인이상)","항공 운송업(62)","법정외복리비[천원]","천원","294.9","158","99.2","287.3",
"전규모(10인이상)","항공 운송업(62)","채용관련비용(모집비)[천원]","천원",".5","1.6","1.4","1",
"전규모(10인이상)","항공 운송업(62)","교육훈련비[천원]","천원","65","73.5","80.4","98.4",
"전규모(10인이상)","항공 운송업(62)","기타노동비용[천원]","천원","4.1","11.4",".1",".8",
"전규모(10인이상)","여행알선, 창고 및 운수관련 서비스업(63)","노동비용총액[천원]","천원","2884.2","2536.5","2594.7","2474",
"전규모(10인이상)","여행알선, 창고 및 운수관련 서비스업(63)","현금급여총계[천원]","천원","2356.3","2032.3","2119.9","2048.8",
"전규모(10인이상)","여행알선, 창고 및 운수관련 서비스업(63)","정액및초과[천원]","천원","1932.3","1656.78518","1700.5","1638.2",
"전규모(10인이상)","여행알선, 창고 및 운수관련 서비스업(63)","상여금등특별급여[천원]","천원","424","375.49549","419.4","410.6",
"전규모(10인이상)","여행알선, 창고 및 운수관련 서비스업(63)","현금급여외 노동비용(계)[천원]","천원","527.8","504.2","474.8","425.2",
"전규모(10인이상)","여행알선, 창고 및 운수관련 서비스업(63)","퇴직금등비용[천원]","천원","205.2","202","176.2","128.7",
"전규모(10인이상)","여행알선, 창고 및 운수관련 서비스업(63)","현물지급비용[천원]","천원",".7",".4",".8","1.7",
"전규모(10인이상)","여행알선, 창고 및 운수관련 서비스업(63)","법정복리비[천원]","천원","194","176.8","179.8","165.8",
"전규모(10인이상)","여행알선, 창고 및 운수관련 서비스업(63)","법정외복리비[천원]","천원","111.3","116.4","104.4","106.2",
"전규모(10인이상)","여행알선, 창고 및 운수관련 서비스업(63)","채용관련비용(모집비)[천원]","천원","1.5","1","1.1","1",
"전규모(10인이상)","여행알선, 창고 및 운수관련 서비스업(63)","교육훈련비[천원]","천원","5.2","4.3","9.3","16.4",
"전규모(10인이상)","여행알선, 창고 및 운수관련 서비스업(63)","기타노동비용[천원]","천원","9.9","3.3","3.2","5.5",
"전규모(10인이상)","통신업(64)","노동비용총액[천원]","천원","5237.9","4899.1","4920.1","4322.2",
"전규모(10인이상)","통신업(64)","현금급여총계[천원]","천원","4359.3","4030.5","3930.9","3567.8",
"전규모(10인이상)","통신업(64)","정액및초과[천원]","천원","3150.9","2881.06015","2807.8","2808.7",
"전규모(10인이상)","통신업(64)","상여금등특별급여[천원]","천원","1208.5","1149.47719","1123.1","759.1",
"전규모(10인이상)","통신업(64)","현금급여외 노동비용(계)[천원]","천원","878.6","868.5","989.3","754.5",
"전규모(10인이상)","통신업(64)","퇴직금등비용[천원]","천원","240.3","243","210.3","142.2",
"전규모(10인이상)","통신업(64)","현물지급비용[천원]","천원","1.4","1.2","1.3","1.2",
"전규모(10인이상)","통신업(64)","법정복리비[천원]","천원","308.1","299.5","276","259.3",
"전규모(10인이상)","통신업(64)","법정외복리비[천원]","천원","198.4","191.9","385.6","248.3",
"전규모(10인이상)","통신업(64)","채용관련비용(모집비)[천원]","천원","7.6","7.1","6.7","5.5",
"전규모(10인이상)","통신업(64)","교육훈련비[천원]","천원","105.7","109.8","96.8","92.9",
"전규모(10인이상)","통신업(64)","기타노동비용[천원]","천원","17.2","16.1","12.6","5.2",
"전규모(10인이상)","통신업(64)","노동비용총액[천원]","천원","5237.9","4899.1","4920.1","4322.2",
"전규모(10인이상)","통신업(64)","현금급여총계[천원]","천원","4359.3","4030.5","3930.9","3567.8",
"전규모(10인이상)","통신업(64)","정액및초과[천원]","천원","3150.9","2881.06015","2807.8","2808.7",
"전규모(10인이상)","통신업(64)","상여금등특별급여[천원]","천원","1208.5","1149.47719","1123.1","759.1",
"전규모(10인이상)","통신업(64)","현금급여외 노동비용(계)[천원]","천원","878.6","868.5","989.3","754.5",
"전규모(10인이상)","통신업(64)","퇴직금등비용[천원]","천원","240.3","243","210.3","142.2",
"전규모(10인이상)","통신업(64)","현물지급비용[천원]","천원","1.4","1.2","1.3","1.2",
"전규모(10인이상)","통신업(64)","법정복리비[천원]","천원","308.1","299.5","276","259.3",
"전규모(10인이상)","통신업(64)","법정외복리비[천원]","천원","198.4","191.9","385.6","248.3",
"전규모(10인이상)","통신업(64)","채용관련비용(모집비)[천원]","천원","7.6","7.1","6.7","5.5",
"전규모(10인이상)","통신업(64)","교육훈련비[천원]","천원","105.7","109.8","96.8","92.9",
"전규모(10인이상)","통신업(64)","기타노동비용[천원]","천원","17.2","16.1","12.6","5.2",
"전규모(10인이상)","금융 보험,부동산 임대,사업서비스(65-75)(K-M)","노동비용총액[천원]","천원","3830.2","3452.1","3396.7","3145.3",
"전규모(10인이상)","금융 보험,부동산 임대,사업서비스(65-75)(K-M)","현금급여총계[천원]","천원","3167.2","2868.2","2830.8","2577.2",
"전규모(10인이상)","금융 보험,부동산 임대,사업서비스(65-75)(K-M)","정액및초과[천원]","천원","2433.5","2311.19443","2188.1","2004.8",
"전규모(10인이상)","금융 보험,부동산 임대,사업서비스(65-75)(K-M)","상여금등특별급여[천원]","천원","733.8","557.04089","642.7","572.4",
"전규모(10인이상)","금융 보험,부동산 임대,사업서비스(65-75)(K-M)","현금급여외 노동비용(계)[천원]","천원","662.9","583.9","565.9","568.1",
"전규모(10인이상)","금융 보험,부동산 임대,사업서비스(65-75)(K-M)","퇴직금등비용[천원]","천원","224","191.4","177.4","200.4",
"전규모(10인이상)","금융 보험,부동산 임대,사업서비스(65-75)(K-M)","현물지급비용[천원]","천원","1.2","1.5","1.8","3.5",
"전규모(10인이상)","금융 보험,부동산 임대,사업서비스(65-75)(K-M)","법정복리비[천원]","천원","208.1","192.1","193.9","181.5",
"전규모(10인이상)","금융 보험,부동산 임대,사업서비스(65-75)(K-M)","법정외복리비[천원]","천원","180.1","156.9","145","139.8",
"전규모(10인이상)","금융 보험,부동산 임대,사업서비스(65-75)(K-M)","채용관련비용(모집비)[천원]","천원","4.6","3.5","3.8","2.9",
"전규모(10인이상)","금융 보험,부동산 임대,사업서비스(65-75)(K-M)","교육훈련비[천원]","천원","38.5","33.2","35.9","31.2",
"전규모(10인이상)","금융 보험,부동산 임대,사업서비스(65-75)(K-M)","기타노동비용[천원]","천원","6.5","5.4","8.2","8.8",
"전규모(10인이상)","금융 및 보험업(65-67)","노동비용총액[천원]","천원","6662","6179.1","5663.8","5143.8",
"전규모(10인이상)","금융 및 보험업(65-67)","현금급여총계[천원]","천원","5524.8","5158","4685.1","4105.7",
"전규모(10인이상)","금융 및 보험업(65-67)","정액및초과[천원]","천원","3517.7","3543.46274","3137.4","2750.4",
"전규모(10인이상)","금융 및 보험업(65-67)","상여금등특별급여[천원]","천원","2007.1","1614.57158","1547.8","1355.3",
"전규모(10인이상)","금융 및 보험업(65-67)","현금급여외 노동비용(계)[천원]","천원","1137.3","1021","978.7","1038.1",
"전규모(10인이상)","금융 및 보험업(65-67)","퇴직금등비용[천원]","천원","403.9","330.1","272.1","378.1",
"전규모(10인이상)","금융 및 보험업(65-67)","현물지급비용[천원]","천원","1.5","4.6","4.6","2.7",
"전규모(10인이상)","금융 및 보험업(65-67)","법정복리비[천원]","천원","323.5","308.9","302.4","278.8",
"전규모(10인이상)","금융 및 보험업(65-67)","법정외복리비[천원]","천원","285.2","263.1","287.1","280.6",
"전규모(10인이상)","금융 및 보험업(65-67)","채용관련비용(모집비)[천원]","천원","8.5","5.2","6.6","3.7",
"전규모(10인이상)","금융 및 보험업(65-67)","교육훈련비[천원]","천원","100.1","96.7","87.9","74.8",
"전규모(10인이상)","금융 및 보험업(65-67)","기타노동비용[천원]","천원","14.4","12.5","18.1","19.3",
"전규모(10인이상)","금융업(65)","노동비용총액[천원]","천원","6587.3","6423.9","5815.6","5371.6",
"전규모(10인이상)","금융업(65)","현금급여총계[천원]","천원","5549.4","5406.5","4835","4248.8",
"전규모(10인이상)","금융업(65)","정액및초과[천원]","천원","3657.9","3830.67157","3319.1","2866.2",
"전규모(10인이상)","금융업(65)","상여금등특별급여[천원]","천원","1891.4","1575.81256","1515.9","1382.6",
"전규모(10인이상)","금융업(65)","현금급여외 노동비용(계)[천원]","천원","1037.9","1017.4","980.6","1122.8",
"전규모(10인이상)","금융업(65)","퇴직금등비용[천원]","천원","259.8","210.9","198.3","375.9",
"전규모(10인이상)","금융업(65)","현물지급비용[천원]","천원","1.6","5.8","6.7","3.8",
"전규모(10인이상)","금융업(65)","법정복리비[천원]","천원","338.8","320.8","309.6","288.8",
"전규모(10인이상)","금융업(65)","법정외복리비[천원]","천원","311.7","352.9","353.5","358.6",
"전규모(10인이상)","금융업(65)","채용관련비용(모집비)[천원]","천원","6.7","3.4","3.1","2.1",
"전규모(10인이상)","금융업(65)","교육훈련비[천원]","천원","98.9","108.8","85.5","74.1",
"전규모(10인이상)","금융업(65)","기타노동비용[천원]","천원","20.4","14.9","23.9","19.5",
"전규모(10인이상)","보험 및 연금업(66)","노동비용총액[천원]","천원","5996","5291.2","4818.2","4586.7",
"전규모(10인이상)","보험 및 연금업(66)","현금급여총계[천원]","천원","4562.3","4206.6","3855.7","3729.2",
"전규모(10인이상)","보험 및 연금업(66)","정액및초과[천원]","천원","3124.6","3017.92679","2787","2482",
"전규모(10인이상)","보험 및 연금업(66)","상여금등특별급여[천원]","천원","1437.6","1188.7061","1068.8","1247.3",
"전규모(10인이상)","보험 및 연금업(66)","현금급여외 노동비용(계)[천원]","천원","1433.8","1084.5","962.5","857.4",
"전규모(10인이상)","보험 및 연금업(66)","퇴직금등비용[천원]","천원","769","524.2","320.4","265.7",
"전규모(10인이상)","보험 및 연금업(66)","현물지급비용[천원]","천원",".7","2.6","2","1.6",
"전규모(10인이상)","보험 및 연금업(66)","법정복리비[천원]","천원","298","286.4","280.3","255.6",
"전규모(10인이상)","보험 및 연금업(66)","법정외복리비[천원]","천원","249.3","168","231.4","213.9",
"전규모(10인이상)","보험 및 연금업(66)","채용관련비용(모집비)[천원]","천원","9.4","6.6","12.4","6.8",
"전규모(10인이상)","보험 및 연금업(66)","교육훈련비[천원]","천원","100.2","86.8","105.5","91.9",
"전규모(10인이상)","보험 및 연금업(66)","기타노동비용[천원]","천원","7.1","10","10.5","21.8",
"전규모(10인이상)","금융 및 보험관련 서비스업(67)","노동비용총액[천원]","천원","7547.3","6874.2","6814.1","5487",
"전규모(10인이상)","금융 및 보험관련 서비스업(67)","현금급여총계[천원]","천원","6526.1","5943.6","5809.8","4373",
"전규모(10인이상)","금융 및 보험관련 서비스업(67)","정액및초과[천원]","천원","3653.5","3536.02003","3197","2896.3",
"전규모(10인이상)","금융 및 보험관련 서비스업(67)","상여금등특별급여[천원]","천원","2872.6","2407.59576","2612.9","1476.7",
"전규모(10인이상)","금융 및 보험관련 서비스업(67)","현금급여외 노동비용(계)[천원]","천원","1021.2","930.6","1004.3","1114",
"전규모(10인이상)","금융 및 보험관련 서비스업(67)","퇴직금등비용[천원]","천원","306.7","371.4","434.9","604.6",
"전규모(10인이상)","금융 및 보험관련 서비스업(67)","현물지급비용[천원]","천원","2.3","4.3","1.9","1.4",
"전규모(10인이상)","금융 및 보험관련 서비스업(67)","법정복리비[천원]","천원","319.3","309.9","321.1","291.8",
"전규모(10인이상)","금융 및 보험관련 서비스업(67)","법정외복리비[천원]","천원","269.2","150.8","165.3","155.9",
"전규모(10인이상)","금융 및 보험관련 서비스업(67)","채용관련비용(모집비)[천원]","천원","11.4","8.1","7","2.8",
"전규모(10인이상)","금융 및 보험관련 서비스업(67)","교육훈련비[천원]","천원","102.5","76.6","61.2","43.7",
"전규모(10인이상)","금융 및 보험관련 서비스업(67)","기타노동비용[천원]","천원","9.8","9.6","13","13.8",
"전규모(10인이상)","부동산 임대 및 사업서비스업(70-75) (LM)","노동비용총액[천원]","천원","2872","2697.9","2442.8","2313.2",
"전규모(10인이상)","부동산 임대 및 사업서비스업(70-75) (LM)","현금급여총계[천원]","천원","2369.6","2235","2050.6","1940.8",
"전규모(10인이상)","부동산 임대 및 사업서비스업(70-75) (LM)","정액및초과[천원]","천원","2066.6","1970.40188","1788.7","1694.3",
"전규모(10인이상)","부동산 임대 및 사업서비스업(70-75) (LM)","상여금등특별급여[천원]","천원","303","264.57327","261.9","246.4",
"전규모(10인이상)","부동산 임대 및 사업서비스업(70-75) (LM)","현금급여외 노동비용(계)[천원]","천원","502.4","463","392.3","372.4",
"전규모(10인이상)","부동산 임대 및 사업서비스업(70-75) (LM)","퇴직금등비용[천원]","천원","163.1","153","137.5","126.4",
"전규모(10인이상)","부동산 임대 및 사업서비스업(70-75) (LM)","현물지급비용[천원]","천원","1",".6",".7","3.8",
"전규모(10인이상)","부동산 임대 및 사업서비스업(70-75) (LM)","법정복리비[천원]","천원","169.1","159.8","148.2","141",
"전규모(10인이상)","부동산 임대 및 사업서비스업(70-75) (LM)","법정외복리비[천원]","천원","144.6","127.5","85.1","81.2",
"전규모(10인이상)","부동산 임대 및 사업서비스업(70-75) (LM)","채용관련비용(모집비)[천원]","천원","3.3","3","2.6","2.6",
"전규모(10인이상)","부동산 임대 및 사업서비스업(70-75) (LM)","교육훈련비[천원]","천원","17.6","15.6","14","13.1",
"전규모(10인이상)","부동산 임대 및 사업서비스업(70-75) (LM)","기타노동비용[천원]","천원","3.8","3.4","4","4.5",
"전규모(10인이상)","부동산 및 임대업(70-71)","노동비용총액[천원]","천원","2532.4","2370.6","2138.1","1943.1",
"전규모(10인이상)","부동산 및 임대업(70-71)","현금급여총계[천원]","천원","2160.2","2017.2","1795.7","1635.3",
"전규모(10인이상)","부동산 및 임대업(70-71)","정액및초과[천원]","천원","1899.6","1763.56691","1516.9","1384.6",
"전규모(10인이상)","부동산 및 임대업(70-71)","상여금등특별급여[천원]","천원","260.6","253.63518","278.8","250.6",
"전규모(10인이상)","부동산 및 임대업(70-71)","현금급여외 노동비용(계)[천원]","천원","372.2","353.4","342.4","307.8",
"전규모(10인이상)","부동산 및 임대업(70-71)","퇴직금등비용[천원]","천원","137.3","128.8","127.2","88.4",
"전규모(10인이상)","부동산 및 임대업(70-71)","현물지급비용[천원]","천원","1","2.3","2.2","12.6",
"전규모(10인이상)","부동산 및 임대업(70-71)","법정복리비[천원]","천원","150.4","142.8","132.2","123.3",
"전규모(10인이상)","부동산 및 임대업(70-71)","법정외복리비[천원]","천원","67.3","62.7","61.1","64.6",
"전규모(10인이상)","부동산 및 임대업(70-71)","채용관련비용(모집비)[천원]","천원",".7","1","2","1.9",
"전규모(10인이상)","부동산 및 임대업(70-71)","교육훈련비[천원]","천원","10.5","11.1","12.2","9.8",
"전규모(10인이상)","부동산 및 임대업(70-71)","기타노동비용[천원]","천원","4.9","4.7","5.6","7.2",
"전규모(10인이상)","부동산업(70)","노동비용총액[천원]","천원","2395.7","2317.6","2093.9","1894.3",
"전규모(10인이상)","부동산업(70)","현금급여총계[천원]","천원","2048.1","1972.8","1763.5","1591.8",
"전규모(10인이상)","부동산업(70)","정액및초과[천원]","천원","1802.2","1731.63259","1487.1","1347.3",
"전규모(10인이상)","부동산업(70)","상여금등특별급여[천원]","천원","245.9","241.1508","276.5","244.4",
"전규모(10인이상)","부동산업(70)","현금급여외 노동비용(계)[천원]","천원","347.6","344.8","330.4","302.6",
"전규모(10인이상)","부동산업(70)","퇴직금등비용[천원]","천원","140.1","127.8","121.9","86.9",
"전규모(10인이상)","부동산업(70)","현물지급비용[천원]","천원","1.1","2.4","2.2","13.4",
"전규모(10인이상)","부동산업(70)","법정복리비[천원]","천원","139.4","140.3","130.2","120.4",
"전규모(10인이상)","부동산업(70)","법정외복리비[천원]","천원","56.2","57.6","56.7","63",
"전규모(10인이상)","부동산업(70)","채용관련비용(모집비)[천원]","천원",".3","1.1","2.1","2",
"전규모(10인이상)","부동산업(70)","교육훈련비[천원]","천원","5.2","10.7","11.8","9.6",
"전규모(10인이상)","부동산업(70)","기타노동비용[천원]","천원","5.2","4.9","5.6","7.3",
"전규모(10인이상)","기계장비 및 소비용품 임대업(71)","노동비용총액[천원]","천원","3848.2","2976.7","2741.1","2573",
"전규모(10인이상)","기계장비 및 소비용품 임대업(71)","현금급여총계[천원]","천원","3239.6","2525.2","2234.8","2197.6",
"전규모(10인이상)","기계장비 및 소비용품 임대업(71)","정액및초과[천원]","천원","2837.9","2128.77996","1924.5","1866.6",
"전규모(10인이상)","기계장비 및 소비용품 임대업(71)","상여금등특별급여[천원]","천원","401.7","396.41125","310.3","331",
"전규모(10인이상)","기계장비 및 소비용품 임대업(71)","현금급여외 노동비용(계)[천원]","천원","608.6","451.5","506.3","375.4",
"전규모(10인이상)","기계장비 및 소비용품 임대업(71)","퇴직금등비용[천원]","천원","109.6","141.1","199.9","107.6",
"전규모(10인이상)","기계장비 및 소비용품 임대업(71)","현물지급비용[천원]","천원","0",".3","1.5","1.9",
"전규모(10인이상)","기계장비 및 소비용품 임대업(71)","법정복리비[천원]","천원","256.5","171.9","160.5","160.6",
"전규모(10인이상)","기계장비 및 소비용품 임대업(71)","법정외복리비[천원]","천원","174.5","120.4","120.5","85.3",
"전규모(10인이상)","기계장비 및 소비용품 임대업(71)","채용관련비용(모집비)[천원]","천원","4.5",".1","1.4","1.1",
"전규모(10인이상)","기계장비 및 소비용품 임대업(71)","교육훈련비[천원]","천원","61.4","15.6","17.9","13.4",
"전규모(10인이상)","기계장비 및 소비용품 임대업(71)","기타노동비용[천원]","천원","2","2.1","4.6","5.6",
"전규모(10인이상)","사업 서비스업(72-75)","노동비용총액[천원]","천원","2905.5","2749.7","2500.8","2379.4",
"전규모(10인이상)","사업 서비스업(72-75)","현금급여총계[천원]","천원","2390.2","2269.4","2099.1","1995.4",
"전규모(10인이상)","사업 서비스업(72-75)","정액및초과[천원]","천원","2083.1","2003.09601","1840.4","1749.8",
"전규모(10인이상)","사업 서비스업(72-75)","상여금등특별급여[천원]","천원","307.2","266.30224","258.7","245.7",
"전규모(10인이상)","사업 서비스업(72-75)","현금급여외 노동비용(계)[천원]","천원","515.3","480.3","401.7","384",
"전규모(10인이상)","사업 서비스업(72-75)","퇴직금등비용[천원]","천원","165.6","156.8","139.5","133.2",
"전규모(10인이상)","사업 서비스업(72-75)","현물지급비용[천원]","천원","1",".4",".4","2.2",
"전규모(10인이상)","사업 서비스업(72-75)","법정복리비[천원]","천원","170.9","162.4","151.3","144.1",
"전규모(10인이상)","사업 서비스업(72-75)","법정외복리비[천원]","천원","152.2","137.8","89.7","84.1",
"전규모(10인이상)","사업 서비스업(72-75)","채용관련비용(모집비)[천원]","천원","3.6","3.4","2.7","2.7",
"전규모(10인이상)","사업 서비스업(72-75)","교육훈련비[천원]","천원","18.3","16.3","14.4","13.7",
"전규모(10인이상)","사업 서비스업(72-75)","기타노동비용[천원]","천원","3.7","3.2","3.7","4",
"전규모(10인이상)","정보처리 및 기타 컴퓨터 운용 관련업(72)","노동비용총액[천원]","천원","3894.8","3764.8","3181.1","2998.2",
"전규모(10인이상)","정보처리 및 기타 컴퓨터 운용 관련업(72)","현금급여총계[천원]","천원","3163.2","3127.3","2651.7","2453.6",
"전규모(10인이상)","정보처리 및 기타 컴퓨터 운용 관련업(72)","정액및초과[천원]","천원","2820.4","2819.20119","2370.8","2186.4",
"전규모(10인이상)","정보처리 및 기타 컴퓨터 운용 관련업(72)","상여금등특별급여[천원]","천원","342.8","308.06694","280.9","267.2",
"전규모(10인이상)","정보처리 및 기타 컴퓨터 운용 관련업(72)","현금급여외 노동비용(계)[천원]","천원","731.6","637.5","529.4","544.6",
"전규모(10인이상)","정보처리 및 기타 컴퓨터 운용 관련업(72)","퇴직금등비용[천원]","천원","276.6","193.3","195.6","207.5",
"전규모(10인이상)","정보처리 및 기타 컴퓨터 운용 관련업(72)","현물지급비용[천원]","천원","1",".2",".2","1.4",
"전규모(10인이상)","정보처리 및 기타 컴퓨터 운용 관련업(72)","법정복리비[천원]","천원","224.3","214.1","183.9","177.3",
"전규모(10인이상)","정보처리 및 기타 컴퓨터 운용 관련업(72)","법정외복리비[천원]","천원","170.8","181.8","114.5","119.5",
"전규모(10인이상)","정보처리 및 기타 컴퓨터 운용 관련업(72)","채용관련비용(모집비)[천원]","천원","8","7","5","5.8",
"전규모(10인이상)","정보처리 및 기타 컴퓨터 운용 관련업(72)","교육훈련비[천원]","천원","44","37.1","26.7","26.4",
"전규모(10인이상)","정보처리 및 기타 컴퓨터 운용 관련업(72)","기타노동비용[천원]","천원","6.8","4","3.4","6.7",
"전규모(10인이상)","연구 및 개발업(73)","노동비용총액[천원]","천원","4500.5","3590","3792.1","3229.4",
"전규모(10인이상)","연구 및 개발업(73)","현금급여총계[천원]","천원","3769.1","3120.3","3139.8","2749.1",
"전규모(10인이상)","연구 및 개발업(73)","정액및초과[천원]","천원","3367.3","2635.14841","2716.5","2369.9",
"전규모(10인이상)","연구 및 개발업(73)","상여금등특별급여[천원]","천원","401.8","485.18019","423.2","379.2",
"전규모(10인이상)","연구 및 개발업(73)","현금급여외 노동비용(계)[천원]","천원","731.3","469.6","652.4","480.3",
"전규모(10인이상)","연구 및 개발업(73)","퇴직금등비용[천원]","천원","361.2","139.3","273.1","178.1",
"전규모(10인이상)","연구 및 개발업(73)","현물지급비용[천원]","천원","0","2.5","5.5",".5",
"전규모(10인이상)","연구 및 개발업(73)","법정복리비[천원]","천원","255.6","207.4","211.1","193",
"전규모(10인이상)","연구 및 개발업(73)","법정외복리비[천원]","천원","100.9","99.6","132.1","79.6",
"전규모(10인이상)","연구 및 개발업(73)","채용관련비용(모집비)[천원]","천원","3.3","5.1","11.4","8.9",
"전규모(10인이상)","연구 및 개발업(73)","교육훈련비[천원]","천원","10.4","12.5","15.1","17.7",
"전규모(10인이상)","연구 및 개발업(73)","기타노동비용[천원]","천원","0","3.3","4.1","2.4",
"전규모(10인이상)","전문, 과학 및 기술 서비스업(74)","노동비용총액[천원]","천원","4009.3","3633","3376.7","3225",
"전규모(10인이상)","전문, 과학 및 기술 서비스업(74)","현금급여총계[천원]","천원","3409.6","2977.6","2828.7","2711.1",
"전규모(10인이상)","전문, 과학 및 기술 서비스업(74)","정액및초과[천원]","천원","2844.9","2541.79981","2420.5","2333.7",
"전규모(10인이상)","전문, 과학 및 기술 서비스업(74)","상여금등특별급여[천원]","천원","564.7","435.7841","408.3","377.4",
"전규모(10인이상)","전문, 과학 및 기술 서비스업(74)","현금급여외 노동비용(계)[천원]","천원","599.7","655.4","548","513.9",
"전규모(10인이상)","전문, 과학 및 기술 서비스업(74)","퇴직금등비용[천원]","천원","217.5","219","185.5","176.5",
"전규모(10인이상)","전문, 과학 및 기술 서비스업(74)","현물지급비용[천원]","천원",".8",".6",".2",".5",
"전규모(10인이상)","전문, 과학 및 기술 서비스업(74)","법정복리비[천원]","천원","219.9","198","196.7","186.5",
"전규모(10인이상)","전문, 과학 및 기술 서비스업(74)","법정외복리비[천원]","천원","128.7","215.1","139.9","124.9",
"전규모(10인이상)","전문, 과학 및 기술 서비스업(74)","채용관련비용(모집비)[천원]","천원","4.4","1.3","2","1.1",
"전규모(10인이상)","전문, 과학 및 기술 서비스업(74)","교육훈련비[천원]","천원","23.9","16.5","20.3","20",
"전규모(10인이상)","전문, 과학 및 기술 서비스업(74)","기타노동비용[천원]","천원","4.5","4.9","3.4","4.4",
"전규모(10인이상)","사업지원 서비스업(75)","노동비용총액[천원]","천원","2136.8","1721.1","1581.3","1549.7",
"전규모(10인이상)","사업지원 서비스업(75)","현금급여총계[천원]","천원","1734","1417.3","1341.7","1325",
"전규모(10인이상)","사업지원 서비스업(75)","정액및초과[천원]","천원","1530.5","1269.57237","1188","1171.1",
"전규모(10인이상)","사업지원 서비스업(75)","상여금등특별급여[천원]","천원","203.5","147.73356","153.7","153.8",
"전규모(10인이상)","사업지원 서비스업(75)","현금급여외 노동비용(계)[천원]","천원","402.8","303.8","239.6","224.7",
"전규모(10인이상)","사업지원 서비스업(75)","퇴직금등비용[천원]","천원","104.3","104.7","78.2","69.4",
"전규모(10인이상)","사업지원 서비스업(75)","현물지급비용[천원]","천원","1.1",".3",".5","3.6",
"전규모(10인이상)","사업지원 서비스업(75)","법정복리비[천원]","천원","133","115.1","105.2","101.3",
"전규모(10인이상)","사업지원 서비스업(75)","법정외복리비[천원]","천원","153.8","74","45.6","42.7",
"전규모(10인이상)","사업지원 서비스업(75)","채용관련비용(모집비)[천원]","천원","1.6","2.5","1.6","1.8",
"전규모(10인이상)","사업지원 서비스업(75)","교육훈련비[천원]","천원","6.7","5.3","4.3","3.5",
"전규모(10인이상)","사업지원 서비스업(75)","기타노동비용[천원]","천원","2.2","1.9","4.1","2.4",
"전규모(10인이상)","기타공공,사회 및 개인 서비스업(87-93)(QR)","노동비용총액[천원]","천원","3102.5","2948.3","2832.6","2704.4",
"전규모(10인이상)","기타공공,사회 및 개인 서비스업(87-93)(QR)","현금급여총계[천원]","천원","2427.2","2324.8","2274.8","2186.3",
"전규모(10인이상)","기타공공,사회 및 개인 서비스업(87-93)(QR)","정액및초과[천원]","천원","2064.3","1924.01976","1863","1800.2",
"전규모(10인이상)","기타공공,사회 및 개인 서비스업(87-93)(QR)","상여금등특별급여[천원]","천원","363","400.78475","411.8","386.1",
"전규모(10인이상)","기타공공,사회 및 개인 서비스업(87-93)(QR)","현금급여외 노동비용(계)[천원]","천원","675.2","623.5","557.7","518.1",
"전규모(10인이상)","기타공공,사회 및 개인 서비스업(87-93)(QR)","퇴직금등비용[천원]","천원","211.1","186","188.8","159.5",
"전규모(10인이상)","기타공공,사회 및 개인 서비스업(87-93)(QR)","현물지급비용[천원]","천원","5.5","3.4","3.8","10",
"전규모(10인이상)","기타공공,사회 및 개인 서비스업(87-93)(QR)","법정복리비[천원]","천원","195.7","186.7","176","167.9",
"전규모(10인이상)","기타공공,사회 및 개인 서비스업(87-93)(QR)","법정외복리비[천원]","천원","236.3","223.8","166.6","161.4",
"전규모(10인이상)","기타공공,사회 및 개인 서비스업(87-93)(QR)","채용관련비용(모집비)[천원]","천원","1.7","1.5","1.6","1.7",
"전규모(10인이상)","기타공공,사회 및 개인 서비스업(87-93)(QR)","교육훈련비[천원]","천원","18.1","15.5","14.3","11.4",
"전규모(10인이상)","기타공공,사회 및 개인 서비스업(87-93)(QR)","기타노동비용[천원]","천원","6.8","6.5","6.6","6.1",
"전규모(10인이상)","오락, 문화 및 운동관련 서비스업(87-88)","노동비용총액[천원]","천원","3676.4","3577.6","3384","3326.1",
"전규모(10인이상)","오락, 문화 및 운동관련 서비스업(87-88)","현금급여총계[천원]","천원","2844.2","2783.2","2669.8","2644",
"전규모(10인이상)","오락, 문화 및 운동관련 서비스업(87-88)","정액및초과[천원]","천원","2291.2","2179.07601","2067","2070.8",
"전규모(10인이상)","오락, 문화 및 운동관련 서비스업(87-88)","상여금등특별급여[천원]","천원","553","604.07494","602.8","573.2",
"전규모(10인이상)","오락, 문화 및 운동관련 서비스업(87-88)","현금급여외 노동비용(계)[천원]","천원","832.2","794.5","714.2","682.1",
"전규모(10인이상)","오락, 문화 및 운동관련 서비스업(87-88)","퇴직금등비용[천원]","천원","285.4","274.8","277","247",
"전규모(10인이상)","오락, 문화 및 운동관련 서비스업(87-88)","현물지급비용[천원]","천원","10.3","7.2","7.8","6.8",
"전규모(10인이상)","오락, 문화 및 운동관련 서비스업(87-88)","법정복리비[천원]","천원","204.8","200.3","186.6","187.4",
"전규모(10인이상)","오락, 문화 및 운동관련 서비스업(87-88)","법정외복리비[천원]","천원","286.4","270.6","206.2","208.6",
"전규모(10인이상)","오락, 문화 및 운동관련 서비스업(87-88)","채용관련비용(모집비)[천원]","천원","2.9","2.5","1.9","2.5",
"전규모(10인이상)","오락, 문화 및 운동관련 서비스업(87-88)","교육훈련비[천원]","천원","32.6","29.9","26.1","21.1",
"전규모(10인이상)","오락, 문화 및 운동관련 서비스업(87-88)","기타노동비용[천원]","천원","9.8","9.1","8.7","8.7",
"전규모(10인이상)","영화, 방송 및 공연산업(87)","노동비용총액[천원]","천원","3821","4073","3847.3","3823.9",
"전규모(10인이상)","영화, 방송 및 공연산업(87)","현금급여총계[천원]","천원","3030.7","3195.5","2993.5","3030.8",
"전규모(10인이상)","영화, 방송 및 공연산업(87)","정액및초과[천원]","천원","2535.9","2460.47639","2301.3","2371.4",
"전규모(10인이상)","영화, 방송 및 공연산업(87)","상여금등특별급여[천원]","천원","494.9","735.02582","692.2","659.4",
"전규모(10인이상)","영화, 방송 및 공연산업(87)","현금급여외 노동비용(계)[천원]","천원","790.3","877.5","853.8","793.1",
"전규모(10인이상)","영화, 방송 및 공연산업(87)","퇴직금등비용[천원]","천원","297.5","356.9","401.7","324.9",
"전규모(10인이상)","영화, 방송 및 공연산업(87)","현물지급비용[천원]","천원","6.5","2","2.5","1.6",
"전규모(10인이상)","영화, 방송 및 공연산업(87)","법정복리비[천원]","천원","206.3","219.3","198","206.7",
"전규모(10인이상)","영화, 방송 및 공연산업(87)","법정외복리비[천원]","천원","240.3","253.5","211.6","229.1",
"전규모(10인이상)","영화, 방송 및 공연산업(87)","채용관련비용(모집비)[천원]","천원","1.5","2.4","1.9","3.1",
"전규모(10인이상)","영화, 방송 및 공연산업(87)","교육훈련비[천원]","천원","27.9","36.3","28.2","19.3",
"전규모(10인이상)","영화, 방송 및 공연산업(87)","기타노동비용[천원]","천원","10.3","7.1","9.9","8.3",
"전규모(10인이상)","기타오락, 문화 및 운동관련 산업(88)","노동비용총액[천원]","천원","3522.4","3036.2","2955.3","2867.1",
"전규모(10인이상)","기타오락, 문화 및 운동관련 산업(88)","현금급여총계[천원]","천원","2645.6","2332.5","2370.3","2287.4",
"전규모(10인이상)","기타오락, 문화 및 운동관련 산업(88)","정액및초과[천원]","천원","2030.8","1871.51024","1850.3","1793.7",
"전규모(10인이상)","기타오락, 문화 및 운동관련 산업(88)","상여금등특별급여[천원]","천원","614.9","460.94787","520","493.7",
"전규모(10인이상)","기타오락, 문화 및 운동관련 산업(88)","현금급여외 노동비용(계)[천원]","천원","876.8","703.8","585.1","579.7",
"전규모(10인이상)","기타오락, 문화 및 운동관련 산업(88)","퇴직금등비용[천원]","천원","272.5","185.2","161.7","175.2",
"전규모(10인이상)","기타오락, 문화 및 운동관련 산업(88)","현물지급비용[천원]","천원","14.3","12.9","12.7","11.6",
"전규모(10인이상)","기타오락, 문화 및 운동관련 산업(88)","법정복리비[천원]","천원","203.2","179.5","176","169.7",
"전규모(10인이상)","기타오락, 문화 및 운동관련 산업(88)","법정외복리비[천원]","천원","335.6","289.2","201.3","189.7",
"전규모(10인이상)","기타오락, 문화 및 운동관련 산업(88)","채용관련비용(모집비)[천원]","천원","4.3","2.6","1.9","1.8",
"전규모(10인이상)","기타오락, 문화 및 운동관련 산업(88)","교육훈련비[천원]","천원","37.7","23","24.1","22.7",
"전규모(10인이상)","기타오락, 문화 및 운동관련 산업(88)","기타노동비용[천원]","천원","9.3","11.4","7.5","9",
"전규모(10인이상)","기타공공, 수리 및 개인서비스업(90-93)","노동비용총액[천원]","천원","2606.5","2450.3","2355.9","2197.7",
"전규모(10인이상)","기타공공, 수리 및 개인서비스업(90-93)","현금급여총계[천원]","천원","2066.9","1962.1","1933.4","1813.3",
"전규모(10인이상)","기타공공, 수리 및 개인서비스업(90-93)","정액및초과[천원]","천원","1868.2","1722.20847","1686.7","1579.7",
"전규모(10인이상)","기타공공, 수리 및 개인서비스업(90-93)","상여금등특별급여[천원]","천원","198.7","239.93296","246.7","233.7",
"전규모(10인이상)","기타공공, 수리 및 개인서비스업(90-93)","현금급여외 노동비용(계)[천원]","천원","539.6","488.1","422.5","384.4",
"전규모(10인이상)","기타공공, 수리 및 개인서비스업(90-93)","퇴직금등비용[천원]","천원","147","115.8","112.6","88.2",
"전규모(10인이상)","기타공공, 수리 및 개인서비스업(90-93)","현물지급비용[천원]","천원","1.4",".4",".4","12.6",
"전규모(10인이상)","기타공공, 수리 및 개인서비스업(90-93)","법정복리비[천원]","천원","187.8","175.9","166.8","152",
"전규모(10인이상)","기타공공, 수리 및 개인서비스업(90-93)","법정외복리비[천원]","천원","192.9","186.7","132.4","123",
"전규모(10인이상)","기타공공, 수리 및 개인서비스업(90-93)","채용관련비용(모집비)[천원]","천원",".6",".7","1.3","1.2",
"전규모(10인이상)","기타공공, 수리 및 개인서비스업(90-93)","교육훈련비[천원]","천원","5.6","4","4.2","3.5",
"전규모(10인이상)","기타공공, 수리 및 개인서비스업(90-93)","기타노동비용[천원]","천원","4.2","4.5","4.8","4",
"전규모(10인이상)","하수처리, 폐기물처리 및 청소관련 서비스업(90)","노동비용총액[천원]","천원","2778.9","2664.8","2521.4","2400.2",
"전규모(10인이상)","하수처리, 폐기물처리 및 청소관련 서비스업(90)","현금급여총계[천원]","천원","2229.1","2067.5","2098.7","1966.9",
"전규모(10인이상)","하수처리, 폐기물처리 및 청소관련 서비스업(90)","정액및초과[천원]","천원","1930.6","1795.56661","1862.1","1723.7",
"전규모(10인이상)","하수처리, 폐기물처리 및 청소관련 서비스업(90)","상여금등특별급여[천원]","천원","298.5","271.89869","236.6","243.3",
"전규모(10인이상)","하수처리, 폐기물처리 및 청소관련 서비스업(90)","현금급여외 노동비용(계)[천원]","천원","549.8","597.4","422.7","433.2",
"전규모(10인이상)","하수처리, 폐기물처리 및 청소관련 서비스업(90)","퇴직금등비용[천원]","천원","109.6","144.6","110.8","89.4",
"전규모(10인이상)","하수처리, 폐기물처리 및 청소관련 서비스업(90)","현물지급비용[천원]","천원",".4","0",".3","34.6",
"전규모(10인이상)","하수처리, 폐기물처리 및 청소관련 서비스업(90)","법정복리비[천원]","천원","220.7","209.9","198.4","187.9",
"전규모(10인이상)","하수처리, 폐기물처리 및 청소관련 서비스업(90)","법정외복리비[천원]","천원","215.2","234","105.4","113.5",
"전규모(10인이상)","하수처리, 폐기물처리 및 청소관련 서비스업(90)","채용관련비용(모집비)[천원]","천원",".5",".4",".1","1.1",
"전규모(10인이상)","하수처리, 폐기물처리 및 청소관련 서비스업(90)","교육훈련비[천원]","천원",".3","2.2","1.9","2.1",
"전규모(10인이상)","하수처리, 폐기물처리 및 청소관련 서비스업(90)","기타노동비용[천원]","천원","3.1","6.3","5.7","4.6",
"전규모(10인이상)","회원단체(91)","노동비용총액[천원]","천원","","0","4089.3","4059.2",
"전규모(10인이상)","회원단체(91)","현금급여총계[천원]","천원","","0","3447.5","3455.1",
"전규모(10인이상)","회원단체(91)","정액및초과[천원]","천원","","0","2596.2","2146",
"전규모(10인이상)","회원단체(91)","상여금등특별급여[천원]","천원","","0","851.3","1309.1",
"전규모(10인이상)","회원단체(91)","현금급여외 노동비용(계)[천원]","천원","","0","641.8","604.1",
"전규모(10인이상)","회원단체(91)","퇴직금등비용[천원]","천원","","0","250.5","108.8",
"전규모(10인이상)","회원단체(91)","현물지급비용[천원]","천원","","0","0","0",
"전규모(10인이상)","회원단체(91)","법정복리비[천원]","천원","","0","222.7","241.4",
"전규모(10인이상)","회원단체(91)","법정외복리비[천원]","천원","","0","159","244.6",
"전규모(10인이상)","회원단체(91)","채용관련비용(모집비)[천원]","천원","","0","0",".5",
"전규모(10인이상)","회원단체(91)","교육훈련비[천원]","천원","","0","7.1","8.7",
"전규모(10인이상)","회원단체(91)","기타노동비용[천원]","천원","","0","2.5","0",
"전규모(10인이상)","수리업(92)","노동비용총액[천원]","천원","2601.3","2426.4","2338.4","2138.6",
"전규모(10인이상)","수리업(92)","현금급여총계[천원]","천원","2071.8","1970.4","1899","1771.2",
"전규모(10인이상)","수리업(92)","정액및초과[천원]","천원","1889.1","1719.69698","1634.3","1534.2",
"전규모(10인이상)","수리업(92)","상여금등특별급여[천원]","천원","182.7","250.65946","264.7","237.1",
"전규모(10인이상)","수리업(92)","현금급여외 노동비용(계)[천원]","천원","529.6","456","439.3","367.3",
"전규모(10인이상)","수리업(92)","퇴직금등비용[천원]","천원","126.9","106.5","110.7","83.1",
"전규모(10인이상)","수리업(92)","현물지급비용[천원]","천원","2.1",".4",".4","2",
"전규모(10인이상)","수리업(92)","법정복리비[천원]","천원","178.5","166","159.4","138.6",
"전규모(10인이상)","수리업(92)","법정외복리비[천원]","천원","207.1","172.4","156.3","133.5",
"전규모(10인이상)","수리업(92)","채용관련비용(모집비)[천원]","천원",".6",".9","1.9","1.3",
"전규모(10인이상)","수리업(92)","교육훈련비[천원]","천원","9","5.8","5.9","4.5",
"전규모(10인이상)","수리업(92)","기타노동비용[천원]","천원","5.3","4","4.7","4.4",
"전규모(10인이상)","기타 서비스업(93)","노동비용총액[천원]","천원","2388.3","1912.6","1857.9","1839.7",
"전규모(10인이상)","기타 서비스업(93)","현금급여총계[천원]","천원","1830.8","1595.5","1545","1519.9",
"전규모(10인이상)","기타 서비스업(93)","정액및초과[천원]","천원","1716.9","1509.2212","1392.8","1364.7",
"전규모(10인이상)","기타 서비스업(93)","상여금등특별급여[천원]","천원","113.9","86.32537","152.2","155.2",
"전규모(10인이상)","기타 서비스업(93)","현금급여외 노동비용(계)[천원]","천원","557.5","317","312.9","319.8",
"전규모(10인이상)","기타 서비스업(93)","퇴직금등비용[천원]","천원","261.4","74.8","125.2","111.6",
"전규모(10인이상)","기타 서비스업(93)","현물지급비용[천원]","천원",".4","1.7","1","2.5",
"전규모(10인이상)","기타 서비스업(93)","법정복리비[천원]","천원","172.8","121.9","105.4","110.8",
"전규모(10인이상)","기타 서비스업(93)","법정외복리비[천원]","천원","117.7","115.2","76.7","91.8",
"전규모(10인이상)","기타 서비스업(93)","채용관련비용(모집비)[천원]","천원",".8","1","1.2",".9",
"전규모(10인이상)","기타 서비스업(93)","교육훈련비[천원]","천원","1.9",".5","1.5","1.8",
"전규모(10인이상)","기타 서비스업(93)","기타노동비용[천원]","천원","2.5","1.8","1.9",".4",
"상용근로자(30인이상)","전산업","노동비용총액[천원]","천원","3853.5","3705.1","3389.1","3249.4",
"상용근로자(30인이상)","전산업","현금급여총계[천원]","천원","3053.9","2919.4","2696.9","2590.8",
"상용근로자(30인이상)","전산업","정액및초과[천원]","천원","2298.9","2226.84424","2041.9","1924.2",
"상용근로자(30인이상)","전산업","상여금등특별급여[천원]","천원","755","692.52348","655.1","666.6",
"상용근로자(30인이상)","전산업","현금급여외 노동비용(계)[천원]","천원","799.6","785.7","692.1","658.6",
"상용근로자(30인이상)","전산업","퇴직금등비용[천원]","천원","259.3","265.2","240.9","235.8",
"상용근로자(30인이상)","전산업","현물지급비용[천원]","천원","3.6","3.7","3.3","4.8",
"상용근로자(30인이상)","전산업","법정복리비[천원]","천원","255.9","246.6","217.1","201.6",
"상용근로자(30인이상)","전산업","법정외복리비[천원]","천원","233.5","223","186.2","172.1",
"상용근로자(30인이상)","전산업","채용관련비용(모집비)[천원]","천원","3.5","3.6","4.3","5.1",
"상용근로자(30인이상)","전산업","교육훈련비[천원]","천원","34.8","34.5","31.5","28.7",
"상용근로자(30인이상)","전산업","기타노동비용[천원]","천원","9.1","9.1","8.9","10.5",
"상용근로자(30인이상)","광업 및 제조업 (10-37)(CD)","노동비용총액[천원]","천원","4012.5","3865.6","3518.1","3412",
"상용근로자(30인이상)","광업 및 제조업 (10-37)(CD)","현금급여총계[천원]","천원","3133","2989.1","2754.3","2691.2",
"상용근로자(30인이상)","광업 및 제조업 (10-37)(CD)","정액및초과[천원]","천원","2300.3","2212.1939","2026.9","1912.8",
"상용근로자(30인이상)","광업 및 제조업 (10-37)(CD)","상여금등특별급여[천원]","천원","832.7","776.94247","727.4","778.4",
"상용근로자(30인이상)","광업 및 제조업 (10-37)(CD)","현금급여외 노동비용(계)[천원]","천원","879.5","876.5","763.8","720.8",
"상용근로자(30인이상)","광업 및 제조업 (10-37)(CD)","퇴직금등비용[천원]","천원","287.2","297.6","273.8","271.6",
"상용근로자(30인이상)","광업 및 제조업 (10-37)(CD)","현물지급비용[천원]","천원","5.1","4.9","4.3","4.3",
"상용근로자(30인이상)","광업 및 제조업 (10-37)(CD)","법정복리비[천원]","천원","262.8","256.8","227.2","208.3",
"상용근로자(30인이상)","광업 및 제조업 (10-37)(CD)","법정외복리비[천원]","천원","273.7","267","212.6","193.1",
"상용근로자(30인이상)","광업 및 제조업 (10-37)(CD)","채용관련비용(모집비)[천원]","천원","3.2","3.9","5","3.7",
"상용근로자(30인이상)","광업 및 제조업 (10-37)(CD)","교육훈련비[천원]","천원","37.2","36.3","31.4","27.4",
"상용근로자(30인이상)","광업 및 제조업 (10-37)(CD)","기타노동비용[천원]","천원","10.3","10","9.3","12.3",
"상용근로자(30인이상)","광 업(10-12)","노동비용총액[천원]","천원","4327.3","4128.8","3546.8","3394.1",
"상용근로자(30인이상)","광 업(10-12)","현금급여총계[천원]","천원","3025.5","2820.1","2545.7","2402",
"상용근로자(30인이상)","광 업(10-12)","정액및초과[천원]","천원","2278.9","2098.78977","1932.6","1851.7",
"상용근로자(30인이상)","광 업(10-12)","상여금등특별급여[천원]","천원","746.6","721.28869","613.1","550.3",
"상용근로자(30인이상)","광 업(10-12)","현금급여외 노동비용(계)[천원]","천원","1301.9","1308.7","1001.2","992",
"상용근로자(30인이상)","광 업(10-12)","퇴직금등비용[천원]","천원","160.5","194.7","192.8","230.1",
"상용근로자(30인이상)","광 업(10-12)","현물지급비용[천원]","천원",".9","5.1","4","4.5",
"상용근로자(30인이상)","광 업(10-12)","법정복리비[천원]","천원","903.2","871.1","577.6","570.1",
"상용근로자(30인이상)","광 업(10-12)","법정외복리비[천원]","천원","215.1","212.7","203","165.8",
"상용근로자(30인이상)","광 업(10-12)","채용관련비용(모집비)[천원]","천원",".1",".8",".7",".3",
"상용근로자(30인이상)","광 업(10-12)","교육훈련비[천원]","천원","2.8","3.4","2.7","1.6",
"상용근로자(30인이상)","광 업(10-12)","기타노동비용[천원]","천원","19.2","20.9","20.3","19.7",
"상용근로자(30인이상)","석탄, 원유 및 우라늄광업(10)","노동비용총액[천원]","천원","5077.1","4539.7","4453","4127.6",
"상용근로자(30인이상)","석탄, 원유 및 우라늄광업(10)","현금급여총계[천원]","천원","3235.6","2903.6","2797.2","2568.9",
"상용근로자(30인이상)","석탄, 원유 및 우라늄광업(10)","정액및초과[천원]","천원","2201.3","2081.54536","2002","1811.1",
"상용근로자(30인이상)","석탄, 원유 및 우라늄광업(10)","상여금등특별급여[천원]","천원","1034.3","822.01823","795.2","757.8",
"상용근로자(30인이상)","석탄, 원유 및 우라늄광업(10)","현금급여외 노동비용(계)[천원]","천원","1841.5","1636.1","1655.8","1558.7",
"상용근로자(30인이상)","석탄, 원유 및 우라늄광업(10)","퇴직금등비용[천원]","천원","128.4","185.6","223.6","290.5",
"상용근로자(30인이상)","석탄, 원유 및 우라늄광업(10)","현물지급비용[천원]","천원","0","2.7","7.5","9.2",
"상용근로자(30인이상)","석탄, 원유 및 우라늄광업(10)","법정복리비[천원]","천원","1540.4","1183.7","1127.7","1044.5",
"상용근로자(30인이상)","석탄, 원유 및 우라늄광업(10)","법정외복리비[천원]","천원","162.6","243.7","247.4","169",
"상용근로자(30인이상)","석탄, 원유 및 우라늄광업(10)","채용관련비용(모집비)[천원]","천원",".1","0","0",".5",
"상용근로자(30인이상)","석탄, 원유 및 우라늄광업(10)","교육훈련비[천원]","천원","1.9","2.3","4.2","1.7",
"상용근로자(30인이상)","석탄, 원유 및 우라늄광업(10)","기타노동비용[천원]","천원","8.3","18","45.4","43.2",
"상용근로자(30인이상)","금속광업(11)","노동비용총액[천원]","천원","3401.8","3453.7","2668.4","2384.9",
"상용근로자(30인이상)","금속광업(11)","현금급여총계[천원]","천원","2439.5","2591.2","1905.5","1686.6",
"상용근로자(30인이상)","금속광업(11)","정액및초과[천원]","천원","2403.7","2402.40513","1782.2","1519.9",
"상용근로자(30인이상)","금속광업(11)","상여금등특별급여[천원]","천원","35.8","188.76228","123.3","166.7",
"상용근로자(30인이상)","금속광업(11)","현금급여외 노동비용(계)[천원]","천원","962.3","862.5","762.9","698.3",
"상용근로자(30인이상)","금속광업(11)","퇴직금등비용[천원]","천원","300.1","133.9","162","118.1",
"상용근로자(30인이상)","금속광업(11)","현물지급비용[천원]","천원","1.8","0","0","0",
"상용근로자(30인이상)","금속광업(11)","법정복리비[천원]","천원","437.6","596.8","442.3","413.1",
"상용근로자(30인이상)","금속광업(11)","법정외복리비[천원]","천원","219.9","128.5","152.4","166.9",
"상용근로자(30인이상)","금속광업(11)","채용관련비용(모집비)[천원]","천원","0","0","0",".1",
"상용근로자(30인이상)","금속광업(11)","교육훈련비[천원]","천원","2.9","1",".3","0",
"상용근로자(30인이상)","금속광업(11)","기타노동비용[천원]","천원","0","2.3","5.9","0",
"상용근로자(30인이상)","비금속광물 광업(연료용 제외)(12)","노동비용총액[천원]","천원","3612.1","3383.3","3032.7","2954.8",
"상용근로자(30인이상)","비금속광물 광업(연료용 제외)(12)","현금급여총계[천원]","천원","2830.4","2675.1","2414.2","2320",
"상용근로자(30인이상)","비금속광물 광업(연료용 제외)(12)","정액및초과[천원]","천원","2352.4","2110.54815","1895.6","1890.4",
"상용근로자(30인이상)","비금속광물 광업(연료용 제외)(12)","상여금등특별급여[천원]","천원","477.9","564.59517","518.6","429.6",
"상용근로자(30인이상)","비금속광물 광업(연료용 제외)(12)","현금급여외 노동비용(계)[천원]","천원","781.8","708.2","618.5","634.7",
"상용근로자(30인이상)","비금속광물 광업(연료용 제외)(12)","퇴직금등비용[천원]","천원","189.6","216.6","175.4","195",
"상용근로자(30인이상)","비금속광물 광업(연료용 제외)(12)","현물지급비용[천원]","천원","1.8","9.9","2","1.6",
"상용근로자(30인이상)","비금속광물 광업(연료용 제외)(12)","법정복리비[천원]","천원","290.2","287.1","254.3","267.6",
"상용근로자(30인이상)","비금속광물 광업(연료용 제외)(12)","법정외복리비[천원]","천원","266.2","158.8","178","163.6",
"상용근로자(30인이상)","비금속광물 광업(연료용 제외)(12)","채용관련비용(모집비)[천원]","천원",".2","2.5","1.2",".1",
"상용근로자(30인이상)","비금속광물 광업(연료용 제외)(12)","교육훈련비[천원]","천원","3.7","5.7","1.8","1.6",
"상용근로자(30인이상)","비금속광물 광업(연료용 제외)(12)","기타노동비용[천원]","천원","30.1","27.7","5.8","5.1",
"상용근로자(30인이상)","제 조 업(15-37)","노동비용총액[천원]","천원","4011.7","3865.1","3518","3412.1",
"상용근로자(30인이상)","제 조 업(15-37)","현금급여총계[천원]","천원","3133.3","2989.5","2755.1","2692.2",
"상용근로자(30인이상)","제 조 업(15-37)","정액및초과[천원]","천원","2300.3","2212.41794","2027.2","1913",
"상용근로자(30인이상)","제 조 업(15-37)","상여금등특별급여[천원]","천원","833","777.05242","727.9","779.2",
"상용근로자(30인이상)","제 조 업(15-37)","현금급여외 노동비용(계)[천원]","천원","878.4","875.6","762.9","719.9",
"상용근로자(30인이상)","제 조 업(15-37)","퇴직금등비용[천원]","천원","287.5","297.8","274.1","271.7",
"상용근로자(30인이상)","제 조 업(15-37)","현물지급비용[천원]","천원","5.2","4.9","4.3","4.3",
"상용근로자(30인이상)","제 조 업(15-37)","법정복리비[천원]","천원","261","255.6","225.9","207.1",
"상용근로자(30인이상)","제 조 업(15-37)","법정외복리비[천원]","천원","273.9","267.1","212.7","193.2",
"상용근로자(30인이상)","제 조 업(15-37)","채용관련비용(모집비)[천원]","천원","3.2","3.9","5","3.7",
"상용근로자(30인이상)","제 조 업(15-37)","교육훈련비[천원]","천원","37.3","36.3","31.5","27.5",
"상용근로자(30인이상)","제 조 업(15-37)","기타노동비용[천원]","천원","10.3","10","9.3","12.3",
"상용근로자(30인이상)","음식료품 제조업(15)","노동비용총액[천원]","천원","2867.4","3263.4","2979.5","2860",
"상용근로자(30인이상)","음식료품 제조업(15)","현금급여총계[천원]","천원","2175.5","2479.2","2314.5","2239.7",
"상용근로자(30인이상)","음식료품 제조업(15)","정액및초과[천원]","천원","1696.1","1956.39583","1823.7","1738.5",
"상용근로자(30인이상)","음식료품 제조업(15)","상여금등특별급여[천원]","천원","479.4","522.76581","490.8","501.2",
"상용근로자(30인이상)","음식료품 제조업(15)","현금급여외 노동비용(계)[천원]","천원","691.9","784.2","665","620.3",
"상용근로자(30인이상)","음식료품 제조업(15)","퇴직금등비용[천원]","천원","210.7","305.1","268.7","263.9",
"상용근로자(30인이상)","음식료품 제조업(15)","현물지급비용[천원]","천원","4.1","4.7","2.6","2.6",
"상용근로자(30인이상)","음식료품 제조업(15)","법정복리비[천원]","천원","183.7","215.4","186","175.4",
"상용근로자(30인이상)","음식료품 제조업(15)","법정외복리비[천원]","천원","252.6","220.5","164.2","141.2",
"상용근로자(30인이상)","음식료품 제조업(15)","채용관련비용(모집비)[천원]","천원","1.4","2.4","11.7","3.2",
"상용근로자(30인이상)","음식료품 제조업(15)","교육훈련비[천원]","천원","28","24.7","23.7","21.1",
"상용근로자(30인이상)","음식료품 제조업(15)","기타노동비용[천원]","천원","11.4","11.4","8.2","13",
"상용근로자(30인이상)","담배제조업(16)","노동비용총액[천원]","천원","5590.2","6158.5","5729.3","5189.6",
"상용근로자(30인이상)","담배제조업(16)","현금급여총계[천원]","천원","4736.7","5433.6","5103.5","4378.2",
"상용근로자(30인이상)","담배제조업(16)","정액및초과[천원]","천원","3371.4","4418.22461","3942.7","3660",
"상용근로자(30인이상)","담배제조업(16)","상여금등특별급여[천원]","천원","1365.3","1015.40589","1160.8","718.2",
"상용근로자(30인이상)","담배제조업(16)","현금급여외 노동비용(계)[천원]","천원","853.5","724.9","625.8","811.4",
"상용근로자(30인이상)","담배제조업(16)","퇴직금등비용[천원]","천원","169.1","104","98.6","353.8",
"상용근로자(30인이상)","담배제조업(16)","현물지급비용[천원]","천원","0","0","4.7","5",
"상용근로자(30인이상)","담배제조업(16)","법정복리비[천원]","천원","319.5","368.4","339","298.4",
"상용근로자(30인이상)","담배제조업(16)","법정외복리비[천원]","천원","165.5","225.2","168.3","137.9",
"상용근로자(30인이상)","담배제조업(16)","채용관련비용(모집비)[천원]","천원",".6","2.8",".6",".6",
"상용근로자(30인이상)","담배제조업(16)","교육훈련비[천원]","천원","198.9","21.5","14.5","15.1",
"상용근로자(30인이상)","담배제조업(16)","기타노동비용[천원]","천원","0","3","0",".6",
"상용근로자(30인이상)","섬유제품 제조업(봉제의복 제외)(17)","노동비용총액[천원]","천원","2884.5","3088","2771.7","2529.5",
"상용근로자(30인이상)","섬유제품 제조업(봉제의복 제외)(17)","현금급여총계[천원]","천원","2250.6","2359.4","2108.3","1962",
"상용근로자(30인이상)","섬유제품 제조업(봉제의복 제외)(17)","정액및초과[천원]","천원","1864.8","1930.63199","1701.6","1590.1",
"상용근로자(30인이상)","섬유제품 제조업(봉제의복 제외)(17)","상여금등특별급여[천원]","천원","385.8","428.76062","406.7","371.9",
"상용근로자(30인이상)","섬유제품 제조업(봉제의복 제외)(17)","현금급여외 노동비용(계)[천원]","천원","633.9","728.6","663.4","567.6",
"상용근로자(30인이상)","섬유제품 제조업(봉제의복 제외)(17)","퇴직금등비용[천원]","천원","196.3","346.1","331","225.3",
"상용근로자(30인이상)","섬유제품 제조업(봉제의복 제외)(17)","현물지급비용[천원]","천원",".3","1.7",".4",".7",
"상용근로자(30인이상)","섬유제품 제조업(봉제의복 제외)(17)","법정복리비[천원]","천원","210.3","199.3","185.6","166.7",
"상용근로자(30인이상)","섬유제품 제조업(봉제의복 제외)(17)","법정외복리비[천원]","천원","179.1","162.7","129.5","119.1",
"상용근로자(30인이상)","섬유제품 제조업(봉제의복 제외)(17)","채용관련비용(모집비)[천원]","천원","5","1.3",".7","1.2",
"상용근로자(30인이상)","섬유제품 제조업(봉제의복 제외)(17)","교육훈련비[천원]","천원","31.5","9.9","9.2","9.5",
"상용근로자(30인이상)","섬유제품 제조업(봉제의복 제외)(17)","기타노동비용[천원]","천원","11.3","7.6","6.9","45.1",
"상용근로자(30인이상)","봉제의복 및 모피제품 제조업(18)","노동비용총액[천원]","천원","2376.3","2390.2","2154.8","2009.9",
"상용근로자(30인이상)","봉제의복 및 모피제품 제조업(18)","현금급여총계[천원]","천원","1918.7","1970.7","1767.9","1617.7",
"상용근로자(30인이상)","봉제의복 및 모피제품 제조업(18)","정액및초과[천원]","천원","1714.3","1709.77531","1490","1373.8",
"상용근로자(30인이상)","봉제의복 및 모피제품 제조업(18)","상여금등특별급여[천원]","천원","204.3","260.93604","278","243.9",
"상용근로자(30인이상)","봉제의복 및 모피제품 제조업(18)","현금급여외 노동비용(계)[천원]","천원","457.6","419.5","386.8","392.2",
"상용근로자(30인이상)","봉제의복 및 모피제품 제조업(18)","퇴직금등비용[천원]","천원","226.2","171.9","168.8","157.3",
"상용근로자(30인이상)","봉제의복 및 모피제품 제조업(18)","현물지급비용[천원]","천원",".2",".3","0",".6",
"상용근로자(30인이상)","봉제의복 및 모피제품 제조업(18)","법정복리비[천원]","천원","150.5","148.6","123.3","114.4",
"상용근로자(30인이상)","봉제의복 및 모피제품 제조업(18)","법정외복리비[천원]","천원","62.3","84.3","83.6","72.8",
"상용근로자(30인이상)","봉제의복 및 모피제품 제조업(18)","채용관련비용(모집비)[천원]","천원",".3","1.9",".6",".5",
"상용근로자(30인이상)","봉제의복 및 모피제품 제조업(18)","교육훈련비[천원]","천원","14.5","8.9","8.9","10",
"상용근로자(30인이상)","봉제의복 및 모피제품 제조업(18)","기타노동비용[천원]","천원","3.5","3.6","1.7","36.5",
"상용근로자(30인이상)","가죽, 가방 및 신발 제조업(19)","노동비용총액[천원]","천원","2824.5","2867.2","2470.5","2263.6",
"상용근로자(30인이상)","가죽, 가방 및 신발 제조업(19)","현금급여총계[천원]","천원","2200.4","2274.6","1925.3","1751.1",
"상용근로자(30인이상)","가죽, 가방 및 신발 제조업(19)","정액및초과[천원]","천원","1732.7","1901.19646","1626.8","1446.5",
"상용근로자(30인이상)","가죽, 가방 및 신발 제조업(19)","상여금등특별급여[천원]","천원","467.7","373.36854","298.5","304.6",
"상용근로자(30인이상)","가죽, 가방 및 신발 제조업(19)","현금급여외 노동비용(계)[천원]","천원","624.1","592.6","545.2","512.5",
"상용근로자(30인이상)","가죽, 가방 및 신발 제조업(19)","퇴직금등비용[천원]","천원","285.2","296.1","282.9","256.9",
"상용근로자(30인이상)","가죽, 가방 및 신발 제조업(19)","현물지급비용[천원]","천원",".7",".3",".6","1.1",
"상용근로자(30인이상)","가죽, 가방 및 신발 제조업(19)","법정복리비[천원]","천원","195.1","190.1","159.5","144.9",
"상용근로자(30인이상)","가죽, 가방 및 신발 제조업(19)","법정외복리비[천원]","천원","127.7","94.4","95.2","84.4",
"상용근로자(30인이상)","가죽, 가방 및 신발 제조업(19)","채용관련비용(모집비)[천원]","천원","2.1",".6",".3",".2",
"상용근로자(30인이상)","가죽, 가방 및 신발 제조업(19)","교육훈련비[천원]","천원","9.3","5.8","3.6","3.3",
"상용근로자(30인이상)","가죽, 가방 및 신발 제조업(19)","기타노동비용[천원]","천원","4","5.2","3.1","21.7",
"상용근로자(30인이상)","목재 및 나무제품 제조업(가구제외)(20)","노동비용총액[천원]","천원","3398.7","3171.8","2739.3","2879.5",
"상용근로자(30인이상)","목재 및 나무제품 제조업(가구제외)(20)","현금급여총계[천원]","천원","2646.3","2343.7","2100.3","2109.5",
"상용근로자(30인이상)","목재 및 나무제품 제조업(가구제외)(20)","정액및초과[천원]","천원","2492.2","2000.59941","1796.5","1770.6",
"상용근로자(30인이상)","목재 및 나무제품 제조업(가구제외)(20)","상여금등특별급여[천원]","천원","154.1","343.11243","303.8","338.9",
"상용근로자(30인이상)","목재 및 나무제품 제조업(가구제외)(20)","현금급여외 노동비용(계)[천원]","천원","752.4","828.1","639","770",
"상용근로자(30인이상)","목재 및 나무제품 제조업(가구제외)(20)","퇴직금등비용[천원]","천원","171.2","361.8","256.8","400.5",
"상용근로자(30인이상)","목재 및 나무제품 제조업(가구제외)(20)","현물지급비용[천원]","천원","0","0","0",".1",
"상용근로자(30인이상)","목재 및 나무제품 제조업(가구제외)(20)","법정복리비[천원]","천원","267.3","257.4","232.5","192.9",
"상용근로자(30인이상)","목재 및 나무제품 제조업(가구제외)(20)","법정외복리비[천원]","천원","292.9","189.6","130.8","160.9",
"상용근로자(30인이상)","목재 및 나무제품 제조업(가구제외)(20)","채용관련비용(모집비)[천원]","천원","2.4",".9",".8",".5",
"상용근로자(30인이상)","목재 및 나무제품 제조업(가구제외)(20)","교육훈련비[천원]","천원","16.3","10.1","11.6","13.4",
"상용근로자(30인이상)","목재 및 나무제품 제조업(가구제외)(20)","기타노동비용[천원]","천원","2.3","8.3","6.4","1.8",
"상용근로자(30인이상)","펄프, 종이 및 종이제품 제조업(21)","노동비용총액[천원]","천원","3727.6","3885.2","3815.5","3395.2",
"상용근로자(30인이상)","펄프, 종이 및 종이제품 제조업(21)","현금급여총계[천원]","천원","2941.2","2946.1","2733.7","2683",
"상용근로자(30인이상)","펄프, 종이 및 종이제품 제조업(21)","정액및초과[천원]","천원","2235.8","2203.91226","2119.8","2001",
"상용근로자(30인이상)","펄프, 종이 및 종이제품 제조업(21)","상여금등특별급여[천원]","천원","705.3","742.14667","613.8","682",
"상용근로자(30인이상)","펄프, 종이 및 종이제품 제조업(21)","현금급여외 노동비용(계)[천원]","천원","786.4","939.1","1081.9","712.2",
"상용근로자(30인이상)","펄프, 종이 및 종이제품 제조업(21)","퇴직금등비용[천원]","천원","270.3","406.5","651.9","278.2",
"상용근로자(30인이상)","펄프, 종이 및 종이제품 제조업(21)","현물지급비용[천원]","천원",".3",".1",".5",".3",
"상용근로자(30인이상)","펄프, 종이 및 종이제품 제조업(21)","법정복리비[천원]","천원","262.3","268","235.4","226.7",
"상용근로자(30인이상)","펄프, 종이 및 종이제품 제조업(21)","법정외복리비[천원]","천원","225.2","213.1","168.3","180.9",
"상용근로자(30인이상)","펄프, 종이 및 종이제품 제조업(21)","채용관련비용(모집비)[천원]","천원","1.7",".8","3.6","2.5",
"상용근로자(30인이상)","펄프, 종이 및 종이제품 제조업(21)","교육훈련비[천원]","천원","22.5","41.8","15.2","18.1",
"상용근로자(30인이상)","펄프, 종이 및 종이제품 제조업(21)","기타노동비용[천원]","천원","4.2","8.9","7","5.6",
"상용근로자(30인이상)","출판, 인쇄 및 기록매체 복제업(22)","노동비용총액[천원]","천원","3033.5","3317.6","2969.6","2925.1",
"상용근로자(30인이상)","출판, 인쇄 및 기록매체 복제업(22)","현금급여총계[천원]","천원","2447.8","2533.5","2341.4","2361.5",
"상용근로자(30인이상)","출판, 인쇄 및 기록매체 복제업(22)","정액및초과[천원]","천원","2192.3","2085.44581","1930.1","1884.5",
"상용근로자(30인이상)","출판, 인쇄 및 기록매체 복제업(22)","상여금등특별급여[천원]","천원","255.5","448.0886","411.2","477",
"상용근로자(30인이상)","출판, 인쇄 및 기록매체 복제업(22)","현금급여외 노동비용(계)[천원]","천원","585.7","784.1","628.2","563.6",
"상용근로자(30인이상)","출판, 인쇄 및 기록매체 복제업(22)","퇴직금등비용[천원]","천원","195.6","417.5","275.1","237.8",
"상용근로자(30인이상)","출판, 인쇄 및 기록매체 복제업(22)","현물지급비용[천원]","천원","0",".6",".5",".9",
"상용근로자(30인이상)","출판, 인쇄 및 기록매체 복제업(22)","법정복리비[천원]","천원","197","199.3","179.8","177.6",
"상용근로자(30인이상)","출판, 인쇄 및 기록매체 복제업(22)","법정외복리비[천원]","천원","150.7","125.6","126.3","99.1",
"상용근로자(30인이상)","출판, 인쇄 및 기록매체 복제업(22)","채용관련비용(모집비)[천원]","천원","1.6","2.8","1.9","2.6",
"상용근로자(30인이상)","출판, 인쇄 및 기록매체 복제업(22)","교육훈련비[천원]","천원","8.9","33.8","34.8","41.9",
"상용근로자(30인이상)","출판, 인쇄 및 기록매체 복제업(22)","기타노동비용[천원]","천원","31.9","4.4","9.8","3.9",
"상용근로자(30인이상)","코크스, 석유 정제품 및 핵연료 제조업(23)","노동비용총액[천원]","천원","8536.8","7536.3","7105.9","7236.4",
"상용근로자(30인이상)","코크스, 석유 정제품 및 핵연료 제조업(23)","현금급여총계[천원]","천원","6468.8","5712.9","5570.8","5478.7",
"상용근로자(30인이상)","코크스, 석유 정제품 및 핵연료 제조업(23)","정액및초과[천원]","천원","4059.4","3900.58036","3231.4","3062.1",
"상용근로자(30인이상)","코크스, 석유 정제품 및 핵연료 제조업(23)","상여금등특별급여[천원]","천원","2409.4","1812.33219","2339.4","2416.6",
"상용근로자(30인이상)","코크스, 석유 정제품 및 핵연료 제조업(23)","현금급여외 노동비용(계)[천원]","천원","2068","1823.4","1535.1","1757.6",
"상용근로자(30인이상)","코크스, 석유 정제품 및 핵연료 제조업(23)","퇴직금등비용[천원]","천원","768.5","735.4","582.3","852",
"상용근로자(30인이상)","코크스, 석유 정제품 및 핵연료 제조업(23)","현물지급비용[천원]","천원","16.2","27.5","26.6","8.5",
"상용근로자(30인이상)","코크스, 석유 정제품 및 핵연료 제조업(23)","법정복리비[천원]","천원","444","446.4","400.2","355",
"상용근로자(30인이상)","코크스, 석유 정제품 및 핵연료 제조업(23)","법정외복리비[천원]","천원","515.9","433","425.5","404.2",
"상용근로자(30인이상)","코크스, 석유 정제품 및 핵연료 제조업(23)","채용관련비용(모집비)[천원]","천원","14.2","7.9","5.3","5.9",
"상용근로자(30인이상)","코크스, 석유 정제품 및 핵연료 제조업(23)","교육훈련비[천원]","천원","298.6","157.4","64","103.1",
"상용근로자(30인이상)","코크스, 석유 정제품 및 핵연료 제조업(23)","기타노동비용[천원]","천원","10.5","15.8","31.3","28.9",
"상용근로자(30인이상)","화합물 및 화학제품 제조업(24)","노동비용총액[천원]","천원","4848.3","4333.3","4036.6","3923.8",
"상용근로자(30인이상)","화합물 및 화학제품 제조업(24)","현금급여총계[천원]","천원","3630.1","3327.6","3159.5","3032.9",
"상용근로자(30인이상)","화합물 및 화학제품 제조업(24)","정액및초과[천원]","천원","2756.8","2473.43083","2364.2","2265.8",
"상용근로자(30인이상)","화합물 및 화학제품 제조업(24)","상여금등특별급여[천원]","천원","873.3","854.12704","795.3","767.1",
"상용근로자(30인이상)","화합물 및 화학제품 제조업(24)","현금급여외 노동비용(계)[천원]","천원","1218.1","1005.7","877.1","890.8",
"상용근로자(30인이상)","화합물 및 화학제품 제조업(24)","퇴직금등비용[천원]","천원","451.1","337.7","348","405",
"상용근로자(30인이상)","화합물 및 화학제품 제조업(24)","현물지급비용[천원]","천원","5.6","1.9","5.7","2.8",
"상용근로자(30인이상)","화합물 및 화학제품 제조업(24)","법정복리비[천원]","천원","287.9","296.2","235.2","230.9",
"상용근로자(30인이상)","화합물 및 화학제품 제조업(24)","법정외복리비[천원]","천원","384.2","285","213.3","178.6",
"상용근로자(30인이상)","화합물 및 화학제품 제조업(24)","채용관련비용(모집비)[천원]","천원","6.1","2.9","3.9","7.6",
"상용근로자(30인이상)","화합물 및 화학제품 제조업(24)","교육훈련비[천원]","천원","64.2","67.2","59.7","53.2",
"상용근로자(30인이상)","화합물 및 화학제품 제조업(24)","기타노동비용[천원]","천원","19","14.8","11.3","12.7",
"상용근로자(30인이상)","고무 및 플라스틱제품 제조업(25)","노동비용총액[천원]","천원","3309.3","3149.3","2924.4","2689.6",
"상용근로자(30인이상)","고무 및 플라스틱제품 제조업(25)","현금급여총계[천원]","천원","2597.5","2471.3","2308","2165",
"상용근로자(30인이상)","고무 및 플라스틱제품 제조업(25)","정액및초과[천원]","천원","1997.8","1961.33224","1753.1","1653.5",
"상용근로자(30인이상)","고무 및 플라스틱제품 제조업(25)","상여금등특별급여[천원]","천원","599.7","509.96243","555","511.6",
"상용근로자(30인이상)","고무 및 플라스틱제품 제조업(25)","현금급여외 노동비용(계)[천원]","천원","711.8","678","616.3","524.5",
"상용근로자(30인이상)","고무 및 플라스틱제품 제조업(25)","퇴직금등비용[천원]","천원","239.4","235.7","251.3","171",
"상용근로자(30인이상)","고무 및 플라스틱제품 제조업(25)","현물지급비용[천원]","천원","3.4","1.2","1.6","1.8",
"상용근로자(30인이상)","고무 및 플라스틱제품 제조업(25)","법정복리비[천원]","천원","225.3","217","187.9","169.9",
"상용근로자(30인이상)","고무 및 플라스틱제품 제조업(25)","법정외복리비[천원]","천원","224.5","201.1","154.7","158.8",
"상용근로자(30인이상)","고무 및 플라스틱제품 제조업(25)","채용관련비용(모집비)[천원]","천원","1.7",".9",".9","1.5",
"상용근로자(30인이상)","고무 및 플라스틱제품 제조업(25)","교육훈련비[천원]","천원","12.4","17.2","14.5","15.3",
"상용근로자(30인이상)","고무 및 플라스틱제품 제조업(25)","기타노동비용[천원]","천원","5.1","4.8","5.3","6.3",
"상용근로자(30인이상)","비금속 광물제품 제조업(26)","노동비용총액[천원]","천원","3876.5","4205.4","4062.9","3582.5",
"상용근로자(30인이상)","비금속 광물제품 제조업(26)","현금급여총계[천원]","천원","2788.9","3085.4","2875.4","2712.2",
"상용근로자(30인이상)","비금속 광물제품 제조업(26)","정액및초과[천원]","천원","2099.8","2386.23368","2131.6","1924.4",
"상용근로자(30인이상)","비금속 광물제품 제조업(26)","상여금등특별급여[천원]","천원","689.1","699.1291","743.8","787.8",
"상용근로자(30인이상)","비금속 광물제품 제조업(26)","현금급여외 노동비용(계)[천원]","천원","1087.6","1120","1187.4","870.3",
"상용근로자(30인이상)","비금속 광물제품 제조업(26)","퇴직금등비용[천원]","천원","404.8","467.9","649.8","360.6",
"상용근로자(30인이상)","비금속 광물제품 제조업(26)","현물지급비용[천원]","천원","4.6","2.3","3","6.9",
"상용근로자(30인이상)","비금속 광물제품 제조업(26)","법정복리비[천원]","천원","237.8","292.1","259","230.7",
"상용근로자(30인이상)","비금속 광물제품 제조업(26)","법정외복리비[천원]","천원","395.9","325.3","244.8","224.3",
"상용근로자(30인이상)","비금속 광물제품 제조업(26)","채용관련비용(모집비)[천원]","천원",".9","1.9","1","2.4",
"상용근로자(30인이상)","비금속 광물제품 제조업(26)","교육훈련비[천원]","천원","37.4","17","18.8","31.7",
"상용근로자(30인이상)","비금속 광물제품 제조업(26)","기타노동비용[천원]","천원","6.3","13.4","11","13.7",
"상용근로자(30인이상)","제1차 금속산업(27)","노동비용총액[천원]","천원","4819","4744.2","4330.3","4378",
"상용근로자(30인이상)","제1차 금속산업(27)","현금급여총계[천원]","천원","3673.6","3546.5","3272.1","3232.6",
"상용근로자(30인이상)","제1차 금속산업(27)","정액및초과[천원]","천원","2617.1","2470.2157","2295.9","2153.2",
"상용근로자(30인이상)","제1차 금속산업(27)","상여금등특별급여[천원]","천원","1056.4","1076.31683","976.2","1079.4",
"상용근로자(30인이상)","제1차 금속산업(27)","현금급여외 노동비용(계)[천원]","천원","1145.4","1197.7","1058.2","1145.4",
"상용근로자(30인이상)","제1차 금속산업(27)","퇴직금등비용[천원]","천원","258.1","240.6","291.7","416",
"상용근로자(30인이상)","제1차 금속산업(27)","현물지급비용[천원]","천원","1.8","0","5.6","1.3",
"상용근로자(30인이상)","제1차 금속산업(27)","법정복리비[천원]","천원","331.9","337","281.3","264.2",
"상용근로자(30인이상)","제1차 금속산업(27)","법정외복리비[천원]","천원","486.9","551.8","425.7","406.5",
"상용근로자(30인이상)","제1차 금속산업(27)","채용관련비용(모집비)[천원]","천원","1.2","1.3","1.9","2.5",
"상용근로자(30인이상)","제1차 금속산업(27)","교육훈련비[천원]","천원","49","40.8","41","36.1",
"상용근로자(30인이상)","제1차 금속산업(27)","기타노동비용[천원]","천원","16.5","26.1","10.9","18.9",
"상용근로자(30인이상)","조립금속제품 제조업 (기계 및 가구제외)(28)","노동비용총액[천원]","천원","2970.1","2919","2507.9","2376.6",
"상용근로자(30인이상)","조립금속제품 제조업 (기계 및 가구제외)(28)","현금급여총계[천원]","천원","2400.6","2168.8","1954.8","1885.9",
"상용근로자(30인이상)","조립금속제품 제조업 (기계 및 가구제외)(28)","정액및초과[천원]","천원","1963","1746.07845","1572.8","1537.7",
"상용근로자(30인이상)","조립금속제품 제조업 (기계 및 가구제외)(28)","상여금등특별급여[천원]","천원","437.6","422.70328","382","348.2",
"상용근로자(30인이상)","조립금속제품 제조업 (기계 및 가구제외)(28)","현금급여외 노동비용(계)[천원]","천원","569.4","750.2","553.1","490.7",
"상용근로자(30인이상)","조립금속제품 제조업 (기계 및 가구제외)(28)","퇴직금등비용[천원]","천원","160.5","333.7","213.8","172.3",
"상용근로자(30인이상)","조립금속제품 제조업 (기계 및 가구제외)(28)","현물지급비용[천원]","천원","1.2","8.5",".6","2.5",
"상용근로자(30인이상)","조립금속제품 제조업 (기계 및 가구제외)(28)","법정복리비[천원]","천원","221.5","223.7","178.6","166.6",
"상용근로자(30인이상)","조립금속제품 제조업 (기계 및 가구제외)(28)","법정외복리비[천원]","천원","171.1","172.9","149.5","135.1",
"상용근로자(30인이상)","조립금속제품 제조업 (기계 및 가구제외)(28)","채용관련비용(모집비)[천원]","천원","1",".5",".5",".7",
"상용근로자(30인이상)","조립금속제품 제조업 (기계 및 가구제외)(28)","교육훈련비[천원]","천원","9.9","7.6","7.1","10.6",
"상용근로자(30인이상)","조립금속제품 제조업 (기계 및 가구제외)(28)","기타노동비용[천원]","천원","4.2","3.4","2.9","2.8",
"상용근로자(30인이상)","기타 기계 및 장비 제조업(29)","노동비용총액[천원]","천원","3702.5","3779.4","3347.9","3278",
"상용근로자(30인이상)","기타 기계 및 장비 제조업(29)","현금급여총계[천원]","천원","2967","2946.2","2679.8","2577.6",
"상용근로자(30인이상)","기타 기계 및 장비 제조업(29)","정액및초과[천원]","천원","2280.1","2315.86364","2089","1965.9",
"상용근로자(30인이상)","기타 기계 및 장비 제조업(29)","상여금등특별급여[천원]","천원","686.9","630.30292","590.7","611.6",
"상용근로자(30인이상)","기타 기계 및 장비 제조업(29)","현금급여외 노동비용(계)[천원]","천원","735.4","833.3","668.2","700.5",
"상용근로자(30인이상)","기타 기계 및 장비 제조업(29)","퇴직금등비용[천원]","천원","217.4","277.8","211.3","266.6",
"상용근로자(30인이상)","기타 기계 및 장비 제조업(29)","현물지급비용[천원]","천원","7.2","1.7","1.8","2.4",
"상용근로자(30인이상)","기타 기계 및 장비 제조업(29)","법정복리비[천원]","천원","242.8","252.5","218","209.2",
"상용근로자(30인이상)","기타 기계 및 장비 제조업(29)","법정외복리비[천원]","천원","230.6","270.5","209","196.2",
"상용근로자(30인이상)","기타 기계 및 장비 제조업(29)","채용관련비용(모집비)[천원]","천원","2.8","2.6","1.9","2.3",
"상용근로자(30인이상)","기타 기계 및 장비 제조업(29)","교육훈련비[천원]","천원","26.6","18.7","13.6","15.3",
"상용근로자(30인이상)","기타 기계 및 장비 제조업(29)","기타노동비용[천원]","천원","8.1","9.4","12.7","8.6",
"상용근로자(30인이상)","컴퓨터 및 사무용기기 제조업(30)","노동비용총액[천원]","천원","3223.8","3110.4","2833.9","3018.9",
"상용근로자(30인이상)","컴퓨터 및 사무용기기 제조업(30)","현금급여총계[천원]","천원","2590.2","2465.8","2245.5","2362",
"상용근로자(30인이상)","컴퓨터 및 사무용기기 제조업(30)","정액및초과[천원]","천원","2148.6","1900.49783","1802","1611.5",
"상용근로자(30인이상)","컴퓨터 및 사무용기기 제조업(30)","상여금등특별급여[천원]","천원","441.6","565.29519","443.5","750.5",
"상용근로자(30인이상)","컴퓨터 및 사무용기기 제조업(30)","현금급여외 노동비용(계)[천원]","천원","633.5","644.6","588.4","657",
"상용근로자(30인이상)","컴퓨터 및 사무용기기 제조업(30)","퇴직금등비용[천원]","천원","198.9","207.8","235.2","198.6",
"상용근로자(30인이상)","컴퓨터 및 사무용기기 제조업(30)","현물지급비용[천원]","천원","0","0",".1","36.4",
"상용근로자(30인이상)","컴퓨터 및 사무용기기 제조업(30)","법정복리비[천원]","천원","226.7","193.7","167.3","178.3",
"상용근로자(30인이상)","컴퓨터 및 사무용기기 제조업(30)","법정외복리비[천원]","천원","163.5","214.8","159.8","183.7",
"상용근로자(30인이상)","컴퓨터 및 사무용기기 제조업(30)","채용관련비용(모집비)[천원]","천원","1.1","2.3","2.1","8.1",
"상용근로자(30인이상)","컴퓨터 및 사무용기기 제조업(30)","교육훈련비[천원]","천원","32.6","15.1","15.7","45.4",
"상용근로자(30인이상)","컴퓨터 및 사무용기기 제조업(30)","기타노동비용[천원]","천원","10.7","10.8","8.1","6.6",
"상용근로자(30인이상)","기타 전기기계 및 전기변환장치 제조업(31)","노동비용총액[천원]","천원","3544.6","3198.8","2815","2649.8",
"상용근로자(30인이상)","기타 전기기계 및 전기변환장치 제조업(31)","현금급여총계[천원]","천원","2845.3","2502.4","2193.2","2071.9",
"상용근로자(30인이상)","기타 전기기계 및 전기변환장치 제조업(31)","정액및초과[천원]","천원","2119","1869.71499","1746.6","1600.1",
"상용근로자(30인이상)","기타 전기기계 및 전기변환장치 제조업(31)","상여금등특별급여[천원]","천원","726.3","632.72689","446.5","471.9",
"상용근로자(30인이상)","기타 전기기계 및 전기변환장치 제조업(31)","현금급여외 노동비용(계)[천원]","천원","699.3","696.4","621.9","577.9",
"상용근로자(30인이상)","기타 전기기계 및 전기변환장치 제조업(31)","퇴직금등비용[천원]","천원","241.4","261.4","232.3","218.7",
"상용근로자(30인이상)","기타 전기기계 및 전기변환장치 제조업(31)","현물지급비용[천원]","천원","1",".2","16.7","15.1",
"상용근로자(30인이상)","기타 전기기계 및 전기변환장치 제조업(31)","법정복리비[천원]","천원","236.6","206.3","175.5","161.9",
"상용근로자(30인이상)","기타 전기기계 및 전기변환장치 제조업(31)","법정외복리비[천원]","천원","189.2","196.5","168.1","152.3",
"상용근로자(30인이상)","기타 전기기계 및 전기변환장치 제조업(31)","채용관련비용(모집비)[천원]","천원","2.3","2.9","3","2.8",
"상용근로자(30인이상)","기타 전기기계 및 전기변환장치 제조업(31)","교육훈련비[천원]","천원","26.3","22.1","19.5","21.9",
"상용근로자(30인이상)","기타 전기기계 및 전기변환장치 제조업(31)","기타노동비용[천원]","천원","2.5","7.1","6.8","5.3",
"상용근로자(30인이상)","전자부품, 영상, 음향 및 통신장비 제조업(32)","노동비용총액[천원]","천원","4208.2","4092.2","3759.5","3729.6",
"상용근로자(30인이상)","전자부품, 영상, 음향 및 통신장비 제조업(32)","현금급여총계[천원]","천원","3317.4","3226.8","2985.2","3083.8",
"상용근로자(30인이상)","전자부품, 영상, 음향 및 통신장비 제조업(32)","정액및초과[천원]","천원","2367.8","2253.42523","2055.4","1902.7",
"상용근로자(30인이상)","전자부품, 영상, 음향 및 통신장비 제조업(32)","상여금등특별급여[천원]","천원","949.7","973.38612","929.8","1181.1",
"상용근로자(30인이상)","전자부품, 영상, 음향 및 통신장비 제조업(32)","현금급여외 노동비용(계)[천원]","천원","890.8","865.4","774.2","645.7",
"상용근로자(30인이상)","전자부품, 영상, 음향 및 통신장비 제조업(32)","퇴직금등비용[천원]","천원","299.6","236.5","188.8","190",
"상용근로자(30인이상)","전자부품, 영상, 음향 및 통신장비 제조업(32)","현물지급비용[천원]","천원","2","3.7","2.8","2.2",
"상용근로자(30인이상)","전자부품, 영상, 음향 및 통신장비 제조업(32)","법정복리비[천원]","천원","242.4","227","222.6","185.3",
"상용근로자(30인이상)","전자부품, 영상, 음향 및 통신장비 제조업(32)","법정외복리비[천원]","천원","269.6","300.4","257.2","210.7",
"상용근로자(30인이상)","전자부품, 영상, 음향 및 통신장비 제조업(32)","채용관련비용(모집비)[천원]","천원","6.8","11.9","17.3","9.8",
"상용근로자(30인이상)","전자부품, 영상, 음향 및 통신장비 제조업(32)","교육훈련비[천원]","천원","63.6","78.8","77.8","42.8",
"상용근로자(30인이상)","전자부품, 영상, 음향 및 통신장비 제조업(32)","기타노동비용[천원]","천원","6.7","7.1","7.7","5",
"상용근로자(30인이상)","의료, 정밀, 광학기기 및 시계 제조업(33)","노동비용총액[천원]","천원","3076.2","3007.7","2862.6","2531.4",
"상용근로자(30인이상)","의료, 정밀, 광학기기 및 시계 제조업(33)","현금급여총계[천원]","천원","2515.5","2440.9","2317.7","2050.3",
"상용근로자(30인이상)","의료, 정밀, 광학기기 및 시계 제조업(33)","정액및초과[천원]","천원","2128.1","2136.86002","2000.3","1766",
"상용근로자(30인이상)","의료, 정밀, 광학기기 및 시계 제조업(33)","상여금등특별급여[천원]","천원","387.4","304.04094","317.4","284.3",
"상용근로자(30인이상)","의료, 정밀, 광학기기 및 시계 제조업(33)","현금급여외 노동비용(계)[천원]","천원","560.7","566.8","544.8","481.1",
"상용근로자(30인이상)","의료, 정밀, 광학기기 및 시계 제조업(33)","퇴직금등비용[천원]","천원","229.3","176.9","178.6","181",
"상용근로자(30인이상)","의료, 정밀, 광학기기 및 시계 제조업(33)","현물지급비용[천원]","천원","2.3","2.1","2.9","6.7",
"상용근로자(30인이상)","의료, 정밀, 광학기기 및 시계 제조업(33)","법정복리비[천원]","천원","185","197.9","172.1","149.2",
"상용근로자(30인이상)","의료, 정밀, 광학기기 및 시계 제조업(33)","법정외복리비[천원]","천원","127.9","149","159.3","113.7",
"상용근로자(30인이상)","의료, 정밀, 광학기기 및 시계 제조업(33)","채용관련비용(모집비)[천원]","천원","2.4","2.6","1.3","2.3",
"상용근로자(30인이상)","의료, 정밀, 광학기기 및 시계 제조업(33)","교육훈련비[천원]","천원","10.4","35.1","24.3","25.4",
"상용근로자(30인이상)","의료, 정밀, 광학기기 및 시계 제조업(33)","기타노동비용[천원]","천원","3.4","3.2","6.4","2.8",
"상용근로자(30인이상)","자동차 및 트레일러 제조업(34)","노동비용총액[천원]","천원","4791.7","4479.9","4271.2","4181.7",
"상용근로자(30인이상)","자동차 및 트레일러 제조업(34)","현금급여총계[천원]","천원","3799.3","3441.7","3394.2","3329.4",
"상용근로자(30인이상)","자동차 및 트레일러 제조업(34)","정액및초과[천원]","천원","2545.3","2380.66497","2243.8","2181.1",
"상용근로자(30인이상)","자동차 및 트레일러 제조업(34)","상여금등특별급여[천원]","천원","1254","1061.07443","1150.4","1148.4",
"상용근로자(30인이상)","자동차 및 트레일러 제조업(34)","현금급여외 노동비용(계)[천원]","천원","992.4","1038.2","876.9","852.3",
"상용근로자(30인이상)","자동차 및 트레일러 제조업(34)","퇴직금등비용[천원]","천원","372.2","384","291.8","304.1",
"상용근로자(30인이상)","자동차 및 트레일러 제조업(34)","현물지급비용[천원]","천원","16.4","23.4","10.3","9.4",
"상용근로자(30인이상)","자동차 및 트레일러 제조업(34)","법정복리비[천원]","천원","324.4","306.7","289.1","270.5",
"상용근로자(30인이상)","자동차 및 트레일러 제조업(34)","법정외복리비[천원]","천원","261.1","293.9","251.6","238.2",
"상용근로자(30인이상)","자동차 및 트레일러 제조업(34)","채용관련비용(모집비)[천원]","천원","1","1.4","1.8","1",
"상용근로자(30인이상)","자동차 및 트레일러 제조업(34)","교육훈련비[천원]","천원","11.7","13.6","15.7","18.1",
"상용근로자(30인이상)","자동차 및 트레일러 제조업(34)","기타노동비용[천원]","천원","5.6","15.2","16.6","10.9",
"상용근로자(30인이상)","기타 운송장비 제조업(35)","노동비용총액[천원]","천원","5700","5247.6","4827.9","4748.2",
"상용근로자(30인이상)","기타 운송장비 제조업(35)","현금급여총계[천원]","천원","4330.3","4058.5","3795.9","3661.4",
"상용근로자(30인이상)","기타 운송장비 제조업(35)","정액및초과[천원]","천원","2740.7","2627.20627","2474.9","2391.6",
"상용근로자(30인이상)","기타 운송장비 제조업(35)","상여금등특별급여[천원]","천원","1589.7","1431.28034","1321","1269.8",
"상용근로자(30인이상)","기타 운송장비 제조업(35)","현금급여외 노동비용(계)[천원]","천원","1369.7","1189.1","1032","1086.7",
"상용근로자(30인이상)","기타 운송장비 제조업(35)","퇴직금등비용[천원]","천원","291.6","287","239.7","378.7",
"상용근로자(30인이상)","기타 운송장비 제조업(35)","현물지급비용[천원]","천원","8.4","3.3","5.3","3.4",
"상용근로자(30인이상)","기타 운송장비 제조업(35)","법정복리비[천원]","천원","455.6","432.6","397.8","338.8",
"상용근로자(30인이상)","기타 운송장비 제조업(35)","법정외복리비[천원]","천원","525.3","422","347.6","316.5",
"상용근로자(30인이상)","기타 운송장비 제조업(35)","채용관련비용(모집비)[천원]","천원","2.7","2.7","2","1.4",
"상용근로자(30인이상)","기타 운송장비 제조업(35)","교육훈련비[천원]","천원","53.9","30.3","32.2","30",
"상용근로자(30인이상)","기타 운송장비 제조업(35)","기타노동비용[천원]","천원","32.1","11.2","7.4","17.8",
"상용근로자(30인이상)","가구 및 기타 제품 제조업(36)","노동비용총액[천원]","천원","3120.7","2680","2472.5","2321.2",
"상용근로자(30인이상)","가구 및 기타 제품 제조업(36)","현금급여총계[천원]","천원","2450","2155.8","1983.8","1779.3",
"상용근로자(30인이상)","가구 및 기타 제품 제조업(36)","정액및초과[천원]","천원","2038.5","1822.83305","1650.7","1515.6",
"상용근로자(30인이상)","가구 및 기타 제품 제조업(36)","상여금등특별급여[천원]","천원","411.5","332.99997","333","263.7",
"상용근로자(30인이상)","가구 및 기타 제품 제조업(36)","현금급여외 노동비용(계)[천원]","천원","670.7","524.2","488.7","542",
"상용근로자(30인이상)","가구 및 기타 제품 제조업(36)","퇴직금등비용[천원]","천원","258.9","192.7","188.2","276.2",
"상용근로자(30인이상)","가구 및 기타 제품 제조업(36)","현물지급비용[천원]","천원","1.4","0","0",".4",
"상용근로자(30인이상)","가구 및 기타 제품 제조업(36)","법정복리비[천원]","천원","208.5","181.4","166.1","154.8",
"상용근로자(30인이상)","가구 및 기타 제품 제조업(36)","법정외복리비[천원]","천원","173.4","134.2","120.6","101.1",
"상용근로자(30인이상)","가구 및 기타 제품 제조업(36)","채용관련비용(모집비)[천원]","천원","4.8","2",".6","1.5",
"상용근로자(30인이상)","가구 및 기타 제품 제조업(36)","교육훈련비[천원]","천원","11.5","10","7","6.2",
"상용근로자(30인이상)","가구 및 기타 제품 제조업(36)","기타노동비용[천원]","천원","12.1","3.8","6.2","1.8",
"상용근로자(30인이상)","재생용 가공원료 생산업(37)","노동비용총액[천원]","천원","2336.2","1770.9","2640.6","2900.7",
"상용근로자(30인이상)","재생용 가공원료 생산업(37)","현금급여총계[천원]","천원","1714.6","1468","2141","1970.5",
"상용근로자(30인이상)","재생용 가공원료 생산업(37)","정액및초과[천원]","천원","1601","1351.63656","2097.9","1634.8",
"상용근로자(30인이상)","재생용 가공원료 생산업(37)","상여금등특별급여[천원]","천원","113.5","116.31528","43.2","335.6",
"상용근로자(30인이상)","재생용 가공원료 생산업(37)","현금급여외 노동비용(계)[천원]","천원","621.6","303","499.5","930.2",
"상용근로자(30인이상)","재생용 가공원료 생산업(37)","퇴직금등비용[천원]","천원","81.4","98.9","178.1","616.1",
"상용근로자(30인이상)","재생용 가공원료 생산업(37)","현물지급비용[천원]","천원","0","0","0","0",
"상용근로자(30인이상)","재생용 가공원료 생산업(37)","법정복리비[천원]","천원","190.9","135.2","199.2","192.9",
"상용근로자(30인이상)","재생용 가공원료 생산업(37)","법정외복리비[천원]","천원","348","67.6","113.5","106.2",
"상용근로자(30인이상)","재생용 가공원료 생산업(37)","채용관련비용(모집비)[천원]","천원","0","0","0",".6",
"상용근로자(30인이상)","재생용 가공원료 생산업(37)","교육훈련비[천원]","천원","1.4","1.2","6.7","14.5",
"상용근로자(30인이상)","재생용 가공원료 생산업(37)","기타노동비용[천원]","천원","0","0","2.1","0",
"상용근로자(30인이상)","사회간접자본 및 기타서비스업(40-93)(E-R)","노동비용총액[천원]","천원","3687.3","3533.2","3234.5","3048.6",
"상용근로자(30인이상)","사회간접자본 및 기타서비스업(40-93)(E-R)","현금급여총계[천원]","천원","2971.1","2844.7","2628.2","2466.9",
"상용근로자(30인이상)","사회간접자본 및 기타서비스업(40-93)(E-R)","정액및초과[천원]","천원","2297.4","2242.52728","2059.8","1938.4",
"상용근로자(30인이상)","사회간접자본 및 기타서비스업(40-93)(E-R)","상여금등특별급여[천원]","천원","673.7","602.15387","568.4","528.5",
"상용근로자(30인이상)","사회간접자본 및 기타서비스업(40-93)(E-R)","현금급여외 노동비용(계)[천원]","천원","716.1","688.5","606.3","581.8",
"상용근로자(30인이상)","사회간접자본 및 기타서비스업(40-93)(E-R)","퇴직금등비용[천원]","천원","230.1","230.6","201.5","191.6",
"상용근로자(30인이상)","사회간접자본 및 기타서비스업(40-93)(E-R)","현물지급비용[천원]","천원","2","2.4","2.1","5.3",
"상용근로자(30인이상)","사회간접자본 및 기타서비스업(40-93)(E-R)","법정복리비[천원]","천원","248.7","235.7","205","193.4",
"상용근로자(30인이상)","사회간접자본 및 기타서비스업(40-93)(E-R)","법정외복리비[천원]","천원","191.4","175.8","154.5","146.1",
"상용근로자(30인이상)","사회간접자본 및 기타서비스업(40-93)(E-R)","채용관련비용(모집비)[천원]","천원","3.8","3.2","3.4","6.8",
"상용근로자(30인이상)","사회간접자본 및 기타서비스업(40-93)(E-R)","교육훈련비[천원]","천원","32.4","32.7","31.6","30.3",
"상용근로자(30인이상)","사회간접자본 및 기타서비스업(40-93)(E-R)","기타노동비용[천원]","천원","7.8","8.1","8.3","8.4",
"상용근로자(30인이상)","전기, 가스 및 수도사업(40-41)","노동비용총액[천원]","천원","6264.5","5930.2","5671.3","5272.8",
"상용근로자(30인이상)","전기, 가스 및 수도사업(40-41)","현금급여총계[천원]","천원","5295.5","4995.1","4687","4331",
"상용근로자(30인이상)","전기, 가스 및 수도사업(40-41)","정액및초과[천원]","천원","4049.7","3698.11865","3368.6","3380.5",
"상용근로자(30인이상)","전기, 가스 및 수도사업(40-41)","상여금등특별급여[천원]","천원","1245.7","1296.94754","1318.4","950.5",
"상용근로자(30인이상)","전기, 가스 및 수도사업(40-41)","현금급여외 노동비용(계)[천원]","천원","969","935.2","984.3","941.8",
"상용근로자(30인이상)","전기, 가스 및 수도사업(40-41)","퇴직금등비용[천원]","천원","149.2","146.4","148.5","99.4",
"상용근로자(30인이상)","전기, 가스 및 수도사업(40-41)","현물지급비용[천원]","천원","0","4.2","4.4","8.7",
"상용근로자(30인이상)","전기, 가스 및 수도사업(40-41)","법정복리비[천원]","천원","361.8","349.2","313.5","301.8",
"상용근로자(30인이상)","전기, 가스 및 수도사업(40-41)","법정외복리비[천원]","천원","329.3","319.1","419.3","429.8",
"상용근로자(30인이상)","전기, 가스 및 수도사업(40-41)","채용관련비용(모집비)[천원]","천원","5","3.2","2.8","2.7",
"상용근로자(30인이상)","전기, 가스 및 수도사업(40-41)","교육훈련비[천원]","천원","93.1","84.5","72.9","74.5",
"상용근로자(30인이상)","전기, 가스 및 수도사업(40-41)","기타노동비용[천원]","천원","30.7","28.6","22.8","25.1",
"상용근로자(30인이상)","전기, 가스 및 증기업(40)","노동비용총액[천원]","천원","6264.5","5928.2","5670","5272.6",
"상용근로자(30인이상)","전기, 가스 및 증기업(40)","현금급여총계[천원]","천원","5295.5","4993.2","4684.9","4329.7",
"상용근로자(30인이상)","전기, 가스 및 증기업(40)","정액및초과[천원]","천원","4049.7","3697.28384","3367.4","3380.6",
"상용근로자(30인이상)","전기, 가스 및 증기업(40)","상여금등특별급여[천원]","천원","1245.7","1295.90935","1317.5","949.1",
"상용근로자(30인이상)","전기, 가스 및 증기업(40)","현금급여외 노동비용(계)[천원]","천원","969","935","985","942.9",
"상용근로자(30인이상)","전기, 가스 및 증기업(40)","퇴직금등비용[천원]","천원","149.2","146.5","148.9","99.7",
"상용근로자(30인이상)","전기, 가스 및 증기업(40)","현물지급비용[천원]","천원","0","4.2","4.5","8.7",
"상용근로자(30인이상)","전기, 가스 및 증기업(40)","법정복리비[천원]","천원","361.8","349.3","313.5","301.9",
"상용근로자(30인이상)","전기, 가스 및 증기업(40)","법정외복리비[천원]","천원","329.3","318.6","419.5","430.2",
"상용근로자(30인이상)","전기, 가스 및 증기업(40)","채용관련비용(모집비)[천원]","천원","5","3.2","2.8","2.7",
"상용근로자(30인이상)","전기, 가스 및 증기업(40)","교육훈련비[천원]","천원","93.1","84.6","73","74.6",
"상용근로자(30인이상)","전기, 가스 및 증기업(40)","기타노동비용[천원]","천원","30.7","28.6","22.9","25.1",
"상용근로자(30인이상)","수도사업(41)","노동비용총액[천원]","천원","","6723.5","6116.1","5338.2",
"상용근로자(30인이상)","수도사업(41)","현금급여총계[천원]","천원","","5734.9","5366.9","4752.2",
"상용근로자(30인이상)","수도사업(41)","정액및초과[천원]","천원","","4027.84659","3769.4","3336.8",
"상용근로자(30인이상)","수도사업(41)","상여금등특별급여[천원]","천원","","1707.00758","1597.5","1415.4",
"상용근로자(30인이상)","수도사업(41)","현금급여외 노동비용(계)[천원]","천원","","988.7","749.2","586",
"상용근로자(30인이상)","수도사업(41)","퇴직금등비용[천원]","천원","","96.5","0","0",
"상용근로자(30인이상)","수도사업(41)","현물지급비용[천원]","천원","","0","0","0",
"상용근로자(30인이상)","수도사업(41)","법정복리비[천원]","천원","","327.9","312.8","279.9",
"상용근로자(30인이상)","수도사업(41)","법정외복리비[천원]","천원","","501.9","360.2","288.8",
"상용근로자(30인이상)","수도사업(41)","채용관련비용(모집비)[천원]","천원","",".9","0","0",
"상용근로자(30인이상)","수도사업(41)","교육훈련비[천원]","천원","","54.2","69.5","15.7",
"상용근로자(30인이상)","수도사업(41)","기타노동비용[천원]","천원","","7.4","6.7","1.7",
"상용근로자(30인이상)","건설업(45-46)","노동비용총액[천원]","천원","4118.6","4438.4","3564.7","3458",
"상용근로자(30인이상)","건설업(45-46)","현금급여총계[천원]","천원","3175.2","3391.4","2711.3","2654.7",
"상용근로자(30인이상)","건설업(45-46)","정액및초과[천원]","천원","2595.5","2700.28665","2265.7","2167.9",
"상용근로자(30인이상)","건설업(45-46)","상여금등특별급여[천원]","천원","579.7","691.11903","445.5","486.8",
"상용근로자(30인이상)","건설업(45-46)","현금급여외 노동비용(계)[천원]","천원","943.4","1047","853.4","803.3",
"상용근로자(30인이상)","건설업(45-46)","퇴직금등비용[천원]","천원","242.2","281.6","269.9","201.7",
"상용근로자(30인이상)","건설업(45-46)","현물지급비용[천원]","천원","1.5","2.3","1.8","15.7",
"상용근로자(30인이상)","건설업(45-46)","법정복리비[천원]","천원","431.5","449.2","360.9","332.7",
"상용근로자(30인이상)","건설업(45-46)","법정외복리비[천원]","천원","239.6","282.8","194.6","173.6",
"상용근로자(30인이상)","건설업(45-46)","채용관련비용(모집비)[천원]","천원","3.4","2.6","1.9","54",
"상용근로자(30인이상)","건설업(45-46)","교육훈련비[천원]","천원","18.4","19.8","17.7","17.1",
"상용근로자(30인이상)","건설업(45-46)","기타노동비용[천원]","천원","6.8","8.8","6.7","8.5",
"상용근로자(30인이상)","종합 건설업(45)","노동비용총액[천원]","천원","4651.5","5272.3","4446.5","3977",
"상용근로자(30인이상)","종합 건설업(45)","현금급여총계[천원]","천원","3536.6","3945.4","3275.7","2956",
"상용근로자(30인이상)","종합 건설업(45)","정액및초과[천원]","천원","2814.7","3055.20157","2642.6","2374.4",
"상용근로자(30인이상)","종합 건설업(45)","상여금등특별급여[천원]","천원","722","890.24817","633.1","581.7",
"상용근로자(30인이상)","종합 건설업(45)","현금급여외 노동비용(계)[천원]","천원","1114.9","1326.9","1170.7","1021",
"상용근로자(30인이상)","종합 건설업(45)","퇴직금등비용[천원]","천원","242.2","416.7","416.4","259.8",
"상용근로자(30인이상)","종합 건설업(45)","현물지급비용[천원]","천원","1.2","3.9","3.7","31.2",
"상용근로자(30인이상)","종합 건설업(45)","법정복리비[천원]","천원","566.1","602.4","507.6","450.6",
"상용근로자(30인이상)","종합 건설업(45)","법정외복리비[천원]","천원","266.5","262.1","204.1","137.5",
"상용근로자(30인이상)","종합 건설업(45)","채용관련비용(모집비)[천원]","천원","6.6","4.5","3.4","109.4",
"상용근로자(30인이상)","종합 건설업(45)","교육훈련비[천원]","천원","23.6","26","28.3","25.7",
"상용근로자(30인이상)","종합 건설업(45)","기타노동비용[천원]","천원","8.7","11.3","7.3","6.8",
"상용근로자(30인이상)","전문직별 공사업(46)","노동비용총액[천원]","천원","3696.2","3701.3","2875.7","2964.9",
"상용근로자(30인이상)","전문직별 공사업(46)","현금급여총계[천원]","천원","2888.8","2901.7","2270.3","2368.4",
"상용근로자(30인이상)","전문직별 공사업(46)","정액및초과[천원]","천원","2421.8","2386.59212","1971.3","1971.8",
"상용근로자(30인이상)","전문직별 공사업(46)","상여금등특별급여[천원]","천원","467","515.11709","299","396.7",
"상용근로자(30인이상)","전문직별 공사업(46)","현금급여외 노동비용(계)[천원]","천원","807.4","799.6","605.5","596.5",
"상용근로자(30인이상)","전문직별 공사업(46)","퇴직금등비용[천원]","천원","242.2","162.1","155.4","146.6",
"상용근로자(30인이상)","전문직별 공사업(46)","현물지급비용[천원]","천원","1.7",".8",".3",".9",
"상용근로자(30인이상)","전문직별 공사업(46)","법정복리비[천원]","천원","324.9","313.8","246.3","220.7",
"상용근로자(30인이상)","전문직별 공사업(46)","법정외복리비[천원]","천원","218.2","301.1","187.1","207.8",
"상용근로자(30인이상)","전문직별 공사업(46)","채용관련비용(모집비)[천원]","천원",".9",".9",".6","1.4",
"상용근로자(30인이상)","전문직별 공사업(46)","교육훈련비[천원]","천원","14.4","14.2","9.5","8.9",
"상용근로자(30인이상)","전문직별 공사업(46)","기타노동비용[천원]","천원","5.3","6.6","6.3","10.1",
"상용근로자(30인이상)","도매 및 소매업 숙박 및 음식점업(50-55) (GH)","노동비용총액[천원]","천원","3273","3296.4","2967.1","2785.7",
"상용근로자(30인이상)","도매 및 소매업 숙박 및 음식점업(50-55) (GH)","현금급여총계[천원]","천원","2596.2","2587.2","2389","2239.2",
"상용근로자(30인이상)","도매 및 소매업 숙박 및 음식점업(50-55) (GH)","정액및초과[천원]","천원","2029.5","2093.41322","1977.4","1806",
"상용근로자(30인이상)","도매 및 소매업 숙박 및 음식점업(50-55) (GH)","상여금등특별급여[천원]","천원","566.6","493.76174","411.6","433.2",
"상용근로자(30인이상)","도매 및 소매업 숙박 및 음식점업(50-55) (GH)","현금급여외 노동비용(계)[천원]","천원","676.8","709.2","578.1","546.5",
"상용근로자(30인이상)","도매 및 소매업 숙박 및 음식점업(50-55) (GH)","퇴직금등비용[천원]","천원","244.4","268.5","224.9","206.7",
"상용근로자(30인이상)","도매 및 소매업 숙박 및 음식점업(50-55) (GH)","현물지급비용[천원]","천원","4.1","6.2","3.9","4.3",
"상용근로자(30인이상)","도매 및 소매업 숙박 및 음식점업(50-55) (GH)","법정복리비[천원]","천원","200.8","193.3","175.3","167.5",
"상용근로자(30인이상)","도매 및 소매업 숙박 및 음식점업(50-55) (GH)","법정외복리비[천원]","천원","191.2","192.5","129.4","128.4",
"상용근로자(30인이상)","도매 및 소매업 숙박 및 음식점업(50-55) (GH)","채용관련비용(모집비)[천원]","천원","3.4","4.7","5.1","3.1",
"상용근로자(30인이상)","도매 및 소매업 숙박 및 음식점업(50-55) (GH)","교육훈련비[천원]","천원","23.3","32.8","29.8","31.2",
"상용근로자(30인이상)","도매 및 소매업 숙박 및 음식점업(50-55) (GH)","기타노동비용[천원]","천원","9.5","11.3","9.7","5.5",
"상용근로자(30인이상)","도매 및 소매업(50-52)","노동비용총액[천원]","천원","3627.7","3758.6","3181","2984.5",
"상용근로자(30인이상)","도매 및 소매업(50-52)","현금급여총계[천원]","천원","2868","2928.6","2559.5","2398.9",
"상용근로자(30인이상)","도매 및 소매업(50-52)","정액및초과[천원]","천원","2225.7","2374.1047","2135.5","1939.3",
"상용근로자(30인이상)","도매 및 소매업(50-52)","상여금등특별급여[천원]","천원","642.3","554.4915","424","459.6",
"상용근로자(30인이상)","도매 및 소매업(50-52)","현금급여외 노동비용(계)[천원]","천원","759.8","830","621.6","585.6",
"상용근로자(30인이상)","도매 및 소매업(50-52)","퇴직금등비용[천원]","천원","282.5","317.9","244","221.3",
"상용근로자(30인이상)","도매 및 소매업(50-52)","현물지급비용[천원]","천원","3.8","6.6","3.5","3.9",
"상용근로자(30인이상)","도매 및 소매업(50-52)","법정복리비[천원]","천원","220.6","216.1","186.1","177.9",
"상용근로자(30인이상)","도매 및 소매업(50-52)","법정외복리비[천원]","천원","214.4","232.4","137","136.9",
"상용근로자(30인이상)","도매 및 소매업(50-52)","채용관련비용(모집비)[천원]","천원","3.6","6","6.2","3.6",
"상용근로자(30인이상)","도매 및 소매업(50-52)","교육훈련비[천원]","천원","26.5","41.3","34.8","36.5",
"상용근로자(30인이상)","도매 및 소매업(50-52)","기타노동비용[천원]","천원","8.3","9.8","9.9","5.5",
"상용근로자(30인이상)","자동차 판매 및 차량연료 소매업(50)","노동비용총액[천원]","천원","2926.9","4669.3","3721.6","3406",
"상용근로자(30인이상)","자동차 판매 및 차량연료 소매업(50)","현금급여총계[천원]","천원","2468.2","3446.6","3067","2833.5",
"상용근로자(30인이상)","자동차 판매 및 차량연료 소매업(50)","정액및초과[천원]","천원","1991.1","2851.8948","2710.6","2391.4",
"상용근로자(30인이상)","자동차 판매 및 차량연료 소매업(50)","상여금등특별급여[천원]","천원","477.1","594.6912","356.5","442.1",
"상용근로자(30인이상)","자동차 판매 및 차량연료 소매업(50)","현금급여외 노동비용(계)[천원]","천원","458.7","1222.7","654.6","572.5",
"상용근로자(30인이상)","자동차 판매 및 차량연료 소매업(50)","퇴직금등비용[천원]","천원","172.6","712.1","234.7","187.3",
"상용근로자(30인이상)","자동차 판매 및 차량연료 소매업(50)","현물지급비용[천원]","천원","0","25.3","5.3","2.9",
"상용근로자(30인이상)","자동차 판매 및 차량연료 소매업(50)","법정복리비[천원]","천원","170.5","258.3","221.1","198.3",
"상용근로자(30인이상)","자동차 판매 및 차량연료 소매업(50)","법정외복리비[천원]","천원","103.1","154.4","139.3","154.9",
"상용근로자(30인이상)","자동차 판매 및 차량연료 소매업(50)","채용관련비용(모집비)[천원]","천원","2.5","3.7","3.4","2.3",
"상용근로자(30인이상)","자동차 판매 및 차량연료 소매업(50)","교육훈련비[천원]","천원","9.6","63.4","40.1","22.5",
"상용근로자(30인이상)","자동차 판매 및 차량연료 소매업(50)","기타노동비용[천원]","천원",".4","5.5","10.8","4.2",
"상용근로자(30인이상)","도매 및 상품 중개업(51)","노동비용총액[천원]","천원","4199","4183.2","3711","3463.1",
"상용근로자(30인이상)","도매 및 상품 중개업(51)","현금급여총계[천원]","천원","3250.5","3238.4","2956.7","2784.2",
"상용근로자(30인이상)","도매 및 상품 중개업(51)","정액및초과[천원]","천원","2613.6","2670.76376","2527.4","2321.3",
"상용근로자(30인이상)","도매 및 상품 중개업(51)","상여금등특별급여[천원]","천원","636.9","567.66454","429.3","462.9",
"상용근로자(30인이상)","도매 및 상품 중개업(51)","현금급여외 노동비용(계)[천원]","천원","948.5","944.8","754.3","679",
"상용근로자(30인이상)","도매 및 상품 중개업(51)","퇴직금등비용[천원]","천원","388","356.7","314.6","255.8",
"상용근로자(30인이상)","도매 및 상품 중개업(51)","현물지급비용[천원]","천원","2.8","4.2","2.8","3.2",
"상용근로자(30인이상)","도매 및 상품 중개업(51)","법정복리비[천원]","천원","253.2","230","204.6","197.7",
"상용근로자(30인이상)","도매 및 상품 중개업(51)","법정외복리비[천원]","천원","258.4","290.2","163.1","159.5",
"상용근로자(30인이상)","도매 및 상품 중개업(51)","채용관련비용(모집비)[천원]","천원","5.5","7.8","10","5.4",
"상용근로자(30인이상)","도매 및 상품 중개업(51)","교육훈련비[천원]","천원","34.2","46.2","48.8","52.8",
"상용근로자(30인이상)","도매 및 상품 중개업(51)","기타노동비용[천원]","천원","6.3","9.8","10.2","4.6",
"상용근로자(30인이상)","소매업(자동차제외)(52)","노동비용총액[천원]","천원","3003.6","2971.8","2433.9","2381.4",
"상용근로자(30인이상)","소매업(자동차제외)(52)","현금급여총계[천원]","천원","2441.4","2377.8","1983.8","1900.2",
"상용근로자(30인이상)","소매업(자동차제외)(52)","정액및초과[천원]","천원","1772","1849.60766","1556.1","1442",
"상용근로자(30인이상)","소매업(자동차제외)(52)","상여금등특별급여[천원]","천원","669.3","528.17732","427.6","458.2",
"상용근로자(30인이상)","소매업(자동차제외)(52)","현금급여외 노동비용(계)[천원]","천원","562.2","594","450.1","481.1",
"상용근로자(30인이상)","소매업(자동차제외)(52)","퇴직금등비용[천원]","천원","164.8","196.4","156.9","186.6",
"상용근로자(30인이상)","소매업(자동차제외)(52)","현물지급비용[천원]","천원","5.6","7.1","4.2","4.9",
"상용근로자(30인이상)","소매업(자동차제외)(52)","법정복리비[천원]","천원","186.2","188.4","157.6","152.6",
"상용근로자(30인이상)","소매업(자동차제외)(52)","법정외복리비[천원]","천원","173.4","157.5","103.8","108.7",
"상용근로자(30인이상)","소매업(자동차제외)(52)","채용관련비용(모집비)[천원]","천원","1.4","3.7","1.7","1.7",
"상용근로자(30인이상)","소매업(자동차제외)(52)","교육훈련비[천원]","천원","19.1","30.4","16.4","20",
"상용근로자(30인이상)","소매업(자동차제외)(52)","기타노동비용[천원]","천원","11.7","10.4","9.4","6.7",
"상용근로자(30인이상)","숙박 및 음식점업(55)","노동비용총액[천원]","천원","2323.5","2349.1","2266.9","2145.1",
"상용근로자(30인이상)","숙박 및 음식점업(55)","현금급여총계[천원]","천원","1868.8","1887.5","1830.9","1724.8",
"상용근로자(30인이상)","숙박 및 음식점업(55)","정액및초과[천원]","천원","1504.6","1518.19375","1460","1376.4",
"상용근로자(30인이상)","숙박 및 음식점업(55)","상여금등특별급여[천원]","천원","364.2","369.30859","370.9","348.4",
"상용근로자(30인이상)","숙박 및 음식점업(55)","현금급여외 노동비용(계)[천원]","천원","454.6","461.6","436","420.3",
"상용근로자(30인이상)","숙박 및 음식점업(55)","퇴직금등비용[천원]","천원","142.2","167.2","162.4","159.7",
"상용근로자(30인이상)","숙박 및 음식점업(55)","현물지급비용[천원]","천원","4.9","5.6","4.9","5.5",
"상용근로자(30인이상)","숙박 및 음식점업(55)","법정복리비[천원]","천원","147.8","146.6","139.9","133.8",
"상용근로자(30인이상)","숙박 및 음식점업(55)","법정외복리비[천원]","천원","128.9","110.7","104.8","100.8",
"상용근로자(30인이상)","숙박 및 음식점업(55)","채용관련비용(모집비)[천원]","천원","3","2","1.8","1.3",
"상용근로자(30인이상)","숙박 및 음식점업(55)","교육훈련비[천원]","천원","14.8","15.2","13.5","13.9",
"상용근로자(30인이상)","숙박 및 음식점업(55)","기타노동비용[천원]","천원","12.9","14.4","8.8","5.3",
"상용근로자(30인이상)","숙박 및 음식점업(55)","노동비용총액[천원]","천원","2323.5","2349.1","2266.9","2145.1",
"상용근로자(30인이상)","숙박 및 음식점업(55)","현금급여총계[천원]","천원","1868.8","1887.5","1830.9","1724.8",
"상용근로자(30인이상)","숙박 및 음식점업(55)","정액및초과[천원]","천원","1504.6","1518.19375","1460","1376.4",
"상용근로자(30인이상)","숙박 및 음식점업(55)","상여금등특별급여[천원]","천원","364.2","369.30859","370.9","348.4",
"상용근로자(30인이상)","숙박 및 음식점업(55)","현금급여외 노동비용(계)[천원]","천원","454.6","461.6","436","420.3",
"상용근로자(30인이상)","숙박 및 음식점업(55)","퇴직금등비용[천원]","천원","142.2","167.2","162.4","159.7",
"상용근로자(30인이상)","숙박 및 음식점업(55)","현물지급비용[천원]","천원","4.9","5.6","4.9","5.5",
"상용근로자(30인이상)","숙박 및 음식점업(55)","법정복리비[천원]","천원","147.8","146.6","139.9","133.8",
"상용근로자(30인이상)","숙박 및 음식점업(55)","법정외복리비[천원]","천원","128.9","110.7","104.8","100.8",
"상용근로자(30인이상)","숙박 및 음식점업(55)","채용관련비용(모집비)[천원]","천원","3","2","1.8","1.3",
"상용근로자(30인이상)","숙박 및 음식점업(55)","교육훈련비[천원]","천원","14.8","15.2","13.5","13.9",
"상용근로자(30인이상)","숙박 및 음식점업(55)","기타노동비용[천원]","천원","12.9","14.4","8.8","5.3",
"상용근로자(30인이상)","운수업, 창고 및 통신업(60-64) (IJ)","노동비용총액[천원]","천원","3076.4","2874.4","2767.4","2607.5",
"상용근로자(30인이상)","운수업, 창고 및 통신업(60-64) (IJ)","현금급여총계[천원]","천원","2485.7","2298.1","2212.6","2129.2",
"상용근로자(30인이상)","운수업, 창고 및 통신업(60-64) (IJ)","정액및초과[천원]","천원","1899.6","1777.48316","1729.7","1706.6",
"상용근로자(30인이상)","운수업, 창고 및 통신업(60-64) (IJ)","상여금등특별급여[천원]","천원","586.1","520.59983","483","422.6",
"상용근로자(30인이상)","운수업, 창고 및 통신업(60-64) (IJ)","현금급여외 노동비용(계)[천원]","천원","590.8","576.3","554.8","478.3",
"상용근로자(30인이상)","운수업, 창고 및 통신업(60-64) (IJ)","퇴직금등비용[천원]","천원","204","222.9","189.2","137.1",
"상용근로자(30인이상)","운수업, 창고 및 통신업(60-64) (IJ)","현물지급비용[천원]","천원","1.5",".5",".5","5.4",
"상용근로자(30인이상)","운수업, 창고 및 통신업(60-64) (IJ)","법정복리비[천원]","천원","205","197.2","177.5","171.5",
"상용근로자(30인이상)","운수업, 창고 및 통신업(60-64) (IJ)","법정외복리비[천원]","천원","142.4","120","155.3","129",
"상용근로자(30인이상)","운수업, 창고 및 통신업(60-64) (IJ)","채용관련비용(모집비)[천원]","천원","2.2","1.8","1.9","1.5",
"상용근로자(30인이상)","운수업, 창고 및 통신업(60-64) (IJ)","교육훈련비[천원]","천원","29.1","26.3","24.9","26.3",
"상용근로자(30인이상)","운수업, 창고 및 통신업(60-64) (IJ)","기타노동비용[천원]","천원","6.6","7.6","5.7","7.4",
"상용근로자(30인이상)","운수업(60-63)","노동비용총액[천원]","천원","2522.9","2452.4","2236.6","2240.9",
"상용근로자(30인이상)","운수업(60-63)","현금급여총계[천원]","천원","2002.2","1937.9","1790.3","1822.3",
"상용근로자(30인이상)","운수업(60-63)","정액및초과[천원]","천원","1584.1","1552.58659","1466.5","1473.9",
"상용근로자(30인이상)","운수업(60-63)","상여금등특별급여[천원]","천원","418.1","385.28033","323.7","348.4",
"상용근로자(30인이상)","운수업(60-63)","현금급여외 노동비용(계)[천원]","천원","520.7","514.5","446.3","418.6",
"상용근로자(30인이상)","운수업(60-63)","퇴직금등비용[천원]","천원","200.4","217.9","182.7","135.4",
"상용근로자(30인이상)","운수업(60-63)","현물지급비용[천원]","천원","1.5",".4",".3","6.3",
"상용근로자(30인이상)","운수업(60-63)","법정복리비[천원]","천원","177.8","175.4","153","152.9",
"상용근로자(30인이상)","운수업(60-63)","법정외복리비[천원]","천원","127.5","105.4","98.6","103.5",
"상용근로자(30인이상)","운수업(60-63)","채용관련비용(모집비)[천원]","천원",".8",".8",".7",".8",
"상용근로자(30인이상)","운수업(60-63)","교육훈련비[천원]","천원","8.9","8.8","7.1","12",
"상용근로자(30인이상)","운수업(60-63)","기타노동비용[천원]","천원","3.7","5.8","4","7.8",
"상용근로자(30인이상)","육상운송 및 파이프라인 운송업(60)","노동비용총액[천원]","천원","1942.4","1982.5","1945.8","1935.4",
"상용근로자(30인이상)","육상운송 및 파이프라인 운송업(60)","현금급여총계[천원]","천원","1550.4","1542.3","1547.8","1570.1",
"상용근로자(30인이상)","육상운송 및 파이프라인 운송업(60)","정액및초과[천원]","천원","1300","1294.9343","1311.1","1310.2",
"상용근로자(30인이상)","육상운송 및 파이프라인 운송업(60)","상여금등특별급여[천원]","천원","250.4","247.38791","236.8","259.9",
"상용근로자(30인이상)","육상운송 및 파이프라인 운송업(60)","현금급여외 노동비용(계)[천원]","천원","392.1","440.2","397.9","365.2",
"상용근로자(30인이상)","육상운송 및 파이프라인 운송업(60)","퇴직금등비용[천원]","천원","120.9","185.1","161.5","125.1",
"상용근로자(30인이상)","육상운송 및 파이프라인 운송업(60)","현물지급비용[천원]","천원","1.5",".5",".1","7.8",
"상용근로자(30인이상)","육상운송 및 파이프라인 운송업(60)","법정복리비[천원]","천원","152.7","151.5","138.3","136.5",
"상용근로자(30인이상)","육상운송 및 파이프라인 운송업(60)","법정외복리비[천원]","천원","109.9","96.1","91.6","83.5",
"상용근로자(30인이상)","육상운송 및 파이프라인 운송업(60)","채용관련비용(모집비)[천원]","천원",".2",".4",".5",".6",
"상용근로자(30인이상)","육상운송 및 파이프라인 운송업(60)","교육훈련비[천원]","천원","3","1.5","2.1","3.1",
"상용근로자(30인이상)","육상운송 및 파이프라인 운송업(60)","기타노동비용[천원]","천원","3.8","5.1","3.8","8.6",
"상용근로자(30인이상)","수상 운송업(61)","노동비용총액[천원]","천원","4840.8","3988.3","4383.2","3763.1",
"상용근로자(30인이상)","수상 운송업(61)","현금급여총계[천원]","천원","3667.8","3068.2","3492.5","2999.5",
"상용근로자(30인이상)","수상 운송업(61)","정액및초과[천원]","천원","2623","2355.42018","2580.7","2246.9",
"상용근로자(30인이상)","수상 운송업(61)","상여금등특별급여[천원]","천원","1044.8","712.7556","911.8","752.6",
"상용근로자(30인이상)","수상 운송업(61)","현금급여외 노동비용(계)[천원]","천원","1173","920.1","890.7","763.6",
"상용근로자(30인이상)","수상 운송업(61)","퇴직금등비용[천원]","천원","740.7","530.1","414.7","325.6",
"상용근로자(30인이상)","수상 운송업(61)","현물지급비용[천원]","천원","4.3",".3","1.8",".7",
"상용근로자(30인이상)","수상 운송업(61)","법정복리비[천원]","천원","241.9","230.3","232.5","182.9",
"상용근로자(30인이상)","수상 운송업(61)","법정외복리비[천원]","천원","147.7","122.7","190.8","219.2",
"상용근로자(30인이상)","수상 운송업(61)","채용관련비용(모집비)[천원]","천원","5.3","1.6","1.2","1.5",
"상용근로자(30인이상)","수상 운송업(61)","교육훈련비[천원]","천원","22.1","26.8","41.7","24.3",
"상용근로자(30인이상)","수상 운송업(61)","기타노동비용[천원]","천원","10.9","8.3","8","9.4",
"상용근로자(30인이상)","항공 운송업(62)","노동비용총액[천원]","천원","5566.7","4853.5","4631","4336",
"상용근로자(30인이상)","항공 운송업(62)","현금급여총계[천원]","천원","4283.5","4041","3904.9","3543.2",
"상용근로자(30인이상)","항공 운송업(62)","정액및초과[천원]","천원","2809.6","2900.60213","2861.7","2613.1",
"상용근로자(30인이상)","항공 운송업(62)","상여금등특별급여[천원]","천원","1473.8","1140.42214","1043.2","930.1",
"상용근로자(30인이상)","항공 운송업(62)","현금급여외 노동비용(계)[천원]","천원","1283.2","812.4","726.1","792.7",
"상용근로자(30인이상)","항공 운송업(62)","퇴직금등비용[천원]","천원","597.1","278.4","306.3","109.6",
"상용근로자(30인이상)","항공 운송업(62)","현물지급비용[천원]","천원","3.2","0","0","0",
"상용근로자(30인이상)","항공 운송업(62)","법정복리비[천원]","천원","318.4","287.4","233.4","291.7",
"상용근로자(30인이상)","항공 운송업(62)","법정외복리비[천원]","천원","294.9","158.7","100.3","289.7",
"상용근로자(30인이상)","항공 운송업(62)","채용관련비용(모집비)[천원]","천원",".5","1.6","1.4","1",
"상용근로자(30인이상)","항공 운송업(62)","교육훈련비[천원]","천원","65","74.7","84.7","100",
"상용근로자(30인이상)","항공 운송업(62)","기타노동비용[천원]","천원","4.1","11.6","0",".7",
"상용근로자(30인이상)","여행알선, 창고 및 운수관련 서비스업(63)","노동비용총액[천원]","천원","3154.9","2891.6","2835.4","2715.4",
"상용근로자(30인이상)","여행알선, 창고 및 운수관련 서비스업(63)","현금급여총계[천원]","천원","2576.9","2308.8","2291.4","2234",
"상용근로자(30인이상)","여행알선, 창고 및 운수관련 서비스업(63)","정액및초과[천원]","천원","2043.2","1789.05053","1776.6","1731.4",
"상용근로자(30인이상)","여행알선, 창고 및 운수관련 서비스업(63)","상여금등특별급여[천원]","천원","533.7","519.79294","514.8","502.5",
"상용근로자(30인이상)","여행알선, 창고 및 운수관련 서비스업(63)","현금급여외 노동비용(계)[천원]","천원","578","582.8","544","481.4",
"상용근로자(30인이상)","여행알선, 창고 및 운수관련 서비스업(63)","퇴직금등비용[천원]","천원","227.7","248.8","216.6","155.4",
"상용근로자(30인이상)","여행알선, 창고 및 운수관련 서비스업(63)","현물지급비용[천원]","천원",".2","0",".7","1.9",
"상용근로자(30인이상)","여행알선, 창고 및 운수관련 서비스업(63)","법정복리비[천원]","천원","212.2","206.8","196.4","180",
"상용근로자(30인이상)","여행알선, 창고 및 운수관련 서비스업(63)","법정외복리비[천원]","천원","127.6","114.4","112.1","113.3",
"상용근로자(30인이상)","여행알선, 창고 및 운수관련 서비스업(63)","채용관련비용(모집비)[천원]","천원","2","1.5","1.4","1.3",
"상용근로자(30인이상)","여행알선, 창고 및 운수관련 서비스업(63)","교육훈련비[천원]","천원","7","5.8","12.4","23.2",
"상용근로자(30인이상)","여행알선, 창고 및 운수관련 서비스업(63)","기타노동비용[천원]","천원","1.3","5.4","4.4","6.4",
"상용근로자(30인이상)","통신업(64)","노동비용총액[천원]","천원","5336.6","5121.9","5057.7","4439.1",
"상용근로자(30인이상)","통신업(64)","현금급여총계[천원]","천원","4459.8","4216.3","4035","3662.4",
"상용근로자(30인이상)","통신업(64)","정액및초과[천원]","천원","3188","2975.11258","2865","2869.1",
"상용근로자(30인이상)","통신업(64)","상여금등특별급여[천원]","천원","1271.8","1241.20942","1170","793.4",
"상용근로자(30인이상)","통신업(64)","현금급여외 노동비용(계)[천원]","천원","876.9","905.5","1022.8","776.6",
"상용근로자(30인이상)","통신업(64)","퇴직금등비용[천원]","천원","218.7","249.1","217.1","145.3",
"상용근로자(30인이상)","통신업(64)","현물지급비용[천원]","천원","1.4","1.3","1.4","1.3",
"상용근로자(30인이상)","통신업(64)","법정복리비[천원]","천원","316","312.9","282.9","264.9",
"상용근로자(30인이상)","통신업(64)","법정외복리비[천원]","천원","203.2","197.9","400.1","256.7",
"상용근로자(30인이상)","통신업(64)","채용관련비용(모집비)[천원]","천원","8","7.5","6.9","5.4",
"상용근로자(30인이상)","통신업(64)","교육훈련비[천원]","천원","111.3","119.5","101.3","97.7",
"상용근로자(30인이상)","통신업(64)","기타노동비용[천원]","천원","18.2","17.3","13.1","5.4",
"상용근로자(30인이상)","통신업(64)","노동비용총액[천원]","천원","5336.6","5121.9","5057.7","4439.1",
"상용근로자(30인이상)","통신업(64)","현금급여총계[천원]","천원","4459.8","4216.3","4035","3662.4",
"상용근로자(30인이상)","통신업(64)","정액및초과[천원]","천원","3188","2975.11258","2865","2869.1",
"상용근로자(30인이상)","통신업(64)","상여금등특별급여[천원]","천원","1271.8","1241.20942","1170","793.4",
"상용근로자(30인이상)","통신업(64)","현금급여외 노동비용(계)[천원]","천원","876.9","905.5","1022.8","776.6",
"상용근로자(30인이상)","통신업(64)","퇴직금등비용[천원]","천원","218.7","249.1","217.1","145.3",
"상용근로자(30인이상)","통신업(64)","현물지급비용[천원]","천원","1.4","1.3","1.4","1.3",
"상용근로자(30인이상)","통신업(64)","법정복리비[천원]","천원","316","312.9","282.9","264.9",
"상용근로자(30인이상)","통신업(64)","법정외복리비[천원]","천원","203.2","197.9","400.1","256.7",
"상용근로자(30인이상)","통신업(64)","채용관련비용(모집비)[천원]","천원","8","7.5","6.9","5.4",
"상용근로자(30인이상)","통신업(64)","교육훈련비[천원]","천원","111.3","119.5","101.3","97.7",
"상용근로자(30인이상)","통신업(64)","기타노동비용[천원]","천원","18.2","17.3","13.1","5.4",
"상용근로자(30인이상)","금융 보험,부동산 임대,사업서비스(65-75)(K-M)","노동비용총액[천원]","천원","3941.9","3641.5","3516.4","3306.5",
"상용근로자(30인이상)","금융 보험,부동산 임대,사업서비스(65-75)(K-M)","현금급여총계[천원]","천원","3254.1","3031.8","2931.1","2697.3",
"상용근로자(30인이상)","금융 보험,부동산 임대,사업서비스(65-75)(K-M)","정액및초과[천원]","천원","2449.7","2382.07135","2226.4","2060.8",
"상용근로자(30인이상)","금융 보험,부동산 임대,사업서비스(65-75)(K-M)","상여금등특별급여[천원]","천원","804.4","649.75387","704.7","636.5",
"상용근로자(30인이상)","금융 보험,부동산 임대,사업서비스(65-75)(K-M)","현금급여외 노동비용(계)[천원]","천원","687.8","609.6","585.2","609.3",
"상용근로자(30인이상)","금융 보험,부동산 임대,사업서비스(65-75)(K-M)","퇴직금등비용[천원]","천원","233.7","203.6","181.4","216.3",
"상용근로자(30인이상)","금융 보험,부동산 임대,사업서비스(65-75)(K-M)","현물지급비용[천원]","천원","1.1","1.6","1.9","3.7",
"상용근로자(30인이상)","금융 보험,부동산 임대,사업서비스(65-75)(K-M)","법정복리비[천원]","천원","213.1","201.9","200.4","190.2",
"상용근로자(30인이상)","금융 보험,부동산 임대,사업서비스(65-75)(K-M)","법정외복리비[천원]","천원","185.2","152.3","148.2","150.2",
"상용근로자(30인이상)","금융 보험,부동산 임대,사업서비스(65-75)(K-M)","채용관련비용(모집비)[천원]","천원","5.2","3.6","4","3.2",
"상용근로자(30인이상)","금융 보험,부동산 임대,사업서비스(65-75)(K-M)","교육훈련비[천원]","천원","42.3","40.4","40.1","35.6",
"상용근로자(30인이상)","금융 보험,부동산 임대,사업서비스(65-75)(K-M)","기타노동비용[천원]","천원","7.2","6.3","9.2","10",
"상용근로자(30인이상)","금융 및 보험업(65-67)","노동비용총액[천원]","천원","6745.5","6289.9","5711.9","5187",
"상용근로자(30인이상)","금융 및 보험업(65-67)","현금급여총계[천원]","천원","5588.6","5245.1","4723.6","4139.3",
"상용근로자(30인이상)","금융 및 보험업(65-67)","정액및초과[천원]","천원","3511.3","3574.87424","3153.6","2757",
"상용근로자(30인이상)","금융 및 보험업(65-67)","상여금등특별급여[천원]","천원","2077.3","1670.20664","1569.9","1382.2",
"상용근로자(30인이상)","금융 및 보험업(65-67)","현금급여외 노동비용(계)[천원]","천원","1156.8","1044.8","988.3","1047.7",
"상용근로자(30인이상)","금융 및 보험업(65-67)","퇴직금등비용[천원]","천원","412.1","338.6","274.2","377.9",
"상용근로자(30인이상)","금융 및 보험업(65-67)","현물지급비용[천원]","천원","1.3","4.7","4.5","2.8",
"상용근로자(30인이상)","금융 및 보험업(65-67)","법정복리비[천원]","천원","328.4","314.2","305","281.6",
"상용근로자(30인이상)","금융 및 보험업(65-67)","법정외복리비[천원]","천원","287.3","268.5","290.6","285.5",
"상용근로자(30인이상)","금융 및 보험업(65-67)","채용관련비용(모집비)[천원]","천원","8.9","5.3","6.5","3.8",
"상용근로자(30인이상)","금융 및 보험업(65-67)","교육훈련비[천원]","천원","103.8","100.5","89.3","76.5",
"상용근로자(30인이상)","금융 및 보험업(65-67)","기타노동비용[천원]","천원","15","13","18.2","19.8",
"상용근로자(30인이상)","금융업(65)","노동비용총액[천원]","천원","6585.7","6477.1","5858.3","5417.2",
"상용근로자(30인이상)","금융업(65)","현금급여총계[천원]","천원","5552.3","5454.3","4870.2","4286.7",
"상용근로자(30인이상)","금융업(65)","정액및초과[천원]","천원","3647","3858.04516","3340.6","2880.8",
"상용근로자(30인이상)","금융업(65)","상여금등특별급여[천원]","천원","1905.3","1596.29238","1529.6","1405.9",
"상용근로자(30인이상)","금융업(65)","현금급여외 노동비용(계)[천원]","천원","1033.4","1022.8","988.1","1130.4",
"상용근로자(30인이상)","금융업(65)","퇴직금등비용[천원]","천원","254.4","207.9","197","372.7",
"상용근로자(30인이상)","금융업(65)","현물지급비용[천원]","천원","1.1","5.8","6.7","3.9",
"상용근로자(30인이상)","금융업(65)","법정복리비[천원]","천원","340.4","323.2","312.3","291.8",
"상용근로자(30인이상)","금융업(65)","법정외복리비[천원]","천원","309.7","355.6","358.6","364.4",
"상용근로자(30인이상)","금융업(65)","채용관련비용(모집비)[천원]","천원","6.8","3.5","2.9","2.1",
"상용근로자(30인이상)","금융업(65)","교육훈련비[천원]","천원","100.2","111.7","86.9","75.6",
"상용근로자(30인이상)","금융업(65)","기타노동비용[천원]","천원","20.7","15.2","23.8","19.9",
"상용근로자(30인이상)","보험 및 연금업(66)","노동비용총액[천원]","천원","5990.2","5317.6","4828.8","4602.3",
"상용근로자(30인이상)","보험 및 연금업(66)","현금급여총계[천원]","천원","4540.9","4222.7","3862.4","3739.7",
"상용근로자(30인이상)","보험 및 연금업(66)","정액및초과[천원]","천원","3067.2","3011.29273","2787.5","2485.3",
"상용근로자(30인이상)","보험 및 연금업(66)","상여금등특별급여[천원]","천원","1473.7","1211.41307","1074.9","1254.3",
"상용근로자(30인이상)","보험 및 연금업(66)","현금급여외 노동비용(계)[천원]","천원","1449.3","1094.9","966.4","862.6",
"상용근로자(30인이상)","보험 및 연금업(66)","퇴직금등비용[천원]","천원","788.3","534.2","321.8","267.9",
"상용근로자(30인이상)","보험 및 연금업(66)","현물지급비용[천원]","천원",".7","2.6","2.1","1.7",
"상용근로자(30인이상)","보험 및 연금업(66)","법정복리비[천원]","천원","299","288.1","281.1","256.4",
"상용근로자(30인이상)","보험 및 연금업(66)","법정외복리비[천원]","천원","242","166.5","232.6","215.1",
"상용근로자(30인이상)","보험 및 연금업(66)","채용관련비용(모집비)[천원]","천원","9.6","6.4","12.5","6.9",
"상용근로자(30인이상)","보험 및 연금업(66)","교육훈련비[천원]","천원","102.4","87","105.8","92.7",
"상용근로자(30인이상)","보험 및 연금업(66)","기타노동비용[천원]","천원","7.2","10.1","10.6","22",
"상용근로자(30인이상)","금융 및 보험관련 서비스업(67)","노동비용총액[천원]","천원","8029.6","7441.7","7015","5612.8",
"상용근로자(30인이상)","금융 및 보험관련 서비스업(67)","현금급여총계[천원]","천원","6938.6","6415.4","5980.5","4463.3",
"상용근로자(30인이상)","금융 및 보험관련 서비스업(67)","정액및초과[천원]","천원","3731.7","3663.59945","3240.2","2898",
"상용근로자(30인이상)","금융 및 보험관련 서비스업(67)","상여금등특별급여[천원]","천원","3206.8","2751.75952","2740.3","1565.3",
"상용근로자(30인이상)","금융 및 보험관련 서비스업(67)","현금급여외 노동비용(계)[천원]","천원","1091.1","1026.3","1034.6","1149.5",
"상용근로자(30인이상)","금융 및 보험관련 서비스업(67)","퇴직금등비용[천원]","천원","324.8","415.7","452.9","621.7",
"상용근로자(30인이상)","금융 및 보험관련 서비스업(67)","현물지급비용[천원]","천원","2.6","5","2","1.4",
"상용근로자(30인이상)","금융 및 보험관련 서비스업(67)","법정복리비[천원]","천원","336","331.8","328.5","299",
"상용근로자(30인이상)","금융 및 보험관련 서비스업(67)","법정외복리비[천원]","천원","290","165.8","166.2","163.7",
"상용근로자(30인이상)","금융 및 보험관련 서비스업(67)","채용관련비용(모집비)[천원]","천원","12.9","9.3","7.3","3",
"상용근로자(30인이상)","금융 및 보험관련 서비스업(67)","교육훈련비[천원]","천원","113.7","88","64.1","45.9",
"상용근로자(30인이상)","금융 및 보험관련 서비스업(67)","기타노동비용[천원]","천원","11.1","10.9","13.6","14.7",
"상용근로자(30인이상)","부동산 임대 및 사업서비스업(70-75) (LM)","노동비용총액[천원]","천원","2886.8","2701.9","2423","2361",
"상용근로자(30인이상)","부동산 임대 및 사업서비스업(70-75) (LM)","현금급여총계[천원]","천원","2375.4","2246.6","2038.5","1972.2",
"상용근로자(30인이상)","부동산 임대 및 사업서비스업(70-75) (LM)","정액및초과[천원]","천원","2050.1","1958.89204","1764.6","1710.7",
"상용근로자(30인이상)","부동산 임대 및 사업서비스업(70-75) (LM)","상여금등특별급여[천원]","천원","325.3","287.72047","273.9","261.5",
"상용근로자(30인이상)","부동산 임대 및 사업서비스업(70-75) (LM)","현금급여외 노동비용(계)[천원]","천원","511.3","455.3","384.5","388.8",
"상용근로자(30인이상)","부동산 임대 및 사업서비스업(70-75) (LM)","퇴직금등비용[천원]","천원","166.6","155.7","135.2","135.1",
"상용근로자(30인이상)","부동산 임대 및 사업서비스업(70-75) (LM)","현물지급비용[천원]","천원","1",".5",".6","4.1",
"상용근로자(30인이상)","부동산 임대 및 사업서비스업(70-75) (LM)","법정복리비[천원]","천원","169.7","162","148.3","144.2",
"상용근로자(30인이상)","부동산 임대 및 사업서비스업(70-75) (LM)","법정외복리비[천원]","천원","146.8","111","77.3","82.2",
"상용근로자(30인이상)","부동산 임대 및 사업서비스업(70-75) (LM)","채용관련비용(모집비)[천원]","천원","3.8","3","2.7","3",
"상용근로자(30인이상)","부동산 임대 및 사업서비스업(70-75) (LM)","교육훈련비[천원]","천원","19.2","19","15.7","15.1",
"상용근로자(30인이상)","부동산 임대 및 사업서비스업(70-75) (LM)","기타노동비용[천원]","천원","4.2","3.9","4.8","5.1",
"상용근로자(30인이상)","부동산 및 임대업(70-71)","노동비용총액[천원]","천원","2485.2","2289.6","2009.3","1929.6",
"상용근로자(30인이상)","부동산 및 임대업(70-71)","현금급여총계[천원]","천원","2119.5","1950.7","1688.3","1617.7",
"상용근로자(30인이상)","부동산 및 임대업(70-71)","정액및초과[천원]","천원","1860","1685.52569","1436.3","1352.1",
"상용근로자(30인이상)","부동산 및 임대업(70-71)","상여금등특별급여[천원]","천원","259.5","265.18319","252","265.6",
"상용근로자(30인이상)","부동산 및 임대업(70-71)","현금급여외 노동비용(계)[천원]","천원","365.7","338.9","321","311.9",
"상용근로자(30인이상)","부동산 및 임대업(70-71)","퇴직금등비용[천원]","천원","134","119.1","114.2","88.8",
"상용근로자(30인이상)","부동산 및 임대업(70-71)","현물지급비용[천원]","천원","1.1",".6",".9","12.6",
"상용근로자(30인이상)","부동산 및 임대업(70-71)","법정복리비[천원]","천원","146.7","142.9","130.3","124.5",
"상용근로자(30인이상)","부동산 및 임대업(70-71)","법정외복리비[천원]","천원","66.3","56.9","55","65.2",
"상용근로자(30인이상)","부동산 및 임대업(70-71)","채용관련비용(모집비)[천원]","천원",".9",".1","2.4","2.3",
"상용근로자(30인이상)","부동산 및 임대업(70-71)","교육훈련비[천원]","천원","10.7","12.6","11.9","10.4",
"상용근로자(30인이상)","부동산 및 임대업(70-71)","기타노동비용[천원]","천원","6.1","6.7","6.4","8.1",
"상용근로자(30인이상)","부동산업(70)","노동비용총액[천원]","천원","2319.5","2233.7","1961.8","1879.3",
"상용근로자(30인이상)","부동산업(70)","현금급여총계[천원]","천원","1985.8","1901.4","1647.4","1574.5",
"상용근로자(30인이상)","부동산업(70)","정액및초과[천원]","천원","1746","1648.68824","1403.4","1321.1",
"상용근로자(30인이상)","부동산업(70)","상여금등특별급여[천원]","천원","239.8","252.66613","244","253.3",
"상용근로자(30인이상)","부동산업(70)","현금급여외 노동비용(계)[천원]","천원","333.7","332.4","314.4","304.8",
"상용근로자(30인이상)","부동산업(70)","퇴직금등비용[천원]","천원","132.7","119.5","113.3","85.9",
"상용근로자(30인이상)","부동산업(70)","현물지급비용[천원]","천원","1.2",".6",".8","12.9",
"상용근로자(30인이상)","부동산업(70)","법정복리비[천원]","천원","134.1","140.6","127.9","121.5",
"상용근로자(30인이상)","부동산업(70)","법정외복리비[천원]","천원","52.9","53.3","52.6","64.3",
"상용근로자(30인이상)","부동산업(70)","채용관련비용(모집비)[천원]","천원",".3",".1","2.4","2.3",
"상용근로자(30인이상)","부동산업(70)","교육훈련비[천원]","천원","6.2","11.4","10.8","9.7",
"상용근로자(30인이상)","부동산업(70)","기타노동비용[천원]","천원","6.4","6.9","6.6","8.2",
"상용근로자(30인이상)","기계장비 및 소비용품 임대업(71)","노동비용총액[천원]","천원","5511.3","3568.8","3184","3193.8",
"상용근로자(30인이상)","기계장비 및 소비용품 임대업(71)","현금급여총계[천원]","천원","4561.6","3079.9","2698.4","2704.5",
"상용근로자(30인이상)","기계장비 및 소비용품 임대업(71)","정액및초과[천원]","천원","3941.1","2528.32264","2250.6","2129.3",
"상용근로자(30인이상)","기계장비 및 소비용품 임대업(71)","상여금등특별급여[천원]","천원","620.5","551.55865","447.9","575.2",
"상용근로자(30인이상)","기계장비 및 소비용품 임대업(71)","현금급여외 노동비용(계)[천원]","천원","949.7","488.9","485.5","489.3",
"상용근로자(30인이상)","기계장비 및 소비용품 임대업(71)","퇴직금등비용[천원]","천원","158.4","109.9","135.9","163",
"상용근로자(30인이상)","기계장비 및 소비용품 임대업(71)","현물지급비용[천원]","천원","0","0","3.4","4.4",
"상용근로자(30인이상)","기계장비 및 소비용품 임대업(71)","법정복리비[천원]","천원","376.8","195.9","188.6","199.1",
"상용근로자(30인이상)","기계장비 및 소비용품 임대업(71)","법정외복리비[천원]","천원","310","140.2","114.4","87.8",
"상용근로자(30인이상)","기계장비 및 소비용품 임대업(71)","채용관련비용(모집비)[천원]","천원","10.6",".2","2.8",".4",
"상용근로자(30인이상)","기계장비 및 소비용품 임대업(71)","교육훈련비[천원]","천원","93.7","41.2","37.8","28.5",
"상용근로자(30인이상)","기계장비 및 소비용품 임대업(71)","기타노동비용[천원]","천원",".2","1.6","2.7","6.1",
"상용근로자(30인이상)","사업 서비스업(72-75)","노동비용총액[천원]","천원","2921.6","2758.5","2499.1","2438.1",
"상용근로자(30인이상)","사업 서비스업(72-75)","현금급여총계[천원]","천원","2397.7","2287.3","2102.9","2035.6",
"상용근로자(30인이상)","사업 서비스업(72-75)","정액및초과[천원]","천원","2066.6","1996.44174","1825","1774.8",
"상용근로자(30인이상)","사업 서비스업(72-75)","상여금등특별급여[천원]","천원","331","290.81619","277.9","260.7",
"상용근로자(30인이상)","사업 서비스업(72-75)","현금급여외 노동비용(계)[천원]","천원","524","471.3","396.2","402.6",
"상용근로자(30인이상)","사업 서비스업(72-75)","퇴직금등비용[천원]","천원","169.4","160.7","139.1","143.4",
"상용근로자(30인이상)","사업 서비스업(72-75)","현물지급비용[천원]","천원","1",".5",".5","2.6",
"상용근로자(30인이상)","사업 서비스업(72-75)","법정복리비[천원]","천원","171.7","164.7","151.6","147.7",
"상용근로자(30인이상)","사업 서비스업(72-75)","법정외복리비[천원]","천원","153.8","118.4","81.4","85.2",
"상용근로자(30인이상)","사업 서비스업(72-75)","채용관련비용(모집비)[천원]","천원","4.1","3.5","2.7","3.1",
"상용근로자(30인이상)","사업 서비스업(72-75)","교육훈련비[천원]","천원","20","19.9","16.3","16",
"상용근로자(30인이상)","사업 서비스업(72-75)","기타노동비용[천원]","천원","4.1","3.6","4.5","4.6",
"상용근로자(30인이상)","정보처리 및 기타 컴퓨터 운용 관련업(72)","노동비용총액[천원]","천원","4137.8","4035.6","3408","3302.2",
"상용근로자(30인이상)","정보처리 및 기타 컴퓨터 운용 관련업(72)","현금급여총계[천원]","천원","3339.4","3342.5","2838.2","2681.5",
"상용근로자(30인이상)","정보처리 및 기타 컴퓨터 운용 관련업(72)","정액및초과[천원]","천원","2936.7","2948.09738","2493.7","2395.7",
"상용근로자(30인이상)","정보처리 및 기타 컴퓨터 운용 관련업(72)","상여금등특별급여[천원]","천원","402.7","394.39049","344.4","285.8",
"상용근로자(30인이상)","정보처리 및 기타 컴퓨터 운용 관련업(72)","현금급여외 노동비용(계)[천원]","천원","798.4","693.1","569.8","620.6",
"상용근로자(30인이상)","정보처리 및 기타 컴퓨터 운용 관련업(72)","퇴직금등비용[천원]","천원","315.8","211.6","214.5","243.3",
"상용근로자(30인이상)","정보처리 및 기타 컴퓨터 운용 관련업(72)","현물지급비용[천원]","천원",".6",".3",".2","2",
"상용근로자(30인이상)","정보처리 및 기타 컴퓨터 운용 관련업(72)","법정복리비[천원]","천원","236.8","227.4","197.2","196.7",
"상용근로자(30인이상)","정보처리 및 기타 컴퓨터 운용 관련업(72)","법정외복리비[천원]","천원","171.5","189.9","112.3","128.5",
"상용근로자(30인이상)","정보처리 및 기타 컴퓨터 운용 관련업(72)","채용관련비용(모집비)[천원]","천원","10.2","7.1","6.8","8",
"상용근로자(30인이상)","정보처리 및 기타 컴퓨터 운용 관련업(72)","교육훈련비[천원]","천원","54.9","50.7","34.2","34.2",
"상용근로자(30인이상)","정보처리 및 기타 컴퓨터 운용 관련업(72)","기타노동비용[천원]","천원","8.5","6.1","4.6","7.9",
"상용근로자(30인이상)","연구 및 개발업(73)","노동비용총액[천원]","천원","4460.6","4368.5","3896.5","3500.7",
"상용근로자(30인이상)","연구 및 개발업(73)","현금급여총계[천원]","천원","3661.8","3762.3","3224","2954.6",
"상용근로자(30인이상)","연구 및 개발업(73)","정액및초과[천원]","천원","2949.2","3127.48532","2812.4","2414.7",
"상용근로자(30인이상)","연구 및 개발업(73)","상여금등특별급여[천원]","천원","712.6","634.83908","411.6","539.9",
"상용근로자(30인이상)","연구 및 개발업(73)","현금급여외 노동비용(계)[천원]","천원","798.8","606.2","672.5","546.1",
"상용근로자(30인이상)","연구 및 개발업(73)","퇴직금등비용[천원]","천원","349.8","170.4","307.9","207.7",
"상용근로자(30인이상)","연구 및 개발업(73)","현물지급비용[천원]","천원","0","4.8","5.7",".7",
"상용근로자(30인이상)","연구 및 개발업(73)","법정복리비[천원]","천원","216.1","248.4","215.1","205.7",
"상용근로자(30인이상)","연구 및 개발업(73)","법정외복리비[천원]","천원","208.6","146.3","104.6","93.5",
"상용근로자(30인이상)","연구 및 개발업(73)","채용관련비용(모집비)[천원]","천원","5.9","9.9","15","13.1",
"상용근로자(30인이상)","연구 및 개발업(73)","교육훈련비[천원]","천원","18.4","19.9","19","21.8",
"상용근로자(30인이상)","연구 및 개발업(73)","기타노동비용[천원]","천원","0","6.5","5.3","3.6",
"상용근로자(30인이상)","전문, 과학 및 기술 서비스업(74)","노동비용총액[천원]","천원","4500.6","4282","3562.6","3668",
"상용근로자(30인이상)","전문, 과학 및 기술 서비스업(74)","현금급여총계[천원]","천원","3837.4","3561","3004.8","3053.6",
"상용근로자(30인이상)","전문, 과학 및 기술 서비스업(74)","정액및초과[천원]","천원","3126.8","2971.54491","2531.8","2585.8",
"상용근로자(30인이상)","전문, 과학 및 기술 서비스업(74)","상여금등특별급여[천원]","천원","710.5","589.44549","472.9","467.8",
"상용근로자(30인이상)","전문, 과학 및 기술 서비스업(74)","현금급여외 노동비용(계)[천원]","천원","663.2","721.1","557.9","614.3",
"상용근로자(30인이상)","전문, 과학 및 기술 서비스업(74)","퇴직금등비용[천원]","천원","253.4","267.5","188.2","222.5",
"상용근로자(30인이상)","전문, 과학 및 기술 서비스업(74)","현물지급비용[천원]","천원","1","1",".3",".7",
"상용근로자(30인이상)","전문, 과학 및 기술 서비스업(74)","법정복리비[천원]","천원","245.4","232.4","206.9","209.1",
"상용근로자(30인이상)","전문, 과학 및 기술 서비스업(74)","법정외복리비[천원]","천원","121.2","186.2","130.1","146.2",
"상용근로자(30인이상)","전문, 과학 및 기술 서비스업(74)","채용관련비용(모집비)[천원]","천원","5.9","1.7","2.1","1.4",
"상용근로자(30인이상)","전문, 과학 및 기술 서비스업(74)","교육훈련비[천원]","천원","30.5","26.9","25.9","28.2",
"상용근로자(30인이상)","전문, 과학 및 기술 서비스업(74)","기타노동비용[천원]","천원","5.9","5.5","4.4","6.3",
"상용근로자(30인이상)","사업지원 서비스업(75)","노동비용총액[천원]","천원","2125.5","1723","1579.6","1556.2",
"상용근로자(30인이상)","사업지원 서비스업(75)","현금급여총계[천원]","천원","1723.2","1424.5","1339.2","1331.1",
"상용근로자(30인이상)","사업지원 서비스업(75)","정액및초과[천원]","천원","1516.1","1280.78307","1186.2","1175.1",
"상용근로자(30인이상)","사업지원 서비스업(75)","상여금등특별급여[천원]","천원","207.1","143.69074","153","156",
"상용근로자(30인이상)","사업지원 서비스업(75)","현금급여외 노동비용(계)[천원]","천원","402.3","298.5","240.3","225.1",
"상용근로자(30인이상)","사업지원 서비스업(75)","퇴직금등비용[천원]","천원","101.8","104.4","80.4","69.8",
"상용근로자(30인이상)","사업지원 서비스업(75)","현물지급비용[천원]","천원","1.1",".3",".6","3.7",
"상용근로자(30인이상)","사업지원 서비스업(75)","법정복리비[천원]","천원","132","116.2","104.8","101.3",
"상용근로자(30인이상)","사업지원 서비스업(75)","법정외복리비[천원]","천원","156.9","67.4","44.6","42.3",
"상용근로자(30인이상)","사업지원 서비스업(75)","채용관련비용(모집비)[천원]","천원","1.7","2.6","1.1","1.8",
"상용근로자(30인이상)","사업지원 서비스업(75)","교육훈련비[천원]","천원","6.5","5.7","4.4","3.6",
"상용근로자(30인이상)","사업지원 서비스업(75)","기타노동비용[천원]","천원","2.3","1.9","4.4","2.6",
"상용근로자(30인이상)","기타공공,사회 및 개인 서비스업(87-93)(QR)","노동비용총액[천원]","천원","3481.3","3328.8","3091.4","2999.4",
"상용근로자(30인이상)","기타공공,사회 및 개인 서비스업(87-93)(QR)","현금급여총계[천원]","천원","2685.3","2636.8","2472.8","2426.9",
"상용근로자(30인이상)","기타공공,사회 및 개인 서비스업(87-93)(QR)","정액및초과[천원]","천원","2191.1","2075.77504","1959.8","1925.2",
"상용근로자(30인이상)","기타공공,사회 및 개인 서비스업(87-93)(QR)","상여금등특별급여[천원]","천원","494.3","561.01489","513","501.7",
"상용근로자(30인이상)","기타공공,사회 및 개인 서비스업(87-93)(QR)","현금급여외 노동비용(계)[천원]","천원","796","692","618.6","572.5",
"상용근로자(30인이상)","기타공공,사회 및 개인 서비스업(87-93)(QR)","퇴직금등비용[천원]","천원","259.7","224","226.2","197.1",
"상용근로자(30인이상)","기타공공,사회 및 개인 서비스업(87-93)(QR)","현물지급비용[천원]","천원","8","4.4","5.1","5.3",
"상용근로자(30인이상)","기타공공,사회 및 개인 서비스업(87-93)(QR)","법정복리비[천원]","천원","210.5","203.8","185.7","180.8",
"상용근로자(30인이상)","기타공공,사회 및 개인 서비스업(87-93)(QR)","법정외복리비[천원]","천원","278.4","226.7","174.6","165.2",
"상용근로자(30인이상)","기타공공,사회 및 개인 서비스업(87-93)(QR)","채용관련비용(모집비)[천원]","천원","2.5","2.1","1.8","1.7",
"상용근로자(30인이상)","기타공공,사회 및 개인 서비스업(87-93)(QR)","교육훈련비[천원]","천원","27.1","22.6","17.4","15.3",
"상용근로자(30인이상)","기타공공,사회 및 개인 서비스업(87-93)(QR)","기타노동비용[천원]","천원","9.8","8.4","7.8","7.1",
"상용근로자(30인이상)","오락, 문화 및 운동관련 서비스업(87-88)","노동비용총액[천원]","천원","3809.1","3800.2","3529.4","3507.4",
"상용근로자(30인이상)","오락, 문화 및 운동관련 서비스업(87-88)","현금급여총계[천원]","천원","2932.3","2971.9","2773.9","2782.3",
"상용근로자(30인이상)","오락, 문화 및 운동관련 서비스업(87-88)","정액및초과[천원]","천원","2306.7","2258.0602","2110.7","2135.9",
"상용근로자(30인이상)","오락, 문화 및 운동관련 서비스업(87-88)","상여금등특별급여[천원]","천원","625.6","713.88032","663.1","646.3",
"상용근로자(30인이상)","오락, 문화 및 운동관련 서비스업(87-88)","현금급여외 노동비용(계)[천원]","천원","876.8","828.3","755.5","725.1",
"상용근로자(30인이상)","오락, 문화 및 운동관련 서비스업(87-88)","퇴직금등비용[천원]","천원","299.6","297.9","305.1","270.2",
"상용근로자(30인이상)","오락, 문화 및 운동관련 서비스업(87-88)","현물지급비용[천원]","천원","11.6","7.7","8.8","7.9",
"상용근로자(30인이상)","오락, 문화 및 운동관련 서비스업(87-88)","법정복리비[천원]","천원","211.7","213.4","193.8","195.5",
"상용근로자(30인이상)","오락, 문화 및 운동관련 서비스업(87-88)","법정외복리비[천원]","천원","302.4","262.9","209.6","216.6",
"상용근로자(30인이상)","오락, 문화 및 운동관련 서비스업(87-88)","채용관련비용(모집비)[천원]","천원","3.3","2.9","2.1","2.1",
"상용근로자(30인이상)","오락, 문화 및 운동관련 서비스업(87-88)","교육훈련비[천원]","천원","37","34","26.8","23.5",
"상용근로자(30인이상)","오락, 문화 및 운동관련 서비스업(87-88)","기타노동비용[천원]","천원","11.2","9.6","9.2","9.3",
"상용근로자(30인이상)","영화, 방송 및 공연산업(87)","노동비용총액[천원]","천원","4045.3","4605.8","4159.4","4213.5",
"상용근로자(30인이상)","영화, 방송 및 공연산업(87)","현금급여총계[천원]","천원","3191.6","3616","3202.9","3326.3",
"상용근로자(30인이상)","영화, 방송 및 공연산업(87)","정액및초과[천원]","천원","2600.5","2666.58844","2403.6","2531.8",
"상용근로자(30인이상)","영화, 방송 및 공연산업(87)","상여금등특별급여[천원]","천원","591.2","949.40002","799.3","794.5",
"상용근로자(30인이상)","영화, 방송 및 공연산업(87)","현금급여외 노동비용(계)[천원]","천원","853.7","989.8","956.4","887.1",
"상용근로자(30인이상)","영화, 방송 및 공연산업(87)","퇴직금등비용[천원]","천원","324.3","415.9","469.6","382.1",
"상용근로자(30인이상)","영화, 방송 및 공연산업(87)","현물지급비용[천원]","천원","7.6","1.4","2.7","1.8",
"상용근로자(30인이상)","영화, 방송 및 공연산업(87)","법정복리비[천원]","천원","216.3","245.6","210.4","221.6",
"상용근로자(30인이상)","영화, 방송 및 공연산업(87)","법정외복리비[천원]","천원","258","268.6","228.3","245.1",
"상용근로자(30인이상)","영화, 방송 및 공연산업(87)","채용관련비용(모집비)[천원]","천원","1.8","2.9","2.3","2.1",
"상용근로자(30인이상)","영화, 방송 및 공연산업(87)","교육훈련비[천원]","천원","33.3","46.6","32.4","24.1",
"상용근로자(30인이상)","영화, 방송 및 공연산업(87)","기타노동비용[천원]","천원","12.5","8.9","10.7","10.3",
"상용근로자(30인이상)","기타오락, 문화 및 운동관련 산업(88)","노동비용총액[천원]","천원","3586.3","3056.6","3000.2","2942.4",
"상용근로자(30인이상)","기타오락, 문화 및 운동관련 산업(88)","현금급여총계[천원]","천원","2687.8","2377.4","2413.5","2346.9",
"상용근로자(30인이상)","기타오락, 문화 및 운동관련 산업(88)","정액및초과[천원]","천원","2029.6","1880.9328","1864.7","1819.1",
"상용근로자(30인이상)","기타오락, 문화 및 운동관련 산업(88)","상여금등특별급여[천원]","천원","658.1","496.46345","548.8","527.8",
"상용근로자(30인이상)","기타오락, 문화 및 운동관련 산업(88)","현금급여외 노동비용(계)[천원]","천원","898.5","679.2","586.7","595.5",
"상용근로자(30인이상)","기타오락, 문화 및 운동관련 산업(88)","퇴직금등비용[천원]","천원","276.3","189","167","180.6",
"상용근로자(30인이상)","기타오락, 문화 및 운동관련 산업(88)","현물지급비용[천원]","천원","15.3","13.5","13.9","12.8",
"상용근로자(30인이상)","기타오락, 문화 및 운동관련 산업(88)","법정복리비[천원]","천원","207.5","183.6","179.9","174.6",
"상용근로자(30인이상)","기타오락, 문화 및 운동관련 산업(88)","법정외복리비[천원]","천원","344.3","257.6","194","193.7",
"상용근로자(30인이상)","기타오락, 문화 및 운동관련 산업(88)","채용관련비용(모집비)[천원]","천원","4.7","2.9","2","2",
"상용근로자(30인이상)","기타오락, 문화 및 운동관련 산업(88)","교육훈련비[천원]","천원","40.4","22.4","22","23.1",
"상용근로자(30인이상)","기타오락, 문화 및 운동관련 산업(88)","기타노동비용[천원]","천원","10","10.3","7.9","8.5",
"상용근로자(30인이상)","기타공공, 수리 및 개인서비스업(90-93)","노동비용총액[천원]","천원","2957.4","2698","2565.5","2396",
"상용근로자(30인이상)","기타공공, 수리 및 개인서비스업(90-93)","현금급여총계[천원]","천원","2290.5","2188.4","2111.2","2004.8",
"상용근로자(30인이상)","기타공공, 수리 및 개인서비스업(90-93)","정액및초과[천원]","천원","2006.2","1831.89952","1778.6","1674.9",
"상용근로자(30인이상)","기타공공, 수리 및 개인서비스업(90-93)","상여금등특별급여[천원]","천원","284.3","356.49943","332.6","329.9",
"상용근로자(30인이상)","기타공공, 수리 및 개인서비스업(90-93)","현금급여외 노동비용(계)[천원]","천원","666.9","509.6","454.3","391.3",
"상용근로자(30인이상)","기타공공, 수리 및 개인서비스업(90-93)","퇴직금등비용[천원]","천원","195.8","125.1","131.5","110.4",
"상용근로자(30인이상)","기타공공, 수리 및 개인서비스업(90-93)","현물지급비용[천원]","천원","2.3","0",".6","2.2",
"상용근로자(30인이상)","기타공공, 수리 및 개인서비스업(90-93)","법정복리비[천원]","천원","208.5","190.9","175.9","163.3",
"상용근로자(30인이상)","기타공공, 수리 및 개인서비스업(90-93)","법정외복리비[천원]","천원","239.9","178.3","132.5","104.1",
"상용근로자(30인이상)","기타공공, 수리 및 개인서비스업(90-93)","채용관련비용(모집비)[천원]","천원","1.3","1","1.5","1.3",
"상용근로자(30인이상)","기타공공, 수리 및 개인서비스업(90-93)","교육훈련비[천원]","천원","11.4","7.4","6.1","5.5",
"상용근로자(30인이상)","기타공공, 수리 및 개인서비스업(90-93)","기타노동비용[천원]","천원","7.5","6.8","6.2","4.4",
"상용근로자(30인이상)","하수처리, 폐기물처리 및 청소관련 서비스업(90)","노동비용총액[천원]","천원","2848","2773.4","2792.3","2641.7",
"상용근로자(30인이상)","하수처리, 폐기물처리 및 청소관련 서비스업(90)","현금급여총계[천원]","천원","2278.5","2258.3","2313.8","2202.4",
"상용근로자(30인이상)","하수처리, 폐기물처리 및 청소관련 서비스업(90)","정액및초과[천원]","천원","1914","1969.03562","2004","1894.4",
"상용근로자(30인이상)","하수처리, 폐기물처리 및 청소관련 서비스업(90)","상여금등특별급여[천원]","천원","364.5","289.2654","309.8","308",
"상용근로자(30인이상)","하수처리, 폐기물처리 및 청소관련 서비스업(90)","현금급여외 노동비용(계)[천원]","천원","569.4","515.1","478.5","439.3",
"상용근로자(30인이상)","하수처리, 폐기물처리 및 청소관련 서비스업(90)","퇴직금등비용[천원]","천원","98.7","144.4","138.6","119",
"상용근로자(30인이상)","하수처리, 폐기물처리 및 청소관련 서비스업(90)","현물지급비용[천원]","천원","0","0",".6",".5",
"상용근로자(30인이상)","하수처리, 폐기물처리 및 청소관련 서비스업(90)","법정복리비[천원]","천원","219.9","222.7","215.1","203",
"상용근로자(30인이상)","하수처리, 폐기물처리 및 청소관련 서비스업(90)","법정외복리비[천원]","천원","244.3","137.8","112.5","107.4",
"상용근로자(30인이상)","하수처리, 폐기물처리 및 청소관련 서비스업(90)","채용관련비용(모집비)[천원]","천원","1.2",".3",".1",".9",
"상용근로자(30인이상)","하수처리, 폐기물처리 및 청소관련 서비스업(90)","교육훈련비[천원]","천원",".2","2","3.1","3",
"상용근로자(30인이상)","하수처리, 폐기물처리 및 청소관련 서비스업(90)","기타노동비용[천원]","천원","5.2","7.9","8.5","5.6",
"상용근로자(30인이상)","회원단체(91)","노동비용총액[천원]","천원","","0","3793.4","3515.1",
"상용근로자(30인이상)","회원단체(91)","현금급여총계[천원]","천원","","0","3321.8","3099.4",
"상용근로자(30인이상)","회원단체(91)","정액및초과[천원]","천원","","0","2469.4","2013.7",
"상용근로자(30인이상)","회원단체(91)","상여금등특별급여[천원]","천원","","0","852.3","1085.7",
"상용근로자(30인이상)","회원단체(91)","현금급여외 노동비용(계)[천원]","천원","","0","471.7","415.7",
"상용근로자(30인이상)","회원단체(91)","퇴직금등비용[천원]","천원","","0","130.2","44.1",
"상용근로자(30인이상)","회원단체(91)","현물지급비용[천원]","천원","","0","0","0",
"상용근로자(30인이상)","회원단체(91)","법정복리비[천원]","천원","","0","213.2","231.8",
"상용근로자(30인이상)","회원단체(91)","법정외복리비[천원]","천원","","0","123","139.8",
"상용근로자(30인이상)","회원단체(91)","채용관련비용(모집비)[천원]","천원","","0","0","0",
"상용근로자(30인이상)","회원단체(91)","교육훈련비[천원]","천원","","0","2.3","0",
"상용근로자(30인이상)","회원단체(91)","기타노동비용[천원]","천원","","0","2.9","0",
"상용근로자(30인이상)","수리업(92)","노동비용총액[천원]","천원","3066.8","2793.9","2566.9","2370.8",
"상용근로자(30인이상)","수리업(92)","현금급여총계[천원]","천원","2400.9","2252.2","2093.3","1990",
"상용근로자(30인이상)","수리업(92)","정액및초과[천원]","천원","2097.6","1819.86443","1728","1617.2",
"상용근로자(30인이상)","수리업(92)","상여금등특별급여[천원]","천원","303.3","432.35138","365.4","372.8",
"상용근로자(30인이상)","수리업(92)","현금급여외 노동비용(계)[천원]","천원","665.9","541.7","473.6","380.8",
"상용근로자(30인이상)","수리업(92)","퇴직금등비용[천원]","천원","158.8","124.5","137.6","108",
"상용근로자(30인이상)","수리업(92)","현물지급비용[천원]","천원","3.8","0",".6","3.4",
"상용근로자(30인이상)","수리업(92)","법정복리비[천원]","천원","200.9","185.7","167.5","151.4",
"상용근로자(30인이상)","수리업(92)","법정외복리비[천원]","천원","272.3","211.7","151.5","104.3",
"상용근로자(30인이상)","수리업(92)","채용관련비용(모집비)[천원]","천원","1.3","1.4","2.3","1.6",
"상용근로자(30인이상)","수리업(92)","교육훈련비[천원]","천원","19","11.7","8.5","7.6",
"상용근로자(30인이상)","수리업(92)","기타노동비용[천원]","천원","9.8","6.6","5.6","4.5",
"상용근로자(30인이상)","기타 서비스업(93)","노동비용총액[천원]","천원","2789.1","1877.4","1794.9","1711.3",
"상용근로자(30인이상)","기타 서비스업(93)","현금급여총계[천원]","천원","2027.9","1573.1","1534.5","1418.7",
"상용근로자(30인이상)","기타 서비스업(93)","정액및초과[천원]","천원","1866.5","1419.05038","1353.1","1271.1",
"상용근로자(30인이상)","기타 서비스업(93)","상여금등특별급여[천원]","천원","161.5","154.09822","181.4","147.6",
"상용근로자(30인이상)","기타 서비스업(93)","현금급여외 노동비용(계)[천원]","천원","761.2","304.2","260.4","292.6",
"상용근로자(30인이상)","기타 서비스업(93)","퇴직금등비용[천원]","천원","379.4","60.2","71.6","97.4",
"상용근로자(30인이상)","기타 서비스업(93)","현물지급비용[천원]","천원",".7","0",".6","1.5",
"상용근로자(30인이상)","기타 서비스업(93)","법정복리비[천원]","천원","216.6","109.7","102.9","97.7",
"상용근로자(30인이상)","기타 서비스업(93)","법정외복리비[천원]","천원","155.6","127.8","79.6","92",
"상용근로자(30인이상)","기타 서비스업(93)","채용관련비용(모집비)[천원]","천원","1.4","1.8","1.4","1.1",
"상용근로자(30인이상)","기타 서비스업(93)","교육훈련비[천원]","천원","3.2","1.1","1.3","2.6",
"상용근로자(30인이상)","기타 서비스업(93)","기타노동비용[천원]","천원","4.2","3.7","3",".2",
"중소기업(10~299인)","전산업","노동비용총액[천원]","천원","2846.8","2706.9","2525.5","2372.2",
"중소기업(10~299인)","전산업","현금급여총계[천원]","천원","2271.8","2155.2","2034.4","1924.4",
"중소기업(10~299인)","전산업","정액및초과[천원]","천원","1959.7","1856.5779","1741.8","1640.6",
"중소기업(10~299인)","전산업","상여금등특별급여[천원]","천원","312.1","298.60292","292.6","283.8",
"중소기업(10~299인)","전산업","현금급여외 노동비용(계)[천원]","천원","575","551.7","491.1","447.8",
"중소기업(10~299인)","전산업","퇴직금등비용[천원]","천원","180.7","179.1","171.1","150.8",
"중소기업(10~299인)","전산업","현물지급비용[천원]","천원","2","2.8","2.7","4.6",
"중소기업(10~299인)","전산업","법정복리비[천원]","천원","197.8","186.9","166.1","152.9",
"중소기업(10~299인)","전산업","법정외복리비[천원]","천원","179.6","168.4","136.2","122.7",
"중소기업(10~299인)","전산업","채용관련비용(모집비)[천원]","천원","1.9","1.9","2","2.3",
"중소기업(10~299인)","전산업","교육훈련비[천원]","천원","8.3","8","7.7","7.7",
"중소기업(10~299인)","전산업","기타노동비용[천원]","천원","4.9","4.6","5.3","6.8",
"중소기업(10~299인)","광업 및 제조업 (10-37)(CD)","노동비용총액[천원]","천원","2868.2","2814.5","2572.2","2390.1",
"중소기업(10~299인)","광업 및 제조업 (10-37)(CD)","현금급여총계[천원]","천원","2258.3","2212.9","2040.2","1917.5",
"중소기업(10~299인)","광업 및 제조업 (10-37)(CD)","정액및초과[천원]","천원","1928.2","1868.2896","1717.9","1611.5",
"중소기업(10~299인)","광업 및 제조업 (10-37)(CD)","상여금등특별급여[천원]","천원","330.1","344.65481","322.4","306",
"중소기업(10~299인)","광업 및 제조업 (10-37)(CD)","현금급여외 노동비용(계)[천원]","천원","609.9","601.5","532","472.6",
"중소기업(10~299인)","광업 및 제조업 (10-37)(CD)","퇴직금등비용[천원]","천원","198","196.3","191.9","160",
"중소기업(10~299인)","광업 및 제조업 (10-37)(CD)","현물지급비용[천원]","천원","2.3","4.8","3.8","3.1",
"중소기업(10~299인)","광업 및 제조업 (10-37)(CD)","법정복리비[천원]","천원","194.9","195.7","167.3","153.5",
"중소기업(10~299인)","광업 및 제조업 (10-37)(CD)","법정외복리비[천원]","천원","199","188.9","154.3","138.8",
"중소기업(10~299인)","광업 및 제조업 (10-37)(CD)","채용관련비용(모집비)[천원]","천원","1.6","1.9","1.6","1.7",
"중소기업(10~299인)","광업 및 제조업 (10-37)(CD)","교육훈련비[천원]","천원","8.9","8.1","7.1","7.2",
"중소기업(10~299인)","광업 및 제조업 (10-37)(CD)","기타노동비용[천원]","천원","5.3","5.9","5.9","8.2",
"중소기업(10~299인)","광 업(10-12)","노동비용총액[천원]","천원","3345.6","3153.6","3042.1","2839.1",
"중소기업(10~299인)","광 업(10-12)","현금급여총계[천원]","천원","2545.7","2454.7","2380.9","2209.3",
"중소기업(10~299인)","광 업(10-12)","정액및초과[천원]","천원","2193.5","2102.1591","1961.5","1855",
"중소기업(10~299인)","광 업(10-12)","상여금등특별급여[천원]","천원","352.2","352.57425","419.4","354.3",
"중소기업(10~299인)","광 업(10-12)","현금급여외 노동비용(계)[천원]","천원","799.9","698.8","661.2","629.7",
"중소기업(10~299인)","광 업(10-12)","퇴직금등비용[천원]","천원","184.9","130.4","141.2","145.6",
"중소기업(10~299인)","광 업(10-12)","현물지급비용[천원]","천원","1.4","3.9","3.7","4.3",
"중소기업(10~299인)","광 업(10-12)","법정복리비[천원]","천원","373.4","345.1","330.1","316.5",
"중소기업(10~299인)","광 업(10-12)","법정외복리비[천원]","천원","222.7","203.3","179.4","155.3",
"중소기업(10~299인)","광 업(10-12)","채용관련비용(모집비)[천원]","천원",".1",".7",".6","1.6",
"중소기업(10~299인)","광 업(10-12)","교육훈련비[천원]","천원","1.7","1.6","1.1","1.5",
"중소기업(10~299인)","광 업(10-12)","기타노동비용[천원]","천원","15.7","13.8","5.2","5",
"중소기업(10~299인)","제 조 업(15-37)","노동비용총액[천원]","천원","2864.7","2812.9","2568.7","2386.6",
"중소기업(10~299인)","제 조 업(15-37)","현금급여총계[천원]","천원","2256.2","2211.8","2037.7","1915.3",
"중소기업(10~299인)","제 조 업(15-37)","정액및초과[천원]","천원","1926.2","1867.19477","1716","1609.6",
"중소기업(10~299인)","제 조 업(15-37)","상여금등특별급여[천원]","천원","330","344.61773","321.6","305.7",
"중소기업(10~299인)","제 조 업(15-37)","현금급여외 노동비용(계)[천원]","천원","608.5","601.1","531","471.4",
"중소기업(10~299인)","제 조 업(15-37)","퇴직금등비용[천원]","천원","198.1","196.6","192.3","160.1",
"중소기업(10~299인)","제 조 업(15-37)","현물지급비용[천원]","천원","2.3","4.8","3.8","3.1",
"중소기업(10~299인)","제 조 업(15-37)","법정복리비[천원]","천원","193.6","195","166.1","152.3",
"중소기업(10~299인)","제 조 업(15-37)","법정외복리비[천원]","천원","198.9","188.9","154.1","138.7",
"중소기업(10~299인)","제 조 업(15-37)","채용관련비용(모집비)[천원]","천원","1.6","1.9","1.6","1.7",
"중소기업(10~299인)","제 조 업(15-37)","교육훈련비[천원]","천원","8.9","8.1","7.2","7.3",
"중소기업(10~299인)","제 조 업(15-37)","기타노동비용[천원]","천원","5.2","5.8","6","8.2",
"중소기업(10~299인)","사회간접자본 및 기타서비스업(40-93)(E-R)","노동비용총액[천원]","천원","2826.7","2620.7","2477.5","2354.3",
"중소기업(10~299인)","사회간접자본 및 기타서비스업(40-93)(E-R)","현금급여총계[천원]","천원","2284.4","2108.9","2028.4","1931.2",
"중소기업(10~299인)","사회간접자본 및 기타서비스업(40-93)(E-R)","정액및초과[천원]","천원","1989.3","1847.198","1766.4","1669.8",
"중소기업(10~299인)","사회간접자본 및 기타서비스업(40-93)(E-R)","상여금등특별급여[천원]","천원","295.1","261.72","262","261.5",
"중소기업(10~299인)","사회간접자본 및 기타서비스업(40-93)(E-R)","현금급여외 노동비용(계)[천원]","천원","542.3","511.7","449.1","423",
"중소기업(10~299인)","사회간접자본 및 기타서비스업(40-93)(E-R)","퇴직금등비용[천원]","천원","164.4","165.3","149.8","141.7",
"중소기업(10~299인)","사회간접자본 및 기타서비스업(40-93)(E-R)","현물지급비용[천원]","천원","1.7","1.3","1.7","6.1",
"중소기업(10~299인)","사회간접자본 및 기타서비스업(40-93)(E-R)","법정복리비[천원]","천원","200.5","179.8","164.9","152.3",
"중소기업(10~299인)","사회간접자본 및 기타서비스업(40-93)(E-R)","법정외복리비[천원]","천원","161.3","152","117.6","106.5",
"중소기업(10~299인)","사회간접자본 및 기타서비스업(40-93)(E-R)","채용관련비용(모집비)[천원]","천원","2.2","1.9","2.4","3",
"중소기업(10~299인)","사회간접자본 및 기타서비스업(40-93)(E-R)","교육훈련비[천원]","천원","7.7","7.9","8.2","8.1",
"중소기업(10~299인)","사회간접자본 및 기타서비스업(40-93)(E-R)","기타노동비용[천원]","천원","4.5","3.6","4.6","5.4",
"중소기업(10~299인)","전기, 가스 및 수도사업(40-41)","노동비용총액[천원]","천원","5384.5","4806.5","4720.2","4214.6",
"중소기업(10~299인)","전기, 가스 및 수도사업(40-41)","현금급여총계[천원]","천원","4432.6","4005.6","3936.7","3503.6",
"중소기업(10~299인)","전기, 가스 및 수도사업(40-41)","정액및초과[천원]","천원","3012.2","2647.63051","2558.8","2428.6",
"중소기업(10~299인)","전기, 가스 및 수도사업(40-41)","상여금등특별급여[천원]","천원","1420.4","1357.93993","1377.9","1075",
"중소기업(10~299인)","전기, 가스 및 수도사업(40-41)","현금급여외 노동비용(계)[천원]","천원","951.9","800.9","783.5","711",
"중소기업(10~299인)","전기, 가스 및 수도사업(40-41)","퇴직금등비용[천원]","천원","245.8","225.7","194.4","177.5",
"중소기업(10~299인)","전기, 가스 및 수도사업(40-41)","현물지급비용[천원]","천원","0","9.8","9","21",
"중소기업(10~299인)","전기, 가스 및 수도사업(40-41)","법정복리비[천원]","천원","308.2","270.5","264.3","235.1",
"중소기업(10~299인)","전기, 가스 및 수도사업(40-41)","법정외복리비[천원]","천원","322.5","214.4","230.5","210.5",
"중소기업(10~299인)","전기, 가스 및 수도사업(40-41)","채용관련비용(모집비)[천원]","천원","1.5","1.2","1.2",".3",
"중소기업(10~299인)","전기, 가스 및 수도사업(40-41)","교육훈련비[천원]","천원","45.6","55.6","59.8","47.8",
"중소기업(10~299인)","전기, 가스 및 수도사업(40-41)","기타노동비용[천원]","천원","28.3","23.6","24.3","18.9",
"중소기업(10~299인)","건설업(45-46)","노동비용총액[천원]","천원","2966.4","2566.3","2607.2","2331.4",
"중소기업(10~299인)","건설업(45-46)","현금급여총계[천원]","천원","2325.5","1960.5","2040.2","1871.8",
"중소기업(10~299인)","건설업(45-46)","정액및초과[천원]","천원","2090","1769.94561","1836.9","1673.4",
"중소기업(10~299인)","건설업(45-46)","상여금등특별급여[천원]","천원","235.5","190.51994","203.2","198.5",
"중소기업(10~299인)","건설업(45-46)","현금급여외 노동비용(계)[천원]","천원","641","605.9","567","459.5",
"중소기업(10~299인)","건설업(45-46)","퇴직금등비용[천원]","천원","166.1","166.9","153.4","118.5",
"중소기업(10~299인)","건설업(45-46)","현물지급비용[천원]","천원","1.3",".5",".6","6.9",
"중소기업(10~299인)","건설업(45-46)","법정복리비[천원]","천원","285.5","255","243","200.6",
"중소기업(10~299인)","건설업(45-46)","법정외복리비[천원]","천원","179.4","176.7","160.7","118.4",
"중소기업(10~299인)","건설업(45-46)","채용관련비용(모집비)[천원]","천원","1.3",".4",".8","5.6",
"중소기업(10~299인)","건설업(45-46)","교육훈련비[천원]","천원","3.9","4.4","5.2","4.9",
"중소기업(10~299인)","건설업(45-46)","기타노동비용[천원]","천원","3.5","2.2","3.3","4.8",
"중소기업(10~299인)","도매 및 소매업 숙박 및 음식점업(50-55) (GH)","노동비용총액[천원]","천원","2956.5","2930.2","2732.2","2593.9",
"중소기업(10~299인)","도매 및 소매업 숙박 및 음식점업(50-55) (GH)","현금급여총계[천원]","천원","2423.3","2372.6","2249.9","2135.2",
"중소기업(10~299인)","도매 및 소매업 숙박 및 음식점업(50-55) (GH)","정액및초과[천원]","천원","2097.1","2063.12937","1953.7","1831.4",
"중소기업(10~299인)","도매 및 소매업 숙박 및 음식점업(50-55) (GH)","상여금등특별급여[천원]","천원","326.2","309.45038","296.1","303.8",
"중소기업(10~299인)","도매 및 소매업 숙박 및 음식점업(50-55) (GH)","현금급여외 노동비용(계)[천원]","천원","533.1","557.7","482.3","458.7",
"중소기업(10~299인)","도매 및 소매업 숙박 및 음식점업(50-55) (GH)","퇴직금등비용[천원]","천원","193.2","187.3","170.1","161.6",
"중소기업(10~299인)","도매 및 소매업 숙박 및 음식점업(50-55) (GH)","현물지급비용[천원]","천원","1.5","1.9","3.5","4.3",
"중소기업(10~299인)","도매 및 소매업 숙박 및 음식점업(50-55) (GH)","법정복리비[천원]","천원","171.8","173.2","158","149.5",
"중소기업(10~299인)","도매 및 소매업 숙박 및 음식점업(50-55) (GH)","법정외복리비[천원]","천원","149.1","177.7","129.4","125.4",
"중소기업(10~299인)","도매 및 소매업 숙박 및 음식점업(50-55) (GH)","채용관련비용(모집비)[천원]","천원","3.1","2.4","4.3","3.7",
"중소기업(10~299인)","도매 및 소매업 숙박 및 음식점업(50-55) (GH)","교육훈련비[천원]","천원","10.7","10.3","9.9","11",
"중소기업(10~299인)","도매 및 소매업 숙박 및 음식점업(50-55) (GH)","기타노동비용[천원]","천원","3.8","4.9","7.1","3.2",
"중소기업(10~299인)","도매 및 소매업(50-52)","노동비용총액[천원]","천원","3017.3","3018.1","2837.7","2699.7",
"중소기업(10~299인)","도매 및 소매업(50-52)","현금급여총계[천원]","천원","2479.1","2445.7","2342","2227.9",
"중소기업(10~299인)","도매 및 소매업(50-52)","정액및초과[천원]","천원","2138.1","2121.90536","2029.8","1904.5",
"중소기업(10~299인)","도매 및 소매업(50-52)","상여금등특별급여[천원]","천원","341","323.82705","312.2","323.4",
"중소기업(10~299인)","도매 및 소매업(50-52)","현금급여외 노동비용(계)[천원]","천원","538.2","572.3","495.7","471.8",
"중소기업(10~299인)","도매 및 소매업(50-52)","퇴직금등비용[천원]","천원","194.8","191.1","174.6","165.7",
"중소기업(10~299인)","도매 및 소매업(50-52)","현물지급비용[천원]","천원","1.5","1.9","3.5","3.4",
"중소기업(10~299인)","도매 및 소매업(50-52)","법정복리비[천원]","천원","174.1","178.2","163.8","154.8",
"중소기업(10~299인)","도매 및 소매업(50-52)","법정외복리비[천원]","천원","151.7","184.1","132.8","129",
"중소기업(10~299인)","도매 및 소매업(50-52)","채용관련비용(모집비)[천원]","천원","2.8","2.4","4.7","3.9",
"중소기업(10~299인)","도매 및 소매업(50-52)","교육훈련비[천원]","천원","11","10.7","10.6","11.9",
"중소기업(10~299인)","도매 및 소매업(50-52)","기타노동비용[천원]","천원","2.5","3.8","5.7","3.1",
"중소기업(10~299인)","숙박 및 음식점업(55)","노동비용총액[천원]","천원","2369.8","1981.4","2038.4","1872.6",
"중소기업(10~299인)","숙박 및 음식점업(55)","현금급여총계[천원]","천원","1885.5","1582.4","1644","1502.9",
"중소기업(10~299인)","숙박 및 음식점업(55)","정액및초과[천원]","천원","1702.4","1428.22504","1453.2","1332.6",
"중소기업(10~299인)","숙박 및 음식점업(55)","상여금등특별급여[천원]","천원","183.1","154.15214","190.8","170.3",
"중소기업(10~299인)","숙박 및 음식점업(55)","현금급여외 노동비용(계)[천원]","천원","484.3","399","394.4","369.6",
"중소기업(10~299인)","숙박 및 음식점업(55)","퇴직금등비용[천원]","천원","178.4","146.2","140.6","133.5",
"중소기업(10~299인)","숙박 및 음식점업(55)","현물지급비용[천원]","천원","1.5","1.9","3.4","10.1",
"중소기업(10~299인)","숙박 및 음식점업(55)","법정복리비[천원]","천원","150.1","118.4","119.9","113.4",
"중소기업(10~299인)","숙박 및 음식점업(55)","법정외복리비[천원]","천원","124.2","107.7","107.1","100.8",
"중소기업(10~299인)","숙박 및 음식점업(55)","채용관련비용(모집비)[천원]","천원","5.8","2","2","2.6",
"중소기업(10~299인)","숙박 및 음식점업(55)","교육훈련비[천원]","천원","7.4","5.8","5.2","5.4",
"중소기업(10~299인)","숙박 및 음식점업(55)","기타노동비용[천원]","천원","16.9","17.1","16.1","3.8",
"중소기업(10~299인)","운수업, 창고 및 통신업(60-64) (IJ)","노동비용총액[천원]","천원","2091.2","1936.9","1894.9","1910.9",
"중소기업(10~299인)","운수업, 창고 및 통신업(60-64) (IJ)","현금급여총계[천원]","천원","1682.2","1556.1","1549.4","1567.1",
"중소기업(10~299인)","운수업, 창고 및 통신업(60-64) (IJ)","정액및초과[천원]","천원","1447.5","1350.96502","1333.7","1320.4",
"중소기업(10~299인)","운수업, 창고 및 통신업(60-64) (IJ)","상여금등특별급여[천원]","천원","234.6","205.10583","215.6","246.7",
"중소기업(10~299인)","운수업, 창고 및 통신업(60-64) (IJ)","현금급여외 노동비용(계)[천원]","천원","409","380.9","345.5","343.8",
"중소기업(10~299인)","운수업, 창고 및 통신업(60-64) (IJ)","퇴직금등비용[천원]","천원","148.7","133.1","116.3","105.5",
"중소기업(10~299인)","운수업, 창고 및 통신업(60-64) (IJ)","현물지급비용[천원]","천원","1.6","1.7","1.5","10.7",
"중소기업(10~299인)","운수업, 창고 및 통신업(60-64) (IJ)","법정복리비[천원]","천원","149.2","140.7","131","127.6",
"중소기업(10~299인)","운수업, 창고 및 통신업(60-64) (IJ)","법정외복리비[천원]","천원","102.3","99.2","90.3","87",
"중소기업(10~299인)","운수업, 창고 및 통신업(60-64) (IJ)","채용관련비용(모집비)[천원]","천원",".8",".7",".9",".9",
"중소기업(10~299인)","운수업, 창고 및 통신업(60-64) (IJ)","교육훈련비[천원]","천원","2","2.7","3.5","4.2",
"중소기업(10~299인)","운수업, 창고 및 통신업(60-64) (IJ)","기타노동비용[천원]","천원","4.5","2.7","2.1","7.9",
"중소기업(10~299인)","운수업(60-63)","노동비용총액[천원]","천원","2025.6","1882.3","1844.9","1872.4",
"중소기업(10~299인)","운수업(60-63)","현금급여총계[천원]","천원","1621.3","1509.2","1507","1533.1",
"중소기업(10~299인)","운수업(60-63)","정액및초과[천원]","천원","1379","1307.08646","1291.6","1284.5",
"중소기업(10~299인)","운수업(60-63)","상여금등특별급여[천원]","천원","242.3","202.10931","215.4","248.5",
"중소기업(10~299인)","운수업(60-63)","현금급여외 노동비용(계)[천원]","천원","404.3","373.1","337.9","339.3",
"중소기업(10~299인)","운수업(60-63)","퇴직금등비용[천원]","천원","142.9","130.7","114.4","104.6",
"중소기업(10~299인)","운수업(60-63)","현물지급비용[천원]","천원","1.6","1.7","1.5","11",
"중소기업(10~299인)","운수업(60-63)","법정복리비[천원]","천원","147.1","138.7","128.8","125.4",
"중소기업(10~299인)","운수업(60-63)","법정외복리비[천원]","천원","105.5","97.2","88.1","86.2",
"중소기업(10~299인)","운수업(60-63)","채용관련비용(모집비)[천원]","천원",".5",".6",".6",".7",
"중소기업(10~299인)","운수업(60-63)","교육훈련비[천원]","천원","1.9","1.6","2.5","3.4",
"중소기업(10~299인)","운수업(60-63)","기타노동비용[천원]","천원","4.9","2.6","2","8",
"중소기업(10~299인)","통신업(64)","노동비용총액[천원]","천원","2916.9","3190.4","3052.4","2831.3",
"중소기업(10~299인)","통신업(64)","현금급여총계[천원]","천원","2449.4","2632.1","2531.6","2379.8",
"중소기업(10~299인)","통신업(64)","정액및초과[천원]","천원","2311.3","2358.18781","2310.2","2176.4",
"중소기업(10~299인)","통신업(64)","상여금등특별급여[천원]","천원","138.1","273.89025","221.3","203.4",
"중소기업(10~299인)","통신업(64)","현금급여외 노동비용(계)[천원]","천원","467.5","558.3","520.9","451.5",
"중소기업(10~299인)","통신업(64)","퇴직금등비용[천원]","천원","222","188.8","159.3","127.8",
"중소기업(10~299인)","통신업(64)","현물지급비용[천원]","천원","1.3",".3",".5","4",
"중소기업(10~299인)","통신업(64)","법정복리비[천원]","천원","175.3","186.2","183","179.8",
"중소기업(10~299인)","통신업(64)","법정외복리비[천원]","천원","61.5","145.7","141","105.8",
"중소기업(10~299인)","통신업(64)","채용관련비용(모집비)[천원]","천원","4.8","3.6","6.5","6.9",
"중소기업(10~299인)","통신업(64)","교육훈련비[천원]","천원","2.5","28.1","26.4","22.7",
"중소기업(10~299인)","통신업(64)","기타노동비용[천원]","천원","0","5.5","4.2","4.6",
"중소기업(10~299인)","금융 보험,부동산 임대,사업서비스(65-75)(K-M)","노동비용총액[천원]","천원","3206.1","2765.7","2576.5","2472.1",
"중소기업(10~299인)","금융 보험,부동산 임대,사업서비스(65-75)(K-M)","현금급여총계[천원]","천원","2663.5","2298.8","2166","2053.9",
"중소기업(10~299인)","금융 보험,부동산 임대,사업서비스(65-75)(K-M)","정액및초과[천원]","천원","2272.5","2018.34312","1891.3","1792.5",
"중소기업(10~299인)","금융 보험,부동산 임대,사업서비스(65-75)(K-M)","상여금등특별급여[천원]","천원","391","280.47397","274.7","261.4",
"중소기업(10~299인)","금융 보험,부동산 임대,사업서비스(65-75)(K-M)","현금급여외 노동비용(계)[천원]","천원","542.6","466.9","410.5","418.3",
"중소기업(10~299인)","금융 보험,부동산 임대,사업서비스(65-75)(K-M)","퇴직금등비용[천원]","천원","156.1","162.3","149.2","165.5",
"중소기업(10~299인)","금융 보험,부동산 임대,사업서비스(65-75)(K-M)","현물지급비용[천원]","천원","1.8",".9","1","2.6",
"중소기업(10~299인)","금융 보험,부동산 임대,사업서비스(65-75)(K-M)","법정복리비[천원]","천원","170.5","155","148","142.7",
"중소기업(10~299인)","금융 보험,부동산 임대,사업서비스(65-75)(K-M)","법정외복리비[천원]","천원","190.3","131.3","93","88.9",
"중소기업(10~299인)","금융 보험,부동산 임대,사업서비스(65-75)(K-M)","채용관련비용(모집비)[천원]","천원","4.1","3.5","3.4","2.7",
"중소기업(10~299인)","금융 보험,부동산 임대,사업서비스(65-75)(K-M)","교육훈련비[천원]","천원","14.5","10.8","11.2","10.4",
"중소기업(10~299인)","금융 보험,부동산 임대,사업서비스(65-75)(K-M)","기타노동비용[천원]","천원","5.2","3.2","4.6","5.4",
"중소기업(10~299인)","금융 및 보험업(65-67)","노동비용총액[천원]","천원","6959.6","5506.3","5034.4","4731.1",
"중소기업(10~299인)","금융 및 보험업(65-67)","현금급여총계[천원]","천원","5975.8","4731.8","4267.1","3692.3",
"중소기업(10~299인)","금융 및 보험업(65-67)","정액및초과[천원]","천원","4175.9","3421.57683","3151.1","2717.6",
"중소기업(10~299인)","금융 및 보험업(65-67)","상여금등특별급여[천원]","천원","1799.9","1310.24344","1115.9","974.7",
"중소기업(10~299인)","금융 및 보험업(65-67)","현금급여외 노동비용(계)[천원]","천원","983.8","774.5","767.3","1038.8",
"중소기업(10~299인)","금융 및 보험업(65-67)","퇴직금등비용[천원]","천원","323","281.4","277","610.2",
"중소기업(10~299인)","금융 및 보험업(65-67)","현물지급비용[천원]","천원","4.6","3.7","3","2.5",
"중소기업(10~299인)","금융 및 보험업(65-67)","법정복리비[천원]","천원","283.8","250","254.8","231.4",
"중소기업(10~299인)","금융 및 보험업(65-67)","법정외복리비[천원]","천원","282.9","178.3","169.9","152",
"중소기업(10~299인)","금융 및 보험업(65-67)","채용관련비용(모집비)[천원]","천원","19.2","6.3","10","2.5",
"중소기업(10~299인)","금융 및 보험업(65-67)","교육훈련비[천원]","천원","59.5","44.9","36.9","26.1",
"중소기업(10~299인)","금융 및 보험업(65-67)","기타노동비용[천원]","천원","10.7","10","15.8","14.1",
"중소기업(10~299인)","부동산 임대 및 사업서비스업(70-75) (LM)","노동비용총액[천원]","천원","2825.9","2595.5","2393.2","2269.3",
"중소기업(10~299인)","부동산 임대 및 사업서비스업(70-75) (LM)","현금급여총계[천원]","천원","2327.9","2147.7","2009.3","1906.7",
"중소기업(10~299인)","부동산 임대 및 사업서비스업(70-75) (LM)","정액및초과[천원]","천원","2079.7","1931.16206","1797.4","1709.4",
"중소기업(10~299인)","부동산 임대 및 사업서비스업(70-75) (LM)","상여금등특별급여[천원]","천원","248.3","216.49575","212","197.3",
"중소기업(10~299인)","부동산 임대 및 사업서비스업(70-75) (LM)","현금급여외 노동비용(계)[천원]","천원","497.9","447.8","383.9","362.5",
"중소기업(10~299인)","부동산 임대 및 사업서비스업(70-75) (LM)","퇴직금등비용[천원]","천원","139.2","154.9","139.6","125.6",
"중소기업(10~299인)","부동산 임대 및 사업서비스업(70-75) (LM)","현물지급비용[천원]","천원","1.6",".7",".9","2.6",
"중소기업(10~299인)","부동산 임대 및 사업서비스업(70-75) (LM)","법정복리비[천원]","천원","159.1","149.1","140.1","134.7",
"중소기업(10~299인)","부동산 임대 및 사업서비스업(70-75) (LM)","법정외복리비[천원]","천원","180.9","128.3","87.3","83.2",
"중소기업(10~299인)","부동산 임대 및 사업서비스업(70-75) (LM)","채용관련비용(모집비)[천원]","천원","2.6","3.3","2.9","2.8",
"중소기업(10~299인)","부동산 임대 및 사업서비스업(70-75) (LM)","교육훈련비[천원]","천원","10","8.7","9.3","9",
"중소기업(10~299인)","부동산 임대 및 사업서비스업(70-75) (LM)","기타노동비용[천원]","천원","4.7","2.8","3.8","4.6",
"중소기업(10~299인)","부동산 및 임대업(70-71)","노동비용총액[천원]","천원","2796.2","2375.2","2258.1","1968.4",
"중소기업(10~299인)","부동산 및 임대업(70-71)","현금급여총계[천원]","천원","2420.6","2011.6","1902.4","1666",
"중소기업(10~299인)","부동산 및 임대업(70-71)","정액및초과[천원]","천원","2100.1","1776.42718","1624.7","1466.5",
"중소기업(10~299인)","부동산 및 임대업(70-71)","상여금등특별급여[천원]","천원","320.5","235.1859","277.7","199.5",
"중소기업(10~299인)","부동산 및 임대업(70-71)","현금급여외 노동비용(계)[천원]","천원","375.6","363.6","355.6","302.3",
"중소기업(10~299인)","부동산 및 임대업(70-71)","퇴직금등비용[천원]","천원","123.4","153.9","142","96.1",
"중소기업(10~299인)","부동산 및 임대업(70-71)","현물지급비용[천원]","천원","1.6","2.9","2.8","4.7",
"중소기업(10~299인)","부동산 및 임대업(70-71)","법정복리비[천원]","천원","155.8","131.5","127.1","119.5",
"중소기업(10~299인)","부동산 및 임대업(70-71)","법정외복리비[천원]","천원","76.8","63.5","67","67.8",
"중소기업(10~299인)","부동산 및 임대업(70-71)","채용관련비용(모집비)[천원]","천원",".9","1.4","2.7","2.3",
"중소기업(10~299인)","부동산 및 임대업(70-71)","교육훈련비[천원]","천원","9.2","8.7","10.2","7",
"중소기업(10~299인)","부동산 및 임대업(70-71)","기타노동비용[천원]","천원","7.9","1.6","3.8","5",
"중소기업(10~299인)","사업 서비스업(72-75)","노동비용총액[천원]","천원","2829.4","2631.1","2416.6","2318",
"중소기업(10~299인)","사업 서비스업(72-75)","현금급여총계[천원]","천원","2316.8","2169.7","2027.8","1945.7",
"중소기업(10~299인)","사업 서비스업(72-75)","정액및초과[천원]","천원","2077.2","1956.18384","1827.2","1748.8",
"중소기업(10~299인)","사업 서비스업(72-75)","상여금등특별급여[천원]","천원","239.6","213.47342","200.6","197",
"중소기업(10~299인)","사업 서비스업(72-75)","현금급여외 노동비용(계)[천원]","천원","512.6","461.4","388.8","372.3",
"중소기업(10~299인)","사업 서비스업(72-75)","퇴직금등비용[천원]","천원","141.1","155","139.2","130.3",
"중소기업(10~299인)","사업 서비스업(72-75)","현물지급비용[천원]","천원","1.5",".4",".5","2.3",
"중소기업(10~299인)","사업 서비스업(72-75)","법정복리비[천원]","천원","159.4","151.9","142.3","137.2",
"중소기업(10~299인)","사업 서비스업(72-75)","법정외복리비[천원]","천원","193.4","138.8","90.8","85.7",
"중소기업(10~299인)","사업 서비스업(72-75)","채용관련비용(모집비)[천원]","천원","2.8","3.6","3","2.8",
"중소기업(10~299인)","사업 서비스업(72-75)","교육훈련비[천원]","천원","10.1","8.7","9.2","9.3",
"중소기업(10~299인)","사업 서비스업(72-75)","기타노동비용[천원]","천원","4.3","2.9","3.8","4.6",
"중소기업(10~299인)","기타공공,사회 및 개인 서비스업(87-93)(QR)","노동비용총액[천원]","천원","2807.3","2757.1","2652.7","2438.2",
"중소기업(10~299인)","기타공공,사회 및 개인 서비스업(87-93)(QR)","현금급여총계[천원]","천원","2241.2","2179.7","2129.6","1967.9",
"중소기업(10~299인)","기타공공,사회 및 개인 서비스업(87-93)(QR)","정액및초과[천원]","천원","1987.1","1843.96966","1798.1","1682.4",
"중소기업(10~299인)","기타공공,사회 및 개인 서비스업(87-93)(QR)","상여금등특별급여[천원]","천원","254.1","335.69681","331.5","285.4",
"중소기업(10~299인)","기타공공,사회 및 개인 서비스업(87-93)(QR)","현금급여외 노동비용(계)[천원]","천원","566.1","577.4","523.1","470.3",
"중소기업(10~299인)","기타공공,사회 및 개인 서비스업(87-93)(QR)","퇴직금등비용[천원]","천원","170.6","175","180.8","146.1",
"중소기업(10~299인)","기타공공,사회 및 개인 서비스업(87-93)(QR)","현물지급비용[천원]","천원","3.9","1.8","1.5","9",
"중소기업(10~299인)","기타공공,사회 및 개인 서비스업(87-93)(QR)","법정복리비[천원]","천원","181.7","176.6","167.7","155.1",
"중소기업(10~299인)","기타공공,사회 및 개인 서비스업(87-93)(QR)","법정외복리비[천원]","천원","195.1","207","156","145.3",
"중소기업(10~299인)","기타공공,사회 및 개인 서비스업(87-93)(QR)","채용관련비용(모집비)[천원]","천원","1.1","1.1","1.1","1.5",
"중소기업(10~299인)","기타공공,사회 및 개인 서비스업(87-93)(QR)","교육훈련비[천원]","천원","7.8","9.8","9.6","7.5",
"중소기업(10~299인)","기타공공,사회 및 개인 서비스업(87-93)(QR)","기타노동비용[천원]","천원","5.9","6.2","6.4","5.8",
"중소기업(10~299인)","오락, 문화 및 운동관련 서비스업(87-88)","노동비용총액[천원]","천원","3242","3333.9","3177.4","2976.1",
"중소기업(10~299인)","오락, 문화 및 운동관련 서비스업(87-88)","현금급여총계[천원]","천원","2608","2609.3","2504.3","2360.2",
"중소기업(10~299인)","오락, 문화 및 운동관련 서비스업(87-88)","정액및초과[천원]","천원","2232.6","2087.97708","2019.9","1916.6",
"중소기업(10~299인)","오락, 문화 및 운동관련 서비스업(87-88)","상여금등특별급여[천원]","천원","375.4","521.30713","484.4","443.6",
"중소기업(10~299인)","오락, 문화 및 운동관련 서비스업(87-88)","현금급여외 노동비용(계)[천원]","천원","634","724.6","673.2","615.9",
"중소기업(10~299인)","오락, 문화 및 운동관련 서비스업(87-88)","퇴직금등비용[천원]","천원","214.9","265.3","280.2","240.9",
"중소기업(10~299인)","오락, 문화 및 운동관련 서비스업(87-88)","현물지급비용[천원]","천원","8.1","3.8","3.1","2.6",
"중소기업(10~299인)","오락, 문화 및 운동관련 서비스업(87-88)","법정복리비[천원]","천원","180.9","183.6","174.7","168.4",
"중소기업(10~299인)","오락, 문화 및 운동관련 서비스업(87-88)","법정외복리비[천원]","천원","200.2","239.4","185.2","177",
"중소기업(10~299인)","오락, 문화 및 운동관련 서비스업(87-88)","채용관련비용(모집비)[천원]","천원","2.1","1.9","1.3","2.3",
"중소기업(10~299인)","오락, 문화 및 운동관련 서비스업(87-88)","교육훈련비[천원]","천원","17.8","21.2","19.6","16.1",
"중소기업(10~299인)","오락, 문화 및 운동관련 서비스업(87-88)","기타노동비용[천원]","천원","10","9.3","9.1","8.6",
"중소기업(10~299인)","기타공공, 수리 및 개인서비스업(90-93)","노동비용총액[천원]","천원","2496.6","2381.1","2287.5","2100",
"중소기업(10~299인)","기타공공, 수리 및 개인서비스업(90-93)","현금급여총계[천원]","천원","1979","1899.6","1868.9","1721.3",
"중소기업(10~299인)","기타공공, 수리 및 개인서비스업(90-93)","정액및초과[천원]","천원","1811.6","1684.88694","1643.7","1535.2",
"중소기업(10~299인)","기타공공, 수리 및 개인서비스업(90-93)","상여금등특별급여[천원]","천원","167.4","214.68659","225.2","186",
"중소기업(10~299인)","기타공공, 수리 및 개인서비스업(90-93)","현금급여외 노동비용(계)[천원]","천원","517.6","481.5","418.6","378.8",
"중소기업(10~299인)","기타공공, 수리 및 개인서비스업(90-93)","퇴직금등비용[천원]","천원","139","116.1","111.6","86.5",
"중소기업(10~299인)","기타공공, 수리 및 개인서비스업(90-93)","현물지급비용[천원]","천원",".9",".4",".5","13.1",
"중소기업(10~299인)","기타공공, 수리 및 개인서비스업(90-93)","법정복리비[천원]","천원","182.2","172.1","162.7","146.7",
"중소기업(10~299인)","기타공공, 수리 및 개인서비스업(90-93)","법정외복리비[천원]","천원","191.5","185.8","135.6","125.4",
"중소기업(10~299인)","기타공공, 수리 및 개인서비스업(90-93)","채용관련비용(모집비)[천원]","천원",".3",".5","1","1",
"중소기업(10~299인)","기타공공, 수리 및 개인서비스업(90-93)","교육훈련비[천원]","천원",".7","2.3","2.7","2",
"중소기업(10~299인)","기타공공, 수리 및 개인서비스업(90-93)","기타노동비용[천원]","천원","3","4.2","4.6","4",
"대기업(300인이상)","전산업","노동비용총액[천원]","천원","4710.4","4532.7","4251.6","4008.7",
"대기업(300인이상)","전산업","현금급여총계[천원]","천원","3717.7","3568.8","3361.7","3178.5",
"대기업(300인이상)","전산업","정액및초과[천원]","천원","2596","2556.823","2355.5","2183.9",
"대기업(300인이상)","전산업","상여금등특별급여[천원]","천원","1121.7","1012.02603","1006.2","994.6",
"대기업(300인이상)","전산업","현금급여외 노동비용(계)[천원]","천원","992.7","963.9","889.9","830.2",
"대기업(300인이상)","전산업","퇴직금등비용[천원]","천원","323.4","314","301.8","297.1",
"대기업(300인이상)","전산업","현물지급비용[천원]","천원","5","4.1","4.5","4.6",
"대기업(300인이상)","전산업","법정복리비[천원]","천원","305","298","270.6","245.3",
"대기업(300인이상)","전산업","법정외복리비[천원]","천원","284.4","273.7","239.1","215.3",
"대기업(300인이상)","전산업","채용관련비용(모집비)[천원]","천원","4.6","4.6","6.4","8.1",
"대기업(300인이상)","전산업","교육훈련비[천원]","천원","58.1","57.4","55.4","47.5",
"대기업(300인이상)","전산업","기타노동비용[천원]","천원","12.2","12.1","12.1","12.2",
"대기업(300인이상)","광업 및 제조업 (10-37)(CD)","노동비용총액[천원]","천원","5005.7","4763.7","4416.4","4283.5",
"대기업(300인이상)","광업 및 제조업 (10-37)(CD)","현금급여총계[천원]","천원","3886.7","3663.6","3431.9","3361.3",
"대기업(300인이상)","광업 및 제조업 (10-37)(CD)","정액및초과[천원]","천원","2623.5","2508.22898","2323.1","2182.8",
"대기업(300인이상)","광업 및 제조업 (10-37)(CD)","상여금등특별급여[천원]","천원","1263.2","1155.40439","1108.7","1178.4",
"대기업(300인이상)","광업 및 제조업 (10-37)(CD)","현금급여외 노동비용(계)[천원]","천원","1119","1100.1","984.5","922.3",
"대기업(300인이상)","광업 및 제조업 (10-37)(CD)","퇴직금등비용[천원]","천원","360.8","359.7","343.6","355.7",
"대기업(300인이상)","광업 및 제조업 (10-37)(CD)","현물지급비용[천원]","천원","7.8","4.9","5.7","5",
"대기업(300인이상)","광업 및 제조업 (10-37)(CD)","법정복리비[천원]","천원","323.7","309.5","287.7","257.3",
"대기업(300인이상)","광업 및 제조업 (10-37)(CD)","법정외복리비[천원]","천원","346.1","345","271.2","239.8",
"대기업(300인이상)","광업 및 제조업 (10-37)(CD)","채용관련비용(모집비)[천원]","천원","4.7","5.5","8.5","5.6",
"대기업(300인이상)","광업 및 제조업 (10-37)(CD)","교육훈련비[천원]","천원","61.7","61.9","54.9","44.8",
"대기업(300인이상)","광업 및 제조업 (10-37)(CD)","기타노동비용[천원]","천원","14.3","13.6","13","14.2",
"대기업(300인이상)","광 업(10-12)","노동비용총액[천원]","천원","6241.3","4914.5","5362.7","4929.6",
"대기업(300인이상)","광 업(10-12)","현금급여총계[천원]","천원","3870.4","2989.6","2953","2746.3",
"대기업(300인이상)","광 업(10-12)","정액및초과[천원]","천원","2514.7","2113.90317","2051.1","1823.8",
"대기업(300인이상)","광 업(10-12)","상여금등특별급여[천원]","천원","1355.7","875.68391","901.9","922.5",
"대기업(300인이상)","광 업(10-12)","현금급여외 노동비용(계)[천원]","천원","2370.9","1924.9","2409.7","2183.2",
"대기업(300인이상)","광 업(10-12)","퇴직금등비용[천원]","천원","172.1","231.1","361.8","457.3",
"대기업(300인이상)","광 업(10-12)","현물지급비용[천원]","천원","0","0","0","0",
"대기업(300인이상)","광 업(10-12)","법정복리비[천원]","천원","1928.2","1354.8","1608.7","1451.8",
"대기업(300인이상)","광 업(10-12)","법정외복리비[천원]","천원","267.8","321","341.3","190.9",
"대기업(300인이상)","광 업(10-12)","채용관련비용(모집비)[천원]","천원","0","0","0","0",
"대기업(300인이상)","광 업(10-12)","교육훈련비[천원]","천원","2.8","3.3","8.3","2.2",
"대기업(300인이상)","광 업(10-12)","기타노동비용[천원]","천원","0","14.6","89.6","81.1",
"대기업(300인이상)","제 조 업(15-37)","노동비용총액[천원]","천원","5003.9","4763.4","4415.2","4282.8",
"대기업(300인이상)","제 조 업(15-37)","현금급여총계[천원]","천원","3886.7","3664.8","3432.5","3362",
"대기업(300인이상)","제 조 업(15-37)","정액및초과[천원]","천원","2623.6","2508.89728","2323.5","2183.2",
"대기업(300인이상)","제 조 업(15-37)","상여금등특별급여[천원]","천원","1263","1155.87846","1109","1178.7",
"대기업(300인이상)","제 조 업(15-37)","현금급여외 노동비용(계)[천원]","천원","1117.2","1098.7","982.7","920.8",
"대기업(300인이상)","제 조 업(15-37)","퇴직금등비용[천원]","천원","361","359.9","343.5","355.6",
"대기업(300인이상)","제 조 업(15-37)","현물지급비용[천원]","천원","7.8","4.9","5.7","5",
"대기업(300인이상)","제 조 업(15-37)","법정복리비[천원]","천원","321.3","307.7","286","255.9",
"대기업(300인이상)","제 조 업(15-37)","법정외복리비[천원]","천원","346.2","345","271.1","239.8",
"대기업(300인이상)","제 조 업(15-37)","채용관련비용(모집비)[천원]","천원","4.7","5.5","8.5","5.6",
"대기업(300인이상)","제 조 업(15-37)","교육훈련비[천원]","천원","61.8","62","55","44.8",
"대기업(300인이상)","제 조 업(15-37)","기타노동비용[천원]","천원","14.3","13.6","12.9","14.1",
"대기업(300인이상)","사회간접자본 및 기타서비스업(40-93)(E-R)","노동비용총액[천원]","천원","4398.5","4292.9","4045.7","3655",
"대기업(300인이상)","사회간접자본 및 기타서비스업(40-93)(E-R)","현금급여총계[천원]","천원","3539.2","3470.4","3274","2943.3",
"대기업(300인이상)","사회간접자본 및 기타서비스업(40-93)(E-R)","정액및초과[천원]","천원","2566.9","2607.28429","2395.9","2185.2",
"대기업(300인이상)","사회간접자본 및 기타서비스업(40-93)(E-R)","상여금등특별급여[천원]","천원","972.3","863.13825","878.1","758.1",
"대기업(300인이상)","사회간접자본 및 기타서비스업(40-93)(E-R)","현금급여외 노동비용(계)[천원]","천원","859.3","822.5","771.7","711.7",
"대기업(300인이상)","사회간접자본 및 기타서비스업(40-93)(E-R)","퇴직금등비용[천원]","천원","283.9","266.5","249.5","221.7",
"대기업(300인이상)","사회간접자본 및 기타서비스업(40-93)(E-R)","현물지급비용[천원]","천원","2.1","3.3","2.9","4.2",
"대기업(300인이상)","사회간접자본 및 기타서비스업(40-93)(E-R)","법정복리비[천원]","천원","285.2","286.2","249.3","230",
"대기업(300인이상)","사회간접자본 및 기타서비스업(40-93)(E-R)","법정외복리비[천원]","천원","219.3","199.7","199.1","183.8",
"대기업(300인이상)","사회간접자본 및 기타서비스업(40-93)(E-R)","채용관련비용(모집비)[천원]","천원","4.5","3.6","3.8","11.3",
"대기업(300인이상)","사회간접자본 및 기타서비스업(40-93)(E-R)","교육훈련비[천원]","천원","54.3","52.6","55.9","51",
"대기업(300인이상)","사회간접자본 및 기타서비스업(40-93)(E-R)","기타노동비용[천원]","천원","10.1","10.5","11.1","9.7",
"대기업(300인이상)","전기, 가스 및 수도사업(40-41)","노동비용총액[천원]","천원","6382.5","6087.7","5892","5536.7",
"대기업(300인이상)","전기, 가스 및 수도사업(40-41)","현금급여총계[천원]","천원","5417.8","5140.8","4853.5","4533",
"대기업(300인이상)","전기, 가스 및 수도사업(40-41)","정액및초과[천원]","천원","4227.6","3918.57618","3611.6","3677.3",
"대기업(300인이상)","전기, 가스 및 수도사업(40-41)","상여금등특별급여[천원]","천원","1190.2","1222.27201","1241.9","855.7",
"대기업(300인이상)","전기, 가스 및 수도사업(40-41)","현금급여외 노동비용(계)[천원]","천원","964.7","946.9","1038.4","1003.7",
"대기업(300인이상)","전기, 가스 및 수도사업(40-41)","퇴직금등비용[천원]","천원","130","119.4","128.2","66.1",
"대기업(300인이상)","전기, 가스 및 수도사업(40-41)","현물지급비용[천원]","천원","0","2.3","2.4","3.2",
"대기업(300인이상)","전기, 가스 및 수도사업(40-41)","법정복리비[천원]","천원","369.4","362","326.1","319.3",
"대기업(300인이상)","전기, 가스 및 수도사업(40-41)","법정외복리비[천원]","천원","327.7","340.7","481.3","503.1",
"대기업(300인이상)","전기, 가스 및 수도사업(40-41)","채용관련비용(모집비)[천원]","천원","5.7","3.7","3.3","3.5",
"대기업(300인이상)","전기, 가스 및 수도사업(40-41)","교육훈련비[천원]","천원","101.4","89.6","75.4","81.9",
"대기업(300인이상)","전기, 가스 및 수도사업(40-41)","기타노동비용[천원]","천원","30.7","29.1","21.6","26.5",
"대기업(300인이상)","건설업(45-46)","노동비용총액[천원]","천원","5735.8","5276.9","5434.2","4867.1",
"대기업(300인이상)","건설업(45-46)","현금급여총계[천원]","천원","4292.5","4094.3","3997.9","3638.2",
"대기업(300인이상)","건설업(45-46)","정액및초과[천원]","천원","3166.5","3109.67624","3050.8","2735.6",
"대기업(300인이상)","건설업(45-46)","상여금등특별급여[천원]","천원","1126.1","984.67369","947","902.6",
"대기업(300인이상)","건설업(45-46)","현금급여외 노동비용(계)[천원]","천원","1443.3","1182.5","1436.3","1228.9",
"대기업(300인이상)","건설업(45-46)","퇴직금등비용[천원]","천원","351.1","312.1","565.7","260",
"대기업(300인이상)","건설업(45-46)","현물지급비용[천원]","천원","1.7","2.9","3.4","14.8",
"대기업(300인이상)","건설업(45-46)","법정복리비[천원]","천원","628.4","534.1","580.6","504.5",
"대기업(300인이상)","건설업(45-46)","법정외복리비[천원]","천원","396.9","289.5","221.8","229.4",
"대기업(300인이상)","건설업(45-46)","채용관련비용(모집비)[천원]","천원","5.7","3.7","3.8","167.6",
"대기업(300인이상)","건설업(45-46)","교육훈련비[천원]","천원","49.9","30.1","50.9","42.3",
"대기업(300인이상)","건설업(45-46)","기타노동비용[천원]","천원","9.5","10.1","10","10.2",
"대기업(300인이상)","도매 및 소매업 숙박 및 음식점업(50-55) (GH)","노동비용총액[천원]","천원","3426.7","3385","3071.7","2914.6",
"대기업(300인이상)","도매 및 소매업 숙박 및 음식점업(50-55) (GH)","현금급여총계[천원]","천원","2682.1","2690.6","2451.3","2303.9",
"대기업(300인이상)","도매 및 소매업 숙박 및 음식점업(50-55) (GH)","정액및초과[천원]","천원","2001.5","2109.21526","1946.7","1766.1",
"대기업(300인이상)","도매 및 소매업 숙박 및 음식점업(50-55) (GH)","상여금등특별급여[천원]","천원","680.6","581.371","504.6","537.8",
"대기업(300인이상)","도매 및 소매업 숙박 및 음식점업(50-55) (GH)","현금급여외 노동비용(계)[천원]","천원","744.6","694.5","620.4","610.7",
"대기업(300인이상)","도매 및 소매업 숙박 및 음식점업(50-55) (GH)","퇴직금등비용[천원]","천원","261.1","256.1","251.5","244.4",
"대기업(300인이상)","도매 및 소매업 숙박 및 음식점업(50-55) (GH)","현물지급비용[천원]","천원","5.8","8.1","4.1","3.9",
"대기업(300인이상)","도매 및 소매업 숙박 및 음식점업(50-55) (GH)","법정복리비[천원]","천원","213.2","205.7","185.7","177.9",
"대기업(300인이상)","도매 및 소매업 숙박 및 음식점업(50-55) (GH)","법정외복리비[천원]","천원","222.9","165.8","119.7","126.5",
"대기업(300인이상)","도매 및 소매업 숙박 및 음식점업(50-55) (GH)","채용관련비용(모집비)[천원]","천원","2.4","4.2","3.3","2.4",
"대기업(300인이상)","도매 및 소매업 숙박 및 음식점업(50-55) (GH)","교육훈련비[천원]","천원","27.9","42.6","46.6","48.5",
"대기업(300인이상)","도매 및 소매업 숙박 및 음식점업(50-55) (GH)","기타노동비용[천원]","천원","11.3","12","9.6","7.1",
"대기업(300인이상)","도매 및 소매업(50-52)","노동비용총액[천원]","천원","4065.6","4162.7","3363.4","3165.2",
"대기업(300인이상)","도매 및 소매업(50-52)","현금급여총계[천원]","천원","3148.5","3283.4","2671.1","2491.3",
"대기업(300인이상)","도매 및 소매업(50-52)","정액및초과[천원]","천원","2308.5","2577.80702","2153.1","1915.9",
"대기업(300인이상)","도매 및 소매업(50-52)","상여금등특별급여[천원]","천원","840","705.61557","518","575.4",
"대기업(300인이상)","도매 및 소매업(50-52)","현금급여외 노동비용(계)[천원]","천원","917.1","879.3","692.2","673.9",
"대기업(300인이상)","도매 및 소매업(50-52)","퇴직금등비용[천원]","천원","335.4","330.4","286.5","271",
"대기업(300인이상)","도매 및 소매업(50-52)","현물지급비용[천원]","천원","5.8","9.2","3.2","2.8",
"대기업(300인이상)","도매 및 소매업(50-52)","법정복리비[천원]","천원","251.1","247.9","200.1","190.9",
"대기업(300인이상)","도매 및 소매업(50-52)","법정외복리비[천원]","천원","276.2","210.7","129.1","138.4",
"대기업(300인이상)","도매 및 소매업(50-52)","채용관련비용(모집비)[천원]","천원","2.6","5.9","3.8","2.8",
"대기업(300인이상)","도매 및 소매업(50-52)","교육훈련비[천원]","천원","34.5","62.8","57.8","60.3",
"대기업(300인이상)","도매 및 소매업(50-52)","기타노동비용[천원]","천원","11.6","12.4","11.6","7.6",
"대기업(300인이상)","숙박 및 음식점업(55)","노동비용총액[천원]","천원","2289.7","2432.2","2349.8","2280.7",
"대기업(300인이상)","숙박 및 음식점업(55)","현금급여총계[천원]","천원","1852.1","1964.2","1907.1","1829.9",
"대기업(300인이상)","숙박 및 음식점업(55)","정액및초과[천원]","천원","1455.2","1535.08486","1435.7","1387.4",
"대기업(300인이상)","숙박 및 음식점업(55)","상여금등특별급여[천원]","천원","396.9","429.14342","471.4","442.5",
"대기업(300인이상)","숙박 및 음식점업(55)","현금급여외 노동비용(계)[천원]","천원","437.6","468","442.7","450.8",
"대기업(300인이상)","숙박 및 음식점업(55)","퇴직금등비용[천원]","천원","128.9","165.1","164.9","177.1",
"대기업(300인이상)","숙박 및 음식점업(55)","현물지급비용[천원]","천원","5.8","6.7","6.1","6.5",
"대기업(300인이상)","숙박 및 음식점업(55)","법정복리비[천원]","천원","145.7","154","150.2","145",
"대기업(300인이상)","숙박 및 음식점업(55)","법정외복리비[천원]","천원","128.1","110.7","96.5","96.3",
"대기업(300인이상)","숙박 및 음식점업(55)","채용관련비용(모집비)[천원]","천원","2.1","2","1.8","1.4",
"대기업(300인이상)","숙박 및 음식점업(55)","교육훈련비[천원]","천원","16.1","17.9","18.7","18.5",
"대기업(300인이상)","숙박 및 음식점업(55)","기타노동비용[천원]","천원","10.9","11.6","4.5","6",
"대기업(300인이상)","운수업, 창고 및 통신업(60-64) (IJ)","노동비용총액[천원]","천원","4787.7","4294.6","4214.4","3633.5",
"대기업(300인이상)","운수업, 창고 및 통신업(60-64) (IJ)","현금급여총계[천원]","천원","3877.3","3417.5","3322.6","2963.7",
"대기업(300인이상)","운수업, 창고 및 통신업(60-64) (IJ)","정액및초과[천원]","천원","2705.6","2448.67256","2411.3","2299.8",
"대기업(300인이상)","운수업, 창고 및 통신업(60-64) (IJ)","상여금등특별급여[천원]","천원","1171.7","968.82542","911.3","663.9",
"대기업(300인이상)","운수업, 창고 및 통신업(60-64) (IJ)","현금급여외 노동비용(계)[천원]","천원","910.5","877.1","891.8","669.8",
"대기업(300인이상)","운수업, 창고 및 통신업(60-64) (IJ)","퇴직금등비용[천원]","천원","309.1","360.6","300","173",
"대기업(300인이상)","운수업, 창고 및 통신업(60-64) (IJ)","현물지급비용[천원]","천원","1.3",".5",".8",".3",
"대기업(300인이상)","운수업, 창고 및 통신업(60-64) (IJ)","법정복리비[천원]","천원","299.7","278.7","255.9","237.7",
"대기업(300인이상)","운수업, 창고 및 통신업(60-64) (IJ)","법정외복리비[천원]","천원","205.9","158.1","260.8","192.3",
"대기업(300인이상)","운수업, 창고 및 통신업(60-64) (IJ)","채용관련비용(모집비)[천원]","천원","4.5","3.4","3.6","2.5",
"대기업(300인이상)","운수업, 창고 및 통신업(60-64) (IJ)","교육훈련비[천원]","천원","76","61.7","59.5","58.8",
"대기업(300인이상)","운수업, 창고 및 통신업(60-64) (IJ)","기타노동비용[천원]","천원","13.9","14.1","11.3","5.3",
"대기업(300인이상)","운수업(60-63)","노동비용총액[천원]","천원","3862.4","3748.8","3391.3","3060.2",
"대기업(300인이상)","운수업(60-63)","현금급여총계[천원]","천원","3035.9","2907","2642.9","2474.4",
"대기업(300인이상)","운수업(60-63)","정액및초과[천원]","천원","2168.6","2148.33357","2026.7","1929.4",
"대기업(300인이상)","운수업(60-63)","상여금등특별급여[천원]","천원","867.3","758.67967","616.2","545",
"대기업(300인이상)","운수업(60-63)","현금급여외 노동비용(계)[천원]","천원","826.5","841.8","748.4","585.7",
"대기업(300인이상)","운수업(60-63)","퇴직금등비용[천원]","천원","353.7","417","363.8","189.5",
"대기업(300인이상)","운수업(60-63)","현물지급비용[천원]","천원","1.2","0",".3",".1",
"대기업(300인이상)","운수업(60-63)","법정복리비[천원]","천원","259.3","252.9","226.9","216",
"대기업(300인이상)","운수업(60-63)","법정외복리비[천원]","천원","175.8","134","127.3","143.3",
"대기업(300인이상)","운수업(60-63)","채용관련비용(모집비)[천원]","천원","1.5","1.1","1.1",".9",
"대기업(300인이상)","운수업(60-63)","교육훈련비[천원]","천원","28","25.3","19.9","30.8",
"대기업(300인이상)","운수업(60-63)","기타노동비용[천원]","천원","7.1","11.6","9","5.2",
"대기업(300인이상)","통신업(64)","노동비용총액[천원]","천원","6079.6","5307.7","5252.5","4610.1",
"대기업(300인이상)","통신업(64)","현금급여총계[천원]","천원","5051.9","4364.9","4179.9","3797.1",
"대기업(300인이상)","통신업(64)","정액및초과[천원]","천원","3455.3","3006.08914","2896.3","2930.7",
"대기업(300인이상)","통신업(64)","상여금등특별급여[천원]","천원","1596.6","1358.84713","1283.6","866.4",
"대기업(300인이상)","통신업(64)","현금급여외 노동비용(계)[천원]","천원","1027.7","942.7","1072.6","813",
"대기업(300인이상)","통신업(64)","퇴직금등비용[천원]","천원","246.9","255.9","219.4","145",
"대기업(300인이상)","통신업(64)","현물지급비용[천원]","천원","1.4","1.4","1.5",".7",
"대기업(300인이상)","통신업(64)","법정복리비[천원]","천원","356.2","326.6","292.5","274.6",
"대기업(300인이상)","통신업(64)","법정외복리비[천원]","천원","248","202.9","429.1","275.8",
"대기업(300인이상)","통신업(64)","채용관련비용(모집비)[천원]","천원","8.6","7.9","6.7","5.2",
"대기업(300인이상)","통신업(64)","교육훈련비[천원]","천원","143.1","129.3","109.3","106.4",
"대기업(300인이상)","통신업(64)","기타노동비용[천원]","천원","23.5","18.6","14.1","5.3",
"대기업(300인이상)","금융 보험,부동산 임대,사업서비스(65-75)(K-M)","노동비용총액[천원]","천원","4290.1","4274.4","4172.4","3770.7",
"대기업(300인이상)","금융 보험,부동산 임대,사업서비스(65-75)(K-M)","현금급여총계[천원]","천원","3538.5","3550.4","3459.5","3063.4",
"대기업(300인이상)","금융 보험,부동산 임대,사업서비스(65-75)(K-M)","정액및초과[천원]","천원","2552.1","2662.05518","2468.8","2202.1",
"대기업(300인이상)","금융 보험,부동산 임대,사업서비스(65-75)(K-M)","상여금등특별급여[천원]","천원","986.4","888.39156","990.7","861.3",
"대기업(300인이상)","금융 보험,부동산 임대,사업서비스(65-75)(K-M)","현금급여외 노동비용(계)[천원]","천원","751.6","724","712.9","707.3",
"대기업(300인이상)","금융 보험,부동산 임대,사업서비스(65-75)(K-M)","퇴직금등비용[천원]","천원","274","226.2","204","232.8",
"대기업(300인이상)","금융 보험,부동산 임대,사업서비스(65-75)(K-M)","현물지급비용[천원]","천원",".7","2.2","2.6","4.2",
"대기업(300인이상)","금융 보험,부동산 임대,사업서비스(65-75)(K-M)","법정복리비[천원]","천원","235.8","236.5","237.2","217.5",
"대기업(300인이상)","금융 보험,부동산 임대,사업서비스(65-75)(K-M)","법정외복리비[천원]","천원","172.7","187.6","194.1","187.1",
"대기업(300인이상)","금융 보험,부동산 임대,사업서비스(65-75)(K-M)","채용관련비용(모집비)[천원]","천원","5","3.5","4.1","3",
"대기업(300인이상)","금융 보험,부동산 임대,사업서비스(65-75)(K-M)","교육훈련비[천원]","천원","56.1","59.9","59.2","50.6",
"대기업(300인이상)","금융 보험,부동산 임대,사업서비스(65-75)(K-M)","기타노동비용[천원]","천원","7.4","8","11.6","12",
"대기업(300인이상)","금융 및 보험업(65-67)","노동비용총액[천원]","천원","6607.7","6295.2","5744.7","5208.2",
"대기업(300인이상)","금융 및 보험업(65-67)","현금급여총계[천원]","천원","5442.4","5231.6","4738.8","4170.2",
"대기업(300인이상)","금융 및 보험업(65-67)","정액및초과[천원]","천원","3397.5","3564.49586","3135.6","2755.6",
"대기업(300인이상)","금융 및 보험업(65-67)","상여금등특별급여[천원]","천원","2044.9","1667.08766","1603.2","1414.7",
"대기업(300인이상)","금융 및 보험업(65-67)","현금급여외 노동비용(계)[천원]","천원","1165.3","1063.6","1005.8","1038",
"대기업(300인이상)","금융 및 보험업(65-67)","퇴직금등비용[천원]","천원","418.7","338.5","271.4","341.9",
"대기업(300인이상)","금융 및 보험업(65-67)","현물지급비용[천원]","천원","1","4.7","4.8","2.8",
"대기업(300인이상)","금융 및 보험업(65-67)","법정복리비[천원]","천원","330.7","319.1","308.5","286.2",
"대기업(300인이상)","금융 및 보험업(65-67)","법정외복리비[천원]","천원","285.7","277.8","302.2","300.6",
"대기업(300인이상)","금융 및 보험업(65-67)","채용관련비용(모집비)[천원]","천원","6.6","5","6.1","3.9",
"대기업(300인이상)","금융 및 보험업(65-67)","교육훈련비[천원]","천원","107.5","105.6","94.4","82.4",
"대기업(300인이상)","금융 및 보험업(65-67)","기타노동비용[천원]","천원","15.1","13","18.4","20.1",
"대기업(300인이상)","부동산 임대 및 사업서비스업(70-75) (LM)","노동비용총액[천원]","천원","2921.2","2892.6","2532","2386.6",
"대기업(300인이상)","부동산 임대 및 사업서비스업(70-75) (LM)","현금급여총계[천원]","천원","2413.9","2400.8","2124.7","1997.7",
"대기업(300인이상)","부동산 임대 및 사업서비스업(70-75) (LM)","정액및초과[천원]","천원","2052.7","2044.93298","1773","1669.2",
"대기업(300인이상)","부동산 임대 및 사업서비스업(70-75) (LM)","상여금등특별급여[천원]","천원","361.2","355.89045","351.7","328.5",
"대기업(300인이상)","부동산 임대 및 사업서비스업(70-75) (LM)","현금급여외 노동비용(계)[천원]","천원","507.3","491.7","407.3","388.9",
"대기업(300인이상)","부동산 임대 및 사업서비스업(70-75) (LM)","퇴직금등비용[천원]","천원","188.5","149.5","133.7","127.8",
"대기업(300인이상)","부동산 임대 및 사업서비스업(70-75) (LM)","현물지급비용[천원]","천원",".5",".4",".4","5.6",
"대기업(300인이상)","부동산 임대 및 사업서비스업(70-75) (LM)","법정복리비[천원]","천원","179.7","180.1","162.8","151.3",
"대기업(300인이상)","부동산 임대 및 사업서비스업(70-75) (LM)","법정외복리비[천원]","천원","105.9","126","81.2","77.7",
"대기업(300인이상)","부동산 임대 및 사업서비스업(70-75) (LM)","채용관련비용(모집비)[천원]","천원","4.1","2.5","2","2.2",
"대기업(300인이상)","부동산 임대 및 사업서비스업(70-75) (LM)","교육훈련비[천원]","천원","25.7","28.7","22.5","19.9",
"대기업(300인이상)","부동산 임대 및 사업서비스업(70-75) (LM)","기타노동비용[천원]","천원","2.8","4.7","4.5","4.2",
"대기업(300인이상)","부동산 및 임대업(70-71)","노동비용총액[천원]","천원","2113","2361.5","1963.2","1908.9",
"대기업(300인이상)","부동산 및 임대업(70-71)","현금급여총계[천원]","천원","1746.3","2028.5","1640","1593.7",
"대기업(300인이상)","부동산 및 임대업(70-71)","정액및초과[천원]","천원","1580.9","1737.6822","1359.8","1273.8",
"대기업(300인이상)","부동산 및 임대업(70-71)","상여금등특별급여[천원]","천원","165.4","290.76927","280.3","319.9",
"대기업(300인이상)","부동산 및 임대업(70-71)","현금급여외 노동비용(계)[천원]","천원","366.7","333","323.2","315.2",
"대기업(300인이상)","부동산 및 임대업(70-71)","퇴직금등비용[천원]","천원","159.3","78.4","105.6","78",
"대기업(300인이상)","부동산 및 임대업(70-71)","현물지급비용[천원]","천원","0",".9","1.3","23.3",
"대기업(300인이상)","부동산 및 임대업(70-71)","법정복리비[천원]","천원","141.9","165.6","139.7","128.3",
"대기업(300인이상)","부동산 및 임대업(70-71)","법정외복리비[천원]","천원","52.4","60.9","52.4","60.4",
"대기업(300인이상)","부동산 및 임대업(70-71)","채용관련비용(모집비)[천원]","천원",".3",".1","1","1.3",
"대기업(300인이상)","부동산 및 임대업(70-71)","교육훈련비[천원]","천원","12.6","16","15","13.7",
"대기업(300인이상)","부동산 및 임대업(70-71)","기타노동비용[천원]","천원",".3","11","8.1","10.2",
"대기업(300인이상)","사업 서비스업(72-75)","노동비용총액[천원]","천원","2983.5","2972.9","2658.5","2486.1",
"대기업(300인이상)","사업 서비스업(72-75)","현금급여총계[천원]","천원","2465.4","2457.1","2232.5","2081.8",
"대기업(300인이상)","사업 서비스업(72-75)","정액및초과[천원]","천원","2089.1","2091.39537","1865","1751.5",
"대기업(300인이상)","사업 서비스업(72-75)","상여금등특별급여[천원]","천원","376.3","365.73807","367.6","330.3",
"대기업(300인이상)","사업 서비스업(72-75)","현금급여외 노동비용(계)[천원]","천원","518.1","515.7","426","404.3",
"대기업(300인이상)","사업 서비스업(72-75)","퇴직금등비용[천원]","천원","190.8","160.2","140","138.2",
"대기업(300인이상)","사업 서비스업(72-75)","현물지급비용[천원]","천원",".5",".3",".2","2",
"대기업(300인이상)","사업 서비스업(72-75)","법정복리비[천원]","천원","182.6","182.3","168","156.1",
"대기업(300인이상)","사업 서비스업(72-75)","법정외복리비[천원]","천원","110","135.8","87.6","81.4",
"대기업(300인이상)","사업 서비스업(72-75)","채용관련비용(모집비)[천원]","천원","4.4","2.8","2.2","2.4",
"대기업(300인이상)","사업 서비스업(72-75)","교육훈련비[천원]","천원","26.8","30.6","24.2","21.2",
"대기업(300인이상)","사업 서비스업(72-75)","기타노동비용[천원]","천원","3","3.7","3.7","3",
"대기업(300인이상)","기타공공,사회 및 개인 서비스업(87-93)(QR)","노동비용총액[천원]","천원","4696.7","4062","3563","3713.4",
"대기업(300인이상)","기타공공,사회 및 개인 서비스업(87-93)(QR)","현금급여총계[천원]","천원","3432.1","3170.4","2864.5","3014.3",
"대기업(300인이상)","기타공공,사회 및 개인 서비스업(87-93)(QR)","정액및초과[천원]","천원","2481.2","2390.41798","2126.7","2246.6",
"대기업(300인이상)","기타공공,사회 및 개인 서비스업(87-93)(QR)","상여금등특별급여[천원]","천원","950.9","780.00846","737.8","767.7",
"대기업(300인이상)","기타공공,사회 및 개인 서비스업(87-93)(QR)","현금급여외 노동비용(계)[천원]","천원","1264.6","891.6","698.5","699.1",
"대기업(300인이상)","기타공공,사회 및 개인 서비스업(87-93)(QR)","퇴직금등비용[천원]","천원","429.8","250.4","221.6","210.2",
"대기업(300인이상)","기타공공,사회 및 개인 서비스업(87-93)(QR)","현물지급비용[천원]","천원","14.3","13","13.1","13.6",
"대기업(300인이상)","기타공공,사회 및 개인 서비스업(87-93)(QR)","법정복리비[천원]","천원","271.6","245.2","209.8","216.5",
"대기업(300인이상)","기타공공,사회 및 개인 서비스업(87-93)(QR)","법정외복리비[천원]","천원","458.6","321.7","209.7","222.5",
"대기업(300인이상)","기타공공,사회 및 개인 서비스업(87-93)(QR)","채용관련비용(모집비)[천원]","천원","5.1","3.9","3.4","2.7",
"대기업(300인이상)","기타공공,사회 및 개인 서비스업(87-93)(QR)","교육훈련비[천원]","천원","73.7","48.9","33.5","26.3",
"대기업(300인이상)","기타공공,사회 및 개인 서비스업(87-93)(QR)","기타노동비용[천원]","천원","11.5","8.5","7.2","7.2",
"대기업(300인이상)","오락, 문화 및 운동관련 서비스업(87-88)","노동비용총액[천원]","천원","5041.5","4360.4","3890.4","4070.4",
"대기업(300인이상)","오락, 문화 및 운동관련 서비스업(87-88)","현금급여총계[천원]","천원","3586.4","3341.5","3075.6","3247.5",
"대기업(300인이상)","오락, 문화 및 운동관련 서비스업(87-88)","정액및초과[천원]","천원","2475.1","2471.64685","2182.5","2398.7",
"대기업(300인이상)","오락, 문화 및 운동관련 서비스업(87-88)","상여금등특별급여[천원]","천원","1111.3","869.88978","893","848.8",
"대기업(300인이상)","오락, 문화 및 운동관련 서비스업(87-88)","현금급여외 노동비용(계)[천원]","천원","1455.1","1018.8","814.9","822.8",
"대기업(300인이상)","오락, 문화 및 운동관련 서비스업(87-88)","퇴직금등비용[천원]","천원","506.8","305.3","269.4","260",
"대기업(300인이상)","오락, 문화 및 운동관련 서비스업(87-88)","현물지급비용[천원]","천원","17.2","18.2","19.3","15.9",
"대기업(300인이상)","오락, 문화 및 운동관련 서비스업(87-88)","법정복리비[천원]","천원","279.9","254","215.6","228",
"대기업(300인이상)","오락, 문화 및 운동관련 서비스업(87-88)","법정외복리비[천원]","천원","557.5","370.6","257.6","275.7",
"대기업(300인이상)","오락, 문화 및 운동관련 서비스업(87-88)","채용관련비용(모집비)[천원]","천원","5.5","4.2","3.4","2.8",
"대기업(300인이상)","오락, 문화 및 운동관련 서비스업(87-88)","교육훈련비[천원]","천원","79.2","58","41.8","31.8",
"대기업(300인이상)","오락, 문화 및 운동관련 서비스업(87-88)","기타노동비용[천원]","천원","9.1","8.5","7.6","8.8",
"대기업(300인이상)","기타공공, 수리 및 개인서비스업(90-93)","노동비용총액[천원]","천원","3826.6","3309.8","2867.6","2926.3",
"대기업(300인이상)","기타공공, 수리 및 개인서비스업(90-93)","현금급여총계[천원]","천원","3042.7","2739.1","2416.3","2500.1",
"대기업(300인이상)","기타공공, 수리 및 개인서비스업(90-93)","정액및초과[천원]","천원","2496.5","2185.65455","2008.1","1911.2",
"대기업(300인이상)","기타공공, 수리 및 개인서비스업(90-93)","상여금등특별급여[천원]","천원","546.2","553.43375","408.2","588.9",
"대기업(300인이상)","기타공공, 수리 및 개인서비스업(90-93)","현금급여외 노동비용(계)[천원]","천원","783.9","570.7","451.3","426.2",
"대기업(300인이상)","기타공공, 수리 및 개인서비스업(90-93)","퇴직금등비용[천원]","천원","235.7","112","120.2","100.6",
"대기업(300인이상)","기타공공, 수리 및 개인서비스업(90-93)","현물지급비용[천원]","천원","6.9","0","0","8.4",
"대기업(300인이상)","기타공공, 수리 및 개인서비스업(90-93)","법정복리비[천원]","천원","250.7","223","197.5","191.4",
"대기업(300인이상)","기타공공, 수리 및 개인서비스업(90-93)","법정외복리비[천원]","천원","209.2","198.4","108.1","105",
"대기업(300인이상)","기타공공, 수리 및 개인서비스업(90-93)","채용관련비용(모집비)[천원]","천원","3.9","3.2","3.4","2.6",
"대기업(300인이상)","기타공공, 수리 및 개인서비스업(90-93)","교육훈련비[천원]","천원","59.8","25.8","15.8","14.4",
"대기업(300인이상)","기타공공, 수리 및 개인서비스업(90-93)","기타노동비용[천원]","천원","17.7","8.3","6.3","3.9",
"상용근로자(30~299인)","전산업","노동비용총액[천원]","천원","2944.6","2841.1","2579.2","2455.4",
"상용근로자(30~299인)","전산업","현금급여총계[천원]","천원","2349.8","2241.4","2072.7","1976.2",
"상용근로자(30~299인)","전산업","정액및초과[천원]","천원","1983.7","1882.38413","1747.4","1652.7",
"상용근로자(30~299인)","전산업","상여금등특별급여[천원]","천원","366","358.99933","325.3","323.5",
"상용근로자(30~299인)","전산업","현금급여외 노동비용(계)[천원]","천원","594.8","599.7","506.4","479.1",
"상용근로자(30~299인)","전산업","퇴직금등비용[천원]","천원","191.3","214.3","183.8","171.7",
"상용근로자(30~299인)","전산업","현물지급비용[천원]","천원","2.1","3.3","2.2","4.9",
"상용근로자(30~299인)","전산업","법정복리비[천원]","천원","203.8","192.9","166.9","155.9",
"상용근로자(30~299인)","전산업","법정외복리비[천원]","천원","179.4","170","136.5","126.8",
"상용근로자(30~299인)","전산업","채용관련비용(모집비)[천원]","천원","2.4","2.5","2.3","2",
"상용근로자(30~299인)","전산업","교육훈련비[천원]","천원","10.2","10.7","9.1","9",
"상용근로자(30~299인)","전산업","기타노동비용[천원]","천원","5.7","6","5.8","8.8",
"상용근로자(30~299인)","광업 및 제조업 (10-37)(CD)","노동비용총액[천원]","천원","2947.9","2955.9","2642.2","2465.5",
"상용근로자(30~299인)","광업 및 제조업 (10-37)(CD)","현금급여총계[천원]","천원","2325.1","2305.9","2093.7","1963.5",
"상용근로자(30~299인)","광업 및 제조업 (10-37)(CD)","정액및초과[천원]","천원","1953.8","1912.30771","1738.1","1619.6",
"상용근로자(30~299인)","광업 및 제조업 (10-37)(CD)","상여금등특별급여[천원]","천원","371.3","393.55715","355.7","344",
"상용근로자(30~299인)","광업 및 제조업 (10-37)(CD)","현금급여외 노동비용(계)[천원]","천원","622.8","650","548.5","502",
"상용근로자(30~299인)","광업 및 제조업 (10-37)(CD)","퇴직금등비용[천원]","천원","208.3","234.6","205.8","180.3",
"상용근로자(30~299인)","광업 및 제조업 (10-37)(CD)","현물지급비용[천원]","천원","2.3","5","2.9","3.7",
"상용근로자(30~299인)","광업 및 제조업 (10-37)(CD)","법정복리비[천원]","천원","197.5","203.5","168.4","155.2",
"상용근로자(30~299인)","광업 및 제조업 (10-37)(CD)","법정외복리비[천원]","천원","196.1","188.1","155.6","142.4",
"상용근로자(30~299인)","광업 및 제조업 (10-37)(CD)","채용관련비용(모집비)[천원]","천원","1.7","2.4","1.6","1.6",
"상용근로자(30~299인)","광업 및 제조업 (10-37)(CD)","교육훈련비[천원]","천원","11","10.2","8.5","8.6",
"상용근로자(30~299인)","광업 및 제조업 (10-37)(CD)","기타노동비용[천원]","천원","6","6.3","5.8","10.2",
"상용근로자(30~299인)","광 업(10-12)","노동비용총액[천원]","천원","3585.4","3531.6","3182.8","3064.8",
"상용근로자(30~299인)","광 업(10-12)","현금급여총계[천원]","천원","2697.9","2691.2","2464","2328.2",
"상용근로자(30~299인)","광 업(10-12)","정액및초과[천원]","천원","2187.5","2087.30256","1908.9","1857.7",
"상용근로자(30~299인)","광 업(10-12)","상여금등특별급여[천원]","천원","510.5","603.93778","555.2","470.5",
"상용근로자(30~299인)","광 업(10-12)","현금급여외 노동비용(계)[천원]","천원","887.4","840.4","718.8","736.6",
"상용근로자(30~299인)","광 업(10-12)","퇴직금등비용[천원]","천원","156.1","167","159","181.4",
"상용근로자(30~299인)","광 업(10-12)","현물지급비용[천원]","천원","1.2","8.9","4.8","5.4",
"상용근로자(30~299인)","광 업(10-12)","법정복리비[천원]","천원","505.8","503.5","371","381",
"상용근로자(30~299인)","광 업(10-12)","법정외복리비[천원]","천원","194.7","130.4","175.3","160.4",
"상용근로자(30~299인)","광 업(10-12)","채용관련비용(모집비)[천원]","천원",".2","1.4",".9",".3",
"상용근로자(30~299인)","광 업(10-12)","교육훈련비[천원]","천원","2.8","3.5","1.6","1.5",
"상용근로자(30~299인)","광 업(10-12)","기타노동비용[천원]","천원","26.6","25.6","6.4","6.5",
"상용근로자(30~299인)","제 조 업(15-37)","노동비용총액[천원]","천원","2945.3","2954.6","2638.8","2462",
"상용근로자(30~299인)","제 조 업(15-37)","현금급여총계[천원]","천원","2323.6","2305","2091.4","1961.4",
"상용근로자(30~299인)","제 조 업(15-37)","정액및초과[천원]","천원","1952.8","1911.91221","1737","1618.2",
"상용근로자(30~299인)","제 조 업(15-37)","상여금등특별급여[천원]","천원","370.8","393.08167","354.4","343.2",
"상용근로자(30~299인)","제 조 업(15-37)","현금급여외 노동비용(계)[천원]","천원","621.7","649.6","547.5","500.6",
"상용근로자(30~299인)","제 조 업(15-37)","퇴직금등비용[천원]","천원","208.6","234.8","206.1","180.2",
"상용근로자(30~299인)","제 조 업(15-37)","현물지급비용[천원]","천원","2.3","5","2.9","3.6",
"상용근로자(30~299인)","제 조 업(15-37)","법정복리비[천원]","천원","196.2","202.8","167.1","153.9",
"상용근로자(30~299인)","제 조 업(15-37)","법정외복리비[천원]","천원","196.1","188.2","155.5","142.3",
"상용근로자(30~299인)","제 조 업(15-37)","채용관련비용(모집비)[천원]","천원","1.7","2.4","1.6","1.6",
"상용근로자(30~299인)","제 조 업(15-37)","교육훈련비[천원]","천원","11","10.2","8.5","8.6",
"상용근로자(30~299인)","제 조 업(15-37)","기타노동비용[천원]","천원","5.9","6.2","5.8","10.3",
"상용근로자(30~299인)","사회간접자본 및 기타서비스업(40-93)(E-R)","노동비용총액[천원]","천원","2941.3","2714.2","2506.6","2443.4",
"상용근로자(30~299인)","사회간접자본 및 기타서비스업(40-93)(E-R)","현금급여총계[천원]","천원","2375.3","2170.1","2048.6","1991.3",
"상용근로자(30~299인)","사회간접자본 및 기타서비스업(40-93)(E-R)","정액및초과[천원]","천원","2014.7","1849.31696","1758.1","1692",
"상용근로자(30~299인)","사회간접자본 및 기타서비스업(40-93)(E-R)","상여금등특별급여[천원]","천원","360.6","320.8111","290.5","299.3",
"상용근로자(30~299인)","사회간접자본 및 기타서비스업(40-93)(E-R)","현금급여외 노동비용(계)[천원]","천원","566","544.1","458","452.1",
"상용근로자(30~299인)","사회간접자본 및 기타서비스업(40-93)(E-R)","퇴직금등비용[천원]","천원","173.7","191.9","158.4","161.5",
"상용근로자(30~299인)","사회간접자본 및 기타서비스업(40-93)(E-R)","현물지급비용[천원]","천원","1.9","1.5","1.4","6.5",
"상용근로자(30~299인)","사회간접자본 및 기타서비스업(40-93)(E-R)","법정복리비[천원]","천원","210.3","181.2","165.1","156.8",
"상용근로자(30~299인)","사회간접자본 및 기타서비스업(40-93)(E-R)","법정외복리비[천원]","천원","162.1","150","114.6","108.3",
"상용근로자(30~299인)","사회간접자본 및 기타서비스업(40-93)(E-R)","채용관련비용(모집비)[천원]","천원","3.1","2.7","3","2.4",
"상용근로자(30~299인)","사회간접자본 및 기타서비스업(40-93)(E-R)","교육훈련비[천원]","천원","9.4","11.2","9.7","9.6",
"상용근로자(30~299인)","사회간접자본 및 기타서비스업(40-93)(E-R)","기타노동비용[천원]","천원","5.5","5.6","5.8","7.1",
"상용근로자(30~299인)","전기, 가스 및 수도사업(40-41)","노동비용총액[천원]","천원","5641.3","5316.6","5055.2","4553.9",
"상용근로자(30~299인)","전기, 가스 및 수도사업(40-41)","현금급여총계[천원]","천원","4649.6","4427.1","4221.9","3780.7",
"상용근로자(30~299인)","전기, 가스 및 수도사업(40-41)","정액및초과[천원]","천원","3110.8","2839.18746","2690.1","2571.7",
"상용근로자(30~299인)","전기, 가스 및 수도사업(40-41)","상여금등특별급여[천원]","천원","1538.8","1587.89311","1531.9","1209",
"상용근로자(30~299인)","전기, 가스 및 수도사업(40-41)","현금급여외 노동비용(계)[천원]","천원","991.7","889.5","833.3","773.2",
"상용근로자(30~299인)","전기, 가스 및 수도사업(40-41)","퇴직금등비용[천원]","천원","250.4","251.5","204.9","190",
"상용근로자(30~299인)","전기, 가스 및 수도사업(40-41)","현물지급비용[천원]","천원","0","11.5","10","23.7",
"상용근로자(30~299인)","전기, 가스 및 수도사업(40-41)","법정복리비[천원]","천원","321.7","299.3","278.5","254.2",
"상용근로자(30~299인)","전기, 가스 및 수도사업(40-41)","법정외복리비[천원]","천원","338.1","234.9","246.2","229.9",
"상용근로자(30~299인)","전기, 가스 및 수도사업(40-41)","채용관련비용(모집비)[천원]","천원","1.5","1.4","1.4",".3",
"상용근로자(30~299인)","전기, 가스 및 수도사업(40-41)","교육훈련비[천원]","천원","49.2","64.4","66","54.1",
"상용근로자(30~299인)","전기, 가스 및 수도사업(40-41)","기타노동비용[천원]","천원","30.7","26.6","26.3","21.1",
"상용근로자(30~299인)","건설업(45-46)","노동비용총액[천원]","천원","3403.6","3316.1","2876.1","2801.8",
"상용근로자(30~299인)","건설업(45-46)","현금급여총계[천원]","천원","2681.3","2450.6","2237.4","2196.7",
"상용근로자(30~299인)","건설업(45-46)","정액및초과[천원]","천원","2343.1","2152.34735","1976.5","1903.5",
"상용근로자(30~299인)","건설업(45-46)","상여금등특별급여[천원]","천원","338.2","298.21669","260.8","293.2",
"상용근로자(30~299인)","건설업(45-46)","현금급여외 노동비용(계)[천원]","천원","722.4","865.5","638.7","605.1",
"상용근로자(30~299인)","건설업(45-46)","퇴직금등비용[천원]","천원","194","240.7","160.9","174.6",
"상용근로자(30~299인)","건설업(45-46)","현물지급비용[천원]","천원","1.4","1.5","1.2","16.1",
"상용근로자(30~299인)","건설업(45-46)","법정복리비[천원]","천원","344.4","335.5","279.9","252.7",
"상용근로자(30~299인)","건설업(45-46)","법정외복리비[천원]","천원","170","273.8","184.5","147.6",
"상용근로자(30~299인)","건설업(45-46)","채용관련비용(모집비)[천원]","천원","2.3","1","1.1","1.1",
"상용근로자(30~299인)","건설업(45-46)","교육훈련비[천원]","천원","4.5","5.9","5.5","5.3",
"상용근로자(30~299인)","건설업(45-46)","기타노동비용[천원]","천원","5.6","7","5.5","7.7",
"상용근로자(30~299인)","도매 및 소매업 숙박 및 음식점업(50-55) (GH)","노동비용총액[천원]","천원","3024.6","3192","2872.8","2650.2",
"상용근로자(30~299인)","도매 및 소매업 숙박 및 음식점업(50-55) (GH)","현금급여총계[천원]","천원","2457.4","2465.4","2332.8","2171.3",
"상용근로자(30~299인)","도매 및 소매업 숙박 및 음식점업(50-55) (GH)","정액및초과[천원]","천원","2074.8","2074.80386","2005.1","1847.9",
"상용근로자(30~299인)","도매 및 소매업 숙박 및 음식점업(50-55) (GH)","상여금등특별급여[천원]","천원","382.6","390.58818","327.6","323.3",
"상용근로자(30~299인)","도매 및 소매업 숙박 및 음식점업(50-55) (GH)","현금급여외 노동비용(계)[천원]","천원","567.2","726.6","540","479",
"상용근로자(30~299인)","도매 및 소매업 숙박 및 음식점업(50-55) (GH)","퇴직금등비용[천원]","천원","217.3","283","200.9","167",
"상용근로자(30~299인)","도매 및 소매업 숙박 및 음식점업(50-55) (GH)","현물지급비용[천원]","천원","1.5","4.1","3.7","4.7",
"상용근로자(30~299인)","도매 및 소매업 숙박 및 음식점업(50-55) (GH)","법정복리비[천원]","천원","180.9","178.8","165.9","156.4",
"상용근로자(30~299인)","도매 및 소매업 숙박 및 음식점업(50-55) (GH)","법정외복리비[천원]","천원","139.8","223.9","138.2","130.3",
"상용근로자(30~299인)","도매 및 소매업 숙박 및 음식점업(50-55) (GH)","채용관련비용(모집비)[천원]","천원","5.1","5.3","6.8","3.7",
"상용근로자(30~299인)","도매 및 소매업 숙박 및 음식점업(50-55) (GH)","교육훈련비[천원]","천원","16","21.1","14.7","13",
"상용근로자(30~299인)","도매 및 소매업 숙박 및 음식점업(50-55) (GH)","기타노동비용[천원]","천원","6.6","10.4","9.8","3.7",
"상용근로자(30~299인)","도매 및 소매업(50-52)","노동비용총액[천원]","천원","3107","3437.1","3037.2","2816.9",
"상용근로자(30~299인)","도매 및 소매업(50-52)","현금급여총계[천원]","천원","2534.3","2646.3","2471.3","2313.2",
"상용근로자(30~299인)","도매 및 소매업(50-52)","정액및초과[천원]","천원","2127.2","2212.05191","2121.6","1961.1",
"상용근로자(30~299인)","도매 및 소매업(50-52)","상여금등특별급여[천원]","천원","407.1","434.26667","349.8","352.1",
"상용근로자(30~299인)","도매 및 소매업(50-52)","현금급여외 노동비용(계)[천원]","천원","572.7","790.8","565.8","503.7",
"상용근로자(30~299인)","도매 및 소매업(50-52)","퇴직금등비용[천원]","천원","219.6","307.9","210.4","175.1",
"상용근로자(30~299인)","도매 및 소매업(50-52)","현물지급비용[천원]","천원","1.5","4.4","3.8","4.9",
"상용근로자(30~299인)","도매 및 소매업(50-52)","법정복리비[천원]","천원","184.4","190.8","175.2","165.8",
"상용근로자(30~299인)","도매 및 소매업(50-52)","법정외복리비[천원]","천원","140.9","249.6","143.2","135.5",
"상용근로자(30~299인)","도매 및 소매업(50-52)","채용관련비용(모집비)[천원]","천원","4.8","6.1","8","4.3",
"상용근로자(30~299인)","도매 및 소매업(50-52)","교육훈련비[천원]","천원","17.1","24.2","16.6","14.5",
"상용근로자(30~299인)","도매 및 소매업(50-52)","기타노동비용[천원]","천원","4.3","7.7","8.6","3.5",
"상용근로자(30~299인)","숙박 및 음식점업(55)","노동비용총액[천원]","천원","2474.2","2111.4","2151","1930",
"상용근로자(30~299인)","숙박 및 음식점업(55)","현금급여총계[천원]","천원","1943.6","1667.9","1724.3","1558",
"상용근로자(30~299인)","숙박 및 음식점업(55)","정액및초과[천원]","천원","1725","1469.85259","1493.9","1358.9",
"상용근로자(30~299인)","숙박 및 음식점업(55)","상여금등특별급여[천원]","천원","218.7","198.06554","230.4","199.1",
"상용근로자(30~299인)","숙박 및 음식점업(55)","현금급여외 노동비용(계)[천원]","천원","530.6","443.5","426.7","372",
"상용근로자(30~299인)","숙박 및 음식점업(55)","퇴직금등비용[천원]","천원","201.7","173.2","159","132.1",
"상용근로자(30~299인)","숙박 및 음식점업(55)","현물지급비용[천원]","천원","1","2.5","3.1","3.9",
"상용근로자(30~299인)","숙박 및 음식점업(55)","법정복리비[천원]","천원","157.4","125.7","125.4","115.9",
"상용근로자(30~299인)","숙박 및 음식점업(55)","법정외복리비[천원]","천원","132.6","110.5","116.4","107.9",
"상용근로자(30~299인)","숙박 및 음식점업(55)","채용관련비용(모집비)[천원]","천원","7.3","1.7","1.7","1.3",
"상용근로자(30~299인)","숙박 및 음식점업(55)","교육훈련비[천원]","천원","8.7","7.5","6.2","6.6",
"상용근로자(30~299인)","숙박 및 음식점업(55)","기타노동비용[천원]","천원","21.9","22.3","14.9","4.2",
"상용근로자(30~299인)","운수업, 창고 및 통신업(60-64) (IJ)","노동비용총액[천원]","천원","2093.8","1930.5","1884.4","1926.5",
"상용근로자(30~299인)","운수업, 창고 및 통신업(60-64) (IJ)","현금급여총계[천원]","천원","1686.6","1554.1","1535.3","1575.3",
"상용근로자(30~299인)","운수업, 창고 및 통신업(60-64) (IJ)","정액및초과[천원]","천원","1436.8","1331.39527","1313.7","1312.9",
"상용근로자(30~299인)","운수업, 창고 및 통신업(60-64) (IJ)","상여금등특별급여[천원]","천원","249.8","222.69882","221.6","262.4",
"상용근로자(30~299인)","운수업, 창고 및 통신업(60-64) (IJ)","현금급여외 노동비용(계)[천원]","천원","407.2","376.4","349.1","351.2",
"상용근로자(30~299인)","운수업, 창고 및 통신업(60-64) (IJ)","퇴직금등비용[천원]","천원","143.6","131.4","121.5","113.2",
"상용근로자(30~299인)","운수업, 창고 및 통신업(60-64) (IJ)","현물지급비용[천원]","천원","1.7",".5",".3","8.8",
"상용근로자(30~299인)","운수업, 창고 및 통신업(60-64) (IJ)","법정복리비[천원]","천원","150.6","143","129.6","127.7",
"상용근로자(30~299인)","운수업, 창고 및 통신업(60-64) (IJ)","법정외복리비[천원]","천원","105.9","94.6","90.9","87",
"상용근로자(30~299인)","운수업, 창고 및 통신업(60-64) (IJ)","채용관련비용(모집비)[천원]","천원",".9",".8",".8",".9",
"상용근로자(30~299인)","운수업, 창고 및 통신업(60-64) (IJ)","교육훈련비[천원]","천원","2.1","2.8","3.7","4.7",
"상용근로자(30~299인)","운수업, 창고 및 통신업(60-64) (IJ)","기타노동비용[천원]","천원","2.4","3.3","2.3","8.9",
"상용근로자(30~299인)","운수업(60-63)","노동비용총액[천원]","천원","2041.1","1874.9","1830.1","1886.9",
"상용근로자(30~299인)","운수업(60-63)","현금급여총계[천원]","천원","1630.4","1506.1","1490.1","1540.6",
"상용근로자(30~299인)","운수업(60-63)","정액및초과[천원]","천원","1373.8","1287.19551","1269.3","1277.2",
"상용근로자(30~299인)","운수업(60-63)","상여금등특별급여[천원]","천원","256.6","218.93982","220.8","263.4",
"상용근로자(30~299인)","운수업(60-63)","현금급여외 노동비용(계)[천원]","천원","410.7","368.7","340","346.4",
"상용근로자(30~299인)","운수업(60-63)","퇴직금등비용[천원]","천원","145.3","129.3","118.9","112",
"상용근로자(30~299인)","운수업(60-63)","현물지급비용[천원]","천원","1.7",".5",".3","8.9",
"상용근로자(30~299인)","운수업(60-63)","법정복리비[천원]","천원","148.5","140.9","127","125.6",
"상용근로자(30~299인)","운수업(60-63)","법정외복리비[천원]","천원","110.1","92.6","88.4","86.2",
"상용근로자(30~299인)","운수업(60-63)","채용관련비용(모집비)[천원]","천원",".5",".7",".5",".7",
"상용근로자(30~299인)","운수업(60-63)","교육훈련비[천원]","천원","2","1.5","2.6","3.9",
"상용근로자(30~299인)","운수업(60-63)","기타노동비용[천원]","천원","2.5","3.2","2.2","9",
"상용근로자(30~299인)","통신업(64)","노동비용총액[천원]","천원","2793.8","3702.2","3470.5","3125.3",
"상용근로자(30~299인)","통신업(64)","현금급여총계[천원]","천원","2433.2","3080.8","2854","2627.8",
"상용근로자(30~299인)","통신업(64)","정액및초과[천원]","천원","2272.9","2738.42619","2609.4","2395.3",
"상용근로자(30~299인)","통신업(64)","상여금등특별급여[천원]","천원","160.3","342.36069","244.5","232.5",
"상용근로자(30~299인)","통신업(64)","현금급여외 노동비용(계)[천원]","천원","360.6","621.4","616.6","497.6",
"상용근로자(30~299인)","통신업(64)","퇴직금등비용[천원]","천원","122","197.3","198.2","147.2",
"상용근로자(30~299인)","통신업(64)","현물지급비용[천원]","천원","1.7",".5",".8","5.9",
"상용근로자(30~299인)","통신업(64)","법정복리비[천원]","천원","178.6","208.6","204.1","190.5",
"상용근로자(30~299인)","통신업(64)","법정외복리비[천원]","천원","49.8","159.2","163.6","110.4",
"상용근로자(30~299인)","통신업(64)","채용관련비용(모집비)[천원]","천원","6","4.9","8.8","6.9",
"상용근로자(30~299인)","통신업(64)","교육훈련비[천원]","천원","2.6","44.2","36","30.6",
"상용근로자(30~299인)","통신업(64)","기타노동비용[천원]","천원","0","6.8","5","5.9",
"상용근로자(30~299인)","금융 보험,부동산 임대,사업서비스(65-75)(K-M)","노동비용총액[천원]","천원","3292","2767.5","2566.7","2587.5",
"상용근로자(30~299인)","금융 보험,부동산 임대,사업서비스(65-75)(K-M)","현금급여총계[천원]","천원","2723.2","2315.7","2166.3","2130.1",
"상용근로자(30~299인)","금융 보험,부동산 임대,사업서비스(65-75)(K-M)","정액및초과[천원]","천원","2258.5","1995.48842","1875.6","1841.9",
"상용근로자(30~299인)","금융 보험,부동산 임대,사업서비스(65-75)(K-M)","상여금등특별급여[천원]","천원","464.6","320.25894","290.7","288.2",
"상용근로자(30~299인)","금융 보험,부동산 임대,사업서비스(65-75)(K-M)","현금급여외 노동비용(계)[천원]","천원","568.8","451.8","400.4","457.4",
"상용근로자(30~299인)","금융 보험,부동산 임대,사업서비스(65-75)(K-M)","퇴직금등비용[천원]","천원","158.6","172.4","148.7","190.7",
"상용근로자(30~299인)","금융 보험,부동산 임대,사업서비스(65-75)(K-M)","현물지급비용[천원]","천원","1.9",".8",".8","2.8",
"상용근로자(30~299인)","금융 보험,부동산 임대,사업서비스(65-75)(K-M)","법정복리비[천원]","천원","170.7","154","147.1","147.8",
"상용근로자(30~299인)","금융 보험,부동산 임대,사업서비스(65-75)(K-M)","법정외복리비[천원]","천원","208.7","103.4","81.8","93.1",
"상용근로자(30~299인)","금융 보험,부동산 임대,사업서비스(65-75)(K-M)","채용관련비용(모집비)[천원]","천원","5.5","3.9","3.8","3.6",
"상용근로자(30~299인)","금융 보험,부동산 임대,사업서비스(65-75)(K-M)","교육훈련비[천원]","천원","16.6","13.4","12.5","12.5",
"상용근로자(30~299인)","금융 보험,부동산 임대,사업서비스(65-75)(K-M)","기타노동비용[천원]","천원","6.8","3.9","5.8","6.9",
"상용근로자(30~299인)","금융 및 보험업(65-67)","노동비용총액[천원]","천원","7797.7","6242.5","5387","5013.9",
"상용근로자(30~299인)","금융 및 보험업(65-67)","현금급여총계[천원]","천원","6705.3","5365.8","4572.1","3886.4",
"상용근로자(30~299인)","금융 및 보험업(65-67)","정액및초과[천원]","천원","4380.6","3667.68354","3332.6","2769.1",
"상용근로자(30~299인)","금융 및 보험업(65-67)","상여금등특별급여[천원]","천원","2324.7","1698.09834","1239.4","1117.3",
"상용근로자(30~299인)","금융 및 보험업(65-67)","현금급여외 노동비용(계)[천원]","천원","1092.4","876.7","815","1127.6",
"상용근로자(30~299인)","금융 및 보험업(65-67)","퇴직금등비용[천원]","천원","361.6","340.1","301.2","671.9",
"상용근로자(30~299인)","금융 및 보험업(65-67)","현물지급비용[천원]","천원","4.1","4.9","2.5","2.8",
"상용근로자(30~299인)","금융 및 보험업(65-67)","법정복리비[천원]","천원","310.5","270.1","269.9","243.8",
"상용근로자(30~299인)","금융 및 보험업(65-67)","법정외복리비[천원]","천원","299.9","185.6","175.4","161.7",
"상용근로자(30~299인)","금융 및 보험업(65-67)","채용관련비용(모집비)[천원]","천원","26.8","8.3","10.9","2.8",
"상용근로자(30~299인)","금융 및 보험업(65-67)","교육훈련비[천원]","천원","74.9","54.8","39.1","27.8",
"상용근로자(30~299인)","금융 및 보험업(65-67)","기타노동비용[천원]","천원","14.5","12.9","15.9","16.8",
"상용근로자(30~299인)","부동산 임대 및 사업서비스업(70-75) (LM)","노동비용총액[천원]","천원","2842.3","2535.1","2339.6","2338.7",
"상용근로자(30~299인)","부동산 임대 및 사업서비스업(70-75) (LM)","현금급여총계[천원]","천원","2325.7","2111.7","1972.5","1950",
"상용근로자(30~299인)","부동산 임대 및 사업서비스업(70-75) (LM)","정액및초과[천원]","천원","2046.7","1883.61919","1758.2","1746.8",
"상용근로자(30~299인)","부동산 임대 및 사업서비스업(70-75) (LM)","상여금등특별급여[천원]","천원","279","228.082","214.3","203.2",
"상용근로자(30~299인)","부동산 임대 및 사업서비스업(70-75) (LM)","현금급여외 노동비용(계)[천원]","천원","516.6","423.4","367.1","388.7",
"상용근로자(30~299인)","부동산 임대 및 사업서비스업(70-75) (LM)","퇴직금등비용[천원]","천원","138.3","161.2","136.4","141.4",
"상용근로자(30~299인)","부동산 임대 및 사업서비스업(70-75) (LM)","현물지급비용[천원]","천원","1.7",".6",".7","2.8",
"상용근로자(30~299인)","부동산 임대 및 사업서비스업(70-75) (LM)","법정복리비[천원]","천원","156.7","146.3","137.2","137.9",
"상용근로자(30~299인)","부동산 임대 및 사업서비스업(70-75) (LM)","법정외복리비[천원]","천원","199.6","98","74.3","86.1",
"상용근로자(30~299인)","부동산 임대 및 사업서비스업(70-75) (LM)","채용관련비용(모집비)[천원]","천원","3.4","3.6","3.2","3.6",
"상용근로자(30~299인)","부동산 임대 및 사업서비스업(70-75) (LM)","교육훈련비[천원]","천원","10.8","10.6","10.4","11",
"상용근로자(30~299인)","부동산 임대 및 사업서비스업(70-75) (LM)","기타노동비용[천원]","천원","6.1","3.3","4.9","5.9",
"상용근로자(30~299인)","부동산 및 임대업(70-71)","노동비용총액[천원]","천원","2864.2","2215.6","2056.9","1952.8",
"상용근로자(30~299인)","부동산 및 임대업(70-71)","현금급여총계[천원]","천원","2499.5","1870.6","1738.1","1644.7",
"상용근로자(30~299인)","부동산 및 임대업(70-71)","정액및초과[천원]","천원","2144.1","1631.77614","1515.3","1439.8",
"상용근로자(30~299인)","부동산 및 임대업(70-71)","상여금등특별급여[천원]","천원","355.4","238.81563","222.7","204.9",
"상용근로자(30~299인)","부동산 및 임대업(70-71)","현금급여외 노동비용(계)[천원]","천원","364.7","345","318.8","308.1",
"상용근로자(30~299인)","부동산 및 임대업(70-71)","퇴직금등비용[천원]","천원","108.2","161.1","123","100.9",
"상용근로자(30~299인)","부동산 및 임대업(70-71)","현물지급비용[천원]","천원","2.3",".2",".4",".6",
"상용근로자(30~299인)","부동산 및 임대업(70-71)","법정복리비[천원]","천원","151.5","119.5","120.5","120.2",
"상용근로자(30~299인)","부동산 및 임대업(70-71)","법정외복리비[천원]","천원","80.4","52.8","57.8","70.6",
"상용근로자(30~299인)","부동산 및 임대업(70-71)","채용관련비용(모집비)[천원]","천원","1.4",".1","3.8","3.3",
"상용근로자(30~299인)","부동산 및 임대업(70-71)","교육훈련비[천원]","천원","8.8","9.1","8.6","6.7",
"상용근로자(30~299인)","부동산 및 임대업(70-71)","기타노동비용[천원]","천원","12","2.2","4.7","5.8",
"상용근로자(30~299인)","사업 서비스업(72-75)","노동비용총액[천원]","천원","2840.2","2575.2","2383.7","2398.3",
"상용근로자(30~299인)","사업 서비스업(72-75)","현금급여총계[천원]","천원","2308.4","2142","2009.1","1997.2",
"상용근로자(30~299인)","사업 서비스업(72-75)","정액및초과[천원]","천원","2037","1915.22707","1796.1","1794.2",
"상용근로자(30~299인)","사업 서비스업(72-75)","상여금등특별급여[천원]","천원","271.4","226.73486","213","202.9",
"상용근로자(30~299인)","사업 서비스업(72-75)","현금급여외 노동비용(계)[천원]","천원","531.7","433.2","374.6","401.1",
"상용근로자(30~299인)","사업 서비스업(72-75)","퇴직금등비용[천원]","천원","141.3","161.2","138.5","147.7",
"상용근로자(30~299인)","사업 서비스업(72-75)","현물지급비용[천원]","천원","1.6",".6",".7","3.1",
"상용근로자(30~299인)","사업 서비스업(72-75)","법정복리비[천원]","천원","157.2","149.6","139.8","140.7",
"상용근로자(30~299인)","사업 서비스업(72-75)","법정외복리비[천원]","천원","211.5","103.6","76.9","88.5",
"상용근로자(30~299인)","사업 서비스업(72-75)","채용관련비용(모집비)[천원]","천원","3.6","4","3.1","3.7",
"상용근로자(30~299인)","사업 서비스업(72-75)","교육훈련비[천원]","천원","11","10.8","10.7","11.6",
"상용근로자(30~299인)","사업 서비스업(72-75)","기타노동비용[천원]","천원","5.5","3.4","5","5.9",
"상용근로자(30~299인)","기타공공,사회 및 개인 서비스업(87-93)(QR)","노동비용총액[천원]","천원","3103.6","3093.8","2918.3","2692.4",
"상용근로자(30~299인)","기타공공,사회 및 개인 서비스업(87-93)(QR)","현금급여총계[천원]","천원","2453.3","2465.8","2329","2174.3",
"상용근로자(30~299인)","기타공공,사회 및 개인 서비스업(87-93)(QR)","정액및초과[천원]","천원","2100.9","1974.94526","1898.6","1787",
"상용근로자(30~299인)","기타공공,사회 및 개인 서비스업(87-93)(QR)","상여금등특별급여[천원]","천원","352.4","490.8367","430.4","387.3",
"상용근로자(30~299인)","기타공공,사회 및 개인 서비스업(87-93)(QR)","현금급여외 노동비용(계)[천원]","천원","650.4","628","589.3","518.1",
"상용근로자(30~299인)","기타공공,사회 및 개인 서비스업(87-93)(QR)","퇴직금등비용[천원]","천원","206.8","215.5","227.9","191.5",
"상용근로자(30~299인)","기타공공,사회 및 개인 서비스업(87-93)(QR)","현물지급비용[천원]","천원","6.1","1.7","2.1","1.8",
"상용근로자(30~299인)","기타공공,사회 및 개인 서비스업(87-93)(QR)","법정복리비[천원]","천원","191.5","190.5","176.8","165.4",
"상용근로자(30~299인)","기타공공,사회 및 개인 서비스업(87-93)(QR)","법정외복리비[천원]","천원","222.3","196.3","161.7","140.6",
"상용근로자(30~299인)","기타공공,사회 및 개인 서비스업(87-93)(QR)","채용관련비용(모집비)[천원]","천원","1.7","1.5","1.3","1.3",
"상용근로자(30~299인)","기타공공,사회 및 개인 서비스업(87-93)(QR)","교육훈련비[천원]","천원","12.7","14.2","11.5","10.6",
"상용근로자(30~299인)","기타공공,사회 및 개인 서비스업(87-93)(QR)","기타노동비용[천원]","천원","9.2","8.4","8.1","7",
"상용근로자(30~299인)","오락, 문화 및 운동관련 서비스업(87-88)","노동비용총액[천원]","천원","3339.2","3556","3347.8","3160.9",
"상용근로자(30~299인)","오락, 문화 및 운동관련 서비스업(87-88)","현금급여총계[천원]","천원","2682.9","2810.8","2622.2","2495.9",
"상용근로자(30~299인)","오락, 문화 및 운동관련 서비스업(87-88)","정액및초과[천원]","천원","2242.5","2164.93104","2074.6","1974.2",
"상용근로자(30~299인)","오락, 문화 및 운동관련 서비스업(87-88)","상여금등특별급여[천원]","천원","440.5","645.85627","547.6","521.7",
"상용근로자(30~299인)","오락, 문화 및 운동관련 서비스업(87-88)","현금급여외 노동비용(계)[천원]","천원","656.3","745.2","725.6","665",
"상용근로자(30~299인)","오락, 문화 및 운동관련 서비스업(87-88)","퇴직금등비용[천원]","천원","220.6","294.6","323.1","276.5",
"상용근로자(30~299인)","오락, 문화 및 운동관련 서비스업(87-88)","현물지급비용[천원]","천원","9.4","3.1","3.5","3",
"상용근로자(30~299인)","오락, 문화 및 운동관련 서비스업(87-88)","법정복리비[천원]","천원","185.8","195.6","182.9","175.5",
"상용근로자(30~299인)","오락, 문화 및 운동관련 서비스업(87-88)","법정외복리비[천원]","천원","205.1","215.9","185.5","180.2",
"상용근로자(30~299인)","오락, 문화 및 운동관련 서비스업(87-88)","채용관련비용(모집비)[천원]","천원","2.4","2.3","1.4","1.6",
"상용근로자(30~299인)","오락, 문화 및 운동관련 서비스업(87-88)","교육훈련비[천원]","천원","20.9","23.5","19.2","18.5",
"상용근로자(30~299인)","오락, 문화 및 운동관련 서비스업(87-88)","기타노동비용[천원]","천원","12","10.1","9.9","9.6",
"상용근로자(30~299인)","기타공공, 수리 및 개인서비스업(90-93)","노동비용총액[천원]","천원","2773.2","2580.4","2495.1","2259.1",
"상용근로자(30~299인)","기타공공, 수리 및 개인서비스업(90-93)","현금급여총계[천원]","천원","2131.1","2082.6","2040","1876.9",
"상용근로자(30~299인)","기타공공, 수리 및 개인서비스업(90-93)","정액및초과[천원]","천원","1902.3","1763.94137","1725","1613.8",
"상용근로자(30~299인)","기타공공, 수리 및 개인서비스업(90-93)","상여금등특별급여[천원]","천원","228.8","318.66734","315","263",
"상용근로자(30~299인)","기타공공, 수리 및 개인서비스업(90-93)","현금급여외 노동비용(계)[천원]","천원","642","497.8","455","382.3",
"상용근로자(30~299인)","기타공공, 수리 및 개인서비스업(90-93)","퇴직금등비용[천원]","천원","187.4","127.6","134.1","112.9",
"상용근로자(30~299인)","기타공공, 수리 및 개인서비스업(90-93)","현물지급비용[천원]","천원","1.3","0",".7",".7",
"상용근로자(30~299인)","기타공공, 수리 및 개인서비스업(90-93)","법정복리비[천원]","천원","199.6","184.8","170.9","156",
"상용근로자(30~299인)","기타공공, 수리 및 개인서비스업(90-93)","법정외복리비[천원]","천원","246.5","174.5","138.2","103.9",
"상용근로자(30~299인)","기타공공, 수리 및 개인서비스업(90-93)","채용관련비용(모집비)[천원]","천원",".8",".6","1.1","1",
"상용근로자(30~299인)","기타공공, 수리 및 개인서비스업(90-93)","교육훈련비[천원]","천원","1.2","3.8","3.9","3.3",
"상용근로자(30~299인)","기타공공, 수리 및 개인서비스업(90-93)","기타노동비용[천원]","천원","5.4","6.5","6.2","4.5",
"1규모(10~29인)","전산업","노동비용총액[천원]","천원","2615.8","2524.2","2388.1","2188",
"1규모(10~29인)","전산업","현금급여총계[천원]","천원","2087.6","2037.9","1936.2","1809.4",
"1규모(10~29인)","전산업","정액및초과[천원]","천원","1902.9","1821.4622","1727.5","1613.7",
"1규모(10~29인)","전산업","상여금등특별급여[천원]","천원","184.7","216.41883","208.7","195.8",
"1규모(10~29인)","전산업","현금급여외 노동비용(계)[천원]","천원","528.2","486.3","451.9","378.5",
"1규모(10~29인)","전산업","퇴직금등비용[천원]","천원","155.7","131.1","138.7","104.8",
"1규모(10~29인)","전산업","현물지급비용[천원]","천원","1.7","2.2","4.2","3.8",
"1규모(10~29인)","전산업","법정복리비[천원]","천원","183.6","178.7","164.3","146.2",
"1규모(10~29인)","전산업","법정외복리비[천원]","천원","180","166.3","135.3","113.5",
"1규모(10~29인)","전산업","채용관련비용(모집비)[천원]","천원",".7","1","1.3","3.2",
"1규모(10~29인)","전산업","교육훈련비[천원]","천원","3.7","4.3","4.1","4.7",
"1규모(10~29인)","전산업","기타노동비용[천원]","천원","2.8","2.7","4","2.4",
"1규모(10~29인)","광업 및 제조업 (10-37)(CD)","노동비용총액[천원]","천원","2644.6","2513.5","2350.8","2168.6",
"1규모(10~29인)","광업 및 제조업 (10-37)(CD)","현금급여총계[천원]","천원","2070.8","2015.1","1871.1","1782.4",
"1규모(10~29인)","광업 및 제조업 (10-37)(CD)","정액및초과[천원]","천원","1856.3","1774.58231","1654","1587.6",
"1규모(10~29인)","광업 및 제조업 (10-37)(CD)","상여금등특별급여[천원]","천원","214.5","240.54979","217.1","194.7",
"1규모(10~29인)","광업 및 제조업 (10-37)(CD)","현금급여외 노동비용(계)[천원]","천원","573.8","498.3","479.7","386.3",
"1규모(10~29인)","광업 및 제조업 (10-37)(CD)","퇴직금등비용[천원]","천원","168.9","114.6","148.1","100.6",
"1규모(10~29인)","광업 및 제조업 (10-37)(CD)","현물지급비용[천원]","천원","2.3","4.3","6.6","1.4",
"1규모(10~29인)","광업 및 제조업 (10-37)(CD)","법정복리비[천원]","천원","187.6","179.2","164","148.7",
"1규모(10~29인)","광업 및 제조업 (10-37)(CD)","법정외복리비[천원]","천원","207.3","190.8","150.3","128.2",
"1규모(10~29인)","광업 및 제조업 (10-37)(CD)","채용관련비용(모집비)[천원]","천원","1.3",".9","1.4","2.1",
"1규모(10~29인)","광업 및 제조업 (10-37)(CD)","교육훈련비[천원]","천원","3.1","3.6","2.9","3.3",
"1규모(10~29인)","광업 및 제조업 (10-37)(CD)","기타노동비용[천원]","천원","3.3","5","6.4","2.2",
"1규모(10~29인)","광 업(10-12)","노동비용총액[천원]","천원","3174.4","2968","2795.9","2530.1",
"1규모(10~29인)","광 업(10-12)","현금급여총계[천원]","천원","2437","2338.6","2235.4","2046.6",
"1규모(10~29인)","광 업(10-12)","정액및초과[천원]","천원","2197.8","2109.45248","2053.7","1851.3",
"1규모(10~29인)","광 업(10-12)","상여금등특별급여[천원]","천원","239.2","229.17467","181.7","195.3",
"1규모(10~29인)","광 업(10-12)","현금급여외 노동비용(계)[천원]","천원","737.4","629.4","560.5","483.5",
"1규모(10~29인)","광 업(10-12)","퇴직금등비용[천원]","천원","205.4","112.4","110","96.5",
"1규모(10~29인)","광 업(10-12)","현물지급비용[천원]","천원","1.4","1.5","1.7","2.8",
"1규모(10~29인)","광 업(10-12)","법정복리비[천원]","천원","278.9","267.3","258.7","228.1",
"1규모(10~29인)","광 업(10-12)","법정외복리비[천원]","천원","242.7","239.1","186.5","148.3",
"1규모(10~29인)","광 업(10-12)","채용관련비용(모집비)[천원]","천원",".1",".3",".2","3.2",
"1규모(10~29인)","광 업(10-12)","교육훈련비[천원]","천원",".9",".7",".2","1.6",
"1규모(10~29인)","광 업(10-12)","기타노동비용[천원]","천원","7.9","8","3.1","3",
"1규모(10~29인)","제 조 업(15-37)","노동비용총액[천원]","천원","2636","2509","2345.7","2164",
"1규모(10~29인)","제 조 업(15-37)","현금급여총계[천원]","천원","2064.8","2011.9","1866.9","1779",
"1규모(10~29인)","제 조 업(15-37)","정액및초과[천원]","천원","1850.7","1771.27544","1649.4","1584.3",
"1규모(10~29인)","제 조 업(15-37)","상여금등특별급여[천원]","천원","214.1","240.66212","217.5","194.7",
"1규모(10~29인)","제 조 업(15-37)","현금급여외 노동비용(계)[천원]","천원","571.1","497","478.8","385",
"1규모(10~29인)","제 조 업(15-37)","퇴직금등비용[천원]","천원","168.3","114.6","148.5","100.6",
"1규모(10~29인)","제 조 업(15-37)","현물지급비용[천원]","천원","2.3","4.4","6.7","1.3",
"1규모(10~29인)","제 조 업(15-37)","법정복리비[천원]","천원","186.1","178.3","162.9","147.7",
"1규모(10~29인)","제 조 업(15-37)","법정외복리비[천원]","천원","206.7","190.3","149.9","127.9",
"1규모(10~29인)","제 조 업(15-37)","채용관련비용(모집비)[천원]","천원","1.3",".9","1.4","2",
"1규모(10~29인)","제 조 업(15-37)","교육훈련비[천원]","천원","3.1","3.6","3","3.3",
"1규모(10~29인)","제 조 업(15-37)","기타노동비용[천원]","천원","3.2","5","6.5","2.2",
"1규모(10~29인)","사회간접자본 및 기타서비스업(40-93)(E-R)","노동비용총액[천원]","천원","2594.4","2529.6","2416.5","2201.4",
"1규모(10~29인)","사회간접자본 및 기타서비스업(40-93)(E-R)","현금급여총계[천원]","천원","2100.2","2049.4","1985.9","1828.2",
"1규모(10~29인)","사회간접자본 및 기타서비스업(40-93)(E-R)","정액및초과[천원]","천원","1937.7","1845.13654","1783.7","1631.7",
"1규모(10~29인)","사회간접자본 및 기타서비스업(40-93)(E-R)","상여금등특별급여[천원]","천원","162.5","204.23269","202.3","196.5",
"1규모(10~29인)","사회간접자본 및 기타서비스업(40-93)(E-R)","현금급여외 노동비용(계)[천원]","천원","494.2","480.3","430.6","373.2",
"1규모(10~29인)","사회간접자본 및 기타서비스업(40-93)(E-R)","퇴직금등비용[천원]","천원","145.7","139.4","131.5","107.7",
"1규모(10~29인)","사회간접자본 및 기타서비스업(40-93)(E-R)","현물지급비용[천원]","천원","1.3","1.1","2.3","5.4",
"1규모(10~29인)","사회간접자본 및 기타서비스업(40-93)(E-R)","법정복리비[천원]","천원","180.7","178.4","164.6","144.4",
"1규모(10~29인)","사회간접자본 및 기타서비스업(40-93)(E-R)","법정외복리비[천원]","천원","159.6","153.9","123.9","103.4",
"1규모(10~29인)","사회간접자본 및 기타서비스업(40-93)(E-R)","채용관련비용(모집비)[천원]","천원",".2","1.1","1.3","4",
"1규모(10~29인)","사회간접자본 및 기타서비스업(40-93)(E-R)","교육훈련비[천원]","천원","4.2","4.7","5","5.7",
"1규모(10~29인)","사회간접자본 및 기타서비스업(40-93)(E-R)","기타노동비용[천원]","천원","2.5","1.6","2.1","2.6",
"1규모(10~29인)","전기, 가스 및 수도사업(40-41)","노동비용총액[천원]","천원","2601.4","2091.2","2044.8","1878.3",
"1규모(10~29인)","전기, 가스 및 수도사업(40-41)","현금급여총계[천원]","천원","2080.2","1761.9","1658.9","1595.5",
"1규모(10~29인)","전기, 가스 및 수도사업(40-41)","정액및초과[천원]","천원","1943.3","1627.98387","1510.6","1442.9",
"1규모(10~29인)","전기, 가스 및 수도사업(40-41)","상여금등특별급여[천원]","천원","136.9","133.9123","148.3","152.7",
"1규모(10~29인)","전기, 가스 및 수도사업(40-41)","현금급여외 노동비용(계)[천원]","천원","521.2","329.3","386","282.8",
"1규모(10~29인)","전기, 가스 및 수도사업(40-41)","퇴직금등비용[천원]","천원","196.4","88.4","110.7","92.1",
"1규모(10~29인)","전기, 가스 및 수도사업(40-41)","현물지급비용[천원]","천원","0",".7",".5","2.3",
"1규모(10~29인)","전기, 가스 및 수도사업(40-41)","법정복리비[천원]","천원","161.4","117.3","151.1","103.5",
"1규모(10~29인)","전기, 가스 및 수도사업(40-41)","법정외복리비[천원]","천원","153.5","105.6","105.5","76.3",
"1규모(10~29인)","전기, 가스 및 수도사업(40-41)","채용관련비용(모집비)[천원]","천원",".8",".4",".1",".2",
"1규모(10~29인)","전기, 가스 및 수도사업(40-41)","교육훈련비[천원]","천원","6.3","9.2","9.8","4.7",
"1규모(10~29인)","전기, 가스 및 수도사업(40-41)","기타노동비용[천원]","천원","2.7","7.6","8.3","3.7",
"1규모(10~29인)","건설업(45-46)","노동비용총액[천원]","천원","2413.2","2256.5","2352.4","2017.6",
"1규모(10~29인)","건설업(45-46)","현금급여총계[천원]","천원","1875.2","1757.9","1853.2","1655.2",
"1규모(10~29인)","건설업(45-46)","정액및초과[천원]","천원","1769.7","1611.92157","1704.6","1519.9",
"1규모(10~29인)","건설업(45-46)","상여금등특별급여[천원]","천원","105.5","146.01524","148.6","135.3",
"1규모(10~29인)","건설업(45-46)","현금급여외 노동비용(계)[천원]","천원","538","498.6","499.1","362.4",
"1규모(10~29인)","건설업(45-46)","퇴직금등비용[천원]","천원","130.7","136.4","146.2","81",
"1규모(10~29인)","건설업(45-46)","현물지급비용[천원]","천원","1.1","0",".1",".8",
"1규모(10~29인)","건설업(45-46)","법정복리비[천원]","천원","211","221.7","208","165.8",
"1규모(10~29인)","건설업(45-46)","법정외복리비[천원]","천원","191.2","136.5","138.2","99",
"1규모(10~29인)","건설업(45-46)","채용관련비용(모집비)[천원]","천원",".1",".1",".6","8.5",
"1규모(10~29인)","건설업(45-46)","교육훈련비[천원]","천원","3","3.7","4.9","4.6",
"1규모(10~29인)","건설업(45-46)","기타노동비용[천원]","천원",".9",".2","1.3","2.8",
"1규모(10~29인)","도매 및 소매업 숙박 및 음식점업(50-55) (GH)","노동비용총액[천원]","천원","2872.8","2799.5","2547.4","2533.4",
"1규모(10~29인)","도매 및 소매업 숙박 및 음식점업(50-55) (GH)","현금급여총계[천원]","천원","2381.5","2326.2","2140.9","2096.4",
"1규모(10~29인)","도매 및 소매업 숙박 및 음식점업(50-55) (GH)","정액및초과[천원]","천원","2124.5","2057.30051","1886.1","1813.6",
"1규모(10~29인)","도매 및 소매업 숙박 및 음식점업(50-55) (GH)","상여금등특별급여[천원]","천원","257","268.9398","254.8","282.9",
"1규모(10~29인)","도매 및 소매업 숙박 및 음식점업(50-55) (GH)","현금급여외 노동비용(계)[천원]","천원","491.3","473.3","406.5","437",
"1규모(10~29인)","도매 및 소매업 숙박 및 음식점업(50-55) (GH)","퇴직금등비용[천원]","천원","163.7","139.6","129.6","155.7",
"1규모(10~29인)","도매 및 소매업 숙박 및 음식점업(50-55) (GH)","현물지급비용[천원]","천원","1.5",".8","3.3","3.8",
"1규모(10~29인)","도매 및 소매업 숙박 및 음식점업(50-55) (GH)","법정복리비[천원]","천원","160.7","170.4","147.7","142",
"1규모(10~29인)","도매 및 소매업 숙박 및 음식점업(50-55) (GH)","법정외복리비[천원]","천원","160.4","154.6","117.7","120.1",
"1규모(10~29인)","도매 및 소매업 숙박 및 음식점업(50-55) (GH)","채용관련비용(모집비)[천원]","천원",".6",".9","1.1","3.8",
"1규모(10~29인)","도매 및 소매업 숙박 및 음식점업(50-55) (GH)","교육훈련비[천원]","천원","4.1","4.8","3.6","9",
"1규모(10~29인)","도매 및 소매업 숙박 및 음식점업(50-55) (GH)","기타노동비용[천원]","천원",".4","2.2","3.5","2.6",
"1규모(10~29인)","도매 및 소매업(50-52)","노동비용총액[천원]","천원","2916.5","2841.4","2610.1","2590.5",
"1규모(10~29인)","도매 및 소매업(50-52)","현금급여총계[천원]","천원","2417.1","2361.2","2194.4","2148.5",
"1규모(10~29인)","도매 및 소매업(50-52)","정액및초과[천원]","천원","2150.2","2083.90082","1925.2","1851.8",
"1규모(10~29인)","도매 및 소매업(50-52)","상여금등특별급여[천원]","천원","266.8","277.26724","269.3","296.7",
"1규모(10~29인)","도매 및 소매업(50-52)","현금급여외 노동비용(계)[천원]","천원","499.5","480.2","415.7","442",
"1규모(10~29인)","도매 및 소매업(50-52)","퇴직금등비용[천원]","천원","166.9","141.9","133.7","156.9",
"1규모(10~29인)","도매 및 소매업(50-52)","현물지급비용[천원]","천원","1.4",".9","3.3","2.1",
"1규모(10~29인)","도매 및 소매업(50-52)","법정복리비[천원]","천원","162.4","172.9","150.9","144.4",
"1규모(10~29인)","도매 및 소매업(50-52)","법정외복리비[천원]","천원","163.7","156.5","120.8","123",
"1규모(10~29인)","도매 및 소매업(50-52)","채용관련비용(모집비)[천원]","천원",".5",".9",".9","3.5",
"1규모(10~29인)","도매 및 소매업(50-52)","교육훈련비[천원]","천원","4.2","5","3.7","9.4",
"1규모(10~29인)","도매 및 소매업(50-52)","기타노동비용[천원]","천원",".3","2.2","2.4","2.6",
"1규모(10~29인)","숙박 및 음식점업(55)","노동비용총액[천원]","천원","2031.3","1635.7","1593.1","1689.6",
"1규모(10~29인)","숙박 및 음식점업(55)","현금급여총계[천원]","천원","1697.1","1354.8","1326.5","1327.5",
"1규모(10~29인)","숙박 및 음식점업(55)","정액및초과[천원]","천원","1629.4","1317.48948","1292.4","1249",
"1규모(10~29인)","숙박 및 음식점업(55)","상여금등특별급여[천원]","천원","67.8","37.3359","34.1","78.5",
"1규모(10~29인)","숙박 및 음식점업(55)","현금급여외 노동비용(계)[천원]","천원","334.1","280.8","266.6","362.1",
"1규모(10~29인)","숙박 및 음식점업(55)","퇴직금등비용[천원]","천원","102.8","74.4","67.9","138",
"1규모(10~29인)","숙박 및 음식점업(55)","현물지급비용[천원]","천원","2.9",".2","4.6","29.8",
"1규모(10~29인)","숙박 및 음식점업(55)","법정복리비[천원]","천원","126.4","99","98.5","105.3",
"1규모(10~29인)","숙박 및 음식점업(55)","법정외복리비[천원]","천원","96.8","100.1","70.3","77.9",
"1규모(10~29인)","숙박 및 음식점업(55)","채용관련비용(모집비)[천원]","천원","1.2","2.7","3","7",
"1규모(10~29인)","숙박 및 음식점업(55)","교육훈련비[천원]","천원","3.4","1.3","1.4","1.7",
"1규모(10~29인)","숙박 및 음식점업(55)","기타노동비용[천원]","천원",".6","3.1","21","2.3",
"1규모(10~29인)","운수업, 창고 및 통신업(60-64) (IJ)","노동비용총액[천원]","천원","2076.7","1956.1","1960.2","1824",
"1규모(10~29인)","운수업, 창고 및 통신업(60-64) (IJ)","현금급여총계[천원]","천원","1657.9","1562","1637.5","1521.2",
"1규모(10~29인)","운수업, 창고 및 통신업(60-64) (IJ)","정액및초과[천원]","천원","1506.7","1409.73267","1458.9","1362.1",
"1규모(10~29인)","운수업, 창고 및 통신업(60-64) (IJ)","상여금등특별급여[천원]","천원","151.2","152.27435","178.7","159.2",
"1규모(10~29인)","운수업, 창고 및 통신업(60-64) (IJ)","현금급여외 노동비용(계)[천원]","천원","418.8","394.1","322.7","302.7",
"1규모(10~29인)","운수업, 창고 및 통신업(60-64) (IJ)","퇴직금등비용[천원]","천원","176.4","138.3","83.3","63.1",
"1규모(10~29인)","운수업, 창고 및 통신업(60-64) (IJ)","현물지급비용[천원]","천원","1","5.1","8.8","21.1",
"1규모(10~29인)","운수업, 창고 및 통신업(60-64) (IJ)","법정복리비[천원]","천원","141.3","133.9","140.2","127.3",
"1규모(10~29인)","운수업, 창고 및 통신업(60-64) (IJ)","법정외복리비[천원]","천원","82.2","113","86.1","86.7",
"1규모(10~29인)","운수업, 창고 및 통신업(60-64) (IJ)","채용관련비용(모집비)[천원]","천원",".2",".6","1.3","1",
"1규모(10~29인)","운수업, 창고 및 통신업(60-64) (IJ)","교육훈련비[천원]","천원","1.3","2.4","2.3","1.3",
"1규모(10~29인)","운수업, 창고 및 통신업(60-64) (IJ)","기타노동비용[천원]","천원","16.3","1",".6","2.2",
"1규모(10~29인)","운수업(60-63)","노동비용총액[천원]","천원","1938.4","1905.8","1943.5","1786.4",
"1규모(10~29인)","운수업(60-63)","현금급여총계[천원]","천원","1569.9","1518.8","1619.3","1488.7",
"1규모(10~29인)","운수업(60-63)","정액및초과[천원]","천원","1408","1369.73875","1439.7","1328.1",
"1규모(10~29인)","운수업(60-63)","상여금등특별급여[천원]","천원","161.9","149.09677","179.6","160.6",
"1규모(10~29인)","운수업(60-63)","현금급여외 노동비용(계)[천원]","천원","368.4","386.9","324.2","297.7",
"1규모(10~29인)","운수업(60-63)","퇴직금등비용[천원]","천원","129.3","135","84.4","60.8",
"1규모(10~29인)","운수업(60-63)","현물지급비용[천원]","천원","1.2","5.5","9.7","23.1",
"1규모(10~29인)","운수업(60-63)","법정복리비[천원]","천원","139.2","131.8","140.7","124.4",
"1규모(10~29인)","운수업(60-63)","법정외복리비[천원]","천원","79.4","111.6","85.7","85.8",
"1규모(10~29인)","운수업(60-63)","채용관련비용(모집비)[천원]","천원",".2",".4","1.3",".4",
"1규모(10~29인)","운수업(60-63)","교육훈련비[천원]","천원","1.2","1.8","2",".9",
"1규모(10~29인)","운수업(60-63)","기타노동비용[천원]","천원","18",".7",".5","2.3",
"1규모(10~29인)","통신업(64)","노동비용총액[천원]","천원","3427.5","2571.6","2123.4","2222.7",
"1규모(10~29인)","통신업(64)","현금급여총계[천원]","천원","2516.8","2089.5","1815.2","1866.7",
"1규모(10~29인)","통신업(64)","정액및초과[천원]","천원","2470.7","1898.44614","1645.4","1723.3",
"1규모(10~29인)","통신업(64)","상여금등특별급여[천원]","천원","46.1","191.10345","169.8","143.3",
"1규모(10~29인)","통신업(64)","현금급여외 노동비용(계)[천원]","천원","910.7","482","308.2","356.1",
"1규모(10~29인)","통신업(64)","퇴직금등비용[천원]","천원","636.6","178.5","73","87.5",
"1규모(10~29인)","통신업(64)","현물지급비용[천원]","천원","0","0","0","0",
"1규모(10~29인)","통신업(64)","법정복리비[천원]","천원","161.6","159.2","136","157.5",
"1규모(10~29인)","통신업(64)","법정외복리비[천원]","천원","110.3","129.5","90.8","96.4",
"1규모(10~29인)","통신업(64)","채용관련비용(모집비)[천원]","천원","0","2.1","1.2","6.7",
"1규모(10~29인)","통신업(64)","교육훈련비[천원]","천원","2.2","8.8","4.9","6.3",
"1규모(10~29인)","통신업(64)","기타노동비용[천원]","천원","0","4","2.3","1.7",
"1규모(10~29인)","금융 보험,부동산 임대,사업서비스(65-75)(K-M)","노동비용총액[천원]","천원","2977.2","2762.9","2602.9","2209.4",
"1규모(10~29인)","금융 보험,부동산 임대,사업서비스(65-75)(K-M)","현금급여총계[천원]","천원","2504.5","2272.9","2165.1","1880.3",
"1규모(10~29인)","금융 보험,부동산 임대,사업서비스(65-75)(K-M)","정액및초과[천원]","천원","2309.7","2053.27656","1933.9","1679.9",
"1규모(10~29인)","금융 보험,부동산 임대,사업서비스(65-75)(K-M)","상여금등특별급여[천원]","천원","194.8","219.66259","231.2","200.4",
"1규모(10~29인)","금융 보험,부동산 임대,사업서비스(65-75)(K-M)","현금급여외 노동비용(계)[천원]","천원","472.8","490","437.8","329.1",
"1규모(10~29인)","금융 보험,부동산 임대,사업서비스(65-75)(K-M)","퇴직금등비용[천원]","천원","149.5","146.8","150.5","108",
"1규모(10~29인)","금융 보험,부동산 임대,사업서비스(65-75)(K-M)","현물지급비용[천원]","천원","1.7","1","1.6","2.2",
"1규모(10~29인)","금융 보험,부동산 임대,사업서비스(65-75)(K-M)","법정복리비[천원]","천원","170.1","156.4","150.6","131.1",
"1규모(10~29인)","금융 보험,부동산 임대,사업서비스(65-75)(K-M)","법정외복리비[천원]","천원","141.2","173.8","123.4","79.2",
"1규모(10~29인)","금융 보험,부동산 임대,사업서비스(65-75)(K-M)","채용관련비용(모집비)[천원]","천원",".3","3","2.5",".9",
"1규모(10~29인)","금융 보험,부동산 임대,사업서비스(65-75)(K-M)","교육훈련비[천원]","천원","9","6.9","7.7","5.7",
"1규모(10~29인)","금융 보험,부동산 임대,사업서비스(65-75)(K-M)","기타노동비용[천원]","천원","1","2.1","1.5","2",
"1규모(10~29인)","금융 및 보험업(65-67)","노동비용총액[천원]","천원","4833.3","4151","3748.2","3703.1",
"1규모(10~29인)","금융 및 보험업(65-67)","현금급여총계[천원]","천원","4125","3564.7","3154.6","2986.8",
"1규모(10~29인)","금융 및 보험업(65-67)","정액및초과[천원]","천원","3656.7","2968.47885","2489.1","2530.3",
"1규모(10~29인)","금융 및 보험업(65-67)","상여금등특별급여[천원]","천원","468.3","596.17812","665.5","456.5",
"1규모(10~29인)","금융 및 보험업(65-67)","현금급여외 노동비용(계)[천원]","천원","708.3","586.3","593.6","716.3",
"1규모(10~29인)","금융 및 보험업(65-67)","퇴직금등비용[천원]","천원","225","173.2","188.6","386.1",
"1규모(10~29인)","금융 및 보험업(65-67)","현물지급비용[천원]","천원","6.1","1.4","5","1.6",
"1규모(10~29인)","금융 및 보험업(65-67)","법정복리비[천원]","천원","216","212.9","199.6","186.4",
"1규모(10~29인)","금융 및 보험업(65-67)","법정외복리비[천원]","천원","239.7","164.9","149.5","116.7",
"1규모(10~29인)","금융 및 보험업(65-67)","채용관련비용(모집비)[천원]","천원","0","2.6","6.6","1.3",
"1규모(10~29인)","금융 및 보험업(65-67)","교육훈련비[천원]","천원","20.4","26.6","29","20",
"1규모(10~29인)","금융 및 보험업(65-67)","기타노동비용[천원]","천원","1","4.7","15.3","4.2",
"1규모(10~29인)","부동산 임대 및 사업서비스업(70-75) (LM)","노동비용총액[천원]","천원","2781.8","2686.7","2535.8","2117",
"1규모(10~29인)","부동산 임대 및 사업서비스업(70-75) (LM)","현금급여총계[천원]","천원","2333.8","2202","2107.1","1811.8",
"1규모(10~29인)","부동산 임대 및 사업서비스업(70-75) (LM)","정액및초과[천원]","천원","2167.8","2003.01532","1901.3","1627.3",
"1규모(10~29인)","부동산 임대 및 사업서비스업(70-75) (LM)","상여금등특별급여[천원]","천원","165.9","198.98504","205.7","184.5",
"1규모(10~29인)","부동산 임대 및 사업서비스업(70-75) (LM)","현금급여외 노동비용(계)[천원]","천원","448","484.7","428.7","305.2",
"1규모(10~29인)","부동산 임대 및 사업서비스업(70-75) (LM)","퇴직금등비용[천원]","천원","141.6","145.4","148.2","90.8",
"1규모(10~29인)","부동산 임대 및 사업서비스업(70-75) (LM)","현물지급비용[천원]","천원","1.2","1","1.4","2.2",
"1규모(10~29인)","부동산 임대 및 사업서비스업(70-75) (LM)","법정복리비[천원]","천원","165.3","153.3","147.8","127.7",
"1규모(10~29인)","부동산 임대 및 사업서비스업(70-75) (LM)","법정외복리비[천원]","천원","130.9","174.3","121.9","76.9",
"1규모(10~29인)","부동산 임대 및 사업서비스업(70-75) (LM)","채용관련비용(모집비)[천원]","천원",".3","3","2.3",".8",
"1규모(10~29인)","부동산 임대 및 사업서비스업(70-75) (LM)","교육훈련비[천원]","천원","7.7","5.8","6.4","4.8",
"1규모(10~29인)","부동산 임대 및 사업서비스업(70-75) (LM)","기타노동비용[천원]","천원","1","2",".7","1.9",
"1규모(10~29인)","부동산 및 임대업(70-71)","노동비용총액[천원]","천원","2686.2","2523.7","2656.2","1998.4",
"1규모(10~29인)","부동산 및 임대업(70-71)","현금급여총계[천원]","천원","2293","2142.9","2227.7","1707.2",
"1규모(10~29인)","부동산 및 임대업(70-71)","정액및초과[천원]","천원","2028.9","1911.0812","1841.1","1518",
"1규모(10~29인)","부동산 및 임대업(70-71)","상여금등특별급여[천원]","천원","264","231.80701","386.6","189.2",
"1규모(10~29인)","부동산 및 임대업(70-71)","현금급여외 노동비용(계)[천원]","천원","393.2","380.8","428.5","291.2",
"1규모(10~29인)","부동산 및 임대업(70-71)","퇴직금등비용[천원]","천원","147.9","147.2","179.6","86.8",
"1규모(10~29인)","부동산 및 임대업(70-71)","현물지급비용[천원]","천원",".6","5.5","7.3","12.6",
"1규모(10~29인)","부동산 및 임대업(70-71)","법정복리비[천원]","천원","162.8","142.6","140.2","118.2",
"1규모(10~29인)","부동산 및 임대업(70-71)","법정외복리비[천원]","천원","70.8","73.6","85.4","62.3",
"1규모(10~29인)","부동산 및 임대업(70-71)","채용관련비용(모집비)[천원]","천원",".1","2.7",".5",".4",
"1규모(10~29인)","부동산 및 임대업(70-71)","교육훈련비[천원]","천원","9.8","8.2","13.5","7.6",
"1규모(10~29인)","부동산 및 임대업(70-71)","기타노동비용[천원]","천원","1.2","1.1","2","3.3",
"1규모(10~29인)","사업 서비스업(72-75)","노동비용총액[천원]","천원","2798.7","2722.8","2509.1","2138.2",
"1규모(10~29인)","사업 서비스업(72-75)","현금급여총계[천원]","천원","2341","2215.1","2080.4","1830.6",
"1규모(10~29인)","사업 서비스업(72-75)","정액및초과[천원]","천원","2192.4","2023.33871","1914.7","1646.9",
"1규모(10~29인)","사업 서비스업(72-75)","상여금등특별급여[천원]","천원","148.6","191.72926","165.8","183.7",
"1규모(10~29인)","사업 서비스업(72-75)","현금급여외 노동비용(계)[천원]","천원","457.7","507.7","428.7","307.7",
"1규모(10~29인)","사업 서비스업(72-75)","퇴직금등비용[천원]","천원","140.5","145","141.3","91.5",
"1규모(10~29인)","사업 서비스업(72-75)","현물지급비용[천원]","천원","1.3","0",".1",".4",
"1규모(10~29인)","사업 서비스업(72-75)","법정복리비[천원]","천원","165.7","155.6","149.4","129.4",
"1규모(10~29인)","사업 서비스업(72-75)","법정외복리비[천원]","천원","141.5","196.5","130","79.5",
"1규모(10~29인)","사업 서비스업(72-75)","채용관련비용(모집비)[천원]","천원",".3","3","2.7",".9",
"1규모(10~29인)","사업 서비스업(72-75)","교육훈련비[천원]","천원","7.4","5.3","4.9","4.3",
"1규모(10~29인)","사업 서비스업(72-75)","기타노동비용[천원]","천원","1","2.2",".4","1.6",
"1규모(10~29인)","기타공공,사회 및 개인 서비스업(87-93)(QR)","노동비용총액[천원]","천원","2370.3","2368.8","2111.4","2034.4",
"1규모(10~29인)","기타공공,사회 및 개인 서비스업(87-93)(QR)","현금급여총계[천원]","천원","1928.4","1849.7","1723.4","1640",
"1규모(10~29인)","기타공공,사회 및 개인 서비스업(87-93)(QR)","정액및초과[천원]","천원","1819.2","1692.91816","1593.4","1516.3",
"1규모(10~29인)","기타공공,사회 및 개인 서비스업(87-93)(QR)","상여금등특별급여[천원]","천원","109.2","156.77713","130","123.6",
"1규모(10~29인)","기타공공,사회 및 개인 서비스업(87-93)(QR)","현금급여외 노동비용(계)[천원]","천원","441.9","519.1","388","394.4",
"1규모(10~29인)","기타공공,사회 및 개인 서비스업(87-93)(QR)","퇴직금등비용[천원]","천원","117.3","128.3","84.7","74",
"1규모(10~29인)","기타공공,사회 및 개인 서비스업(87-93)(QR)","현물지급비용[천원]","천원",".7","1.9",".4","20.6",
"1규모(10~29인)","기타공공,사회 및 개인 서비스업(87-93)(QR)","법정복리비[천원]","천원","167.1","160.7","149","138.7",
"1규모(10~29인)","기타공공,사회 및 개인 서비스업(87-93)(QR)","법정외복리비[천원]","천원","154.9","219.3","144.4","152.9",
"1규모(10~29인)","기타공공,사회 및 개인 서비스업(87-93)(QR)","채용관련비용(모집비)[천원]","천원",".1",".6",".7","1.8",
"1규모(10~29인)","기타공공,사회 및 개인 서비스업(87-93)(QR)","교육훈련비[천원]","천원",".7","4.6","5.9","2.5",
"1규모(10~29인)","기타공공,사회 및 개인 서비스업(87-93)(QR)","기타노동비용[천원]","천원","1.1","3.8","3","4",
"1규모(10~29인)","오락, 문화 및 운동관련 서비스업(87-88)","노동비용총액[천원]","천원","2751.7","2779.1","2444.7","2378.2",
"1규모(10~29인)","오락, 문화 및 운동관련 서비스업(87-88)","현금급여총계[천원]","천원","2229.9","2105.9","1997.2","1921",
"1규모(10~29인)","오락, 문화 및 운동관련 서비스업(87-88)","정액및초과[천원]","천원","2183.1","1895.74917","1784.7","1730.1",
"1규모(10~29인)","오락, 문화 및 운동관련 서비스업(87-88)","상여금등특별급여[천원]","천원","46.8","210.18835","212.5","190.9",
"1규모(10~29인)","오락, 문화 및 운동관련 서비스업(87-88)","현금급여외 노동비용(계)[천원]","천원","521.8","673.1","447.5","457.2",
"1규모(10~29인)","오락, 문화 및 운동관련 서비스업(87-88)","퇴직금등비용[천원]","천원","186.3","192.2","95.4","125.7",
"1규모(10~29인)","오락, 문화 및 운동관련 서비스업(87-88)","현물지급비용[천원]","천원","1.2","5.4","1.1","1.2",
"1규모(10~29인)","오락, 문화 및 운동관련 서비스업(87-88)","법정복리비[천원]","천원","156.6","153.6","139.6","145.3",
"1규모(10~29인)","오락, 문화 및 운동관련 서비스업(87-88)","법정외복리비[천원]","천원","175.1","298.1","184.1","166.7",
"1규모(10~29인)","오락, 문화 및 운동관련 서비스업(87-88)","채용관련비용(모집비)[천원]","천원",".2","1",".5","4.5",
"1규모(10~29인)","오락, 문화 및 운동관련 서비스업(87-88)","교육훈련비[천원]","천원","2.3","15.4","21.6","8.3",
"1규모(10~29인)","오락, 문화 및 운동관련 서비스업(87-88)","기타노동비용[천원]","천원",".1","7.4","5.3","5.5",
"1규모(10~29인)","기타공공, 수리 및 개인서비스업(90-93)","노동비용총액[천원]","천원","2291.8","2237.2","2008.9","1928.3",
"1규모(10~29인)","기타공공, 수리 및 개인서비스업(90-93)","현금급여총계[천원]","천원","1866.4","1767.5","1639.1","1553.2",
"1규모(10~29인)","기타공공, 수리 및 개인서비스업(90-93)","정액및초과[천원]","천원","1744.4","1627.82837","1534.6","1450.3",
"1규모(10~29인)","기타공공, 수리 및 개인서비스업(90-93)","상여금등특별급여[천원]","천원","122","139.63713","104.6","102.9",
"1규모(10~29인)","기타공공, 수리 및 개인서비스업(90-93)","현금급여외 노동비용(계)[천원]","천원","425.4","469.7","369.7","375",
"1규모(10~29인)","기타공공, 수리 및 개인서비스업(90-93)","퇴직금등비용[천원]","천원","103.1","107.8","81.4","58",
"1규모(10~29인)","기타공공, 수리 및 개인서비스업(90-93)","현물지급비용[천원]","천원",".6",".7",".2","26.6",
"1규모(10~29인)","기타공공, 수리 및 개인서비스업(90-93)","법정복리비[천원]","천원","169.3","162.9","151.9","136.7",
"1규모(10~29인)","기타공공, 수리 및 개인서비스업(90-93)","법정외복리비[천원]","천원","150.7","194","132.1","148.7",
"1규모(10~29인)","기타공공, 수리 및 개인서비스업(90-93)","채용관련비용(모집비)[천원]","천원","0",".5",".8","1",
"1규모(10~29인)","기타공공, 수리 및 개인서비스업(90-93)","교육훈련비[천원]","천원",".4","1.2","1",".7",
"1규모(10~29인)","기타공공, 수리 및 개인서비스업(90-93)","기타노동비용[천원]","천원","1.3","2.6","2.3","3.5",
"2규모(30~99인)","전산업","노동비용총액[천원]","천원","2826.7","2788.7","2536.8","2375",
"2규모(30~99인)","전산업","현금급여총계[천원]","천원","2264.5","2196.9","2049.4","1918.3",
"2규모(30~99인)","전산업","정액및초과[천원]","천원","1969.3","1889.01519","1767","1647.6",
"2규모(30~99인)","전산업","상여금등특별급여[천원]","천원","295.2","307.8651","282.4","270.7",
"2규모(30~99인)","전산업","현금급여외 노동비용(계)[천원]","천원","562.2","591.9","487.4","456.6",
"2규모(30~99인)","전산업","퇴직금등비용[천원]","천원","171.9","212.3","162.2","158.2",
"2규모(30~99인)","전산업","현물지급비용[천원]","천원","1.9","4.2","3.1","4.4",
"2규모(30~99인)","전산업","법정복리비[천원]","천원","196.9","187.3","163.9","149.9",
"2규모(30~99인)","전산업","법정외복리비[천원]","천원","176.6","171.5","141.4","129.7",
"2규모(30~99인)","전산업","채용관련비용(모집비)[천원]","천원","1.8","1.5","2.1","1.8",
"2규모(30~99인)","전산업","교육훈련비[천원]","천원","7.6","9.3","8.3","6.7",
"2규모(30~99인)","전산업","기타노동비용[천원]","천원","5.5","5.8","6.5","6",
"2규모(30~99인)","광업 및 제조업 (10-37)(CD)","노동비용총액[천원]","천원","2680.3","2849.6","2557.1","2358.2",
"2규모(30~99인)","광업 및 제조업 (10-37)(CD)","현금급여총계[천원]","천원","2134.5","2233.6","2041.3","1882",
"2규모(30~99인)","광업 및 제조업 (10-37)(CD)","정액및초과[천원]","천원","1859.8","1898.09597","1748.4","1602",
"2규모(30~99인)","광업 및 제조업 (10-37)(CD)","상여금등특별급여[천원]","천원","274.7","335.50936","292.9","280",
"2규모(30~99인)","광업 및 제조업 (10-37)(CD)","현금급여외 노동비용(계)[천원]","천원","545.8","616","515.8","476.2",
"2규모(30~99인)","광업 및 제조업 (10-37)(CD)","퇴직금등비용[천원]","천원","181.4","222.9","178.6","166.2",
"2규모(30~99인)","광업 및 제조업 (10-37)(CD)","현물지급비용[천원]","천원","1.4","6.4","4.2","5.4",
"2규모(30~99인)","광업 및 제조업 (10-37)(CD)","법정복리비[천원]","천원","188.3","196","162.2","147",
"2규모(30~99인)","광업 및 제조업 (10-37)(CD)","법정외복리비[천원]","천원","160.9","175","155.7","144",
"2규모(30~99인)","광업 및 제조업 (10-37)(CD)","채용관련비용(모집비)[천원]","천원","1.3","1.6","2","1.5",
"2규모(30~99인)","광업 및 제조업 (10-37)(CD)","교육훈련비[천원]","천원","6.7","8.9","7.1","5.9",
"2규모(30~99인)","광업 및 제조업 (10-37)(CD)","기타노동비용[천원]","천원","5.8","5.3","6","6.2",
"2규모(30~99인)","광 업(10-12)","노동비용총액[천원]","천원","3319.4","2969.6","2824.4","2686.8",
"2규모(30~99인)","광 업(10-12)","현금급여총계[천원]","천원","2826.6","2368.9","2216.2","2101.4",
"2규모(30~99인)","광 업(10-12)","정액및초과[천원]","천원","2490.5","1964.26353","1792.4","1753.6",
"2규모(30~99인)","광 업(10-12)","상여금등특별급여[천원]","천원","336.1","404.63508","423.8","347.7",
"2규모(30~99인)","광 업(10-12)","현금급여외 노동비용(계)[천원]","천원","492.8","600.7","608.2","585.5",
"2규모(30~99인)","광 업(10-12)","퇴직금등비용[천원]","천원","140.9","156.8","142.9","164.8",
"2규모(30~99인)","광 업(10-12)","현물지급비용[천원]","천원","2.7","12.4","2.4","2.1",
"2규모(30~99인)","광 업(10-12)","법정복리비[천원]","천원","261.8","280.3","286.2","261.2",
"2규모(30~99인)","광 업(10-12)","법정외복리비[천원]","천원","86.2","132.6","168.6","151.2",
"2규모(30~99인)","광 업(10-12)","채용관련비용(모집비)[천원]","천원",".1",".2","1.4",".2",
"2규모(30~99인)","광 업(10-12)","교육훈련비[천원]","천원","1","1.6","1.1",".2",
"2규모(30~99인)","광 업(10-12)","기타노동비용[천원]","천원","0","16.7","5.6","5.7",
"2규모(30~99인)","제 조 업(15-37)","노동비용총액[천원]","천원","2678","2849.4","2555.1","2356.3",
"2규모(30~99인)","제 조 업(15-37)","현금급여총계[천원]","천원","2132","2233.3","2040","1880.7",
"2규모(30~99인)","제 조 업(15-37)","정액및초과[천원]","천원","1857.5","1897.97068","1748","1601.1",
"2규모(30~99인)","제 조 업(15-37)","상여금등특별급여[천원]","천원","274.5","335.37847","291.9","279.6",
"2규모(30~99인)","제 조 업(15-37)","현금급여외 노동비용(계)[천원]","천원","546","616","515.1","475.5",
"2규모(30~99인)","제 조 업(15-37)","퇴직금등비용[천원]","천원","181.6","223.1","178.9","166.2",
"2규모(30~99인)","제 조 업(15-37)","현물지급비용[천원]","천원","1.4","6.4","4.2","5.4",
"2규모(30~99인)","제 조 업(15-37)","법정복리비[천원]","천원","188.1","195.8","161.3","146.4",
"2규모(30~99인)","제 조 업(15-37)","법정외복리비[천원]","천원","161.2","175.1","155.6","143.9",
"2규모(30~99인)","제 조 업(15-37)","채용관련비용(모집비)[천원]","천원","1.3","1.6","2","1.5",
"2규모(30~99인)","제 조 업(15-37)","교육훈련비[천원]","천원","6.7","8.9","7.1","5.9",
"2규모(30~99인)","제 조 업(15-37)","기타노동비용[천원]","천원","5.8","5.2","6","6.2",
"2규모(30~99인)","사회간접자본 및 기타서비스업(40-93)(E-R)","노동비용총액[천원]","천원","2988.1","2712.8","2513.1","2396",
"2규모(30~99인)","사회간접자본 및 기타서비스업(40-93)(E-R)","현금급여총계[천원]","천원","2407.8","2151.1","2058.8","1963.9",
"2규모(30~99인)","사회간접자본 및 기타서비스업(40-93)(E-R)","정액및초과[천원]","천원","2090","1877.69399","1788.7","1704.8",
"2규모(30~99인)","사회간접자본 및 기타서비스업(40-93)(E-R)","상여금등특별급여[천원]","천원","317.8","273.40042","270.1","259.1",
"2규모(30~99인)","사회간접자본 및 기타서비스업(40-93)(E-R)","현금급여외 노동비용(계)[천원]","천원","580.3","561.7","454.3","432.2",
"2규모(30~99인)","사회간접자본 및 기타서비스업(40-93)(E-R)","퇴직금등비용[천원]","천원","161.4","199","143","148.2",
"2규모(30~99인)","사회간접자본 및 기타서비스업(40-93)(E-R)","현물지급비용[천원]","천원","2.5","1.4","1.8","3.2",
"2규모(30~99인)","사회간접자본 및 기타서비스업(40-93)(E-R)","법정복리비[천원]","천원","206.3","176.5","165.8","153.6",
"2규모(30~99인)","사회간접자본 및 기타서비스업(40-93)(E-R)","법정외복리비[천원]","천원","193.9","167.2","124.6","111.8",
"2규모(30~99인)","사회간접자본 및 기타서비스업(40-93)(E-R)","채용관련비용(모집비)[천원]","천원","2.4","1.4","2.3","2",
"2규모(30~99인)","사회간접자본 및 기타서비스업(40-93)(E-R)","교육훈련비[천원]","천원","8.7","9.8","9.6","7.6",
"2규모(30~99인)","사회간접자본 및 기타서비스업(40-93)(E-R)","기타노동비용[천원]","천원","5.2","6.5","7.2","5.7",
"2규모(30~99인)","전기, 가스 및 수도사업(40-41)","노동비용총액[천원]","천원","5443.4","4718.7","4411.6","4047.4",
"2규모(30~99인)","전기, 가스 및 수도사업(40-41)","현금급여총계[천원]","천원","4388.5","3953.1","3692.8","3332.2",
"2규모(30~99인)","전기, 가스 및 수도사업(40-41)","정액및초과[천원]","천원","2916.5","2629.01388","2392.2","2247.6",
"2규모(30~99인)","전기, 가스 및 수도사업(40-41)","상여금등특별급여[천원]","천원","1472.1","1324.05515","1300.6","1084.6",
"2규모(30~99인)","전기, 가스 및 수도사업(40-41)","현금급여외 노동비용(계)[천원]","천원","1054.8","765.7","718.8","715.2",
"2규모(30~99인)","전기, 가스 및 수도사업(40-41)","퇴직금등비용[천원]","천원","227.7","223.7","173.5","158.2",
"2규모(30~99인)","전기, 가스 및 수도사업(40-41)","현물지급비용[천원]","천원","0","0","0","19",
"2규모(30~99인)","전기, 가스 및 수도사업(40-41)","법정복리비[천원]","천원","283.3","247.3","233.1","212.5",
"2규모(30~99인)","전기, 가스 및 수도사업(40-41)","법정외복리비[천원]","천원","464.6","212.8","232.6","258.1",
"2규모(30~99인)","전기, 가스 및 수도사업(40-41)","채용관련비용(모집비)[천원]","천원","1.9","1.4",".5",".3",
"2규모(30~99인)","전기, 가스 및 수도사업(40-41)","교육훈련비[천원]","천원","46.6","55.3","58.9","55.5",
"2규모(30~99인)","전기, 가스 및 수도사업(40-41)","기타노동비용[천원]","천원","30.8","25.1","20.2","11.6",
"2규모(30~99인)","건설업(45-46)","노동비용총액[천원]","천원","3179.5","3155.2","2762.5","2668.4",
"2규모(30~99인)","건설업(45-46)","현금급여총계[천원]","천원","2507.8","2297.8","2130.3","2099.6",
"2규모(30~99인)","건설업(45-46)","정액및초과[천원]","천원","2299.4","2120.23951","1899.9","1840.5",
"2규모(30~99인)","건설업(45-46)","상여금등특별급여[천원]","천원","208.4","177.5409","230.5","259.1",
"2규모(30~99인)","건설업(45-46)","현금급여외 노동비용(계)[천원]","천원","671.7","857.4","632.2","568.8",
"2규모(30~99인)","건설업(45-46)","퇴직금등비용[천원]","천원","194.7","221.9","161.6","168.5",
"2규모(30~99인)","건설업(45-46)","현물지급비용[천원]","천원","1.9",".7","1.5",".7",
"2규모(30~99인)","건설업(45-46)","법정복리비[천원]","천원","303.2","312.5","255.5","238.5",
"2규모(30~99인)","건설업(45-46)","법정외복리비[천원]","천원","163.7","313.5","203.6","146.9",
"2규모(30~99인)","건설업(45-46)","채용관련비용(모집비)[천원]","천원","1.7",".3",".7","1.1",
"2규모(30~99인)","건설업(45-46)","교육훈련비[천원]","천원","3.2","4","3.5","3.2",
"2규모(30~99인)","건설업(45-46)","기타노동비용[천원]","천원","3.3","4.6","5.8","9.7",
"2규모(30~99인)","도매 및 소매업 숙박 및 음식점업(50-55) (GH)","노동비용총액[천원]","천원","2796.1","2942.5","2612.4","2569.6",
"2규모(30~99인)","도매 및 소매업 숙박 및 음식점업(50-55) (GH)","현금급여총계[천원]","천원","2324.2","2219.7","2131.4","2132.8",
"2규모(30~99인)","도매 및 소매업 숙박 및 음식점업(50-55) (GH)","정액및초과[천원]","천원","2001","1937.5712","1883.4","1842",
"2규모(30~99인)","도매 및 소매업 숙박 및 음식점업(50-55) (GH)","상여금등특별급여[천원]","천원","323.2","282.14863","248","290.8",
"2규모(30~99인)","도매 및 소매업 숙박 및 음식점업(50-55) (GH)","현금급여외 노동비용(계)[천원]","천원","471.9","722.8","480.9","436.9",
"2규모(30~99인)","도매 및 소매업 숙박 및 음식점업(50-55) (GH)","퇴직금등비용[천원]","천원","182.7","284.9","155.8","144.4",
"2규모(30~99인)","도매 및 소매업 숙박 및 음식점업(50-55) (GH)","현물지급비용[천원]","천원","1.1","4.3","4.6","3.4",
"2규모(30~99인)","도매 및 소매업 숙박 및 음식점업(50-55) (GH)","법정복리비[천원]","천원","165","153","150.7","145.3",
"2규모(30~99인)","도매 및 소매업 숙박 및 음식점업(50-55) (GH)","법정외복리비[천원]","천원","101.6","247.8","135.6","132.7",
"2규모(30~99인)","도매 및 소매업 숙박 및 음식점업(50-55) (GH)","채용관련비용(모집비)[천원]","천원","3.3","2.1","3.7","1.8",
"2규모(30~99인)","도매 및 소매업 숙박 및 음식점업(50-55) (GH)","교육훈련비[천원]","천원","14.4","18.2","16.7","7",
"2규모(30~99인)","도매 및 소매업 숙박 및 음식점업(50-55) (GH)","기타노동비용[천원]","천원","3.9","12.4","13.8","2.3",
"2규모(30~99인)","도매 및 소매업(50-52)","노동비용총액[천원]","천원","2860.5","3121.8","2742.8","2712.4",
"2규모(30~99인)","도매 및 소매업(50-52)","현금급여총계[천원]","천원","2376.2","2343.5","2237.7","2248.7",
"2규모(30~99인)","도매 및 소매업(50-52)","정액및초과[천원]","천원","2031","2027.69262","1964","1926.6",
"2규모(30~99인)","도매 및 소매업(50-52)","상여금등특별급여[천원]","천원","345.2","315.80677","273.7","322.1",
"2규모(30~99인)","도매 및 소매업(50-52)","현금급여외 노동비용(계)[천원]","천원","484.3","778.3","505.1","463.7",
"2규모(30~99인)","도매 및 소매업(50-52)","퇴직금등비용[천원]","천원","187.1","305","162.4","150.7",
"2규모(30~99인)","도매 및 소매업(50-52)","현물지급비용[천원]","천원","1.2","4.8","5.1","3.8",
"2규모(30~99인)","도매 및 소매업(50-52)","법정복리비[천원]","천원","168","160","158.6","152.8",
"2규모(30~99인)","도매 및 소매업(50-52)","법정외복리비[천원]","천원","104.8","276.9","143.9","144.3",
"2규모(30~99인)","도매 및 소매업(50-52)","채용관련비용(모집비)[천원]","천원","3.5","2.2","3.9","2",
"2규모(30~99인)","도매 및 소매업(50-52)","교육훈련비[천원]","천원","15.6","20.7","18.9","7.5",
"2규모(30~99인)","도매 및 소매업(50-52)","기타노동비용[천원]","천원","4.1","8.8","12.2","2.6",
"2규모(30~99인)","숙박 및 음식점업(55)","노동비용총액[천원]","천원","2049.5","1927","1896.7","1733.6",
"2규모(30~99인)","숙박 및 음식점업(55)","현금급여총계[천원]","천원","1721","1518.7","1548.4","1454",
"2규모(30~99인)","숙박 및 음식점업(55)","정액및초과[천원]","천원","1653.5","1427.13914","1441.6","1346.5",
"2규모(30~99인)","숙박 및 음식점업(55)","상여금등특별급여[천원]","천원","67.5","91.5148","106.9","107.5",
"2규모(30~99인)","숙박 및 음식점업(55)","현금급여외 노동비용(계)[천원]","천원","328.5","408.4","348.2","279.6",
"2규모(30~99인)","숙박 및 음식점업(55)","퇴직금등비용[천원]","천원","131.5","171.4","120","107.4",
"2규모(30~99인)","숙박 및 음식점업(55)","현물지급비용[천원]","천원","0","1.8","1.9",".7",
"2규모(30~99인)","숙박 및 음식점업(55)","법정복리비[천원]","천원","130.2","113.3","106.9","101.6",
"2규모(30~99인)","숙박 및 음식점업(55)","법정외복리비[천원]","천원","64","83.1","90","64.8",
"2규모(30~99인)","숙박 및 음식점업(55)","채용관련비용(모집비)[천원]","천원","1.8","1.8","2.4",".9",
"2규모(30~99인)","숙박 및 음식점업(55)","교육훈련비[천원]","천원",".2","3.8","5","3.8",
"2규모(30~99인)","숙박 및 음식점업(55)","기타노동비용[천원]","천원",".8","33.2","22.1",".4",
"2규모(30~99인)","운수업, 창고 및 통신업(60-64) (IJ)","노동비용총액[천원]","천원","1879.3","1786.7","1822.4","1709.1",
"2규모(30~99인)","운수업, 창고 및 통신업(60-64) (IJ)","현금급여총계[천원]","천원","1545.9","1456.6","1506.7","1424",
"2규모(30~99인)","운수업, 창고 및 통신업(60-64) (IJ)","정액및초과[천원]","천원","1371.3","1277.02723","1309.6","1235.6",
"2규모(30~99인)","운수업, 창고 및 통신업(60-64) (IJ)","상여금등특별급여[천원]","천원","174.6","179.59108","197","188.4",
"2규모(30~99인)","운수업, 창고 및 통신업(60-64) (IJ)","현금급여외 노동비용(계)[천원]","천원","333.4","330.1","315.7","285.1",
"2규모(30~99인)","운수업, 창고 및 통신업(60-64) (IJ)","퇴직금등비용[천원]","천원","95.3","131.7","105","84.1",
"2규모(30~99인)","운수업, 창고 및 통신업(60-64) (IJ)","현물지급비용[천원]","천원","2.3",".5",".8","2.7",
"2규모(30~99인)","운수업, 창고 및 통신업(60-64) (IJ)","법정복리비[천원]","천원","132","125.1","125.7","114.6",
"2규모(30~99인)","운수업, 창고 및 통신업(60-64) (IJ)","법정외복리비[천원]","천원","100.8","68.3","78.7","76.5",
"2규모(30~99인)","운수업, 창고 및 통신업(60-64) (IJ)","채용관련비용(모집비)[천원]","천원",".2",".5",".9","1.1",
"2규모(30~99인)","운수업, 창고 및 통신업(60-64) (IJ)","교육훈련비[천원]","천원","1.7","1.5","2.7","4.4",
"2규모(30~99인)","운수업, 창고 및 통신업(60-64) (IJ)","기타노동비용[천원]","천원","1.1","2.5","1.8","1.9",
"2규모(30~99인)","운수업(60-63)","노동비용총액[천원]","천원","1796.9","1725.6","1753.2","1657.3",
"2규모(30~99인)","운수업(60-63)","현금급여총계[천원]","천원","1463.2","1403.3","1448.1","1379.3",
"2규모(30~99인)","운수업(60-63)","정액및초과[천원]","천원","1293.4","1228.63991","1249.4","1186",
"2규모(30~99인)","운수업(60-63)","상여금등특별급여[천원]","천원","169.8","174.64154","198.7","193.3",
"2규모(30~99인)","운수업(60-63)","현금급여외 노동비용(계)[천원]","천원","333.7","322.3","305.1","278",
"2규모(30~99인)","운수업(60-63)","퇴직금등비용[천원]","천원","95.3","129.2","101.9","82",
"2규모(30~99인)","운수업(60-63)","현물지급비용[천원]","천원","2.1",".5",".8","2.3",
"2규모(30~99인)","운수업(60-63)","법정복리비[천원]","천원","128.4","122.5","122.8","112",
"2규모(30~99인)","운수업(60-63)","법정외복리비[천원]","천원","104.9","66.6","75.9","75.7",
"2규모(30~99인)","운수업(60-63)","채용관련비용(모집비)[천원]","천원",".3",".4",".5",".7",
"2규모(30~99인)","운수업(60-63)","교육훈련비[천원]","천원","1.6",".8","1.4","3.6",
"2규모(30~99인)","운수업(60-63)","기타노동비용[천원]","천원","1.2","2.3","1.7","1.9",
"2규모(30~99인)","통신업(64)","노동비용총액[천원]","천원","3020.1","3241.2","3121","2812.3",
"2규모(30~99인)","통신업(64)","현금급여총계[천원]","천원","2690.6","2726.5","2607","2376.2",
"2규모(30~99인)","통신업(64)","정액및초과[천원]","천원","2449.8","2429.026","2440.4","2292.3",
"2규모(30~99인)","통신업(64)","상여금등특별급여[천원]","천원","240.8","297.42922","166.5","83.9",
"2규모(30~99인)","통신업(64)","현금급여외 노동비용(계)[천원]","천원","329.4","514.7","514","436.1",
"2규모(30~99인)","통신업(64)","퇴직금등비용[천원]","천원","95.8","190.5","163","129",
"2규모(30~99인)","통신업(64)","현물지급비용[천원]","천원","4.4","1","1.5","11",
"2규모(30~99인)","통신업(64)","법정복리비[천원]","천원","181.1","188.1","179.9","169.8",
"2규모(30~99인)","통신업(64)","법정외복리비[천원]","천원","44.4","109.3","131.5","93.2",
"2규모(30~99인)","통신업(64)","채용관련비용(모집비)[천원]","천원",".1","1.5","8","9.7",
"2규모(30~99인)","통신업(64)","교육훈련비[천원]","천원","3.7","17.1","26.4","21.5",
"2규모(30~99인)","통신업(64)","기타노동비용[천원]","천원","0","7.2","3.8","2",
"2규모(30~99인)","금융 보험,부동산 임대,사업서비스(65-75)(K-M)","노동비용총액[천원]","천원","3798.2","2901.5","2672.8","2579.3",
"2규모(30~99인)","금융 보험,부동산 임대,사업서비스(65-75)(K-M)","현금급여총계[천원]","천원","3070.5","2431.3","2270.9","2126.2",
"2규모(30~99인)","금융 보험,부동산 임대,사업서비스(65-75)(K-M)","정액및초과[천원]","천원","2515.9","2091.78106","1947.4","1862",
"2규모(30~99인)","금융 보험,부동산 임대,사업서비스(65-75)(K-M)","상여금등특별급여[천원]","천원","554.6","339.5311","323.5","264.3",
"2규모(30~99인)","금융 보험,부동산 임대,사업서비스(65-75)(K-M)","현금급여외 노동비용(계)[천원]","천원","727.7","470.2","401.9","453.1",
"2규모(30~99인)","금융 보험,부동산 임대,사업서비스(65-75)(K-M)","퇴직금등비용[천원]","천원","170.7","183.2","138.7","184.7",
"2규모(30~99인)","금융 보험,부동산 임대,사업서비스(65-75)(K-M)","현물지급비용[천원]","천원","2.6",".5",".6","4.8",
"2규모(30~99인)","금융 보험,부동산 임대,사업서비스(65-75)(K-M)","법정복리비[천원]","천원","190.7","157.1","151.6","145.8",
"2규모(30~99인)","금융 보험,부동산 임대,사업서비스(65-75)(K-M)","법정외복리비[천원]","천원","334","109.5","88.5","94.3",
"2규모(30~99인)","금융 보험,부동산 임대,사업서비스(65-75)(K-M)","채용관련비용(모집비)[천원]","천원","4.8","2.1","3.6","3.6",
"2규모(30~99인)","금융 보험,부동산 임대,사업서비스(65-75)(K-M)","교육훈련비[천원]","천원","15.7","12.1","11.9","11.5",
"2규모(30~99인)","금융 보험,부동산 임대,사업서비스(65-75)(K-M)","기타노동비용[천원]","천원","9.1","5.6","7.1","8.5",
"2규모(30~99인)","금융 및 보험업(65-67)","노동비용총액[천원]","천원","7361.8","6227.5","5834.2","4937.7",
"2규모(30~99인)","금융 및 보험업(65-67)","현금급여총계[천원]","천원","6445.9","5295.9","4985.2","3870.8",
"2규모(30~99인)","금융 및 보험업(65-67)","정액및초과[천원]","천원","4510.2","3576.79238","3563","2891.6",
"2규모(30~99인)","금융 및 보험업(65-67)","상여금등특별급여[천원]","천원","1935.7","1719.13736","1422.3","979.2",
"2규모(30~99인)","금융 및 보험업(65-67)","현금급여외 노동비용(계)[천원]","천원","915.9","931.5","849","1066.9",
"2규모(30~99인)","금융 및 보험업(65-67)","퇴직금등비용[천원]","천원","284.5","438.5","322.5","623.3",
"2규모(30~99인)","금융 및 보험업(65-67)","현물지급비용[천원]","천원",".5","4.4","4","4.7",
"2규모(30~99인)","금융 및 보험업(65-67)","법정복리비[천원]","천원","290.4","258.6","283.7","233.3",
"2규모(30~99인)","금융 및 보험업(65-67)","법정외복리비[천원]","천원","278.6","169.4","190.2","172.8",
"2규모(30~99인)","금융 및 보험업(65-67)","채용관련비용(모집비)[천원]","천원","19.4","7","11","2.6",
"2규모(30~99인)","금융 및 보험업(65-67)","교육훈련비[천원]","천원","38.3","40.5","31.6","24.9",
"2규모(30~99인)","금융 및 보험업(65-67)","기타노동비용[천원]","천원","4.2","13","5.9","5.3",
"2규모(30~99인)","부동산 임대 및 사업서비스업(70-75) (LM)","노동비용총액[천원]","천원","3371.5","2650.9","2378.7","2356.6",
"2규모(30~99인)","부동산 임대 및 사업서비스업(70-75) (LM)","현금급여총계[천원]","천원","2666.4","2215.5","2018.4","1961.5",
"2규모(30~99인)","부동산 임대 및 사업서비스업(70-75) (LM)","정액및초과[천원]","천원","2277.1","1979.8893","1797.1","1764.7",
"2규모(30~99인)","부동산 임대 및 사업서비스업(70-75) (LM)","상여금등특별급여[천원]","천원","389.2","235.58134","221.3","196.7",
"2규모(30~99인)","부동산 임대 및 사업서비스업(70-75) (LM)","현금급여외 노동비용(계)[천원]","천원","705.2","435.4","360.3","395.1",
"2규모(30~99인)","부동산 임대 및 사업서비스업(70-75) (LM)","퇴직금등비용[천원]","천원","157.1","164","121.6","143.2",
"2규모(30~99인)","부동산 임대 및 사업서비스업(70-75) (LM)","현물지급비용[천원]","천원","2.9",".2",".2","4.8",
"2규모(30~99인)","부동산 임대 및 사업서비스업(70-75) (LM)","법정복리비[천원]","천원","178.8","149.5","139.3","137.5",
"2규모(30~99인)","부동산 임대 및 사업서비스업(70-75) (LM)","법정외복리비[천원]","천원","340.6","104.9","79","86.9",
"2규모(30~99인)","부동산 임대 및 사업서비스업(70-75) (LM)","채용관련비용(모집비)[천원]","천원","3.1","1.7","2.9","3.7",
"2규모(30~99인)","부동산 임대 및 사업서비스업(70-75) (LM)","교육훈련비[천원]","천원","13","10","10.1","10.2",
"2규모(30~99인)","부동산 임대 및 사업서비스업(70-75) (LM)","기타노동비용[천원]","천원","9.7","5","7.2","8.8",
"2규모(30~99인)","부동산 및 임대업(70-71)","노동비용총액[천원]","천원","2990.4","2108.7","1958.9","2070",
"2규모(30~99인)","부동산 및 임대업(70-71)","현금급여총계[천원]","천원","2626.2","1824.4","1676.4","1741.4",
"2규모(30~99인)","부동산 및 임대업(70-71)","정액및초과[천원]","천원","2295.9","1587.11694","1484.4","1506.5",
"2규모(30~99인)","부동산 및 임대업(70-71)","상여금등특별급여[천원]","천원","330.3","237.27512","191.9","234.9",
"2규모(30~99인)","부동산 및 임대업(70-71)","현금급여외 노동비용(계)[천원]","천원","364.2","284.3","282.5","328.6",
"2규모(30~99인)","부동산 및 임대업(70-71)","퇴직금등비용[천원]","천원","85.5","103.3","93.9","111.7",
"2규모(30~99인)","부동산 및 임대업(70-71)","현물지급비용[천원]","천원","2.8",".1",".1",".4",
"2규모(30~99인)","부동산 및 임대업(70-71)","법정복리비[천원]","천원","156.9","111","110.7","125.1",
"2규모(30~99인)","부동산 및 임대업(70-71)","법정외복리비[천원]","천원","87.1","55.8","53","69.9",
"2규모(30~99인)","부동산 및 임대업(70-71)","채용관련비용(모집비)[천원]","천원","1.8",".1","7.6","6",
"2규모(30~99인)","부동산 및 임대업(70-71)","교육훈련비[천원]","천원","10.5","12.6","11.4","8.7",
"2규모(30~99인)","부동산 및 임대업(70-71)","기타노동비용[천원]","천원","19.5","1.5","5.8","6.8",
"2규모(30~99인)","사업 서비스업(72-75)","노동비용총액[천원]","천원","3418.3","2711.1","2432.1","2395.9",
"2규모(30~99인)","사업 서비스업(72-75)","현금급여총계[천원]","천원","2671.3","2258.9","2061.9","1991.7",
"2규모(30~99인)","사업 서비스업(72-75)","정액및초과[천원]","천원","2274.8","2023.52674","1836.9","1800.1",
"2규모(30~99인)","사업 서비스업(72-75)","상여금등특별급여[천원]","천원","396.5","235.39315","225","191.5",
"2규모(30~99인)","사업 서비스업(72-75)","현금급여외 노동비용(계)[천원]","천원","747","452.2","370.2","404.2",
"2규모(30~99인)","사업 서비스업(72-75)","퇴직금등비용[천원]","천원","165.9","170.7","125.1","147.6",
"2규모(30~99인)","사업 서비스업(72-75)","현물지급비용[천원]","천원","2.9",".2",".3","5.4",
"2규모(30~99인)","사업 서비스업(72-75)","법정복리비[천원]","천원","181.4","153.8","142.9","139.2",
"2규모(30~99인)","사업 서비스업(72-75)","법정외복리비[천원]","천원","371.7","110.4","82.3","89.2",
"2규모(30~99인)","사업 서비스업(72-75)","채용관련비용(모집비)[천원]","천원","3.3","1.9","2.3","3.4",
"2규모(30~99인)","사업 서비스업(72-75)","교육훈련비[천원]","천원","13.3","9.7","10","10.4",
"2규모(30~99인)","사업 서비스업(72-75)","기타노동비용[천원]","천원","8.5","5.4","7.4","9.1",
"2규모(30~99인)","기타공공,사회 및 개인 서비스업(87-93)(QR)","노동비용총액[천원]","천원","2768.4","2811.6","2654.9","2476",
"2규모(30~99인)","기타공공,사회 및 개인 서비스업(87-93)(QR)","현금급여총계[천원]","천원","2173","2251.7","2132.5","2010.8",
"2규모(30~99인)","기타공공,사회 및 개인 서비스업(87-93)(QR)","정액및초과[천원]","천원","1951.6","1898.51367","1817.7","1714.2",
"2규모(30~99인)","기타공공,사회 및 개인 서비스업(87-93)(QR)","상여금등특별급여[천원]","천원","221.4","353.15556","314.8","296.6",
"2규모(30~99인)","기타공공,사회 및 개인 서비스업(87-93)(QR)","현금급여외 노동비용(계)[천원]","천원","595.4","559.9","522.4","465.3",
"2규모(30~99인)","기타공공,사회 및 개인 서비스업(87-93)(QR)","퇴직금등비용[천원]","천원","149.4","185.3","172.6","152.6",
"2규모(30~99인)","기타공공,사회 및 개인 서비스업(87-93)(QR)","현물지급비용[천원]","천원","8","1.9","2.2","2.1",
"2규모(30~99인)","기타공공,사회 및 개인 서비스업(87-93)(QR)","법정복리비[천원]","천원","182.6","177.1","163.9","153.8",
"2규모(30~99인)","기타공공,사회 및 개인 서비스업(87-93)(QR)","법정외복리비[천원]","천원","231.5","175.8","166.7","140.6",
"2규모(30~99인)","기타공공,사회 및 개인 서비스업(87-93)(QR)","채용관련비용(모집비)[천원]","천원",".6","1","1.2","1.2",
"2규모(30~99인)","기타공공,사회 및 개인 서비스업(87-93)(QR)","교육훈련비[천원]","천원","12.1","10.4","9.6","8.8",
"2규모(30~99인)","기타공공,사회 및 개인 서비스업(87-93)(QR)","기타노동비용[천원]","천원","11.2","8.4","6.3","6.2",
"2규모(30~99인)","오락, 문화 및 운동관련 서비스업(87-88)","노동비용총액[천원]","천원","2898.7","3362.6","3023.2","2940.1",
"2규모(30~99인)","오락, 문화 및 운동관련 서비스업(87-88)","현금급여총계[천원]","천원","2259","2643.2","2398.8","2348.1",
"2규모(30~99인)","오락, 문화 및 운동관련 서비스업(87-88)","정액및초과[천원]","천원","2010","2143.21997","1989.8","1935.9",
"2규모(30~99인)","오락, 문화 및 운동관련 서비스업(87-88)","상여금등특별급여[천원]","천원","249","499.96761","409","412.2",
"2규모(30~99인)","오락, 문화 및 운동관련 서비스업(87-88)","현금급여외 노동비용(계)[천원]","천원","639.7","719.5","624.4","592",
"2규모(30~99인)","오락, 문화 및 운동관련 서비스업(87-88)","퇴직금등비용[천원]","천원","203.2","292","239","214.3",
"2규모(30~99인)","오락, 문화 및 운동관련 서비스업(87-88)","현물지급비용[천원]","천원","15.4","4.7","4.8","4.5",
"2규모(30~99인)","오락, 문화 및 운동관련 서비스업(87-88)","법정복리비[천원]","천원","157.2","178.1","164.9","165.8",
"2규모(30~99인)","오락, 문화 및 운동관련 서비스업(87-88)","법정외복리비[천원]","천원","217.4","209.3","189","180",
"2규모(30~99인)","오락, 문화 및 운동관련 서비스업(87-88)","채용관련비용(모집비)[천원]","천원",".7","1.9",".9","1.4",
"2규모(30~99인)","오락, 문화 및 운동관련 서비스업(87-88)","교육훈련비[천원]","천원","25.9","23.2","19.3","17.1",
"2규모(30~99인)","오락, 문화 및 운동관련 서비스업(87-88)","기타노동비용[천원]","천원","20","10.4","6.4","9",
"2규모(30~99인)","기타공공, 수리 및 개인서비스업(90-93)","노동비용총액[천원]","천원","2656.1","2447.6","2363.8","2141.4",
"2규모(30~99인)","기타공공, 수리 및 개인서비스업(90-93)","현금급여총계[천원]","천원","2098.9","1993.1","1922.1","1767.6",
"2규모(30~99인)","기타공공, 수리 및 개인서비스업(90-93)","정액및초과[천원]","천원","1901.3","1736.89988","1681.8","1554.3",
"2규모(30~99인)","기타공공, 수리 및 개인서비스업(90-93)","상여금등특별급여[천원]","천원","197.6","256.19504","240.3","213.2",
"2규모(30~99인)","기타공공, 수리 및 개인서비스업(90-93)","현금급여외 노동비용(계)[천원]","천원","557.1","454.5","441.7","373.9",
"2규모(30~99인)","기타공공, 수리 및 개인서비스업(90-93)","퇴직금등비용[천원]","천원","103.1","114.9","120","108.1",
"2규모(30~99인)","기타공공, 수리 및 개인서비스업(90-93)","현물지급비용[천원]","천원","1.5","0",".2",".4",
"2규모(30~99인)","기타공공, 수리 및 개인서비스업(90-93)","법정복리비[천원]","천원","204.6","176.5","163","145.3",
"2규모(30~99인)","기타공공, 수리 및 개인서비스업(90-93)","법정외복리비[천원]","천원","243.6","153.6","149","112.2",
"2규모(30~99인)","기타공공, 수리 및 개인서비스업(90-93)","채용관련비용(모집비)[천원]","천원",".5",".4","1.4","1",
"2규모(30~99인)","기타공공, 수리 및 개인서비스업(90-93)","교육훈련비[천원]","천원",".2","2","1.8","2.8",
"2규모(30~99인)","기타공공, 수리 및 개인서비스업(90-93)","기타노동비용[천원]","천원","3.5","7.2","6.3","4.2",
"3규모(100~299인)","전산업","노동비용총액[천원]","천원","3075.1","2899.3","2623.2","2549.1",
"3규모(100~299인)","전산업","현금급여총계[천원]","천원","2444.2","2290.9","2097","2043.8",
"3규모(100~299인)","전산업","정액및초과[천원]","천원","1999.7","1875.00464","1727","1658.7",
"3규모(100~299인)","전산업","상여금등특별급여[천원]","천원","444.5","415.90499","370","385",
"3규모(100~299인)","전산업","현금급여외 노동비용(계)[천원]","천원","630.9","608.4","526.2","505.3",
"3규모(100~299인)","전산업","퇴직금등비용[천원]","천원","212.7","216.6","206.2","187.3",
"3규모(100~299인)","전산업","현물지급비용[천원]","천원","2.3","2.4","1.3","5.5",
"3규모(100~299인)","전산업","법정복리비[천원]","천원","211.4","199.1","169.9","162.9",
"3규모(100~299인)","전산업","법정외복리비[천원]","천원","182.5","168.3","131.5","123.5",
"3규모(100~299인)","전산업","채용관련비용(모집비)[천원]","천원","3","3.7","2.4","2.2",
"3규모(100~299인)","전산업","교육훈련비[천원]","천원","13","12.2","9.9","11.8",
"3규모(100~299인)","전산업","기타노동비용[천원]","천원","6","6.2","5","12.1",
"3규모(100~299인)","광업 및 제조업 (10-37)(CD)","노동비용총액[천원]","천원","3264.5","3089.3","2731.8","2598",
"3규모(100~299인)","광업 및 제조업 (10-37)(CD)","현금급여총계[천원]","천원","2550.7","2396.6","2148.8","2064.2",
"3규모(100~299인)","광업 및 제조업 (10-37)(CD)","정액및초과[천원]","천원","2065","1930.15958","1727.2","1641.3",
"3규모(100~299인)","광업 및 제조업 (10-37)(CD)","상여금등특별급여[천원]","천원","485.7","466.47299","421.6","422.9",
"3규모(100~299인)","광업 및 제조업 (10-37)(CD)","현금급여외 노동비용(계)[천원]","천원","713.9","692.7","582.9","533.8",
"3규모(100~299인)","광업 및 제조업 (10-37)(CD)","퇴직금등비용[천원]","천원","240.2","249.3","234.4","197.6",
"3규모(100~299인)","광업 및 제조업 (10-37)(CD)","현물지급비용[천원]","천원","3.4","3.2","1.5","1.5",
"3규모(100~299인)","광업 및 제조업 (10-37)(CD)","법정복리비[천원]","천원","208.3","212.9","174.8","165.3",
"3규모(100~299인)","광업 및 제조업 (10-37)(CD)","법정외복리비[천원]","천원","237.7","204.5","155.4","140.6",
"3규모(100~299인)","광업 및 제조업 (10-37)(CD)","채용관련비용(모집비)[천원]","천원","2.1","3.3","1.3","1.8",
"3규모(100~299인)","광업 및 제조업 (10-37)(CD)","교육훈련비[천원]","천원","16","11.9","9.9","11.9",
"3규모(100~299인)","광업 및 제조업 (10-37)(CD)","기타노동비용[천원]","천원","6.2","7.6","5.6","15.2",
"3규모(100~299인)","광 업(10-12)","노동비용총액[천원]","천원","3818.5","4023.2","3735.4","3501.6",
"3규모(100~299인)","광 업(10-12)","현금급여총계[천원]","천원","2585.2","2973.2","2846.1","2590.4",
"3규모(100~299인)","광 업(10-12)","정액및초과[천원]","천원","1921.9","2194.93779","2088.4","1978.1",
"3규모(100~299인)","광 업(10-12)","상여금등특별급여[천원]","천원","663.2","778.28891","757.7","612.3",
"3규모(100~299인)","광 업(10-12)","현금급여외 노동비용(계)[천원]","천원","1233.3","1050","889.3","911.2",
"3규모(100~299인)","광 업(10-12)","퇴직금등비용[천원]","천원","169.3","175.9","183.8","200.5",
"3규모(100~299인)","광 업(10-12)","현물지급비용[천원]","천원","0","5.8","8.4","9.2",
"3규모(100~299인)","광 업(10-12)","법정복리비[천원]","천원","719.7","698.8","501.7","519.5",
"3규모(100~299인)","광 업(10-12)","법정외복리비[천원]","천원","289.8","128.5","185.6","171.1",
"3규모(100~299인)","광 업(10-12)","채용관련비용(모집비)[천원]","천원",".2","2.6","0",".6",
"3규모(100~299인)","광 업(10-12)","교육훈련비[천원]","천원","4.4","5.1","2.4","3",
"3규모(100~299인)","광 업(10-12)","기타노동비용[천원]","천원","49.9","33.4","7.6","7.5",
"3규모(100~299인)","제 조 업(15-37)","노동비용총액[천원]","천원","3261.9","3086.8","2726.7","2592.5",
"3규모(100~299인)","제 조 업(15-37)","현금급여총계[천원]","천원","2550.5","2395.1","2145.3","2061",
"3규모(100~299인)","제 조 업(15-37)","정액및초과[천원]","천원","2065.7","1929.43911","1725.4","1639.3",
"3규모(100~299인)","제 조 업(15-37)","상여금등특별급여[천원]","천원","484.8","465.62453","419.9","421.7",
"3규모(100~299인)","제 조 업(15-37)","현금급여외 노동비용(계)[천원]","천원","711.4","691.7","581.4","531.5",
"3규모(100~299인)","제 조 업(15-37)","퇴직금등비용[천원]","천원","240.5","249.5","234.6","197.6",
"3규모(100~299인)","제 조 업(15-37)","현물지급비용[천원]","천원","3.4","3.2","1.5","1.5",
"3규모(100~299인)","제 조 업(15-37)","법정복리비[천원]","천원","205.9","211.6","173.1","163.1",
"3규모(100~299인)","제 조 업(15-37)","법정외복리비[천원]","천원","237.4","204.7","155.3","140.4",
"3규모(100~299인)","제 조 업(15-37)","채용관련비용(모집비)[천원]","천원","2.1","3.3","1.3","1.8",
"3규모(100~299인)","제 조 업(15-37)","교육훈련비[천원]","천원","16.1","11.9","10","11.9",
"3규모(100~299인)","제 조 업(15-37)","기타노동비용[천원]","천원","6","7.5","5.6","15.3",
"3규모(100~299인)","사회간접자본 및 기타서비스업(40-93)(E-R)","노동비용총액[천원]","천원","2892.9","2715.6","2499.9","2495",
"3규모(100~299인)","사회간접자본 및 기타서비스업(40-93)(E-R)","현금급여총계[천원]","천원","2341.7","2188.7","2038.2","2021.2",
"3규모(100~299인)","사회간접자본 및 기타서비스업(40-93)(E-R)","정액및초과[천원]","천원","1936.9","1821.6685","1726.8","1678",
"3규모(100~299인)","사회간접자본 및 기타서비스업(40-93)(E-R)","상여금등특별급여[천원]","천원","404.8","367.00453","311.4","343.2",
"3규모(100~299인)","사회간접자본 및 기타서비스업(40-93)(E-R)","현금급여외 노동비용(계)[천원]","천원","551.1","526.9","461.7","473.8",
"3규모(100~299인)","사회간접자본 및 기타서비스업(40-93)(E-R)","퇴직금등비용[천원]","천원","186.3","184.9","174.2","176",
"3규모(100~299인)","사회간접자본 및 기타서비스업(40-93)(E-R)","현물지급비용[천원]","천원","1.2","1.5","1","10",
"3규모(100~299인)","사회간접자본 및 기타서비스업(40-93)(E-R)","법정복리비[천원]","천원","214.5","185.7","164.4","160.3",
"3규모(100~299인)","사회간접자본 및 기타서비스업(40-93)(E-R)","법정외복리비[천원]","천원","129.4","133.3","104.3","104.6",
"3규모(100~299인)","사회간접자본 및 기타서비스업(40-93)(E-R)","채용관련비용(모집비)[천원]","천원","3.9","4.1","3.6","2.7",
"3규모(100~299인)","사회간접자본 및 기타서비스업(40-93)(E-R)","교육훈련비[천원]","천원","10.1","12.5","9.8","11.7",
"3규모(100~299인)","사회간접자본 및 기타서비스업(40-93)(E-R)","기타노동비용[천원]","천원","5.8","4.8","4.3","8.6",
"3규모(100~299인)","전기, 가스 및 수도사업(40-41)","노동비용총액[천원]","천원","5747.3","5711.2","5593.5","4895.6",
"3규모(100~299인)","전기, 가스 및 수도사업(40-41)","현금급여총계[천원]","천원","4789.5","4740","4664.5","4083.3",
"3규모(100~299인)","전기, 가스 및 수도사업(40-41)","정액및초과[천원]","천원","3214.9","2977.91403","2939.3","2790.4",
"3규모(100~299인)","전기, 가스 및 수도사업(40-41)","상여금등특별급여[천원]","천원","1574.6","1762.04124","1725.3","1292.9",
"3규모(100~299인)","전기, 가스 및 수도사업(40-41)","현금급여외 노동비용(계)[천원]","천원","957.8","971.2","929","812.4",
"3규모(100~299인)","전기, 가스 및 수도사업(40-41)","퇴직금등비용[천원]","천원","262.5","269.9","231.2","211.4",
"3규모(100~299인)","전기, 가스 및 수도사업(40-41)","현물지급비용[천원]","천원","0","19.1","18.4","27",
"3규모(100~299인)","전기, 가스 및 수도사업(40-41)","법정복리비[천원]","천원","342.3","333.6","316.4","282.3",
"3규모(100~299인)","전기, 가스 및 수도사업(40-41)","법정외복리비[천원]","천원","270.4","249.4","257.5","210.9",
"3규모(100~299인)","전기, 가스 및 수도사업(40-41)","채용관련비용(모집비)[천원]","천원","1.4","1.4","2.1",".2",
"3규모(100~299인)","전기, 가스 및 수도사업(40-41)","교육훈련비[천원]","천원","50.7","70.4","72","53.2",
"3규모(100~299인)","전기, 가스 및 수도사업(40-41)","기타노동비용[천원]","천원","30.7","27.6","31.4","27.5",
"3규모(100~299인)","건설업(45-46)","노동비용총액[천원]","천원","3744.1","3587.9","3137.8","3104.9",
"3규모(100~299인)","건설업(45-46)","현금급여총계[천원]","천원","2944.9","2708.7","2484.1","2417.2",
"3규모(100~299인)","건설업(45-46)","정액및초과[천원]","천원","2409.5","2206.5974","2153.3","2046.6",
"3규모(100~299인)","건설업(45-46)","상여금등특별급여[천원]","천원","535.4","502.11293","330.8","370.6",
"3규모(100~299인)","건설업(45-46)","현금급여외 노동비용(계)[천원]","천원","799.3","879.2","653.7","687.7",
"3규모(100~299인)","건설업(45-46)","퇴직금등비용[천원]","천원","193","272.6","159.3","188.4",
"3규모(100~299인)","건설업(45-46)","현물지급비용[천원]","천원",".7","2.7",".5","50.9",
"3규모(100~299인)","건설업(45-46)","법정복리비[천원]","천원","407.1","374.5","336.4","285",
"3규모(100~299인)","건설업(45-46)","법정외복리비[천원]","천원","179.6","206.8","140.5","149",
"3규모(100~299인)","건설업(45-46)","채용관련비용(모집비)[천원]","천원","3.4","2.3","2.2","1.1",
"3규모(100~299인)","건설업(45-46)","교육훈련비[천원]","천원","6.6","9.2","10.1","10.1",
"3규모(100~299인)","건설업(45-46)","기타노동비용[천원]","천원","8.9","11.1","4.8","3.1",
"3규모(100~299인)","도매 및 소매업 숙박 및 음식점업(50-55) (GH)","노동비용총액[천원]","천원","3301.6","3537.8","3205.9","2780.6",
"3규모(100~299인)","도매 및 소매업 숙박 및 음식점업(50-55) (GH)","현금급여총계[천원]","천원","2618.9","2805.9","2590.3","2233.5",
"3규모(100~299인)","도매 및 소매업 숙박 및 음식점업(50-55) (GH)","정액및초과[천원]","천원","2164.4","2265.01372","2160.9","1857.6",
"3규모(100~299인)","도매 및 소매업 숙박 및 음식점업(50-55) (GH)","상여금등특별급여[천원]","천원","454.5","540.88966","429.4","376",
"3규모(100~299인)","도매 및 소매업 숙박 및 음식점업(50-55) (GH)","현금급여외 노동비용(계)[천원]","천원","682.8","731.9","615.6","547.1",
"3규모(100~299인)","도매 및 소매업 숙박 및 음식점업(50-55) (GH)","퇴직금등비용[천원]","천원","259.2","280.3","258.5","203.8",
"3규모(100~299인)","도매 및 소매업 숙박 및 음식점업(50-55) (GH)","현물지급비용[천원]","천원","1.9","3.7","2.5","6.9",
"3규모(100~299인)","도매 및 소매업 숙박 및 음식점업(50-55) (GH)","법정복리비[천원]","천원","200.1","214.5","185.4","174.4",
"3규모(100~299인)","도매 및 소매업 숙박 및 음식점업(50-55) (GH)","법정외복리비[천원]","천원","186.2","190.8","141.6","126.5",
"3규모(100~299인)","도매 및 소매업 숙박 및 음식점업(50-55) (GH)","채용관련비용(모집비)[천원]","천원","7.3","9.7","10.9","6.8",
"3규모(100~299인)","도매 및 소매업 숙박 및 음식점업(50-55) (GH)","교육훈련비[천원]","천원","18","25.2","12.1","22.7",
"3규모(100~299인)","도매 및 소매업 숙박 및 음식점업(50-55) (GH)","기타노동비용[천원]","천원","10","7.6","4.7","5.9",
"3규모(100~299인)","도매 및 소매업(50-52)","노동비용총액[천원]","천원","3447.6","3921.6","3448.3","3010.8",
"3규모(100~299인)","도매 및 소매업(50-52)","현금급여총계[천원]","천원","2752.8","3111.6","2797.8","2432.8",
"3규모(100~299인)","도매 및 소매업(50-52)","정액및초과[천원]","천원","2260.2","2495.2979","2341.8","2025.1",
"3규모(100~299인)","도매 및 소매업(50-52)","상여금등특별급여[천원]","천원","492.5","616.26614","456","407.7",
"3규모(100~299인)","도매 및 소매업(50-52)","현금급여외 노동비용(계)[천원]","천원","694.8","810.1","650.6","578",
"3규모(100~299인)","도매 및 소매업(50-52)","퇴직금등비용[천원]","천원","264.5","312.4","277.6","220.6",
"3규모(100~299인)","도매 및 소매업(50-52)","현물지급비용[천원]","천원","2","3.9","1.9","7",
"3규모(100~299인)","도매 및 소매업(50-52)","법정복리비[천원]","천원","207","238.2","198.2","190",
"3규모(100~299인)","도매 및 소매업(50-52)","법정외복리비[천원]","천원","190.8","207.8","142.2","119.2",
"3규모(100~299인)","도매 및 소매업(50-52)","채용관련비용(모집비)[천원]","천원","6.6","12.1","13.7","8.6",
"3규모(100~299인)","도매 및 소매업(50-52)","교육훈련비[천원]","천원","19.2","29.6","13.5","27.4",
"3규모(100~299인)","도매 및 소매업(50-52)","기타노동비용[천원]","천원","4.6","6","3.5","5.3",
"3규모(100~299인)","숙박 및 음식점업(55)","노동비용총액[천원]","천원","2687.2","2275.8","2373.3","2111.1",
"3규모(100~299인)","숙박 및 음식점업(55)","현금급여총계[천원]","천원","2055.3","1801","1878","1653.9",
"3규모(100~299인)","숙박 및 음식점업(55)","정액및초과[천원]","천원","1760.8","1507.94386","1539.7","1370.4",
"3규모(100~299인)","숙박 및 음식점업(55)","상여금등특별급여[천원]","천원","294.5","293.08602","338.4","283.5",
"3규모(100~299인)","숙박 및 음식점업(55)","현금급여외 노동비용(계)[천원]","천원","632","474.8","495.3","457.2",
"3규모(100~299인)","숙박 및 음식점업(55)","퇴직금등비용[천원]","천원","236.9","174.8","193.1","154.9",
"3규모(100~299인)","숙박 및 음식점업(55)","현물지급비용[천원]","천원","1.5","3.1","4.2","6.9",
"3규모(100~299인)","숙박 및 음식점업(55)","법정복리비[천원]","천원","171.1","136.8","141.5","129.1",
"3규모(100~299인)","숙박 및 음식점업(55)","법정외복리비[천원]","천원","167","135","139.5","147.8",
"3규모(100~299인)","숙박 및 음식점업(55)","채용관련비용(모집비)[천원]","천원","10","1.6","1.2","1.6",
"3규모(100~299인)","숙박 및 음식점업(55)","교육훈련비[천원]","천원","12.9","10.9","7.2","9.1",
"3규모(100~299인)","숙박 및 음식점업(55)","기타노동비용[천원]","천원","32.5","12.6","8.6","7.8",
"3규모(100~299인)","운수업, 창고 및 통신업(60-64) (IJ)","노동비용총액[천원]","천원","2230.6","2019.1","1918.2","2060.9",
"3규모(100~299인)","운수업, 창고 및 통신업(60-64) (IJ)","현금급여총계[천원]","천원","1776.3","1614.1","1550.8","1668.9",
"3규모(100~299인)","운수업, 창고 및 통신업(60-64) (IJ)","정액및초과[천원]","천원","1478.5","1364.86968","1315.9","1360.7",
"3규모(100~299인)","운수업, 창고 및 통신업(60-64) (IJ)","상여금등특별급여[천원]","천원","297.8","249.24027","234.9","308.2",
"3규모(100~299인)","운수업, 창고 및 통신업(60-64) (IJ)","현금급여외 노동비용(계)[천원]","천원","454.2","405","367.3","392",
"3규모(100~299인)","운수업, 창고 및 통신업(60-64) (IJ)","퇴직금등비용[천원]","천원","174.4","131.2","130.5","131.1",
"3규모(100~299인)","운수업, 창고 및 통신업(60-64) (IJ)","현물지급비용[천원]","천원","1.3",".6","0","12.7",
"3규모(100~299인)","운수업, 창고 및 통신업(60-64) (IJ)","법정복리비[천원]","천원","162.6","154","131.6","135.7",
"3규모(100~299인)","운수업, 창고 및 통신업(60-64) (IJ)","법정외복리비[천원]","천원","109.2","110.8","97.5","93.5",
"3규모(100~299인)","운수업, 창고 및 통신업(60-64) (IJ)","채용관련비용(모집비)[천원]","천원","1.3","1",".8",".8",
"3규모(100~299인)","운수업, 창고 및 통신업(60-64) (IJ)","교육훈련비[천원]","천원","2.3","3.7","4.3","4.9",
"3규모(100~299인)","운수업, 창고 및 통신업(60-64) (IJ)","기타노동비용[천원]","천원","3.2","3.8","2.6","13.1",
"3규모(100~299인)","운수업(60-63)","노동비용총액[천원]","천원","2197.5","1965.3","1870.7","2025.8",
"3규모(100~299인)","운수업(60-63)","현금급여총계[천원]","천원","1737.5","1568.4","1512.3","1638.2",
"3규모(100~299인)","운수업(60-63)","정액및초과[천원]","천원","1425.3","1322.65992","1279.8","1332.3",
"3규모(100~299인)","운수업(60-63)","상여금등특별급여[천원]","천원","312.2","245.76924","232.5","305.9",
"3규모(100~299인)","운수업(60-63)","현금급여외 노동비용(계)[천원]","천원","460","396.9","358.4","387.7",
"3규모(100~299인)","운수업(60-63)","퇴직금등비용[천원]","천원","177.3","129.3","127.9","130.2",
"3규모(100~299인)","운수업(60-63)","현물지급비용[천원]","천원","1.4",".6","0","13",
"3규모(100~299인)","운수업(60-63)","법정복리비[천원]","천원","161.4","152.1","129.2","133.8",
"3규모(100~299인)","운수업(60-63)","법정외복리비[천원]","천원","113.5","108.4","95","92.6",
"3규모(100~299인)","운수업(60-63)","채용관련비용(모집비)[천원]","천원",".7",".8",".5",".8",
"3규모(100~299인)","운수업(60-63)","교육훈련비[천원]","천원","2.3","2","3.3","4",
"3규모(100~299인)","운수업(60-63)","기타노동비용[천원]","천원","3.4","3.7","2.5","13.2",
"3규모(100~299인)","통신업(64)","노동비용총액[천원]","천원","2658.4","4171.3","3877.5","3487.1",
"3규모(100~299인)","통신업(64)","현금급여총계[천원]","천원","2279.1","3441.3","3141.5","2918.5",
"3규모(100~299인)","통신업(64)","정액및초과[천원]","천원","2167","3053.2627","2806.2","2514.3",
"3규모(100~299인)","통신업(64)","상여금등특별급여[천원]","천원","112.1","388.08163","335.3","404.2",
"3규모(100~299인)","통신업(64)","현금급여외 노동비용(계)[천원]","천원","379.3","730","736","568.6",
"3규모(100~299인)","통신업(64)","퇴직금등비용[천원]","천원","137.7","204.3","239.1","168.3",
"3규모(100~299인)","통신업(64)","현물지급비용[천원]","천원","0","0","0","0",
"3규모(100~299인)","통신업(64)","법정복리비[천원]","천원","177.1","229.4","232.3","214.5",
"3규모(100~299인)","통신업(64)","법정외복리비[천원]","천원","53","210","201","130.3",
"3규모(100~299인)","통신업(64)","채용관련비용(모집비)[천원]","천원","9.5","8.3","9.9","3.7",
"3규모(100~299인)","통신업(64)","교육훈련비[천원]","천원","2","71.7","47.2","41.3",
"3규모(100~299인)","통신업(64)","기타노동비용[천원]","천원","0","6.4","6.3","10.5",
"3규모(100~299인)","금융 보험,부동산 임대,사업서비스(65-75)(K-M)","노동비용총액[천원]","천원","2785","2651.5","2461.5","2595.6",
"3규모(100~299인)","금융 보험,부동산 임대,사업서비스(65-75)(K-M)","현금급여총계[천원]","천원","2375.3","2215.6","2062.5","2133.9",
"3규모(100~299인)","금융 보험,부동산 임대,사업서비스(65-75)(K-M)","정액및초과[천원]","천원","2000.8","1912.04982","1804.3","1822.2",
"3규모(100~299인)","금융 보험,부동산 임대,사업서비스(65-75)(K-M)","상여금등특별급여[천원]","천원","374.6","303.5594","258.2","311.7",
"3규모(100~299인)","금융 보험,부동산 임대,사업서비스(65-75)(K-M)","현금급여외 노동비용(계)[천원]","천원","409.7","435.9","399","461.7",
"3규모(100~299인)","금융 보험,부동산 임대,사업서비스(65-75)(K-M)","퇴직금등비용[천원]","천원","146.4","163","158.6","196.7",
"3규모(100~299인)","금융 보험,부동산 임대,사업서비스(65-75)(K-M)","현물지급비용[천원]","천원","1.2","1.1","1",".8",
"3규모(100~299인)","금융 보험,부동산 임대,사업서비스(65-75)(K-M)","법정복리비[천원]","천원","150.6","151.3","142.6","149.8",
"3규모(100~299인)","금융 보험,부동산 임대,사업서비스(65-75)(K-M)","법정외복리비[천원]","천원","83.3","98.2","75.2","91.9",
"3규모(100~299인)","금융 보험,부동산 임대,사업서비스(65-75)(K-M)","채용관련비용(모집비)[천원]","천원","6.2","5.4","3.9","3.5",
"3규모(100~299인)","금융 보험,부동산 임대,사업서비스(65-75)(K-M)","교육훈련비[천원]","천원","17.5","14.4","13.1","13.6",
"3규모(100~299인)","금융 보험,부동산 임대,사업서비스(65-75)(K-M)","기타노동비용[천원]","천원","4.5","2.4","4.5","5.3",
"3규모(100~299인)","금융 및 보험업(65-67)","노동비용총액[천원]","천원","8423.9","6258.7","4797.6","5078.8",
"3규모(100~299인)","금융 및 보험업(65-67)","현금급여총계[천원]","천원","7078.1","5441.1","4027.5","3899.6",
"3규모(100~299인)","금융 및 보험업(65-67)","정액및초과[천원]","천원","4194.4","3765.65935","3029","2664.8",
"3규모(100~299인)","금융 및 보험업(65-67)","상여금등특별급여[천원]","천원","2883.6","1675.4194","998.5","1234.8",
"3규모(100~299인)","금융 및 보험업(65-67)","현금급여외 노동비용(계)[천원]","천원","1345.9","817.6","770.1","1179.2",
"3규모(100~299인)","금융 및 보험업(65-67)","퇴직금등비용[천원]","천원","472.4","234","273.1","713.3",
"3규모(100~299인)","금융 및 보험업(65-67)","현물지급비용[천원]","천원","9.3","5.4",".4","1.2",
"3규모(100~299인)","금융 및 보험업(65-67)","법정복리비[천원]","천원","339.4","282.5","251.6","252.7",
"3규모(100~299인)","금융 및 보험업(65-67)","법정외복리비[천원]","천원","330.4","203.1","155.9","152.1",
"3규모(100~299인)","금융 및 보험업(65-67)","채용관련비용(모집비)[천원]","천원","37.4","9.7","10.8","3.1",
"3규모(100~299인)","금융 및 보험업(65-67)","교육훈련비[천원]","천원","127.6","70.2","49","30.3",
"3규모(100~299인)","금융 및 보험업(65-67)","기타노동비용[천원]","천원","29.4","12.8","29.2","26.5",
"3규모(100~299인)","부동산 임대 및 사업서비스업(70-75) (LM)","노동비용총액[천원]","천원","2330.8","2436.2","2301.6","2320.8",
"3규모(100~299인)","부동산 임대 및 사업서비스업(70-75) (LM)","현금급여총계[천원]","천원","1996.5","2023.1","1928","1938.5",
"3규모(100~299인)","부동산 임대 및 사업서비스업(70-75) (LM)","정액및초과[천원]","천원","1824.1","1801.41503","1720.5","1728.9",
"3규모(100~299인)","부동산 임대 및 사업서비스업(70-75) (LM)","상여금등특별급여[천원]","천원","172.5","221.67838","207.5","209.6",
"3규모(100~299인)","부동산 임대 및 사업서비스업(70-75) (LM)","현금급여외 노동비용(계)[천원]","천원","334.3","413.1","373.6","382.3",
"3규모(100~299인)","부동산 임대 및 사업서비스업(70-75) (LM)","퇴직금등비용[천원]","천원","120.1","158.7","150.8","139.6",
"3규모(100~299인)","부동산 임대 및 사업서비스업(70-75) (LM)","현물지급비용[천원]","천원",".5",".9","1.1",".8",
"3규모(100~299인)","부동산 임대 및 사업서비스업(70-75) (LM)","법정복리비[천원]","천원","135.4","143.5","135.2","138.4",
"3규모(100~299인)","부동산 임대 및 사업서비스업(70-75) (LM)","법정외복리비[천원]","천원","63.4","92","69.7","85.3",
"3규모(100~299인)","부동산 임대 및 사업서비스업(70-75) (LM)","채용관련비용(모집비)[천원]","천원","3.7","5.1","3.5","3.6",
"3규모(100~299인)","부동산 임대 및 사업서비스업(70-75) (LM)","교육훈련비[천원]","천원","8.7","11.1","10.7","11.7",
"3규모(100~299인)","부동산 임대 및 사업서비스업(70-75) (LM)","기타노동비용[천원]","천원","2.5","1.8","2.8","3",
"3규모(100~299인)","부동산 및 임대업(70-71)","노동비용총액[천원]","천원","2680.7","2290.8","2125.4","1856.9",
"3규모(100~299인)","부동산 및 임대업(70-71)","현금급여총계[천원]","천원","2315.3","1903.1","1781.2","1565.6",
"3규모(100~299인)","부동산 및 임대업(70-71)","정액및초과[천원]","천원","1923.4","1663.19926","1536.9","1385.3",
"3규모(100~299인)","부동산 및 임대업(70-71)","상여금등특별급여[천원]","천원","391.9","239.89957","244.3","180.3",
"3규모(100~299인)","부동산 및 임대업(70-71)","현금급여외 노동비용(계)[천원]","천원","365.4","387.7","344.2","291.3",
"3규모(100~299인)","부동산 및 임대업(70-71)","퇴직금등비용[천원]","천원","141.3","201.8","143.3","92",
"3규모(100~299인)","부동산 및 임대업(70-71)","현물지급비용[천원]","천원","1.4",".4",".6",".8",
"3규모(100~299인)","부동산 및 임대업(70-71)","법정복리비[천원]","천원","143.7","125.4","127.4","116.2",
"3규모(100~299인)","부동산 및 임대업(70-71)","법정외복리비[천원]","천원","70.7","50.7","61.1","71.2",
"3규모(100~299인)","부동산 및 임대업(70-71)","채용관련비용(모집비)[천원]","천원",".8","0","1.2","1.1",
"3규모(100~299인)","부동산 및 임대업(70-71)","교육훈련비[천원]","천원","6.3","6.7","6.7","5",
"3규모(100~299인)","부동산 및 임대업(70-71)","기타노동비용[천원]","천원","1.1","2.7","3.9","5",
"3규모(100~299인)","사업 서비스업(72-75)","노동비용총액[천원]","천원","2303.4","2456.3","2334.3","2400.8",
"3규모(100~299인)","사업 서비스업(72-75)","현금급여총계[천원]","천원","1971.6","2039.7","1955.2","2002.8",
"3규모(100~299인)","사업 서비스업(72-75)","정액및초과[천원]","천원","1816.3","1820.50341","1754.5","1788.2",
"3규모(100~299인)","사업 서비스업(72-75)","상여금등특별급여[천원]","천원","155.3","219.16193","200.7","214.6",
"3규모(100~299인)","사업 서비스업(72-75)","현금급여외 노동비용(계)[천원]","천원","331.9","416.6","379","398",
"3규모(100~299인)","사업 서비스업(72-75)","퇴직금등비용[천원]","천원","118.5","152.8","152.1","147.8",
"3규모(100~299인)","사업 서비스업(72-75)","현물지급비용[천원]","천원",".4",".9","1.1",".8",
"3규모(100~299인)","사업 서비스업(72-75)","법정복리비[천원]","천원","134.8","146","136.6","142.2",
"3규모(100~299인)","사업 서비스업(72-75)","법정외복리비[천원]","천원","62.8","97.7","71.3","87.7",
"3규모(100~299인)","사업 서비스업(72-75)","채용관련비용(모집비)[천원]","천원","3.9","5.8","3.9","4",
"3규모(100~299인)","사업 서비스업(72-75)","교육훈련비[천원]","천원","8.8","11.7","11.4","12.9",
"3규모(100~299인)","사업 서비스업(72-75)","기타노동비용[천원]","천원","2.6","1.7","2.5","2.6",
"3규모(100~299인)","기타공공,사회 및 개인 서비스업(87-93)(QR)","노동비용총액[천원]","천원","3782.3","3569.7","3459.8","3226.2",
"3규모(100~299인)","기타공공,사회 및 개인 서비스업(87-93)(QR)","현금급여총계[천원]","천원","3020.7","2826.8","2732.9","2577.8",
"3규모(100~299인)","기타공공,사회 및 개인 서비스업(87-93)(QR)","정액및초과[천원]","천원","2403.1","2103.81664","2064.7","1966.7",
"3규모(100~299인)","기타공공,사회 및 개인 서비스업(87-93)(QR)","상여금등특별급여[천원]","천원","617.5","722.98103","668.2","611.1",
"3규모(100~299인)","기타공공,사회 및 개인 서비스업(87-93)(QR)","현금급여외 노동비용(계)[천원]","천원","761.6","742.9","727","648.4",
"3규모(100~299인)","기타공공,사회 및 개인 서비스업(87-93)(QR)","퇴직금등비용[천원]","천원","323","266.3","341.7","287.6",
"3규모(100~299인)","기타공공,사회 및 개인 서비스업(87-93)(QR)","현물지급비용[천원]","천원","2.2","1.3","1.9","1",
"3규모(100~299인)","기타공공,사회 및 개인 서비스업(87-93)(QR)","법정복리비[천원]","천원","209.5","213","203.5","193.9",
"3규모(100~299인)","기타공공,사회 및 개인 서비스업(87-93)(QR)","법정외복리비[천원]","천원","203.8","230.9","151.5","140.5",
"3규모(100~299인)","기타공공,사회 및 개인 서비스업(87-93)(QR)","채용관련비용(모집비)[천원]","천원","4.1","2.4","1.4","1.6",
"3규모(100~299인)","기타공공,사회 및 개인 서비스업(87-93)(QR)","교육훈련비[천원]","천원","13.8","20.6","15.4","15.1",
"3규모(100~299인)","기타공공,사회 및 개인 서비스업(87-93)(QR)","기타노동비용[천원]","천원","5.3","8.2","11.6","9",
"3규모(100~299인)","오락, 문화 및 운동관련 서비스업(87-88)","노동비용총액[천원]","천원","3838","3730.6","3831.2","3521.7",
"3규모(100~299인)","오락, 문화 및 운동관련 서비스업(87-88)","현금급여총계[천원]","천원","3163","2962.1","2954.9","2737.5",
"3규모(100~299인)","오락, 문화 및 운동관련 서비스업(87-88)","정액및초과[천원]","천원","2505.7","2184.53314","2201.1","2036.9",
"3규모(100~299인)","오락, 문화 및 운동관련 서비스업(87-88)","상여금등특별급여[천원]","천원","657.3","777.57361","753.8","700.6",
"3규모(100~299인)","오락, 문화 및 운동관련 서비스업(87-88)","현금급여외 노동비용(계)[천원]","천원","675","768.5","876.3","784.2",
"3규모(100~299인)","오락, 문화 및 운동관련 서비스업(87-88)","퇴직금등비용[천원]","천원","240.4","297","448.3","378.2",
"3규모(100~299인)","오락, 문화 및 운동관련 서비스업(87-88)","현물지급비용[천원]","천원","2.7","1.8","1.7",".5",
"3규모(100~299인)","오락, 문화 및 운동관련 서비스업(87-88)","법정복리비[천원]","천원","218.2","211.5","209.6","191.5",
"3규모(100~299인)","오락, 문화 및 운동관련 서비스업(87-88)","법정외복리비[천원]","천원","191.2","221.9","180.3","180.6",
"3규모(100~299인)","오락, 문화 및 운동관련 서비스업(87-88)","채용관련비용(모집비)[천원]","천원","4.4","2.7","2.2","2",
"3규모(100~299인)","오락, 문화 및 운동관련 서비스업(87-88)","교육훈련비[천원]","천원","15.1","23.8","19","20.8",
"3규모(100~299인)","오락, 문화 및 운동관련 서비스업(87-88)","기타노동비용[천원]","천원","2.9","9.8","15.2","10.6",
"3규모(100~299인)","기타공공, 수리 및 개인서비스업(90-93)","노동비용총액[천원]","천원","3514.1","3104.9","2880.8","2718",
"3규모(100~299인)","기타공공, 수리 및 개인서비스업(90-93)","현금급여총계[천원]","천원","2334.9","2436","2386.7","2303",
"3규모(100~299인)","기타공공, 수리 및 개인서비스업(90-93)","정액및초과[천원]","천원","1908.9","1870.70452","1852","1845.9",
"3규모(100~299인)","기타공공, 수리 및 개인서비스업(90-93)","상여금등특별급여[천원]","천원","426","565.31571","534.6","457.2",
"3규모(100~299인)","기타공공, 수리 및 개인서비스업(90-93)","현금급여외 노동비용(계)[천원]","천원","1179.2","668.9","494.1","414.9",
"3규모(100~299인)","기타공공, 수리 및 개인서비스업(90-93)","퇴직금등비용[천원]","천원","720.7","177.7","175.3","131.9",
"3규모(100~299인)","기타공공, 수리 및 개인서비스업(90-93)","현물지급비용[천원]","천원","0","0","2.3","1.7",
"3규모(100~299인)","기타공공, 수리 및 개인서비스업(90-93)","법정복리비[천원]","천원","167.7","217.5","193.9","197.9",
"3규모(100~299인)","기타공공, 수리 및 개인서비스업(90-93)","법정외복리비[천원]","천원","264.2","256.9","106.4","71.5",
"3규모(100~299인)","기타공공, 수리 및 개인서비스업(90-93)","채용관련비용(모집비)[천원]","천원","2.4","1.6",".2",".8",
"3규모(100~299인)","기타공공, 수리 및 개인서비스업(90-93)","교육훈련비[천원]","천원","7.1","11.3","9.9","5.1",
"3규모(100~299인)","기타공공, 수리 및 개인서비스업(90-93)","기타노동비용[천원]","천원","17","3.7","6","6.1",
"4규모(300~499인)","전산업","노동비용총액[천원]","천원","3585.6","3464.8","3325.5","3090.8",
"4규모(300~499인)","전산업","현금급여총계[천원]","천원","2842.2","2727.3","2643.9","2431.9",
"4규모(300~499인)","전산업","정액및초과[천원]","천원","2224.3","2173.26205","2031.1","1868.7",
"4규모(300~499인)","전산업","상여금등특별급여[천원]","천원","617.9","553.9905","612.8","563.2",
"4규모(300~499인)","전산업","현금급여외 노동비용(계)[천원]","천원","743.4","737.5","681.6","658.8",
"4규모(300~499인)","전산업","퇴직금등비용[천원]","천원","284.6","299.2","271.1","273.1",
"4규모(300~499인)","전산업","현물지급비용[천원]","천원","2.4","1.7","2.4","4.1",
"4규모(300~499인)","전산업","법정복리비[천원]","천원","237.1","229.2","212.5","202.8",
"4규모(300~499인)","전산업","법정외복리비[천원]","천원","186.2","174.3","154.8","145.1",
"4규모(300~499인)","전산업","채용관련비용(모집비)[천원]","천원","2.5","2.2","7.9","2.8",
"4규모(300~499인)","전산업","교육훈련비[천원]","천원","22.9","22.7","24.7","21.6",
"4규모(300~499인)","전산업","기타노동비용[천원]","천원","7.7","8.2","8.3","9.3",
"4규모(300~499인)","광업 및 제조업 (10-37)(CD)","노동비용총액[천원]","천원","3782.8","3397.4","3448.3","3151.1",
"4규모(300~499인)","광업 및 제조업 (10-37)(CD)","현금급여총계[천원]","천원","2990.5","2619.4","2675.4","2427.8",
"4규모(300~499인)","광업 및 제조업 (10-37)(CD)","정액및초과[천원]","천원","2255.7","2073.47585","2031.8","1817",
"4규모(300~499인)","광업 및 제조업 (10-37)(CD)","상여금등특별급여[천원]","천원","734.8","545.8743","643.7","610.8",
"4규모(300~499인)","광업 및 제조업 (10-37)(CD)","현금급여외 노동비용(계)[천원]","천원","792.3","778","772.9","723.3",
"4규모(300~499인)","광업 및 제조업 (10-37)(CD)","퇴직금등비용[천원]","천원","325","339.6","312","311.9",
"4규모(300~499인)","광업 및 제조업 (10-37)(CD)","현물지급비용[천원]","천원","3.2","1.9","2.5","1.4",
"4규모(300~499인)","광업 및 제조업 (10-37)(CD)","법정복리비[천원]","천원","241.1","223.3","223.3","215.3",
"4규모(300~499인)","광업 및 제조업 (10-37)(CD)","법정외복리비[천원]","천원","191","183","191.9","162.4",
"4규모(300~499인)","광업 및 제조업 (10-37)(CD)","채용관련비용(모집비)[천원]","천원","1.7","2.2","11.6","2.6",
"4규모(300~499인)","광업 및 제조업 (10-37)(CD)","교육훈련비[천원]","천원","23.4","21.4","22.6","19.1",
"4규모(300~499인)","광업 및 제조업 (10-37)(CD)","기타노동비용[천원]","천원","7","6.7","9","10.7",
"4규모(300~499인)","광 업(10-12)","노동비용총액[천원]","천원","","0","0","0",
"4규모(300~499인)","광 업(10-12)","현금급여총계[천원]","천원","","0","0","0",
"4규모(300~499인)","광 업(10-12)","정액및초과[천원]","천원","","0","0","0",
"4규모(300~499인)","광 업(10-12)","상여금등특별급여[천원]","천원","","0","0","0",
"4규모(300~499인)","광 업(10-12)","현금급여외 노동비용(계)[천원]","천원","","0","0","0",
"4규모(300~499인)","광 업(10-12)","퇴직금등비용[천원]","천원","","0","0","0",
"4규모(300~499인)","광 업(10-12)","현물지급비용[천원]","천원","","0","0","0",
"4규모(300~499인)","광 업(10-12)","법정복리비[천원]","천원","","0","0","0",
"4규모(300~499인)","광 업(10-12)","법정외복리비[천원]","천원","","0","0","0",
"4규모(300~499인)","광 업(10-12)","채용관련비용(모집비)[천원]","천원","","0","0","0",
"4규모(300~499인)","광 업(10-12)","교육훈련비[천원]","천원","","0","0","0",
"4규모(300~499인)","광 업(10-12)","기타노동비용[천원]","천원","","0","0","0",
"4규모(300~499인)","제 조 업(15-37)","노동비용총액[천원]","천원","3782.8","3397.4","3448.3","3151.1",
"4규모(300~499인)","제 조 업(15-37)","현금급여총계[천원]","천원","2990.5","2619.4","2675.4","2427.8",
"4규모(300~499인)","제 조 업(15-37)","정액및초과[천원]","천원","2255.7","2073.47585","2031.8","1817",
"4규모(300~499인)","제 조 업(15-37)","상여금등특별급여[천원]","천원","734.8","545.8743","643.7","610.8",
"4규모(300~499인)","제 조 업(15-37)","현금급여외 노동비용(계)[천원]","천원","792.3","778","772.9","723.3",
"4규모(300~499인)","제 조 업(15-37)","퇴직금등비용[천원]","천원","325","339.6","312","311.9",
"4규모(300~499인)","제 조 업(15-37)","현물지급비용[천원]","천원","3.2","1.9","2.5","1.4",
"4규모(300~499인)","제 조 업(15-37)","법정복리비[천원]","천원","241.1","223.3","223.3","215.3",
"4규모(300~499인)","제 조 업(15-37)","법정외복리비[천원]","천원","191","183","191.9","162.4",
"4규모(300~499인)","제 조 업(15-37)","채용관련비용(모집비)[천원]","천원","1.7","2.2","11.6","2.6",
"4규모(300~499인)","제 조 업(15-37)","교육훈련비[천원]","천원","23.4","21.4","22.6","19.1",
"4규모(300~499인)","제 조 업(15-37)","기타노동비용[천원]","천원","7","6.7","9","10.7",
"4규모(300~499인)","사회간접자본 및 기타서비스업(40-93)(E-R)","노동비용총액[천원]","천원","3410.8","3531","3170.2","3014.3",
"4규모(300~499인)","사회간접자본 및 기타서비스업(40-93)(E-R)","현금급여총계[천원]","천원","2710.8","2833.2","2604","2437.2",
"4규모(300~499인)","사회간접자본 및 기타서비스업(40-93)(E-R)","정액및초과[천원]","천원","2196.5","2271.20352","2030.2","1934.2",
"4규모(300~499인)","사회간접자본 및 기타서비스업(40-93)(E-R)","상여금등특별급여[천원]","천원","514.4","561.95667","573.8","503",
"4규모(300~499인)","사회간접자본 및 기타서비스업(40-93)(E-R)","현금급여외 노동비용(계)[천원]","천원","700","697.8","566.2","577.1",
"4규모(300~499인)","사회간접자본 및 기타서비스업(40-93)(E-R)","퇴직금등비용[천원]","천원","248.9","259.5","219.3","224.1",
"4규모(300~499인)","사회간접자본 및 기타서비스업(40-93)(E-R)","현물지급비용[천원]","천원","1.7","1.6","2.2","7.6",
"4규모(300~499인)","사회간접자본 및 기타서비스업(40-93)(E-R)","법정복리비[천원]","천원","233.6","234.9","198.8","186.9",
"4규모(300~499인)","사회간접자본 및 기타서비스업(40-93)(E-R)","법정외복리비[천원]","천원","181.8","165.8","107.8","123.2",
"4규모(300~499인)","사회간접자본 및 기타서비스업(40-93)(E-R)","채용관련비용(모집비)[천원]","천원","3.2","2.2","3.2","3",
"4규모(300~499인)","사회간접자본 및 기타서비스업(40-93)(E-R)","교육훈련비[천원]","천원","22.4","23.9","27.4","24.7",
"4규모(300~499인)","사회간접자본 및 기타서비스업(40-93)(E-R)","기타노동비용[천원]","천원","8.3","9.7","7.4","7.7",
"4규모(300~499인)","전기, 가스 및 수도사업(40-41)","노동비용총액[천원]","천원","","5688.1","5395.8","4521.7",
"4규모(300~499인)","전기, 가스 및 수도사업(40-41)","현금급여총계[천원]","천원","","4622.7","4320.3","3736.3",
"4규모(300~499인)","전기, 가스 및 수도사업(40-41)","정액및초과[천원]","천원","","2886.79871","2703.8","2411.6",
"4규모(300~499인)","전기, 가스 및 수도사업(40-41)","상여금등특별급여[천원]","천원","","1735.86683","1616.4","1324.7",
"4규모(300~499인)","전기, 가스 및 수도사업(40-41)","현금급여외 노동비용(계)[천원]","천원","","1065.4","1075.5","785.4",
"4규모(300~499인)","전기, 가스 및 수도사업(40-41)","퇴직금등비용[천원]","천원","","385.5","353.9","185.2",
"4규모(300~499인)","전기, 가스 및 수도사업(40-41)","현물지급비용[천원]","천원","","17.5","3.4","14",
"4규모(300~499인)","전기, 가스 및 수도사업(40-41)","법정복리비[천원]","천원","","324.2","289.4","260.8",
"4규모(300~499인)","전기, 가스 및 수도사업(40-41)","법정외복리비[천원]","천원","","253.5","355","251.9",
"4규모(300~499인)","전기, 가스 및 수도사업(40-41)","채용관련비용(모집비)[천원]","천원","",".8",".8",".6",
"4규모(300~499인)","전기, 가스 및 수도사업(40-41)","교육훈련비[천원]","천원","","72.8","66.7","71.7",
"4규모(300~499인)","전기, 가스 및 수도사업(40-41)","기타노동비용[천원]","천원","","11.1","6.4","1.2",
"4규모(300~499인)","건설업(45-46)","노동비용총액[천원]","천원","4540.4","4142.1","4163.7","4414.4",
"4규모(300~499인)","건설업(45-46)","현금급여총계[천원]","천원","3256.2","3088.1","3286.3","3312.8",
"4규모(300~499인)","건설업(45-46)","정액및초과[천원]","천원","2582.1","2539.84542","2699.1","2457.8",
"4규모(300~499인)","건설업(45-46)","상여금등특별급여[천원]","천원","674.1","548.25962","587.2","855",
"4규모(300~499인)","건설업(45-46)","현금급여외 노동비용(계)[천원]","천원","1284.2","1054","877.4","1101.6",
"4규모(300~499인)","건설업(45-46)","퇴직금등비용[천원]","천원","313.5","288.3","222.2","181.8",
"4규모(300~499인)","건설업(45-46)","현물지급비용[천원]","천원",".6","0","1.2","3.6",
"4규모(300~499인)","건설업(45-46)","법정복리비[천원]","천원","693.9","376.6","379.1","390.9",
"4규모(300~499인)","건설업(45-46)","법정외복리비[천원]","천원","241.8","343.1","212.8","480.9",
"4규모(300~499인)","건설업(45-46)","채용관련비용(모집비)[천원]","천원","5.8","1.9","2.2","9.6",
"4규모(300~499인)","건설업(45-46)","교육훈련비[천원]","천원","28.6","31.7","54.4","26.6",
"4규모(300~499인)","건설업(45-46)","기타노동비용[천원]","천원","0","12.4","5.4","8.3",
"4규모(300~499인)","도매 및 소매업 숙박 및 음식점업(50-55) (GH)","노동비용총액[천원]","천원","4053.4","4167.5","3559.9","3578",
"4규모(300~499인)","도매 및 소매업 숙박 및 음식점업(50-55) (GH)","현금급여총계[천원]","천원","2965.9","3287.9","2842.9","2761.4",
"4규모(300~499인)","도매 및 소매업 숙박 및 음식점업(50-55) (GH)","정액및초과[천원]","천원","2303.7","2523.24588","2264.2","2096.7",
"4규모(300~499인)","도매 및 소매업 숙박 및 음식점업(50-55) (GH)","상여금등특별급여[천원]","천원","662.2","764.64227","578.7","664.7",
"4규모(300~499인)","도매 및 소매업 숙박 및 음식점업(50-55) (GH)","현금급여외 노동비용(계)[천원]","천원","1087.5","879.6","717","816.6",
"4규모(300~499인)","도매 및 소매업 숙박 및 음식점업(50-55) (GH)","퇴직금등비용[천원]","천원","355.6","325.3","307.9","392.2",
"4규모(300~499인)","도매 및 소매업 숙박 및 음식점업(50-55) (GH)","현물지급비용[천원]","천원","6","6.1","6.4","5",
"4규모(300~499인)","도매 및 소매업 숙박 및 음식점업(50-55) (GH)","법정복리비[천원]","천원","211.3","250","211.6","192.5",
"4규모(300~499인)","도매 및 소매업 숙박 및 음식점업(50-55) (GH)","법정외복리비[천원]","천원","460","249","124.6","167.9",
"4규모(300~499인)","도매 및 소매업 숙박 및 음식점업(50-55) (GH)","채용관련비용(모집비)[천원]","천원","1.5","3.7","6.6","3.3",
"4규모(300~499인)","도매 및 소매업 숙박 및 음식점업(50-55) (GH)","교육훈련비[천원]","천원","27.5","30.5","55","49.7",
"4규모(300~499인)","도매 및 소매업 숙박 및 음식점업(50-55) (GH)","기타노동비용[천원]","천원","25.5","14.9","4.9","6.1",
"4규모(300~499인)","도매 및 소매업(50-52)","노동비용총액[천원]","천원","5005.7","4807.2","3910.5","4179.5",
"4규모(300~499인)","도매 및 소매업(50-52)","현금급여총계[천원]","천원","3565.9","3814.1","3133.1","3174.5",
"4규모(300~499인)","도매 및 소매업(50-52)","정액및초과[천원]","천원","2641.8","2931.15982","2550.1","2454.7",
"4규모(300~499인)","도매 및 소매업(50-52)","상여금등특별급여[천원]","천원","924.1","882.93318","582.9","719.8",
"4규모(300~499인)","도매 및 소매업(50-52)","현금급여외 노동비용(계)[천원]","천원","1439.8","993.1","777.4","1005",
"4규모(300~499인)","도매 및 소매업(50-52)","퇴직금등비용[천원]","천원","455.2","352.3","354.7","516.3",
"4규모(300~499인)","도매 및 소매업(50-52)","현물지급비용[천원]","천원","2.7","7","2.6","4.8",
"4규모(300~499인)","도매 및 소매업(50-52)","법정복리비[천원]","천원","247.4","286.1","224.5","207.4",
"4규모(300~499인)","도매 및 소매업(50-52)","법정외복리비[천원]","천원","674.3","287.8","114.2","194.4",
"4규모(300~499인)","도매 및 소매업(50-52)","채용관련비용(모집비)[천원]","천원","1.7","5.1","9.2","5.3",
"4규모(300~499인)","도매 및 소매업(50-52)","교육훈련비[천원]","천원","39","38.4","68.9","70.3",
"4규모(300~499인)","도매 및 소매업(50-52)","기타노동비용[천원]","천원","19.4","16.3","3.2","6.5",
"4규모(300~499인)","숙박 및 음식점업(55)","노동비용총액[천원]","천원","2501.5","2703.4","2735","2577",
"4규모(300~499인)","숙박 및 음식점업(55)","현금급여총계[천원]","천원","1988.2","2083.4","2160.3","2073.9",
"4규모(300~499인)","숙박 및 음식점업(55)","정액및초과[천원]","천원","1752.7","1589.55746","1591.6","1500.9",
"4규모(300~499인)","숙박 및 음식점업(55)","상여금등특별급여[천원]","천원","235.5","493.88209","568.8","573",
"4규모(300~499인)","숙박 및 음식점업(55)","현금급여외 노동비용(계)[천원]","천원","513.3","619.9","574.7","503.1",
"4규모(300~499인)","숙박 및 음식점업(55)","퇴직금등비용[천원]","천원","193.4","263.6","197.8","185.5",
"4규모(300~499인)","숙박 및 음식점업(55)","현물지급비용[천원]","천원","11.3","4.1","15.2","5.2",
"4규모(300~499인)","숙박 및 음식점업(55)","법정복리비[천원]","천원","152.5","167.3","181.2","167.7",
"4규모(300~499인)","숙박 및 음식점업(55)","법정외복리비[천원]","천원","110.7","160","148.8","123.7",
"4규모(300~499인)","숙박 및 음식점업(55)","채용관련비용(모집비)[천원]","천원","1.2",".5",".4",".1",
"4규모(300~499인)","숙박 및 음식점업(55)","교육훈련비[천원]","천원","8.8","12.6","22.1","15.4",
"4규모(300~499인)","숙박 및 음식점업(55)","기타노동비용[천원]","천원","35.3","11.8","9.1","5.4",
"4규모(300~499인)","운수업, 창고 및 통신업(60-64) (IJ)","노동비용총액[천원]","천원","3183.8","3096.1","2846.4","2644.6",
"4규모(300~499인)","운수업, 창고 및 통신업(60-64) (IJ)","현금급여총계[천원]","천원","2549.1","2394.5","2296.7","2133.8",
"4규모(300~499인)","운수업, 창고 및 통신업(60-64) (IJ)","정액및초과[천원]","천원","1805.5","1937.83516","1816.9","1783.8",
"4규모(300~499인)","운수업, 창고 및 통신업(60-64) (IJ)","상여금등특별급여[천원]","천원","743.6","456.69199","479.8","350",
"4규모(300~499인)","운수업, 창고 및 통신업(60-64) (IJ)","현금급여외 노동비용(계)[천원]","천원","634.7","701.6","549.7","510.8",
"4규모(300~499인)","운수업, 창고 및 통신업(60-64) (IJ)","퇴직금등비용[천원]","천원","295.1","357.7","209.1","211",
"4규모(300~499인)","운수업, 창고 및 통신업(60-64) (IJ)","현물지급비용[천원]","천원","1","1.1","1.8","0",
"4규모(300~499인)","운수업, 창고 및 통신업(60-64) (IJ)","법정복리비[천원]","천원","194.1","205.6","194.4","175.3",
"4규모(300~499인)","운수업, 창고 및 통신업(60-64) (IJ)","법정외복리비[천원]","천원","113.5","113.4","118.4","105.9",
"4규모(300~499인)","운수업, 창고 및 통신업(60-64) (IJ)","채용관련비용(모집비)[천원]","천원","2.8",".6",".7","1",
"4규모(300~499인)","운수업, 창고 및 통신업(60-64) (IJ)","교육훈련비[천원]","천원","24.1","9.7","12.1","8.2",
"4규모(300~499인)","운수업, 창고 및 통신업(60-64) (IJ)","기타노동비용[천원]","천원","4.1","13.3","13.3","9.4",
"4규모(300~499인)","운수업(60-63)","노동비용총액[천원]","천원","3016.7","3025.5","2803.2","2531.7",
"4규모(300~499인)","운수업(60-63)","현금급여총계[천원]","천원","2392.3","2317.8","2253.1","2038.2",
"4규모(300~499인)","운수업(60-63)","정액및초과[천원]","천원","1691.7","1880.90328","1785.1","1696.6",
"4규모(300~499인)","운수업(60-63)","상여금등특별급여[천원]","천원","700.6","436.89762","467.9","341.6",
"4규모(300~499인)","운수업(60-63)","현금급여외 노동비용(계)[천원]","천원","624.4","707.7","550.1","493.4",
"4규모(300~499인)","운수업(60-63)","퇴직금등비용[천원]","천원","300.8","367.4","215.7","206.5",
"4규모(300~499인)","운수업(60-63)","현물지급비용[천원]","천원","1.1","0",".9","0",
"4규모(300~499인)","운수업(60-63)","법정복리비[천원]","천원","186.9","203.2","191.2","167",
"4규모(300~499인)","운수업(60-63)","법정외복리비[천원]","천원","114.3","114.1","117.8","105.1",
"4규모(300~499인)","운수업(60-63)","채용관련비용(모집비)[천원]","천원","3",".4",".7",".4",
"4규모(300~499인)","운수업(60-63)","교육훈련비[천원]","천원","14.1","8.5","9.7","4.7",
"4규모(300~499인)","운수업(60-63)","기타노동비용[천원]","천원","4.4","14.1","14","9.8",
"4규모(300~499인)","통신업(64)","노동비용총액[천원]","천원","5698.2","4122","3391.4","3661.6",
"4규모(300~499인)","통신업(64)","현금급여총계[천원]","천원","4908.4","3508.3","2846.7","2994.2",
"4규모(300~499인)","통신업(64)","정액및초과[천원]","천원","3518.7","2764.24261","2217.2","2569.3",
"4규모(300~499인)","통신업(64)","상여금등특별급여[천원]","천원","1389.7","744.02156","629.5","424.9",
"4규모(300~499인)","통신업(64)","현금급여외 노동비용(계)[천원]","천원","789.8","613.8","544.7","667.4",
"4규모(300~499인)","통신업(64)","퇴직금등비용[천원]","천원","209.6","217.7","124.8","251.2",
"4규모(300~499인)","통신업(64)","현물지급비용[천원]","천원","0","17.6","12.6","0",
"4규모(300~499인)","통신업(64)","법정복리비[천원]","천원","302.1","241","234.7","250.4",
"4규모(300~499인)","통신업(64)","법정외복리비[천원]","천원","102.1","104.4","126.5","113.9",
"4규모(300~499인)","통신업(64)","채용관련비용(모집비)[천원]","천원",".4","3.5",".1","6",
"4규모(300~499인)","통신업(64)","교육훈련비[천원]","천원","175.7","27.3","42.3","40.1",
"4규모(300~499인)","통신업(64)","기타노동비용[천원]","천원","0","2.1","3.7","5.9",
"4규모(300~499인)","금융 보험,부동산 임대,사업서비스(65-75)(K-M)","노동비용총액[천원]","천원","2980.3","3148.9","2962.9","2721.9",
"4규모(300~499인)","금융 보험,부동산 임대,사업서비스(65-75)(K-M)","현금급여총계[천원]","천원","2551.2","2712.5","2510.2","2275",
"4규모(300~499인)","금융 보험,부동산 임대,사업서비스(65-75)(K-M)","정액및초과[천원]","천원","2235.8","2195.03885","1949.4","1826.9",
"4규모(300~499인)","금융 보험,부동산 임대,사업서비스(65-75)(K-M)","상여금등특별급여[천원]","천원","315.4","517.50345","560.8","448.2",
"4규모(300~499인)","금융 보험,부동산 임대,사업서비스(65-75)(K-M)","현금급여외 노동비용(계)[천원]","천원","429.1","436.4","452.8","446.9",
"4규모(300~499인)","금융 보험,부동산 임대,사업서비스(65-75)(K-M)","퇴직금등비용[천원]","천원","166.7","158","186.5","180.5",
"4규모(300~499인)","금융 보험,부동산 임대,사업서비스(65-75)(K-M)","현물지급비용[천원]","천원",".3",".4","1","13.8",
"4규모(300~499인)","금융 보험,부동산 임대,사업서비스(65-75)(K-M)","법정복리비[천원]","천원","164.7","175.7","168.9","157.4",
"4규모(300~499인)","금융 보험,부동산 임대,사업서비스(65-75)(K-M)","법정외복리비[천원]","천원","71.7","71.3","67.5","60.9",
"4규모(300~499인)","금융 보험,부동산 임대,사업서비스(65-75)(K-M)","채용관련비용(모집비)[천원]","천원","3.6","2.6","3.5","3.1",
"4규모(300~499인)","금융 보험,부동산 임대,사업서비스(65-75)(K-M)","교육훈련비[천원]","천원","17.9","23.8","19.7","24.5",
"4규모(300~499인)","금융 보험,부동산 임대,사업서비스(65-75)(K-M)","기타노동비용[천원]","천원","4.1","4.4","5.7","6.7",
"4규모(300~499인)","금융 및 보험업(65-67)","노동비용총액[천원]","천원","6405.9","6555.8","5091.5","4999.8",
"4규모(300~499인)","금융 및 보험업(65-67)","현금급여총계[천원]","천원","5514.5","5624.3","4218.6","4072.6",
"4규모(300~499인)","금융 및 보험업(65-67)","정액및초과[천원]","천원","3949.7","3757.95619","2845.1","2787.4",
"4규모(300~499인)","금융 및 보험업(65-67)","상여금등특별급여[천원]","천원","1564.8","1866.30702","1373.5","1285.2",
"4규모(300~499인)","금융 및 보험업(65-67)","현금급여외 노동비용(계)[천원]","천원","891.4","931.6","872.9","927.2",
"4규모(300~499인)","금융 및 보험업(65-67)","퇴직금등비용[천원]","천원","198.8","364.1","423.1","376.9",
"4규모(300~499인)","금융 및 보험업(65-67)","현물지급비용[천원]","천원","1.2","0",".5","0",
"4규모(300~499인)","금융 및 보험업(65-67)","법정복리비[천원]","천원","307.7","320.8","253","272.7",
"4규모(300~499인)","금융 및 보험업(65-67)","법정외복리비[천원]","천원","246.5","151.5","129.2","138",
"4규모(300~499인)","금융 및 보험업(65-67)","채용관련비용(모집비)[천원]","천원","7.2","9.9","9","7",
"4규모(300~499인)","금융 및 보험업(65-67)","교육훈련비[천원]","천원","125.7","70.4","40.8","87.5",
"4규모(300~499인)","금융 및 보험업(65-67)","기타노동비용[천원]","천원","4.2","14.9","17.3","45.1",
"4규모(300~499인)","부동산 임대 및 사업서비스업(70-75) (LM)","노동비용총액[천원]","천원","2733.8","2802.4","2523.5","2484.7",
"4규모(300~499인)","부동산 임대 및 사업서비스업(70-75) (LM)","현금급여총계[천원]","천원","2338","2416.4","2157.5","2087.8",
"4규모(300~499인)","부동산 임대 및 사업서비스업(70-75) (LM)","정액및초과[천원]","천원","2112.6","2036.08297","1764.4","1726.8",
"4규모(300~499인)","부동산 임대 및 사업서비스업(70-75) (LM)","상여금등특별급여[천원]","천원","225.5","380.32392","393","361",
"4규모(300~499인)","부동산 임대 및 사업서비스업(70-75) (LM)","현금급여외 노동비용(계)[천원]","천원","395.8","386","366","396.9",
"4규모(300~499인)","부동산 임대 및 사업서비스업(70-75) (LM)","퇴직금등비용[천원]","천원","164.3","137","137.6","160.1",
"4규모(300~499인)","부동산 임대 및 사업서비스업(70-75) (LM)","현물지급비용[천원]","천원",".2",".5","1.1","15.2",
"4규모(300~499인)","부동산 임대 및 사업서비스업(70-75) (LM)","법정복리비[천원]","천원","154.5","161","151.6","145.4",
"4규모(300~499인)","부동산 임대 및 사업서비스업(70-75) (LM)","법정외복리비[천원]","천원","59.2","63.2","54.8","52.9",
"4규모(300~499인)","부동산 임대 및 사업서비스업(70-75) (LM)","채용관련비용(모집비)[천원]","천원","3.4","1.9","2.4","2.7",
"4규모(300~499인)","부동산 임대 및 사업서비스업(70-75) (LM)","교육훈련비[천원]","천원","10.1","19.1","15.3","17.9",
"4규모(300~499인)","부동산 임대 및 사업서비스업(70-75) (LM)","기타노동비용[천원]","천원","4.1","3.4","3.3","2.7",
"4규모(300~499인)","부동산 및 임대업(70-71)","노동비용총액[천원]","천원","1298.7","2153","2035.8","1874.2",
"4규모(300~499인)","부동산 및 임대업(70-71)","현금급여총계[천원]","천원","1130","1930","1783","1565.6",
"4규모(300~499인)","부동산 및 임대업(70-71)","정액및초과[천원]","천원","1074.4","1698.97887","1485.9","1369.1",
"4규모(300~499인)","부동산 및 임대업(70-71)","상여금등특별급여[천원]","천원","55.6","230.97205","297.2","196.5",
"4규모(300~499인)","부동산 및 임대업(70-71)","현금급여외 노동비용(계)[천원]","천원","168.7","223.1","252.8","308.7",
"4규모(300~499인)","부동산 및 임대업(70-71)","퇴직금등비용[천원]","천원","46.3","70.4","83.3","67.9",
"4규모(300~499인)","부동산 및 임대업(70-71)","현물지급비용[천원]","천원","0",".6","4.1","91",
"4규모(300~499인)","부동산 및 임대업(70-71)","법정복리비[천원]","천원","80.3","128.3","130.8","117.1",
"4규모(300~499인)","부동산 및 임대업(70-71)","법정외복리비[천원]","천원","40.8","12.9","23.5","24.8",
"4규모(300~499인)","부동산 및 임대업(70-71)","채용관련비용(모집비)[천원]","천원",".2","0",".2",".8",
"4규모(300~499인)","부동산 및 임대업(70-71)","교육훈련비[천원]","천원","1.1","10.8","9.8","4",
"4규모(300~499인)","부동산 및 임대업(70-71)","기타노동비용[천원]","천원","0",".1","1.1","3",
"4규모(300~499인)","사업 서비스업(72-75)","노동비용총액[천원]","천원","2935.7","2923.6","2637.3","2602.1",
"4규모(300~499인)","사업 서비스업(72-75)","현금급여총계[천원]","천원","2507.9","2507.2","2244.8","2188.3",
"4규모(300~499인)","사업 서비스업(72-75)","정액및초과[천원]","천원","2258.6","2099.0017","1829.5","1795.6",
"4규모(300~499인)","사업 서비스업(72-75)","상여금등특별급여[천원]","천원","249.4","408.19968","415.4","392.6",
"4규모(300~499인)","사업 서비스업(72-75)","현금급여외 노동비용(계)[천원]","천원","427.7","416.4","392.4","413.9",
"4규모(300~499인)","사업 서비스업(72-75)","퇴직금등비용[천원]","천원","180.9","149.5","150.3","177.8",
"4규모(300~499인)","사업 서비스업(72-75)","현물지급비용[천원]","천원",".2",".4",".4",".6",
"4규모(300~499인)","사업 서비스업(72-75)","법정복리비[천원]","천원","164.9","167.1","156.4","150.9",
"4규모(300~499인)","사업 서비스업(72-75)","법정외복리비[천원]","천원","61.7","72.6","62.1","58.3",
"4규모(300~499인)","사업 서비스업(72-75)","채용관련비용(모집비)[천원]","천원","3.8","2.2","2.9","3",
"4규모(300~499인)","사업 서비스업(72-75)","교육훈련비[천원]","천원","11.4","20.7","16.6","20.6",
"4규모(300~499인)","사업 서비스업(72-75)","기타노동비용[천원]","천원","4.7","4","3.8","2.7",
"4규모(300~499인)","기타공공,사회 및 개인 서비스업(87-93)(QR)","노동비용총액[천원]","천원","2972.8","3785.6","3032.4","4517.5",
"4규모(300~499인)","기타공공,사회 및 개인 서비스업(87-93)(QR)","현금급여총계[천원]","천원","2468.2","2978.6","2513.6","3792.6",
"4규모(300~499인)","기타공공,사회 및 개인 서비스업(87-93)(QR)","정액및초과[천원]","천원","2365.1","2492.05786","1737.6","2853.3",
"4규모(300~499인)","기타공공,사회 및 개인 서비스업(87-93)(QR)","상여금등특별급여[천원]","천원","103.1","486.56424","775.9","939.3",
"4규모(300~499인)","기타공공,사회 및 개인 서비스업(87-93)(QR)","현금급여외 노동비용(계)[천원]","천원","504.6","807","518.9","724.9",
"4규모(300~499인)","기타공공,사회 및 개인 서비스업(87-93)(QR)","퇴직금등비용[천원]","천원","150.4","333.5","158.1","235",
"4규모(300~499인)","기타공공,사회 및 개인 서비스업(87-93)(QR)","현물지급비용[천원]","천원","0","0","0","0",
"4규모(300~499인)","기타공공,사회 및 개인 서비스업(87-93)(QR)","법정복리비[천원]","천원","181.3","237.3","181.7","251.6",
"4규모(300~499인)","기타공공,사회 및 개인 서비스업(87-93)(QR)","법정외복리비[천원]","천원","113","196.5","151.6","191.4",
"4규모(300~499인)","기타공공,사회 및 개인 서비스업(87-93)(QR)","채용관련비용(모집비)[천원]","천원","7.6","2.2","3","3",
"4규모(300~499인)","기타공공,사회 및 개인 서비스업(87-93)(QR)","교육훈련비[천원]","천원","52.4","32.6","17.8","29.6",
"4규모(300~499인)","기타공공,사회 및 개인 서비스업(87-93)(QR)","기타노동비용[천원]","천원","0","4.8","6.7","14.4",
"4규모(300~499인)","오락, 문화 및 운동관련 서비스업(87-88)","노동비용총액[천원]","천원","2972.8","4591.3","3175.9","5314.3",
"4규모(300~499인)","오락, 문화 및 운동관련 서비스업(87-88)","현금급여총계[천원]","천원","2468.2","3495.8","2740.3","4470",
"4규모(300~499인)","오락, 문화 및 운동관련 서비스업(87-88)","정액및초과[천원]","천원","2365.1","2840.05538","1979.9","3587.1",
"4규모(300~499인)","오락, 문화 및 운동관련 서비스업(87-88)","상여금등특별급여[천원]","천원","103.1","655.7518","760.4","882.9",
"4규모(300~499인)","오락, 문화 및 운동관련 서비스업(87-88)","현금급여외 노동비용(계)[천원]","천원","504.6","1095.5","435.6","844.3",
"4규모(300~499인)","오락, 문화 및 운동관련 서비스업(87-88)","퇴직금등비용[천원]","천원","150.4","511.8","125.4","275.4",
"4규모(300~499인)","오락, 문화 및 운동관련 서비스업(87-88)","현물지급비용[천원]","천원","0","0","0","0",
"4규모(300~499인)","오락, 문화 및 운동관련 서비스업(87-88)","법정복리비[천원]","천원","181.3","232.7","164.9","293.4",
"4규모(300~499인)","오락, 문화 및 운동관련 서비스업(87-88)","법정외복리비[천원]","천원","113","282.2","111.5","215.9",
"4규모(300~499인)","오락, 문화 및 운동관련 서비스업(87-88)","채용관련비용(모집비)[천원]","천원","7.6","2.2","0",".1",
"4규모(300~499인)","오락, 문화 및 운동관련 서비스업(87-88)","교육훈련비[천원]","천원","52.4","61.2","25","40.4",
"4규모(300~499인)","오락, 문화 및 운동관련 서비스업(87-88)","기타노동비용[천원]","천원","0","5.3","8.9","19.2",
"4규모(300~499인)","기타공공, 수리 및 개인서비스업(90-93)","노동비용총액[천원]","천원","","2911.2","2842.2","2939.1",
"4규모(300~499인)","기타공공, 수리 및 개인서비스업(90-93)","현금급여총계[천원]","천원","","2417.3","2213","2450.8",
"4규모(300~499인)","기타공공, 수리 및 개인서비스업(90-93)","정액및초과[천원]","천원","","2114.35444","1416.4","1399.6",
"4규모(300~499인)","기타공공, 수리 및 개인서비스업(90-93)","상여금등특별급여[천원]","천원","","302.93443","796.5","1051.1",
"4규모(300~499인)","기타공공, 수리 및 개인서비스업(90-93)","현금급여외 노동비용(계)[천원]","천원","","493.9","629.3","488.3",
"4규모(300~499인)","기타공공, 수리 및 개인서비스업(90-93)","퇴직금등비용[천원]","천원","","140","201.6","154.8",
"4규모(300~499인)","기타공공, 수리 및 개인서비스업(90-93)","현물지급비용[천원]","천원","","0","0","0",
"4규모(300~499인)","기타공공, 수리 및 개인서비스업(90-93)","법정복리비[천원]","천원","","242.2","203.9","168.7",
"4규모(300~499인)","기타공공, 수리 및 개인서비스업(90-93)","법정외복리비[천원]","천원","","103.5","204.8","142.9",
"4규모(300~499인)","기타공공, 수리 및 개인서비스업(90-93)","채용관련비용(모집비)[천원]","천원","","2.2","6.9","8.7",
"4규모(300~499인)","기타공공, 수리 및 개인서비스업(90-93)","교육훈련비[천원]","천원","","1.6","8.2","8.1",
"4규모(300~499인)","기타공공, 수리 및 개인서비스업(90-93)","기타노동비용[천원]","천원","","4.3","3.9","5.1",
"5규모(500~999인)","전산업","노동비용총액[천원]","천원","4034.5","3871.1","3626.5","3278",
"5규모(500~999인)","전산업","현금급여총계[천원]","천원","3218.1","3036.4","2865","2598.8",
"5규모(500~999인)","전산업","정액및초과[천원]","천원","2388.7","2308.72138","2134.3","1911.4",
"5규모(500~999인)","전산업","상여금등특별급여[천원]","천원","829.5","727.63541","730.7","687.4",
"5규모(500~999인)","전산업","현금급여외 노동비용(계)[천원]","천원","816.4","834.7","761.5","679.2",
"5규모(500~999인)","전산업","퇴직금등비용[천원]","천원","293.2","334.5","325.9","284.7",
"5규모(500~999인)","전산업","현물지급비용[천원]","천원","2.4","1.8","2.8","3.3",
"5규모(500~999인)","전산업","법정복리비[천원]","천원","276.8","265.1","235.3","208.1",
"5규모(500~999인)","전산업","법정외복리비[천원]","천원","201.6","190.9","158.5","143.6",
"5규모(500~999인)","전산업","채용관련비용(모집비)[천원]","천원","2.4","2.7","2.4","1.9",
"5규모(500~999인)","전산업","교육훈련비[천원]","천원","29.6","29.3","27.9","25.1",
"5규모(500~999인)","전산업","기타노동비용[천원]","천원","10.4","10.4","8.6","12.3",
"5규모(500~999인)","광업 및 제조업 (10-37)(CD)","노동비용총액[천원]","천원","4287.3","3927.1","3820.9","3460.6",
"5규모(500~999인)","광업 및 제조업 (10-37)(CD)","현금급여총계[천원]","천원","3352.7","3014.5","2924.6","2685.6",
"5규모(500~999인)","광업 및 제조업 (10-37)(CD)","정액및초과[천원]","천원","2438.5","2250.9565","2122.7","1914.5",
"5규모(500~999인)","광업 및 제조업 (10-37)(CD)","상여금등특별급여[천원]","천원","914.2","763.59336","801.9","771.1",
"5규모(500~999인)","광업 및 제조업 (10-37)(CD)","현금급여외 노동비용(계)[천원]","천원","934.6","912.5","896.3","775",
"5규모(500~999인)","광업 및 제조업 (10-37)(CD)","퇴직금등비용[천원]","천원","356.7","386.2","432.2","350.5",
"5규모(500~999인)","광업 및 제조업 (10-37)(CD)","현물지급비용[천원]","천원","3.3","2.1","4.3","3.5",
"5규모(500~999인)","광업 및 제조업 (10-37)(CD)","법정복리비[천원]","천원","285.3","266.9","240.5","211.6",
"5규모(500~999인)","광업 및 제조업 (10-37)(CD)","법정외복리비[천원]","천원","240.5","217.7","185","165.8",
"5규모(500~999인)","광업 및 제조업 (10-37)(CD)","채용관련비용(모집비)[천원]","천원","2.2","1.6","1.8","1.4",
"5규모(500~999인)","광업 및 제조업 (10-37)(CD)","교육훈련비[천원]","천원","32.4","26.3","23.7","24.8",
"5규모(500~999인)","광업 및 제조업 (10-37)(CD)","기타노동비용[천원]","천원","14.2","11.8","8.8","17.4",
"5규모(500~999인)","광 업(10-12)","노동비용총액[천원]","천원","","0","0","0",
"5규모(500~999인)","광 업(10-12)","현금급여총계[천원]","천원","","0","0","0",
"5규모(500~999인)","광 업(10-12)","정액및초과[천원]","천원","","0","0","0",
"5규모(500~999인)","광 업(10-12)","상여금등특별급여[천원]","천원","","0","0","0",
"5규모(500~999인)","광 업(10-12)","현금급여외 노동비용(계)[천원]","천원","","0","0","0",
"5규모(500~999인)","광 업(10-12)","퇴직금등비용[천원]","천원","","0","0","0",
"5규모(500~999인)","광 업(10-12)","현물지급비용[천원]","천원","","0","0","0",
"5규모(500~999인)","광 업(10-12)","법정복리비[천원]","천원","","0","0","0",
"5규모(500~999인)","광 업(10-12)","법정외복리비[천원]","천원","","0","0","0",
"5규모(500~999인)","광 업(10-12)","채용관련비용(모집비)[천원]","천원","","0","0","0",
"5규모(500~999인)","광 업(10-12)","교육훈련비[천원]","천원","","0","0","0",
"5규모(500~999인)","광 업(10-12)","기타노동비용[천원]","천원","","0","0","0",
"5규모(500~999인)","제 조 업(15-37)","노동비용총액[천원]","천원","4287.3","3927.1","3820.9","3460.6",
"5규모(500~999인)","제 조 업(15-37)","현금급여총계[천원]","천원","3352.7","3014.5","2924.6","2685.6",
"5규모(500~999인)","제 조 업(15-37)","정액및초과[천원]","천원","2438.5","2250.9565","2122.7","1914.5",
"5규모(500~999인)","제 조 업(15-37)","상여금등특별급여[천원]","천원","914.2","763.59336","801.9","771.1",
"5규모(500~999인)","제 조 업(15-37)","현금급여외 노동비용(계)[천원]","천원","934.6","912.5","896.3","775",
"5규모(500~999인)","제 조 업(15-37)","퇴직금등비용[천원]","천원","356.7","386.2","432.2","350.5",
"5규모(500~999인)","제 조 업(15-37)","현물지급비용[천원]","천원","3.3","2.1","4.3","3.5",
"5규모(500~999인)","제 조 업(15-37)","법정복리비[천원]","천원","285.3","266.9","240.5","211.6",
"5규모(500~999인)","제 조 업(15-37)","법정외복리비[천원]","천원","240.5","217.7","185","165.8",
"5규모(500~999인)","제 조 업(15-37)","채용관련비용(모집비)[천원]","천원","2.2","1.6","1.8","1.4",
"5규모(500~999인)","제 조 업(15-37)","교육훈련비[천원]","천원","32.4","26.3","23.7","24.8",
"5규모(500~999인)","제 조 업(15-37)","기타노동비용[천원]","천원","14.2","11.8","8.8","17.4",
"5규모(500~999인)","사회간접자본 및 기타서비스업(40-93)(E-R)","노동비용총액[천원]","천원","3761.4","3813.3","3422.3","3057.2",
"5규모(500~999인)","사회간접자본 및 기타서비스업(40-93)(E-R)","현금급여총계[천원]","천원","3072.7","3058.9","2802.4","2493.9",
"5규모(500~999인)","사회간접자본 및 기타서비스업(40-93)(E-R)","정액및초과[천원]","천원","2334.8","2368.32824","2146.6","1907.6",
"5규모(500~999인)","사회간접자본 및 기타서비스업(40-93)(E-R)","상여금등특별급여[천원]","천원","738","690.53085","655.8","586.3",
"5규모(500~999인)","사회간접자본 및 기타서비스업(40-93)(E-R)","현금급여외 노동비용(계)[천원]","천원","688.6","754.5","619.9","563.3",
"5규모(500~999인)","사회간접자본 및 기타서비스업(40-93)(E-R)","퇴직금등비용[천원]","천원","224.5","281.1","214.3","205.2",
"5규모(500~999인)","사회간접자본 및 기타서비스업(40-93)(E-R)","현물지급비용[천원]","천원","1.4","1.6","1.2","3",
"5규모(500~999인)","사회간접자본 및 기타서비스업(40-93)(E-R)","법정복리비[천원]","천원","267.6","263.3","229.8","203.9",
"5규모(500~999인)","사회간접자본 및 기타서비스업(40-93)(E-R)","법정외복리비[천원]","천원","159.6","163.2","130.7","116.8",
"5규모(500~999인)","사회간접자본 및 기타서비스업(40-93)(E-R)","채용관련비용(모집비)[천원]","천원","2.5","3.8","3.1","2.6",
"5규모(500~999인)","사회간접자본 및 기타서비스업(40-93)(E-R)","교육훈련비[천원]","천원","26.7","32.4","32.3","25.5",
"5규모(500~999인)","사회간접자본 및 기타서비스업(40-93)(E-R)","기타노동비용[천원]","천원","6.3","9.1","8.4","6.2",
"5규모(500~999인)","전기, 가스 및 수도사업(40-41)","노동비용총액[천원]","천원","6528","5037.8","5303.8","4242.2",
"5규모(500~999인)","전기, 가스 및 수도사업(40-41)","현금급여총계[천원]","천원","5409.3","4396.8","4301.3","3353.4",
"5규모(500~999인)","전기, 가스 및 수도사업(40-41)","정액및초과[천원]","천원","4236.4","2849.16819","2689.3","2242.5",
"5규모(500~999인)","전기, 가스 및 수도사업(40-41)","상여금등특별급여[천원]","천원","1173","1547.59856","1612","1110.9",
"5규모(500~999인)","전기, 가스 및 수도사업(40-41)","현금급여외 노동비용(계)[천원]","천원","1118.7","641.1","1002.5","888.8",
"5규모(500~999인)","전기, 가스 및 수도사업(40-41)","퇴직금등비용[천원]","천원","384.8","161.8","300.6","316.8",
"5규모(500~999인)","전기, 가스 및 수도사업(40-41)","현물지급비용[천원]","천원","0","10.7","30.7","29",
"5규모(500~999인)","전기, 가스 및 수도사업(40-41)","법정복리비[천원]","천원","384.8","308.5","320","250.3",
"5규모(500~999인)","전기, 가스 및 수도사업(40-41)","법정외복리비[천원]","천원","260.6","142.9","295","198.5",
"5규모(500~999인)","전기, 가스 및 수도사업(40-41)","채용관련비용(모집비)[천원]","천원","5.4","0",".9","1",
"5규모(500~999인)","전기, 가스 및 수도사업(40-41)","교육훈련비[천원]","천원","73.2","11.7","53.7","62.3",
"5규모(500~999인)","전기, 가스 및 수도사업(40-41)","기타노동비용[천원]","천원","9.9","5.4","1.6","30.8",
"5규모(500~999인)","건설업(45-46)","노동비용총액[천원]","천원","4505","4706.4","4518.6","3643.1",
"5규모(500~999인)","건설업(45-46)","현금급여총계[천원]","천원","3220.8","3416.1","3366.7","2787.5",
"5규모(500~999인)","건설업(45-46)","정액및초과[천원]","천원","2651.9","2646.65751","2674","2246.3",
"5규모(500~999인)","건설업(45-46)","상여금등특별급여[천원]","천원","568.8","769.45809","692.7","541.2",
"5규모(500~999인)","건설업(45-46)","현금급여외 노동비용(계)[천원]","천원","1284.3","1290.3","1151.9","855.6",
"5규모(500~999인)","건설업(45-46)","퇴직금등비용[천원]","천원","252","470.9","377.6","270.3",
"5규모(500~999인)","건설업(45-46)","현물지급비용[천원]","천원","1.4","0",".7","4.4",
"5규모(500~999인)","건설업(45-46)","법정복리비[천원]","천원","630","510.3","548.8","409.8",
"5규모(500~999인)","건설업(45-46)","법정외복리비[천원]","천원","361.7","272.8","187.9","144",
"5규모(500~999인)","건설업(45-46)","채용관련비용(모집비)[천원]","천원","3.7","1.6","2.1","1.4",
"5규모(500~999인)","건설업(45-46)","교육훈련비[천원]","천원","20.5","18.7","29.2","22.9",
"5규모(500~999인)","건설업(45-46)","기타노동비용[천원]","천원","15.1","16.1","5.6","2.9",
"5규모(500~999인)","도매 및 소매업 숙박 및 음식점업(50-55) (GH)","노동비용총액[천원]","천원","3825.3","4382.2","3661","3309.7",
"5규모(500~999인)","도매 및 소매업 숙박 및 음식점업(50-55) (GH)","현금급여총계[천원]","천원","3076.6","3409.8","2860.3","2604.6",
"5규모(500~999인)","도매 및 소매업 숙박 및 음식점업(50-55) (GH)","정액및초과[천원]","천원","2347.4","2572.18219","2139.2","1896.7",
"5규모(500~999인)","도매 및 소매업 숙박 및 음식점업(50-55) (GH)","상여금등특별급여[천원]","천원","729.3","837.57273","721.1","707.9",
"5규모(500~999인)","도매 및 소매업 숙박 및 음식점업(50-55) (GH)","현금급여외 노동비용(계)[천원]","천원","748.7","972.5","800.7","705.1",
"5규모(500~999인)","도매 및 소매업 숙박 및 음식점업(50-55) (GH)","퇴직금등비용[천원]","천원","276.8","358.9","339.5","293.8",
"5규모(500~999인)","도매 및 소매업 숙박 및 음식점업(50-55) (GH)","현물지급비용[천원]","천원","3.9","4.8","2.3","2.8",
"5규모(500~999인)","도매 및 소매업 숙박 및 음식점업(50-55) (GH)","법정복리비[천원]","천원","234.2","240.3","219.7","202.8",
"5규모(500~999인)","도매 및 소매업 숙박 및 음식점업(50-55) (GH)","법정외복리비[천원]","천원","197.8","283.6","168.7","161.1",
"5규모(500~999인)","도매 및 소매업 숙박 및 음식점업(50-55) (GH)","채용관련비용(모집비)[천원]","천원","2.9","8.9","6.1","2.4",
"5규모(500~999인)","도매 및 소매업 숙박 및 음식점업(50-55) (GH)","교육훈련비[천원]","천원","27.9","61","48.9","37.1",
"5규모(500~999인)","도매 및 소매업 숙박 및 음식점업(50-55) (GH)","기타노동비용[천원]","천원","5.2","14.9","15.5","5.1",
"5규모(500~999인)","도매 및 소매업(50-52)","노동비용총액[천원]","천원","4209.2","4965.6","3867.2","3552.5",
"5규모(500~999인)","도매 및 소매업(50-52)","현금급여총계[천원]","천원","3407.8","3821.5","3024.2","2800.7",
"5규모(500~999인)","도매 및 소매업(50-52)","정액및초과[천원]","천원","2587","2942.09796","2302.5","2055.1",
"5규모(500~999인)","도매 및 소매업(50-52)","상여금등특별급여[천원]","천원","820.8","879.36742","721.6","745.6",
"5규모(500~999인)","도매 및 소매업(50-52)","현금급여외 노동비용(계)[천원]","천원","801.5","1144.1","843.1","751.8",
"5규모(500~999인)","도매 및 소매업(50-52)","퇴직금등비용[천원]","천원","289.2","415.4","341","311",
"5규모(500~999인)","도매 및 소매업(50-52)","현물지급비용[천원]","천원","6.5","5.2","2.2","2.5",
"5규모(500~999인)","도매 및 소매업(50-52)","법정복리비[천원]","천원","257.8","260.7","227","212.9",
"5규모(500~999인)","도매 및 소매업(50-52)","법정외복리비[천원]","천원","201.9","346.3","181.2","172.3",
"5규모(500~999인)","도매 및 소매업(50-52)","채용관련비용(모집비)[천원]","천원","3.9","12.7","8","2.9",
"5규모(500~999인)","도매 및 소매업(50-52)","교육훈련비[천원]","천원","33.6","84.2","63.8","45.3",
"5규모(500~999인)","도매 및 소매업(50-52)","기타노동비용[천원]","천원","8.5","19.6","19.9","4.9",
"5규모(500~999인)","숙박 및 음식점업(55)","노동비용총액[천원]","천원","3239.6","3355.8","3147.2","2694.4",
"5규모(500~999인)","숙박 및 음식점업(55)","현금급여총계[천원]","천원","2571.4","2685.4","2452","2107.8",
"5규모(500~999인)","숙박 및 음식점업(55)","정액및초과[천원]","천원","1981.8","1921.34876","1732.2","1495.4",
"5규모(500~999인)","숙박 및 음식점업(55)","상여금등특별급여[천원]","천원","589.7","764.03873","719.8","612.5",
"5규모(500~999인)","숙박 및 음식점업(55)","현금급여외 노동비용(계)[천원]","천원","668.2","670.4","695.2","586.6",
"5규모(500~999인)","숙박 및 음식점업(55)","퇴직금등비용[천원]","천원","257.9","259.5","335.9","250.2",
"5규모(500~999인)","숙박 및 음식점업(55)","현물지급비용[천원]","천원","0","4.1","2.7","3.8",
"5규모(500~999인)","숙박 및 음식점업(55)","법정복리비[천원]","천원","198.3","204.3","201.6","177.2",
"5규모(500~999인)","숙박 및 음식점업(55)","법정외복리비[천원]","천원","191.6","173.2","137.5","132.7",
"5규모(500~999인)","숙박 및 음식점업(55)","채용관련비용(모집비)[천원]","천원","1.3","2.4","1.3","1.1",
"5규모(500~999인)","숙박 및 음식점업(55)","교육훈련비[천원]","천원","19.2","20.1","11.8","16.2",
"5규모(500~999인)","숙박 및 음식점업(55)","기타노동비용[천원]","천원","0","6.8","4.4","5.4",
"5규모(500~999인)","운수업, 창고 및 통신업(60-64) (IJ)","노동비용총액[천원]","천원","3311","3852.8","3200.7","2749.9",
"5규모(500~999인)","운수업, 창고 및 통신업(60-64) (IJ)","현금급여총계[천원]","천원","2716.3","2990.6","2584.6","2249.1",
"5규모(500~999인)","운수업, 창고 및 통신업(60-64) (IJ)","정액및초과[천원]","천원","2160.7","2382.67561","2124.6","1836",
"5규모(500~999인)","운수업, 창고 및 통신업(60-64) (IJ)","상여금등특별급여[천원]","천원","555.5","607.91383","460","413.1",
"5규모(500~999인)","운수업, 창고 및 통신업(60-64) (IJ)","현금급여외 노동비용(계)[천원]","천원","594.8","862.2","616.1","500.8",
"5규모(500~999인)","운수업, 창고 및 통신업(60-64) (IJ)","퇴직금등비용[천원]","천원","218.4","413.9","222.5","162.2",
"5규모(500~999인)","운수업, 창고 및 통신업(60-64) (IJ)","현물지급비용[천원]","천원","0",".6",".4",".1",
"5규모(500~999인)","운수업, 창고 및 통신업(60-64) (IJ)","법정복리비[천원]","천원","247.2","269.3","227.1","193.8",
"5규모(500~999인)","운수업, 창고 및 통신업(60-64) (IJ)","법정외복리비[천원]","천원","102.6","136.4","131","122.8",
"5규모(500~999인)","운수업, 창고 및 통신업(60-64) (IJ)","채용관련비용(모집비)[천원]","천원",".5","4.9","2.9","2.7",
"5규모(500~999인)","운수업, 창고 및 통신업(60-64) (IJ)","교육훈련비[천원]","천원","10.6","30.2","24.3","16.8",
"5규모(500~999인)","운수업, 창고 및 통신업(60-64) (IJ)","기타노동비용[천원]","천원","15.4","6.8","7.8","2.3",
"5규모(500~999인)","운수업(60-63)","노동비용총액[천원]","천원","3311","3526.1","3037.5","2618",
"5규모(500~999인)","운수업(60-63)","현금급여총계[천원]","천원","2716.3","2665.3","2442.7","2140.8",
"5규모(500~999인)","운수업(60-63)","정액및초과[천원]","천원","2160.7","2083.99084","1993.9","1755.8",
"5규모(500~999인)","운수업(60-63)","상여금등특별급여[천원]","천원","555.5","581.288","448.8","385",
"5규모(500~999인)","운수업(60-63)","현금급여외 노동비용(계)[천원]","천원","594.8","860.9","594.9","477.1",
"5규모(500~999인)","운수업(60-63)","퇴직금등비용[천원]","천원","218.4","463.4","220.7","155.7",
"5규모(500~999인)","운수업(60-63)","현물지급비용[천원]","천원","0","0",".1",".1",
"5규모(500~999인)","운수업(60-63)","법정복리비[천원]","천원","247.2","253","221","191",
"5규모(500~999인)","운수업(60-63)","법정외복리비[천원]","천원","102.6","119.5","127.8","116.8",
"5규모(500~999인)","운수업(60-63)","채용관련비용(모집비)[천원]","천원",".5","1.8","1.4","1.4",
"5규모(500~999인)","운수업(60-63)","교육훈련비[천원]","천원","10.6","15.6","15.9","9.9",
"5규모(500~999인)","운수업(60-63)","기타노동비용[천원]","천원","15.4","7.5","8","2.2",
"5규모(500~999인)","통신업(64)","노동비용총액[천원]","천원","","5356.2","4569.2","3850.8",
"5규모(500~999인)","통신업(64)","현금급여총계[천원]","천원","","4487.9","3774.7","3152.4",
"5규모(500~999인)","통신업(64)","정액및초과[천원]","천원","","3757.39914","3221","2505",
"5규모(500~999인)","통신업(64)","상여금등특별급여[천원]","천원","","730.46158","553.7","647.4",
"5규모(500~999인)","통신업(64)","현금급여외 노동비용(계)[천원]","천원","","868.3","794.5","698.4",
"5규모(500~999인)","통신업(64)","퇴직금등비용[천원]","천원","","186","238","217.1",
"5규모(500~999인)","통신업(64)","현물지급비용[천원]","천원","","3.5","3.5","0",
"5규모(500~999인)","통신업(64)","법정복리비[천원]","천원","","344.6","278.5","217.1",
"5규모(500~999인)","통신업(64)","법정외복리비[천원]","천원","","214.2","158.4","172.4",
"5규모(500~999인)","통신업(64)","채용관련비용(모집비)[천원]","천원","","19.1","14.9","14",
"5규모(500~999인)","통신업(64)","교육훈련비[천원]","천원","","97.6","94.7","74.4",
"5규모(500~999인)","통신업(64)","기타노동비용[천원]","천원","","3.4","6.4","3.4",
"5규모(500~999인)","금융 보험,부동산 임대,사업서비스(65-75)(K-M)","노동비용총액[천원]","천원","3710.8","3345.5","3276.4","2962.1",
"5규모(500~999인)","금융 보험,부동산 임대,사업서비스(65-75)(K-M)","현금급여총계[천원]","천원","3117.3","2816.4","2764.6","2459.9",
"5규모(500~999인)","금융 보험,부동산 임대,사업서비스(65-75)(K-M)","정액및초과[천원]","천원","2296","2190.4244","2053.9","1849.4",
"5규모(500~999인)","금융 보험,부동산 임대,사업서비스(65-75)(K-M)","상여금등특별급여[천원]","천원","821.3","625.98433","710.7","610.6",
"5규모(500~999인)","금융 보험,부동산 임대,사업서비스(65-75)(K-M)","현금급여외 노동비용(계)[천원]","천원","593.4","529.1","511.8","502.2",
"5규모(500~999인)","금융 보험,부동산 임대,사업서비스(65-75)(K-M)","퇴직금등비용[천원]","천원","203.1","176.7","159.8","182.2",
"5규모(500~999인)","금융 보험,부동산 임대,사업서비스(65-75)(K-M)","현물지급비용[천원]","천원",".7","1.4","1.2","4.1",
"5규모(500~999인)","금융 보험,부동산 임대,사업서비스(65-75)(K-M)","법정복리비[천원]","천원","224.1","200.9","194.5","182",
"5규모(500~999인)","금융 보험,부동산 임대,사업서비스(65-75)(K-M)","법정외복리비[천원]","천원","129.5","112.1","113","96",
"5규모(500~999인)","금융 보험,부동산 임대,사업서비스(65-75)(K-M)","채용관련비용(모집비)[천원]","천원","2.6","3","2.6","2.9",
"5규모(500~999인)","금융 보험,부동산 임대,사업서비스(65-75)(K-M)","교육훈련비[천원]","천원","30.7","28.5","33.1","26.3",
"5규모(500~999인)","금융 보험,부동산 임대,사업서비스(65-75)(K-M)","기타노동비용[천원]","천원","2.8","6.6","7.6","8.7",
"5규모(500~999인)","금융 및 보험업(65-67)","노동비용총액[천원]","천원","6909.3","6188.4","5707.2","4823.5",
"5규모(500~999인)","금융 및 보험업(65-67)","현금급여총계[천원]","천원","5795.4","5198","4856.1","3935",
"5규모(500~999인)","금융 및 보험업(65-67)","정액및초과[천원]","천원","3513.6","3474.10568","3020.1","2663.5",
"5규모(500~999인)","금융 및 보험업(65-67)","상여금등특별급여[천원]","천원","2281.7","1723.9137","1836","1271.6",
"5규모(500~999인)","금융 및 보험업(65-67)","현금급여외 노동비용(계)[천원]","천원","1114","990.4","851.1","888.5",
"5규모(500~999인)","금융 및 보험업(65-67)","퇴직금등비용[천원]","천원","444.1","427.7","235.4","401.1",
"5규모(500~999인)","금융 및 보험업(65-67)","현물지급비용[천원]","천원","0","3.4","3.3","2.2",
"5규모(500~999인)","금융 및 보험업(65-67)","법정복리비[천원]","천원","303.2","302.6","306.3","271.3",
"5규모(500~999인)","금융 및 보험업(65-67)","법정외복리비[천원]","천원","266.5","166.1","223.9","141.8",
"5규모(500~999인)","금융 및 보험업(65-67)","채용관련비용(모집비)[천원]","천원","7.6","6.4","4.9","5.5",
"5규모(500~999인)","금융 및 보험업(65-67)","교육훈련비[천원]","천원","88.2","77.2","66.4","50.4",
"5규모(500~999인)","금융 및 보험업(65-67)","기타노동비용[천원]","천원","4.4","7","10.8","16.2",
"5규모(500~999인)","부동산 임대 및 사업서비스업(70-75) (LM)","노동비용총액[천원]","천원","3035.3","2734.6","2486.5","2339.5",
"5규모(500~999인)","부동산 임대 및 사업서비스업(70-75) (LM)","현금급여총계[천원]","천원","2551.8","2304.7","2085","1966.5",
"5규모(500~999인)","부동산 임대 및 사업서비스업(70-75) (LM)","정액및초과[천원]","천원","2038.9","1914.58805","1739.9","1577",
"5규모(500~999인)","부동산 임대 및 사업서비스업(70-75) (LM)","상여금등특별급여[천원]","천원","512.9","390.06219","345","389.5",
"5규모(500~999인)","부동산 임대 및 사업서비스업(70-75) (LM)","현금급여외 노동비용(계)[천원]","천원","483.5","430","401.6","373",
"5규모(500~999인)","부동산 임대 및 사업서비스업(70-75) (LM)","퇴직금등비용[천원]","천원","152.2","122.8","135.3","108.9",
"5규모(500~999인)","부동산 임대 및 사업서비스업(70-75) (LM)","현물지급비용[천원]","천원",".8","1",".5","4.7",
"5규모(500~999인)","부동산 임대 및 사업서비스업(70-75) (LM)","법정복리비[천원]","천원","207.4","179","158.1","152.2",
"5규모(500~999인)","부동산 임대 및 사업서비스업(70-75) (LM)","법정외복리비[천원]","천원","100.5","100.4","77","80.7",
"5규모(500~999인)","부동산 임대 및 사업서비스업(70-75) (LM)","채용관련비용(모집비)[천원]","천원","1.6","2.2","1.9","2.1",
"5규모(500~999인)","부동산 임대 및 사업서비스업(70-75) (LM)","교육훈련비[천원]","천원","18.5","18","22.2","18.2",
"5규모(500~999인)","부동산 임대 및 사업서비스업(70-75) (LM)","기타노동비용[천원]","천원","2.5","6.5","6.5","6.2",
"5규모(500~999인)","부동산 및 임대업(70-71)","노동비용총액[천원]","천원","3903.7","2880.4","2302","2421.2",
"5규모(500~999인)","부동산 및 임대업(70-71)","현금급여총계[천원]","천원","2688.4","2420.6","1930.8","2033.2",
"5규모(500~999인)","부동산 및 임대업(70-71)","정액및초과[천원]","천원","2391.8","1939.64862","1562.7","1420.1",
"5규모(500~999인)","부동산 및 임대업(70-71)","상여금등특별급여[천원]","천원","296.6","480.93915","368.1","613.1",
"5규모(500~999인)","부동산 및 임대업(70-71)","현금급여외 노동비용(계)[천원]","천원","1215.3","459.8","371.2","388",
"5규모(500~999인)","부동산 및 임대업(70-71)","퇴직금등비용[천원]","천원","889.6","86.7","69.9","82.4",
"5규모(500~999인)","부동산 및 임대업(70-71)","현물지급비용[천원]","천원","0","2.6","1.5","1.5",
"5규모(500~999인)","부동산 및 임대업(70-71)","법정복리비[천원]","천원","214.8","196.9","163.8","157.8",
"5규모(500~999인)","부동산 및 임대업(70-71)","법정외복리비[천원]","천원","70.3","108.4","83.1","90.5",
"5규모(500~999인)","부동산 및 임대업(70-71)","채용관련비용(모집비)[천원]","천원",".1",".4","3","3.9",
"5규모(500~999인)","부동산 및 임대업(70-71)","교육훈련비[천원]","천원","38.8","29.9","27","24.5",
"5규모(500~999인)","부동산 및 임대업(70-71)","기타노동비용[천원]","천원","1.7","34.8","23","27.4",
"5규모(500~999인)","사업 서비스업(72-75)","노동비용총액[천원]","천원","3006.2","2713.8","2522.9","2324.8",
"5규모(500~999인)","사업 서비스업(72-75)","현금급여총계[천원]","천원","2547.2","2288.1","2115.4","1954.6",
"5규모(500~999인)","사업 서비스업(72-75)","정액및초과[천원]","천원","2027","1911.01001","1774.9","1605.1",
"5규모(500~999인)","사업 서비스업(72-75)","상여금등특별급여[천원]","천원","520.2","377.08717","340.5","349.5",
"5규모(500~999인)","사업 서비스업(72-75)","현금급여외 노동비용(계)[천원]","천원","459","425.7","407.5","370.3",
"5규모(500~999인)","사업 서비스업(72-75)","퇴직금등비용[천원]","천원","127.4","127.9","148.2","113.7",
"5규모(500~999인)","사업 서비스업(72-75)","현물지급비용[천원]","천원",".8",".8",".3","5.3",
"5규모(500~999인)","사업 서비스업(72-75)","법정복리비[천원]","천원","207.1","176.5","157","151.2",
"5규모(500~999인)","사업 서비스업(72-75)","법정외복리비[천원]","천원","101.6","99.3","75.8","78.9",
"5규모(500~999인)","사업 서비스업(72-75)","채용관련비용(모집비)[천원]","천원","1.6","2.5","1.7","1.7",
"5규모(500~999인)","사업 서비스업(72-75)","교육훈련비[천원]","천원","17.9","16.3","21.3","17",
"5규모(500~999인)","사업 서비스업(72-75)","기타노동비용[천원]","천원","2.5","2.5","3.2","2.4",
"5규모(500~999인)","기타공공,사회 및 개인 서비스업(87-93)(QR)","노동비용총액[천원]","천원","2965.5","5021.4","3924.9","3731.7",
"5규모(500~999인)","기타공공,사회 및 개인 서비스업(87-93)(QR)","현금급여총계[천원]","천원","2506.2","4141.2","3308.9","3140",
"5규모(500~999인)","기타공공,사회 및 개인 서비스업(87-93)(QR)","정액및초과[천원]","천원","2195.5","3172.4082","2595.6","2444.4",
"5규모(500~999인)","기타공공,사회 및 개인 서비스업(87-93)(QR)","상여금등특별급여[천원]","천원","310.7","968.74518","713.3","695.7",
"5규모(500~999인)","기타공공,사회 및 개인 서비스업(87-93)(QR)","현금급여외 노동비용(계)[천원]","천원","459.3","880.3","616","591.7",
"5규모(500~999인)","기타공공,사회 및 개인 서비스업(87-93)(QR)","퇴직금등비용[천원]","천원","185.7","359.3","216.8","236.3",
"5규모(500~999인)","기타공공,사회 및 개인 서비스업(87-93)(QR)","현물지급비용[천원]","천원","7.9","0","0","1.9",
"5규모(500~999인)","기타공공,사회 및 개인 서비스업(87-93)(QR)","법정복리비[천원]","천원","191.8","292.5","238.9","228.6",
"5규모(500~999인)","기타공공,사회 및 개인 서비스업(87-93)(QR)","법정외복리비[천원]","천원","38.8","165.2","133.1","105.1",
"5규모(500~999인)","기타공공,사회 및 개인 서비스업(87-93)(QR)","채용관련비용(모집비)[천원]","천원","2.3","2.6","2.2","1.7",
"5규모(500~999인)","기타공공,사회 및 개인 서비스업(87-93)(QR)","교육훈련비[천원]","천원","18.1","54.8","19.5","15.7",
"5규모(500~999인)","기타공공,사회 및 개인 서비스업(87-93)(QR)","기타노동비용[천원]","천원","14.8","5.9","5.5","2.4",
"5규모(500~999인)","오락, 문화 및 운동관련 서비스업(87-88)","노동비용총액[천원]","천원","3547.7","5385","4238.7","4083.7",
"5규모(500~999인)","오락, 문화 및 운동관련 서비스업(87-88)","현금급여총계[천원]","천원","2944.2","4403.8","3544.9","3385.6",
"5규모(500~999인)","오락, 문화 및 운동관련 서비스업(87-88)","정액및초과[천원]","천원","2150.6","3293.31397","2589.3","2513.2",
"5규모(500~999인)","오락, 문화 및 운동관련 서비스업(87-88)","상여금등특별급여[천원]","천원","793.6","1110.51723","955.5","872.4",
"5규모(500~999인)","오락, 문화 및 운동관련 서비스업(87-88)","현금급여외 노동비용(계)[천원]","천원","603.6","981.2","693.8","698.2",
"5규모(500~999인)","오락, 문화 및 운동관련 서비스업(87-88)","퇴직금등비용[천원]","천원","312.1","454.8","285.9","327.7",
"5규모(500~999인)","오락, 문화 및 운동관련 서비스업(87-88)","현물지급비용[천원]","천원",".6","0","0","0",
"5규모(500~999인)","오락, 문화 및 운동관련 서비스업(87-88)","법정복리비[천원]","천원","196.3","297","226","228.5",
"5규모(500~999인)","오락, 문화 및 운동관련 서비스업(87-88)","법정외복리비[천원]","천원","68.9","177.1","157.9","122.6",
"5규모(500~999인)","오락, 문화 및 운동관련 서비스업(87-88)","채용관련비용(모집비)[천원]","천원","1.4","3.5","3.3","2.6",
"5규모(500~999인)","오락, 문화 및 운동관련 서비스업(87-88)","교육훈련비[천원]","천원","24.3","46.5","18.2","15.3",
"5규모(500~999인)","오락, 문화 및 운동관련 서비스업(87-88)","기타노동비용[천원]","천원","0","2.2","2.5","1.4",
"5규모(500~999인)","기타공공, 수리 및 개인서비스업(90-93)","노동비용총액[천원]","천원","2645.8","4153.7","3404.5","3089.2",
"5규모(500~999인)","기타공공, 수리 및 개인서비스업(90-93)","현금급여총계[천원]","천원","2265.7","3514.2","2917.6","2691.8",
"5규모(500~999인)","기타공공, 수리 및 개인서비스업(90-93)","정액및초과[천원]","천원","2220.1","2883.84653","2605.9","2318.8",
"5규모(500~999인)","기타공공, 수리 및 개인서비스업(90-93)","상여금등특별급여[천원]","천원","45.6","630.38267","311.7","373",
"5규모(500~999인)","기타공공, 수리 및 개인서비스업(90-93)","현금급여외 노동비용(계)[천원]","천원","380.1","639.5","486.9","397.4",
"5규모(500~999인)","기타공공, 수리 및 개인서비스업(90-93)","퇴직금등비용[천원]","천원","116.3","131.2","102.3","69.3",
"5규모(500~999인)","기타공공, 수리 및 개인서비스업(90-93)","현물지급비용[천원]","천원","11.9","0","0","5.4",
"5규모(500~999인)","기타공공, 수리 및 개인서비스업(90-93)","법정복리비[천원]","천원","189.3","281.7","260.2","228.6",
"5규모(500~999인)","기타공공, 수리 및 개인서비스업(90-93)","법정외복리비[천원]","천원","22.2","136.8","92.1","73.1",
"5규모(500~999인)","기타공공, 수리 및 개인서비스업(90-93)","채용관련비용(모집비)[천원]","천원","2.8",".5",".3","0",
"5규모(500~999인)","기타공공, 수리 및 개인서비스업(90-93)","교육훈련비[천원]","천원","14.6","74.5","21.5","16.6",
"5규모(500~999인)","기타공공, 수리 및 개인서비스업(90-93)","기타노동비용[천원]","천원","22.9","14.8","10.4","4.3",
"6규모(1000인이상)","전산업","노동비용총액[천원]","천원","5109.4","4943","4611.1","4458.1",
"6규모(1000인이상)","전산업","현금급여총계[천원]","천원","4020.7","3895.1","3643.7","3539.6",
"6규모(1000인이상)","전산업","정액및초과[천원]","천원","2723.2","2706.94481","2482","2344.6",
"6규모(1000인이상)","전산업","상여금등특별급여[천원]","천원","1297.5","1188.13364","1161.7","1195",
"6규모(1000인이상)","전산업","현금급여외 노동비용(계)[천원]","천원","1088.7","1047.9","967.4","918.5",
"6규모(1000인이상)","전산업","퇴직금등비용[천원]","천원","339","311.8","301.4","306.8",
"6규모(1000인이상)","전산업","현물지급비용[천원]","천원","6.3","5.2","5.4","5.2",
"6규모(1000인이상)","전산업","법정복리비[천원]","천원","325.5","321.9","292.1","267.2",
"6규모(1000인이상)","전산업","법정외복리비[천원]","천원","326","317.6","278.3","254.4",
"6규모(1000인이상)","전산업","채용관련비용(모집비)[천원]","천원","5.6","5.6","7.2","11.3",
"6규모(1000인이상)","전산업","교육훈련비[천원]","천원","72.6","72.5","69.1","60.7",
"6규모(1000인이상)","전산업","기타노동비용[천원]","천원","13.6","13.3","13.9","12.9",
"6규모(1000인이상)","광업 및 제조업 (10-37)(CD)","노동비용총액[천원]","천원","5412.7","5273.4","4758","4800.6",
"6규모(1000인이상)","광업 및 제조업 (10-37)(CD)","현금급여총계[천원]","천원","4187","4055.8","3709.1","3786.8",
"6규모(1000인이상)","광업 및 제조업 (10-37)(CD)","정액및초과[천원]","천원","2737.1","2668.06536","2431.2","2350.6",
"6규모(1000인이상)","광업 및 제조업 (10-37)(CD)","상여금등특별급여[천원]","천원","1449.9","1387.6951","1277.9","1436.2",
"6규모(1000인이상)","광업 및 제조업 (10-37)(CD)","현금급여외 노동비용(계)[천원]","천원","1225.7","1217.6","1048.9","1013.9",
"6규모(1000인이상)","광업 및 제조업 (10-37)(CD)","퇴직금등비용[천원]","천원","367.8","357","328.1","368",
"6규모(1000인이상)","광업 및 제조업 (10-37)(CD)","현물지급비용[천원]","천원","9.9","6.3","6.7","6.3",
"6규모(1000인이상)","광업 및 제조업 (10-37)(CD)","법정복리비[천원]","천원","348.3","338.9","312.2","280.8",
"6규모(1000인이상)","광업 및 제조업 (10-37)(CD)","법정외복리비[천원]","천원","401.8","412.8","308.3","280.2",
"6규모(1000인이상)","광업 및 제조업 (10-37)(CD)","채용관련비용(모집비)[천원]","천원","5.9","7.2","9.6","7.6",
"6규모(1000인이상)","광업 및 제조업 (10-37)(CD)","교육훈련비[천원]","천원","76.4","79.9","69.1","56.8",
"6규모(1000인이상)","광업 및 제조업 (10-37)(CD)","기타노동비용[천원]","천원","15.6","15.6","14.8","14.1",
"6규모(1000인이상)","광 업(10-12)","노동비용총액[천원]","천원","6241.3","4914.5","5362.7","4929.6",
"6규모(1000인이상)","광 업(10-12)","현금급여총계[천원]","천원","3870.4","2989.6","2953","2746.3",
"6규모(1000인이상)","광 업(10-12)","정액및초과[천원]","천원","2514.7","2113.90317","2051.1","1823.8",
"6규모(1000인이상)","광 업(10-12)","상여금등특별급여[천원]","천원","1355.7","875.68391","901.9","922.5",
"6규모(1000인이상)","광 업(10-12)","현금급여외 노동비용(계)[천원]","천원","2370.9","1924.9","2409.7","2183.2",
"6규모(1000인이상)","광 업(10-12)","퇴직금등비용[천원]","천원","172.1","231.1","361.8","457.3",
"6규모(1000인이상)","광 업(10-12)","현물지급비용[천원]","천원","0","0","0","0",
"6규모(1000인이상)","광 업(10-12)","법정복리비[천원]","천원","1928.2","1354.8","1608.7","1451.8",
"6규모(1000인이상)","광 업(10-12)","법정외복리비[천원]","천원","267.8","321","341.3","190.9",
"6규모(1000인이상)","광 업(10-12)","채용관련비용(모집비)[천원]","천원","0","0","0","0",
"6규모(1000인이상)","광 업(10-12)","교육훈련비[천원]","천원","2.8","3.3","8.3","2.2",
"6규모(1000인이상)","광 업(10-12)","기타노동비용[천원]","천원","0","14.6","89.6","81.1",
"6규모(1000인이상)","제 조 업(15-37)","노동비용총액[천원]","천원","5410.9","5274.3","4756.8","4800.4",
"6규모(1000인이상)","제 조 업(15-37)","현금급여총계[천원]","천원","4187.7","4058.4","3710.5","3788.6",
"6규모(1000인이상)","제 조 업(15-37)","정액및초과[천원]","천원","2737.6","2669.45199","2431.9","2351.5",
"6규모(1000인이상)","제 조 업(15-37)","상여금등특별급여[천원]","천원","1450.1","1388.97626","1278.6","1437.1",
"6규모(1000인이상)","제 조 업(15-37)","현금급여외 노동비용(계)[천원]","천원","1223.2","1215.9","1046.3","1011.8",
"6규모(1000인이상)","제 조 업(15-37)","퇴직금등비용[천원]","천원","368.3","357.3","328","367.8",
"6규모(1000인이상)","제 조 업(15-37)","현물지급비용[천원]","천원","9.9","6.3","6.8","6.3",
"6규모(1000인이상)","제 조 업(15-37)","법정복리비[천원]","천원","344.9","336.4","309.8","278.8",
"6규모(1000인이상)","제 조 업(15-37)","법정외복리비[천원]","천원","402.1","413","308.3","280.4",
"6규모(1000인이상)","제 조 업(15-37)","채용관련비용(모집비)[천원]","천원","5.9","7.2","9.6","7.6",
"6규모(1000인이상)","제 조 업(15-37)","교육훈련비[천원]","천원","76.5","80.1","69.2","56.9",
"6규모(1000인이상)","제 조 업(15-37)","기타노동비용[천원]","천원","15.6","15.6","14.7","14",
"6규모(1000인이상)","사회간접자본 및 기타서비스업(40-93)(E-R)","노동비용총액[천원]","천원","4780.6","4595","4419","4007.2",
"6규모(1000인이상)","사회간접자본 및 기타서비스업(40-93)(E-R)","현금급여총계[천원]","천원","3840.4","3725.9","3558.1","3214.3",
"6규모(1000인이상)","사회간접자본 및 기타서비스업(40-93)(E-R)","정액및초과[천원]","천원","2708.3","2747.88924","2548.5","2336.8",
"6규모(1000인이상)","사회간접자본 및 기타서비스업(40-93)(E-R)","상여금등특별급여[천원]","천원","1132.2","977.97297","1009.6","877.5",
"6규모(1000인이상)","사회간접자본 및 기타서비스업(40-93)(E-R)","현금급여외 노동비용(계)[천원]","천원","940.2","869.1","860.9","792.9",
"6규모(1000인이상)","사회간접자본 및 기타서비스업(40-93)(E-R)","퇴직금등비용[천원]","천원","307.8","264.2","266.6","226.2",
"6규모(1000인이상)","사회간접자본 및 기타서비스업(40-93)(E-R)","현물지급비용[천원]","천원","2.4","4.2","3.6","3.7",
"6규모(1000인이상)","사회간접자본 및 기타서비스업(40-93)(E-R)","법정복리비[천원]","천원","300.7","304","265.8","249.2",
"6규모(1000인이상)","사회간접자본 및 기타서비스업(40-93)(E-R)","법정외복리비[천원]","천원","243.9","217.3","239","220.5",
"6규모(1000인이상)","사회간접자본 및 기타서비스업(40-93)(E-R)","채용관련비용(모집비)[천원]","천원","5.3","3.9","4.1","16.2",
"6규모(1000인이상)","사회간접자본 및 기타서비스업(40-93)(E-R)","교육훈련비[천원]","천원","68.6","64.6","69.1","65.8",
"6규모(1000인이상)","사회간접자본 및 기타서비스업(40-93)(E-R)","기타노동비용[천원]","천원","11.5","11","12.7","11.3",
"6규모(1000인이상)","전기, 가스 및 수도사업(40-41)","노동비용총액[천원]","천원","6372.7","6248.4","6063.5","5731.7",
"6규모(1000인이상)","전기, 가스 및 수도사업(40-41)","현금급여총계[천원]","천원","5418.4","5275.8","5031.7","4701.4",
"6규모(1000인이상)","전기, 가스 및 수도사업(40-41)","정액및초과[천원]","천원","4227","4138.18978","3913.5","3903.5",
"6규모(1000인이상)","전기, 가스 및 수도사업(40-41)","상여금등특별급여[천원]","천원","1191.4","1137.58412","1118.2","797.9",
"6규모(1000인이상)","전기, 가스 및 수도사업(40-41)","현금급여외 노동비용(계)[천원]","천원","954.3","972.7","1031.8","1030.3",
"6규모(1000인이상)","전기, 가스 및 수도사업(40-41)","퇴직금등비용[천원]","천원","112.7","90.5","57.6","33.9",
"6규모(1000인이상)","전기, 가스 및 수도사업(40-41)","현물지급비용[천원]","천원","0","0","0","0",
"6규모(1000인이상)","전기, 가스 및 수도사업(40-41)","법정복리비[천원]","천원","368.3","371.8","335.9","330",
"6규모(1000인이상)","전기, 가스 및 수도사업(40-41)","법정외복리비[천원]","천원","332.2","372","527.8","549.9",
"6규모(1000인이상)","전기, 가스 및 수도사업(40-41)","채용관련비용(모집비)[천원]","천원","5.7","4.4","4.2","4",
"6규모(1000인이상)","전기, 가스 및 수도사업(40-41)","교육훈련비[천원]","천원","103.3","100.4","79.3","84.5",
"6규모(1000인이상)","전기, 가스 및 수도사업(40-41)","기타노동비용[천원]","천원","32.1","33.5","27","27.9",
"6규모(1000인이상)","건설업(45-46)","노동비용총액[천원]","천원","6275.5","5740.7","6158.8","5525.9",
"6규모(1000인이상)","건설업(45-46)","현금급여총계[천원]","천원","4761.7","4549.2","4452.2","4100.2",
"6규모(1000인이상)","건설업(45-46)","정액및초과[천원]","천원","3408.4","3387.24691","3302","3035.9",
"6규모(1000인이상)","건설업(45-46)","상여금등특별급여[천원]","천원","1353.3","1161.99842","1150.2","1064.4",
"6규모(1000인이상)","건설업(45-46)","현금급여외 노동비용(계)[천원]","천원","1513.9","1191.5","1706.6","1425.6",
"6규모(1000인이상)","건설업(45-46)","퇴직금등비용[천원]","천원","383.3","278.7","737.3","285.6",
"6규모(1000인이상)","건설업(45-46)","현물지급비용[천원]","천원","2","4.4","5","23.2",
"6규모(1000인이상)","건설업(45-46)","법정복리비[천원]","천원","615.4","584.5","649.1","585.4",
"6규모(1000인이상)","건설업(45-46)","법정외복리비[천원]","천원","435.6","278.6","238.2","167.6",
"6규모(1000인이상)","건설업(45-46)","채용관련비용(모집비)[천원]","천원","6.2","4.8","5","293.8",
"6규모(1000인이상)","건설업(45-46)","교육훈련비[천원]","천원","61.4","32.5","58.9","56",
"6규모(1000인이상)","건설업(45-46)","기타노동비용[천원]","천원","10","8","13.1","13.9",
"6규모(1000인이상)","도매 및 소매업 숙박 및 음식점업(50-55) (GH)","노동비용총액[천원]","천원","3185.9","3047.8","2864.9","2687.2",
"6규모(1000인이상)","도매 및 소매업 숙박 및 음식점업(50-55) (GH)","현금급여총계[천원]","천원","2517.2","2440.8","2297.7","2140",
"6규모(1000인이상)","도매 및 소매업 숙박 및 음식점업(50-55) (GH)","정액및초과[천원]","천원","1845.3","1942.5297","1849.1","1669.6",
"6규모(1000인이상)","도매 및 소매업 숙박 및 음식점업(50-55) (GH)","상여금등특별급여[천원]","천원","671.9","498.26049","448.6","470.4",
"6규모(1000인이상)","도매 및 소매업 숙박 및 음식점업(50-55) (GH)","현금급여외 노동비용(계)[천원]","천원","668.7","607","567.2","547.2",
"6규모(1000인이상)","도매 및 소매업 숙박 및 음식점업(50-55) (GH)","퇴직금등비용[천원]","천원","236.4","223.6","223.8","203.5",
"6규모(1000인이상)","도매 및 소매업 숙박 및 음식점업(50-55) (GH)","현물지급비용[천원]","천원","6.2","9.1","4","3.9",
"6규모(1000인이상)","도매 및 소매업 숙박 및 음식점업(50-55) (GH)","법정복리비[천원]","천원","208.1","190.5","174.3","168.8",
"6규모(1000인이상)","도매 및 소매업 숙박 및 음식점업(50-55) (GH)","법정외복리비[천원]","천원","177.8","127.7","109.3","109.8",
"6규모(1000인이상)","도매 및 소매업 숙박 및 음식점업(50-55) (GH)","채용관련비용(모집비)[천원]","천원","2.5","3.4","2.1","2.2",
"6규모(1000인이상)","도매 및 소매업 숙박 및 음식점업(50-55) (GH)","교육훈련비[천원]","천원","27.9","41.7","44.5","51.1",
"6규모(1000인이상)","도매 및 소매업 숙박 및 음식점업(50-55) (GH)","기타노동비용[천원]","천원","9.9","10.9","9.3","7.9",
"6규모(1000인이상)","도매 및 소매업(50-52)","노동비용총액[천원]","천원","3836.7","3802","3163.7","2903.7",
"6규모(1000인이상)","도매 및 소매업(50-52)","현금급여총계[천원]","천원","2999.7","3014.6","2516.6","2303.2",
"6규모(1000인이상)","도매 및 소매업(50-52)","정액및초과[천원]","천원","2172.5","2397.44269","2050.1","1793.4",
"6규모(1000인이상)","도매 및 소매업(50-52)","상여금등특별급여[천원]","천원","827.3","617.18246","466.5","509.9",
"6규모(1000인이상)","도매 및 소매업(50-52)","현금급여외 노동비용(계)[천원]","천원","837","787.4","647.1","600.5",
"6규모(1000인이상)","도매 및 소매업(50-52)","퇴직금등비용[천원]","천원","321.8","304.9","263.3","221",
"6규모(1000인이상)","도매 및 소매업(50-52)","현물지급비용[천원]","천원","6.2","10.7","3.5","2.6",
"6규모(1000인이상)","도매 및 소매업(50-52)","법정복리비[천원]","천원","250.2","234.4","190.3","182.8",
"6규모(1000인이상)","도매 및 소매업(50-52)","법정외복리비[천원]","천원","211.8","158.5","121.7","120.9",
"6규모(1000인이상)","도매 및 소매업(50-52)","채용관련비용(모집비)[천원]","천원","2.5","4.6","2","2.4",
"6규모(1000인이상)","도매 및 소매업(50-52)","교육훈련비[천원]","천원","33.7","64.7","54.6","62.4",
"6규모(1000인이상)","도매 및 소매업(50-52)","기타노동비용[천원]","천원","10.7","9.7","11.6","8.5",
"6규모(1000인이상)","숙박 및 음식점업(55)","노동비용총액[천원]","천원","1954.9","2275.8","2118.9","2089.1",
"6규모(1000인이상)","숙박 및 음식점업(55)","현금급여총계[천원]","천원","1604.4","1853.4","1751.3","1689",
"6규모(1000인이상)","숙박 및 음식점업(55)","정액및초과[천원]","천원","1226.4","1476.87738","1347.3","1327.6",
"6규모(1000인이상)","숙박 및 음식점업(55)","상여금등특별급여[천원]","천원","378","376.53107","403.9","361.4",
"6규모(1000인이상)","숙박 및 음식점업(55)","현금급여외 노동비용(계)[천원]","천원","350.5","422.4","367.6","400.1",
"6규모(1000인이상)","숙박 및 음식점업(55)","퇴직금등비용[천원]","천원","74.9","140.4","125.2","155.2",
"6규모(1000인이상)","숙박 및 음식점업(55)","현물지급비용[천원]","천원","6.2","7.4","5","7.7",
"6규모(1000인이상)","숙박 및 음식점업(55)","법정복리비[천원]","천원","128.4","145.6","134.1","130.2",
"6규모(1000인이상)","숙박 및 음식점업(55)","법정외복리비[천원]","천원","113.3","96.3","78.1","79.1",
"6규모(1000인이상)","숙박 및 음식점업(55)","채용관련비용(모집비)[천원]","천원","2.6","2.2","2.2","1.8",
"6규모(1000인이상)","숙박 및 음식점업(55)","교육훈련비[천원]","천원","17","18.2","19.3","19.9",
"6규모(1000인이상)","숙박 및 음식점업(55)","기타노동비용[천원]","천원","8.2","12.2","3.6","6.3",
"6규모(1000인이상)","운수업, 창고 및 통신업(60-64) (IJ)","노동비용총액[천원]","천원","5575.3","4750.8","5053","4378.2",
"6규모(1000인이상)","운수업, 창고 및 통신업(60-64) (IJ)","현금급여총계[천원]","천원","4514.7","3818","3942.2","3577.9",
"6규모(1000인이상)","운수업, 창고 및 통신업(60-64) (IJ)","정액및초과[천원]","천원","3080.1","2615.71007","2710.4","2689.5",
"6규모(1000인이상)","운수업, 창고 및 통신업(60-64) (IJ)","상여금등특별급여[천원]","천원","1434.6","1202.33452","1231.7","888.4",
"6규모(1000인이상)","운수업, 창고 및 통신업(60-64) (IJ)","현금급여외 노동비용(계)[천원]","천원","1060.6","932.7","1110.9","800.3",
"6규모(1000인이상)","운수업, 창고 및 통신업(60-64) (IJ)","퇴직금등비용[천원]","천원","334.5","349.5","360","162.4",
"6규모(1000인이상)","운수업, 창고 및 통신업(60-64) (IJ)","현물지급비용[천원]","천원","1.6",".3",".7",".5",
"6규모(1000인이상)","운수업, 창고 및 통신업(60-64) (IJ)","법정복리비[천원]","천원","341","302.6","286.5","279.9",
"6규모(1000인이상)","운수업, 창고 및 통신업(60-64) (IJ)","법정외복리비[천원]","천원","255.6","176.3","358.4","254.3",
"6규모(1000인이상)","운수업, 창고 및 통신업(60-64) (IJ)","채용관련비용(모집비)[천원]","천원","5.9","4","4.7","3",
"6규모(1000인이상)","운수업, 창고 및 통신업(60-64) (IJ)","교육훈련비[천원]","천원","105.7","84.2","88.5","95.5",
"6규모(1000인이상)","운수업, 창고 및 통신업(60-64) (IJ)","기타노동비용[천원]","천원","16.3","16","12.1","4.8",
"6규모(1000인이상)","운수업(60-63)","노동비용총액[천원]","천원","4759.1","4209.9","4363.8","3888",
"6규모(1000인이상)","운수업(60-63)","현금급여총계[천원]","천원","3656.9","3303.8","3245","3130.8",
"6규모(1000인이상)","운수업(60-63)","정액및초과[천원]","천원","2488.1","2312.53923","2286.4","2275.8",
"6규모(1000인이상)","운수업(60-63)","상여금등특별급여[천원]","천원","1168.8","991.22962","958.5","854.9",
"6규모(1000인이상)","운수업(60-63)","현금급여외 노동비용(계)[천원]","천원","1102.2","906.1","1118.8","757.2",
"6규모(1000인이상)","운수업(60-63)","퇴직금등비용[천원]","천원","471.7","427","675.9","204",
"6규모(1000인이상)","운수업(60-63)","현물지급비용[천원]","천원","1.9","0","0",".1",
"6규모(1000인이상)","운수업(60-63)","법정복리비[천원]","천원","314.4","279.2","266.7","279.1",
"6규모(1000인이상)","운수업(60-63)","법정외복리비[천원]","천원","261.3","149.5","135.4","198.5",
"6규모(1000인이상)","운수업(60-63)","채용관련비용(모집비)[천원]","천원","1.2","1.1","1",".9",
"6규모(1000인이상)","운수업(60-63)","교육훈련비[천원]","천원","47.9","37.5","34.2","70.8",
"6규모(1000인이상)","운수업(60-63)","기타노동비용[천원]","천원","3.8","11.8","5.7","3.9",
"6규모(1000인이상)","통신업(64)","노동비용총액[천원]","천원","6090.2","5351.6","5355.8","4730.4",
"6규모(1000인이상)","통신업(64)","현금급여총계[천원]","천원","5055.9","4389.3","4248.4","3899.1",
"6규모(1000인이상)","통신업(64)","정액및초과[천원]","천원","3453.6","2952.46672","2896.7","2986.6",
"6규모(1000인이상)","통신업(64)","상여금등특별급여[천원]","천원","1602.3","1436.826","1351.7","912.5",
"6규모(1000인이상)","통신업(64)","현금급여외 노동비용(계)[천원]","천원","1034.3","962.3","1107.4","831.3",
"6규모(1000인이상)","통신업(64)","퇴직금등비용[천원]","천원","247.9","263.4","221.2","132.5",
"6규모(1000인이상)","통신업(64)","현물지급비용[천원]","천원","1.4",".6","1",".7",
"6규모(1000인이상)","통신업(64)","법정복리비[천원]","천원","357.7","328.5","295.3","280.5",
"6규모(1000인이상)","통신업(64)","법정외복리비[천원]","천원","252","206","456.3","294.4",
"6규모(1000인이상)","통신업(64)","채용관련비용(모집비)[천원]","천원","8.8","7.1","6.4","4.5",
"6규모(1000인이상)","통신업(64)","교육훈련비[천원]","천원","142.2","136.1","112.4","113.3",
"6규모(1000인이상)","통신업(64)","기타노동비용[천원]","천원","24.2","20.6","15","5.4",
"6규모(1000인이상)","금융 보험,부동산 임대,사업서비스(65-75)(K-M)","노동비용총액[천원]","천원","4739.7","4811","4655.9","4254.7",
"6규모(1000인이상)","금융 보험,부동산 임대,사업서비스(65-75)(K-M)","현금급여총계[천원]","천원","3872.3","3964","3836.5","3425.9",
"6규모(1000인이상)","금융 보험,부동산 임대,사업서비스(65-75)(K-M)","정액및초과[천원]","천원","2698.6","2913.23586","2685.4","2394.2",
"6규모(1000인이상)","금융 보험,부동산 임대,사업서비스(65-75)(K-M)","상여금등특별급여[천원]","천원","1173.6","1050.72355","1151.1","1031.7",
"6규모(1000인이상)","금융 보험,부동산 임대,사업서비스(65-75)(K-M)","현금급여외 노동비용(계)[천원]","천원","867.4","847","819.4","828.8",
"6규모(1000인이상)","금융 보험,부동산 임대,사업서비스(65-75)(K-M)","퇴직금등비용[천원]","천원","318.5","256.5","220.4","260.1",
"6규모(1000인이상)","금융 보험,부동산 임대,사업서비스(65-75)(K-M)","현물지급비용[천원]","천원",".7","2.8","3.4","2.1",
"6규모(1000인이상)","금융 보험,부동산 임대,사업서비스(65-75)(K-M)","법정복리비[천원]","천원","253.7","260.7","262.2","242",
"6규모(1000인이상)","금융 보험,부동산 임대,사업서비스(65-75)(K-M)","법정외복리비[천원]","천원","206.8","236.3","240.8","243.4",
"6규모(1000인이상)","금융 보험,부동산 임대,사업서비스(65-75)(K-M)","채용관련비용(모집비)[천원]","천원","6.1","3.8","4.6","3.1",
"6규모(1000인이상)","금융 보험,부동산 임대,사업서비스(65-75)(K-M)","교육훈련비[천원]","천원","72","77.7","74.1","63.9",
"6규모(1000인이상)","금융 보험,부동산 임대,사업서비스(65-75)(K-M)","기타노동비용[천원]","천원","9.5","9.3","13.9","14.3",
"6규모(1000인이상)","금융 및 보험업(65-67)","노동비용총액[천원]","천원","6578.4","6297.7","5779.4","5259.2",
"6규모(1000인이상)","금융 및 보험업(65-67)","현금급여총계[천원]","천원","5399.9","5221.7","4749.8","4200.4",
"6규모(1000인이상)","금융 및 보험업(65-67)","정액및초과[천원]","천원","3369.3","3567.54492","3162.2","2765",
"6규모(1000인이상)","금융 및 보험업(65-67)","상여금등특별급여[천원]","천원","2030.6","1654.13792","1587.6","1435.4",
"6규모(1000인이상)","금융 및 보험업(65-67)","현금급여외 노동비용(계)[천원]","천원","1178.5","1076","1029.5","1058.8",
"6규모(1000인이상)","금융 및 보험업(65-67)","퇴직금등비용[천원]","천원","421.7","328","268.4","333.9",
"6규모(1000인이상)","금융 및 보험업(65-67)","현물지급비용[천원]","천원","1.1","5","5.1","2.9",
"6규모(1000인이상)","금융 및 보험업(65-67)","법정복리비[천원]","천원","334.5","320.8","311.4","288.4",
"6규모(1000인이상)","금융 및 보험업(65-67)","법정외복리비[천원]","천원","288.9","294.1","319.1","324.2",
"6규모(1000인이상)","금융 및 보험업(65-67)","채용관련비용(모집비)[천원]","천원","6.4","4.6","6.1","3.6",
"6규모(1000인이상)","금융 및 보험업(65-67)","교육훈련비[천원]","천원","109.3","109.9","100.1","85.9",
"6규모(1000인이상)","금융 및 보험업(65-67)","기타노동비용[천원]","천원","16.6","13.5","19.3","19.8",
"6규모(1000인이상)","부동산 임대 및 사업서비스업(70-75) (LM)","노동비용총액[천원]","천원","2928.8","3024","2565.1","2357.7",
"6규모(1000인이상)","부동산 임대 및 사업서비스업(70-75) (LM)","현금급여총계[천원]","천원","2367.9","2452.2","2136.8","1963.3",
"6규모(1000인이상)","부동산 임대 및 사업서비스업(70-75) (LM)","정액및초과[천원]","천원","2038.1","2126.78438","1798.1","1693.8",
"6규모(1000인이상)","부동산 임대 및 사업서비스업(70-75) (LM)","상여금등특별급여[천원]","천원","329.7","325.44531","338.6","269.5",
"6규모(1000인이상)","부동산 임대 및 사업서비스업(70-75) (LM)","현금급여외 노동비용(계)[천원]","천원","560.9","571.8","428.3","394.4",
"6규모(1000인이상)","부동산 임대 및 사업서비스업(70-75) (LM)","퇴직금등비용[천원]","천원","216.9","170.6","131.1","120.5",
"6규모(1000인이상)","부동산 임대 및 사업서비스업(70-75) (LM)","현물지급비용[천원]","천원",".4","0",".1",".4",
"6규모(1000인이상)","부동산 임대 및 사업서비스업(70-75) (LM)","법정복리비[천원]","천원","174.1","188.5","170.6","154.4",
"6규모(1000인이상)","부동산 임대 및 사업서비스업(70-75) (LM)","법정외복리비[천원]","천원","125.9","166.8","95.1","90.8",
"6규모(1000인이상)","부동산 임대 및 사업서비스업(70-75) (LM)","채용관련비용(모집비)[천원]","천원","5.8","2.8","1.9","2.1",
"6규모(1000인이상)","부동산 임대 및 사업서비스업(70-75) (LM)","교육훈련비[천원]","천원","35.4","39","25.7","22.2",
"6규모(1000인이상)","부동산 임대 및 사업서비스업(70-75) (LM)","기타노동비용[천원]","천원","2.5","4.1","3.8","3.9",
"6규모(1000인이상)","부동산 및 임대업(70-71)","노동비용총액[천원]","천원","2190.7","2156.1","1742.5","1665.4",
"6규모(1000인이상)","부동산 및 임대업(70-71)","현금급여총계[천원]","천원","1902.9","1843","1416.9","1383.9",
"6규모(1000인이상)","부동산 및 임대업(70-71)","정액및초과[천원]","천원","1701","1636.01262","1193.1","1150.9",
"6규모(1000인이상)","부동산 및 임대업(70-71)","상여금등특별급여[천원]","천원","201.9","207.01217","223.8","233",
"6규모(1000인이상)","부동산 및 임대업(70-71)","현금급여외 노동비용(계)[천원]","천원","287.7","313.1","325.6","281.5",
"6규모(1000인이상)","부동산 및 임대업(70-71)","퇴직금등비용[천원]","천원","55.9","77.4","135.1","80.9",
"6규모(1000인이상)","부동산 및 임대업(70-71)","현물지급비용[천원]","천원","0","0","0","0",
"6규모(1000인이상)","부동산 및 임대업(70-71)","법정복리비[천원]","천원","162.6","166","129.8","119",
"6규모(1000인이상)","부동산 및 임대업(70-71)","법정외복리비[천원]","천원","55.3","57","47.2","63",
"6규모(1000인이상)","부동산 및 임대업(70-71)","채용관련비용(모집비)[천원]","천원",".5","0",".3",".3",
"6규모(1000인이상)","부동산 및 임대업(70-71)","교육훈련비[천원]","천원","13.4","10.4","10.4","13.1",
"6규모(1000인이상)","부동산 및 임대업(70-71)","기타노동비용[천원]","천원",".1","2.2","2.8","5",
"6규모(1000인이상)","사업 서비스업(72-75)","노동비용총액[천원]","천원","2987.4","3147.6","2758.2","2522.5",
"6규모(1000인이상)","사업 서비스업(72-75)","현금급여총계[천원]","천원","2404.8","2539","2305.7","2101.2",
"6규모(1000인이상)","사업 서비스업(72-75)","정액및초과[천원]","천원","2064.9","2196.68391","1940.2","1823.1",
"6규모(1000인이상)","사업 서비스업(72-75)","상여금등특별급여[천원]","천원","339.9","342.31348","365.6","278.1",
"6규모(1000인이상)","사업 서비스업(72-75)","현금급여외 노동비용(계)[천원]","천원","582.6","608.6","452.4","421.3",
"6규모(1000인이상)","사업 서비스업(72-75)","퇴직금등비용[천원]","천원","229.7","183.8","130.1","130",
"6규모(1000인이상)","사업 서비스업(72-75)","현물지급비용[천원]","천원",".4","0",".1",".5",
"6규모(1000인이상)","사업 서비스업(72-75)","법정복리비[천원]","천원","175","191.7","180.2","162.8",
"6규모(1000인이상)","사업 서비스업(72-75)","법정외복리비[천원]","천원","131.5","182.4","106.3","97.5",
"6규모(1000인이상)","사업 서비스업(72-75)","채용관련비용(모집비)[천원]","천원","6.2","3.2","2.3","2.5",
"6규모(1000인이상)","사업 서비스업(72-75)","교육훈련비[천원]","천원","37.1","43","29.3","24.3",
"6규모(1000인이상)","사업 서비스업(72-75)","기타노동비용[천원]","천원","2.7","4.4","4","3.6",
"6규모(1000인이상)","기타공공,사회 및 개인 서비스업(87-93)(QR)","노동비용총액[천원]","천원","5363.9","3744.3","3508.2","3473.9",
"6규모(1000인이상)","기타공공,사회 및 개인 서비스업(87-93)(QR)","현금급여총계[천원]","천원","3790.4","2833.8","2723.4","2721.9",
"6규모(1000인이상)","기타공공,사회 및 개인 서비스업(87-93)(QR)","정액및초과[천원]","천원","2585.4","2074.89285","1982.4","1962.7",
"6규모(1000인이상)","기타공공,사회 및 개인 서비스업(87-93)(QR)","상여금등특별급여[천원]","천원","1205","758.90534","741","759.2",
"6규모(1000인이상)","기타공공,사회 및 개인 서비스업(87-93)(QR)","현금급여외 노동비용(계)[천원]","천원","1573.5","910.5","784.8","752",
"6규모(1000인이상)","기타공공,사회 및 개인 서비스업(87-93)(QR)","퇴직금등비용[천원]","천원","525.2","194.6","239.7","188.6",
"6규모(1000인이상)","기타공공,사회 및 개인 서비스업(87-93)(QR)","현물지급비용[천원]","천원","17","20.2","23.1","24",
"6규모(1000인이상)","기타공공,사회 및 개인 서비스업(87-93)(QR)","법정복리비[천원]","천원","302.8","228.6","201.9","199.8",
"6규모(1000인이상)","기타공공,사회 및 개인 서비스업(87-93)(QR)","법정외복리비[천원]","천원","617.9","402.9","263.2","297.2",
"6규모(1000인이상)","기타공공,사회 및 개인 서비스업(87-93)(QR)","채용관련비용(모집비)[천원]","천원","6","4.7","4.2","3.2",
"6규모(1000인이상)","기타공공,사회 및 개인 서비스업(87-93)(QR)","교육훈련비[천원]","천원","93.9","49.4","44.5","31.4",
"6규모(1000인이상)","기타공공,사회 및 개인 서비스업(87-93)(QR)","기타노동비용[천원]","천원","10.8","10.1","8.2","7.9",
"6규모(1000인이상)","오락, 문화 및 운동관련 서비스업(87-88)","노동비용총액[천원]","천원","5350.9","3968","3875.3","3735.5",
"6규모(1000인이상)","오락, 문화 및 운동관련 서비스업(87-88)","현금급여총계[천원]","천원","3729","2944.9","2935.8","2855.4",
"6규모(1000인이상)","오락, 문화 및 운동관련 서비스업(87-88)","정액및초과[천원]","천원","2528.1","2135.08231","2044.7","2027.4",
"6규모(1000인이상)","오락, 문화 및 운동관련 서비스업(87-88)","상여금등특별급여[천원]","천원","1200.9","809.80435","891.1","828",
"6규모(1000인이상)","오락, 문화 및 운동관련 서비스업(87-88)","현금급여외 노동비용(계)[천원]","천원","1621.9","1023.1","939.5","880.1",
"6규모(1000인이상)","오락, 문화 및 운동관련 서비스업(87-88)","퇴직금등비용[천원]","천원","550.7","227.5","289.6","221.7",
"6규모(1000인이상)","오락, 문화 및 운동관련 서비스업(87-88)","현물지급비용[천원]","천원","20.4","26.8","31.4","28.1",
"6규모(1000인이상)","오락, 문화 및 운동관련 서비스업(87-88)","법정복리비[천원]","천원","296.5","241.2","220.8","210.4",
"6규모(1000인이상)","오락, 문화 및 운동관련 서비스업(87-88)","법정외복리비[천원]","천원","649","450","328.7","368.8",
"6규모(1000인이상)","오락, 문화 및 운동관련 서비스업(87-88)","채용관련비용(모집비)[천원]","천원","6.1","4.7","4.2","3.6",
"6규모(1000인이상)","오락, 문화 및 운동관련 서비스업(87-88)","교육훈련비[천원]","천원","88.5","61.7","55.3","37.8",
"6규모(1000인이상)","오락, 문화 및 운동관련 서비스업(87-88)","기타노동비용[천원]","천원","10.8","11.2","9.6","9.7",
"6규모(1000인이상)","기타공공, 수리 및 개인서비스업(90-93)","노동비용총액[천원]","천원","5428.6","3058.3","2487","2807.2",
"6규모(1000인이상)","기타공공, 수리 및 개인서비스업(90-93)","현금급여총계[천원]","천원","4096.8","2493.1","2132.6","2381.7",
"6규모(1000인이상)","기타공공, 수리 및 개인서비스업(90-93)","정액및초과[천원]","천원","2871.5","1890.3006","1809.3","1797.7",
"6규모(1000인이상)","기타공공, 수리 및 개인서비스업(90-93)","상여금등특별급여[천원]","천원","1225.3","602.80553","323.3","584.1",
"6규모(1000인이상)","기타공공, 수리 및 개인서비스업(90-93)","현금급여외 노동비용(계)[천원]","천원","1331.8","565.2","354.4","425.5",
"6규모(1000인이상)","기타공공, 수리 및 개인서비스업(90-93)","퇴직금등비용[천원]","천원","397.6","93.8","100.8","104.2",
"6규모(1000인이상)","기타공공, 수리 및 개인서비스업(90-93)","현물지급비용[천원]","천원","0","0","0","13.4",
"6규모(1000인이상)","기타공공, 수리 및 개인서비스업(90-93)","법정복리비[천원]","천원","334.1","189.7","149.3","172.8",
"6규모(1000인이상)","기타공공, 수리 및 개인서비스업(90-93)","법정외복리비[천원]","천원","462.8","258.6","81.2","114.6",
"6규모(1000인이상)","기타공공, 수리 및 개인서비스업(90-93)","채용관련비용(모집비)[천원]","천원","5.5","4.8","4.2","2.2",
"6규모(1000인이상)","기타공공, 수리 및 개인서비스업(90-93)","교육훈련비[천원]","천원","121.1","11.7","14.6","14.9",
"6규모(1000인이상)","기타공공, 수리 및 개인서비스업(90-93)","기타노동비용[천원]","천원","10.7","6.7","4.3","3.3",
