"규모별","산업별","항목","단위","1997 년","1996 년","1995 년","1994 년",
"전규모(30인이상)","전산업","노동비용총액[천원]","천원","2082.2","1870.5","1726.7","1501.9",
"전규모(30인이상)","전산업","현금급여총계[천원]","천원","1542.9","1456","1294.9","1132.3",
"전규모(30인이상)","전산업","정액및초과[천원]","천원","1137.9","1077.7","970.9","852.6",
"전규모(30인이상)","전산업","상여금등특별급여[천원]","천원","405","378.3","324","279.7",
"전규모(30인이상)","전산업","현금급여외 노동비용(계)[천원]","천원","539.3","414.5","431.8","369.6",
"전규모(30인이상)","전산업","퇴직금등비용[천원]","천원","228.6","137.7","203.9","145.6",
"전규모(30인이상)","전산업","현물지급비용[천원]","천원","5.3","4.2","1.1","5.7",
"전규모(30인이상)","전산업","법정복리비[천원]","천원","98.1","81","64.7","55.1",
"전규모(30인이상)","전산업","법정외복리비[천원]","천원","154","139.5","120.8","126.4",
"전규모(30인이상)","전산업","모집비[천원]","천원","2","2.8","3.5","3.1",
"전규모(30인이상)","전산업","교육훈련비[천원]","천원","39.5","39","25.7","25.1",
"전규모(30인이상)","전산업","기타노동비용[천원]","천원","11.7","10.5","12.1","8.5",
"전규모(30인이상)","광 업(10-14)","노동비용총액[천원]","천원","2756.9","2291.2","1981.1","1755.5",
"전규모(30인이상)","광 업(10-14)","현금급여총계[천원]","천원","1645.1","1417.1","1250.4","1124.4",
"전규모(30인이상)","광 업(10-14)","정액및초과[천원]","천원","1221.2","1103.5","1000.3","897.3",
"전규모(30인이상)","광 업(10-14)","상여금등특별급여[천원]","천원","423.9","313.6","250.1","227.1",
"전규모(30인이상)","광 업(10-14)","현금급여외 노동비용(계)[천원]","천원","1111.9","874.1","730.7","631.1",
"전규모(30인이상)","광 업(10-14)","퇴직금등비용[천원]","천원","463.5","266.6","324.4","186.9",
"전규모(30인이상)","광 업(10-14)","현물지급비용[천원]","천원","3","7.9",".9","10.6",
"전규모(30인이상)","광 업(10-14)","법정복리비[천원]","천원","464.2","464.3","320.9","363",
"전규모(30인이상)","광 업(10-14)","법정외복리비[천원]","천원","162.4","119.3","70.2","62.4",
"전규모(30인이상)","광 업(10-14)","모집비[천원]","천원","1.4","3.6",".8",".6",
"전규모(30인이상)","광 업(10-14)","교육훈련비[천원]","천원","11.8","9","7","5.4",
"전규모(30인이상)","광 업(10-14)","기타노동비용[천원]","천원","5.6","3.3","6.5","2.2",
"전규모(30인이상)","석탄광업","노동비용총액[천원]","천원","2943.6","2408.1","2084.9","1726.5",
"전규모(30인이상)","석탄광업","현금급여총계[천원]","천원","1708.8","1443.2","1247.3","1117.3",
"전규모(30인이상)","석탄광업","정액및초과[천원]","천원","1179.6","1079.4","974.2","877.4",
"전규모(30인이상)","석탄광업","상여금등특별급여[천원]","천원","529.2","363.8","273.1","239.9",
"전규모(30인이상)","석탄광업","현금급여외 노동비용(계)[천원]","천원","1234.8","964.8","837.6","609.2",
"전규모(30인이상)","석탄광업","퇴직금등비용[천원]","천원","495","305.6","372.2","132",
"전규모(30인이상)","석탄광업","현물지급비용[천원]","천원","3.8","9.4",".9","11.8",
"전규모(30인이상)","석탄광업","법정복리비[천원]","천원","543","526.2","392.2","392",
"전규모(30인이상)","석탄광업","법정외복리비[천원]","천원","171.9","106.4","56.9","66.9",
"전규모(30인이상)","석탄광업","모집비[천원]","천원","1.7","4.3",".9",".7",
"전규모(30인이상)","석탄광업","교육훈련비[천원]","천원","14.1","9.7","6.6","3.5",
"전규모(30인이상)","석탄광업","기타노동비용[천원]","천원","5.3","3.2","7.9","2.3",
"전규모(30인이상)","금속 광업","노동비용총액[천원]","천원","1551.6","1184.1","1090.7","993.3",
"전규모(30인이상)","금속 광업","현금급여총계[천원]","천원","1110","1092.5","960.6","869.5",
"전규모(30인이상)","금속 광업","정액및초과[천원]","천원","941.8","922.1","816","756.6",
"전규모(30인이상)","금속 광업","상여금등특별급여[천원]","천원","168.2","170.3","144.6","112.9",
"전규모(30인이상)","금속 광업","현금급여외 노동비용(계)[천원]","천원","441.6","91.6","130.1","123.8",
"전규모(30인이상)","금속 광업","퇴직금등비용[천원]","천원","132.2","57","0","11.6",
"전규모(30인이상)","금속 광업","현물지급비용[천원]","천원","0","0","0","0",
"전규모(30인이상)","금속 광업","법정복리비[천원]","천원","205.9","34.5","130.1","112.2",
"전규모(30인이상)","금속 광업","법정외복리비[천원]","천원","93.2","0","0","0",
"전규모(30인이상)","금속 광업","모집비[천원]","천원",".8","0","0","0",
"전규모(30인이상)","금속 광업","교육훈련비[천원]","천원","2.1","0","0","0",
"전규모(30인이상)","금속 광업","기타노동비용[천원]","천원","7.5","0","0","0",
"전규모(30인이상)","기타 광업 및 채석업","노동비용총액[천원]","천원","2307.4","1819.1","1705.2","1891.8",
"전규모(30인이상)","기타 광업 및 채석업","현금급여총계[천원]","천원","1560.4","1389.7","1304.3","1222.2",
"전규모(30인이상)","기타 광업 및 채석업","정액및초과[천원]","천원","1335.1","1172.1","1110","997.1",
"전규모(30인이상)","기타 광업 및 채석업","상여금등특별급여[천원]","천원","225.3","217.6","194.3","225.1",
"전규모(30인이상)","기타 광업 및 채석업","현금급여외 노동비용(계)[천원]","천원","747","429.4","400.9","669.6",
"전규모(30인이상)","기타 광업 및 채석업","퇴직금등비용[천원]","천원","444.3","70","178.4","256.7",
"전규모(30인이상)","기타 광업 및 채석업","현물지급비용[천원]","천원","0","0",".8","9.5",
"전규모(30인이상)","기타 광업 및 채석업","법정복리비[천원]","천원","150.4","156.9","96.6","334.5",
"전규모(30인이상)","기타 광업 및 채석업","법정외복리비[천원]","천원","142.5","192.4","114.3","58.6",
"전규모(30인이상)","기타 광업 및 채석업","모집비[천원]","천원",".1",".3",".2",".4",
"전규모(30인이상)","기타 광업 및 채석업","교육훈련비[천원]","천원","3.4","5.8","8.2","7.7",
"전규모(30인이상)","기타 광업 및 채석업","기타노동비용[천원]","천원","6.3","4","2.4","2.1",
"전규모(30인이상)","제 조 업(15-37)","노동비용총액[천원]","천원","1891.7","1684.1","1503.9","1374.7",
"전규모(30인이상)","제 조 업(15-37)","현금급여총계[천원]","천원","1402.6","1317.9","1166","1058",
"전규모(30인이상)","제 조 업(15-37)","정액및초과[천원]","천원","1055.4","981.8","883.2","797.6",
"전규모(30인이상)","제 조 업(15-37)","상여금등특별급여[천원]","천원","347.3","336.1","282.8","260.4",
"전규모(30인이상)","제 조 업(15-37)","현금급여외 노동비용(계)[천원]","천원","489.1","366.2","337.9","316.6",
"전규모(30인이상)","제 조 업(15-37)","퇴직금등비용[천원]","천원","215.4","128.6","141.9","128.3",
"전규모(30인이상)","제 조 업(15-37)","현물지급비용[천원]","천원","6.5","5.1","1.9","4.4",
"전규모(30인이상)","제 조 업(15-37)","법정복리비[천원]","천원","88.4","70","58.2","48.9",
"전규모(30인이상)","제 조 업(15-37)","법정외복리비[천원]","천원","135.7","120.4","97.9","99.4",
"전규모(30인이상)","제 조 업(15-37)","모집비[천원]","천원","1.7","2.9","3","3.4",
"전규모(30인이상)","제 조 업(15-37)","교육훈련비[천원]","천원","31","30.5","27.7","26.4",
"전규모(30인이상)","제 조 업(15-37)","기타노동비용[천원]","천원","10.3","8.6","7.3","5.8",
"전규모(30인이상)","음식료품 제조업","노동비용총액[천원]","천원","1758.7","1478.6","1280.7","1177.1",
"전규모(30인이상)","음식료품 제조업","현금급여총계[천원]","천원","1197.8","1122.3","1025.9","931.8",
"전규모(30인이상)","음식료품 제조업","정액및초과[천원]","천원","928.4","871.1","808.2","734.9",
"전규모(30인이상)","음식료품 제조업","상여금등특별급여[천원]","천원","269.4","251.2","217.7","196.9",
"전규모(30인이상)","음식료품 제조업","현금급여외 노동비용(계)[천원]","천원","560.9","356.3","254.8","245.3",
"전규모(30인이상)","음식료품 제조업","퇴직금등비용[천원]","천원","344.6","192","122.6","108.7",
"전규모(30인이상)","음식료품 제조업","현물지급비용[천원]","천원","2.9","3.6","1.2","5.3",
"전규모(30인이상)","음식료품 제조업","법정복리비[천원]","천원","61.6","52.2","41.5","37.8",
"전규모(30인이상)","음식료품 제조업","법정외복리비[천원]","천원","118.8","83.1","69.1","71.8",
"전규모(30인이상)","음식료품 제조업","모집비[천원]","천원","1.9","3.9","2.3","2",
"전규모(30인이상)","음식료품 제조업","교육훈련비[천원]","천원","22.2","17.6","13.1","14.4",
"전규모(30인이상)","음식료품 제조업","기타노동비용[천원]","천원","9","3.7","5","5.3",
"전규모(30인이상)","담배제조업","노동비용총액[천원]","천원","3283.4","2597.9","2208.1","1994.8",
"전규모(30인이상)","담배제조업","현금급여총계[천원]","천원","2525.5","2305.1","2004.9","1860.7",
"전규모(30인이상)","담배제조업","정액및초과[천원]","천원","1666.6","1529","1392.6","1223.8",
"전규모(30인이상)","담배제조업","상여금등특별급여[천원]","천원","858.9","776.1","612.3","636.9",
"전규모(30인이상)","담배제조업","현금급여외 노동비용(계)[천원]","천원","757.9","292.9","203.2","134.1",
"전규모(30인이상)","담배제조업","퇴직금등비용[천원]","천원","335","140.5","76.6","52.6",
"전규모(30인이상)","담배제조업","현물지급비용[천원]","천원","0","0","0","0",
"전규모(30인이상)","담배제조업","법정복리비[천원]","천원","98.1","46.5","36","25.9",
"전규모(30인이상)","담배제조업","법정외복리비[천원]","천원","276.8","98.4","84.9","50.4",
"전규모(30인이상)","담배제조업","모집비[천원]","천원","1.7","0","0","0",
"전규모(30인이상)","담배제조업","교육훈련비[천원]","천원","40.5","1.9","1.4","1.1",
"전규모(30인이상)","담배제조업","기타노동비용[천원]","천원","5.9","5.7","4.3","4",
"전규모(30인이상)","섬유제품 제조업","노동비용총액[천원]","천원","1432.8","1357.3","1192.1","1394.1",
"전규모(30인이상)","섬유제품 제조업","현금급여총계[천원]","천원","1098.1","1025.6","923.4","893.1",
"전규모(30인이상)","섬유제품 제조업","정액및초과[천원]","천원","935.3","856.5","772.8","705.3",
"전규모(30인이상)","섬유제품 제조업","상여금등특별급여[천원]","천원","162.8","169.1","150.6","187.8",
"전규모(30인이상)","섬유제품 제조업","현금급여외 노동비용(계)[천원]","천원","334.8","331.8","268.7","501",
"전규모(30인이상)","섬유제품 제조업","퇴직금등비용[천원]","천원","156.9","170.3","130.2","370.7",
"전규모(30인이상)","섬유제품 제조업","현물지급비용[천원]","천원",".1","1.5","1","5.8",
"전규모(30인이상)","섬유제품 제조업","법정복리비[천원]","천원","69.7","51.5","43.5","38",
"전규모(30인이상)","섬유제품 제조업","법정외복리비[천원]","천원","90.7","86.9","70.1","56.1",
"전규모(30인이상)","섬유제품 제조업","모집비[천원]","천원","1.2","2.6","1.6","10.6",
"전규모(30인이상)","섬유제품 제조업","교육훈련비[천원]","천원","13.9","16.3","18.7","16.9",
"전규모(30인이상)","섬유제품 제조업","기타노동비용[천원]","천원","2.2","2.7","3.6","2.7",
"전규모(30인이상)","의복 및 모피제품 제조업","노동비용총액[천원]","천원","1175.9","1081.2","941.8","849.1",
"전규모(30인이상)","의복 및 모피제품 제조업","현금급여총계[천원]","천원","897","866.4","745.8","671.6",
"전규모(30인이상)","의복 및 모피제품 제조업","정액및초과[천원]","천원","801.7","754.8","657.4","583.2",
"전규모(30인이상)","의복 및 모피제품 제조업","상여금등특별급여[천원]","천원","95.3","111.6","88.4","88.5",
"전규모(30인이상)","의복 및 모피제품 제조업","현금급여외 노동비용(계)[천원]","천원","278.9","214.8","196","177.5",
"전규모(30인이상)","의복 및 모피제품 제조업","퇴직금등비용[천원]","천원","156.8","114.9","101.1","85.1",
"전규모(30인이상)","의복 및 모피제품 제조업","현물지급비용[천원]","천원","1",".3",".7","1.1",
"전규모(30인이상)","의복 및 모피제품 제조업","법정복리비[천원]","천원","52","39.3","30.3","27",
"전규모(30인이상)","의복 및 모피제품 제조업","법정외복리비[천원]","천원","55.7","48.8","55.5","57.9",
"전규모(30인이상)","의복 및 모피제품 제조업","모집비[천원]","천원",".8","1.1","1.3",".9",
"전규모(30인이상)","의복 및 모피제품 제조업","교육훈련비[천원]","천원","10.4","4.6","4","4",
"전규모(30인이상)","의복 및 모피제품 제조업","기타노동비용[천원]","천원","2.1","5.8","3.1","1.6",
"전규모(30인이상)","가죽, 가방 및 신발 제조업","노동비용총액[천원]","천원","1131.1","1037.4","915","816.3",
"전규모(30인이상)","가죽, 가방 및 신발 제조업","현금급여총계[천원]","천원","928.9","857.3","752.9","686.7",
"전규모(30인이상)","가죽, 가방 및 신발 제조업","정액및초과[천원]","천원","805","740.4","654.3","587.7",
"전규모(30인이상)","가죽, 가방 및 신발 제조업","상여금등특별급여[천원]","천원","123.9","116.9","98.6","99",
"전규모(30인이상)","가죽, 가방 및 신발 제조업","현금급여외 노동비용(계)[천원]","천원","202.2","180.1","162.1","129.6",
"전규모(30인이상)","가죽, 가방 및 신발 제조업","퇴직금등비용[천원]","천원","103.3","75.7","80.5","52.1",
"전규모(30인이상)","가죽, 가방 및 신발 제조업","현물지급비용[천원]","천원","2.8",".4","1","1",
"전규모(30인이상)","가죽, 가방 및 신발 제조업","법정복리비[천원]","천원","50.1","40.8","35","31.5",
"전규모(30인이상)","가죽, 가방 및 신발 제조업","법정외복리비[천원]","천원","38.1","58.1","39.3","39.5",
"전규모(30인이상)","가죽, 가방 및 신발 제조업","모집비[천원]","천원","1.3","3.5","4.1","1.1",
"전규모(30인이상)","가죽, 가방 및 신발 제조업","교육훈련비[천원]","천원","5","1.3","1.5","3.6",
"전규모(30인이상)","가죽, 가방 및 신발 제조업","기타노동비용[천원]","천원","1.7",".3",".7",".9",
"전규모(30인이상)","목재 및 나무제품 제조업(가구제외)","노동비용총액[천원]","천원","1676.4","1511","1335.1","1507.7",
"전규모(30인이상)","목재 및 나무제품 제조업(가구제외)","현금급여총계[천원]","천원","1211.4","1164.1","1053.3","937.7",
"전규모(30인이상)","목재 및 나무제품 제조업(가구제외)","정액및초과[천원]","천원","1040.3","997.9","886.8","775.3",
"전규모(30인이상)","목재 및 나무제품 제조업(가구제외)","상여금등특별급여[천원]","천원","171.1","166.1","166.5","162.3",
"전규모(30인이상)","목재 및 나무제품 제조업(가구제외)","현금급여외 노동비용(계)[천원]","천원","465","347","281.8","570",
"전규모(30인이상)","목재 및 나무제품 제조업(가구제외)","퇴직금등비용[천원]","천원","212.3","122.8","86.2","385.7",
"전규모(30인이상)","목재 및 나무제품 제조업(가구제외)","현물지급비용[천원]","천원","3.7",".1","0",".1",
"전규모(30인이상)","목재 및 나무제품 제조업(가구제외)","법정복리비[천원]","천원","102.9","83.4","71.5","66.4",
"전규모(30인이상)","목재 및 나무제품 제조업(가구제외)","법정외복리비[천원]","천원","117","123","100.7","103.3",
"전규모(30인이상)","목재 및 나무제품 제조업(가구제외)","모집비[천원]","천원","10.5",".6","3.1",".1",
"전규모(30인이상)","목재 및 나무제품 제조업(가구제외)","교육훈련비[천원]","천원","9.2","10.7","14.1","11.3",
"전규모(30인이상)","목재 및 나무제품 제조업(가구제외)","기타노동비용[천원]","천원","9.4","6.5","6.2","3",
"전규모(30인이상)","펄프, 종이 및 종이제품 제조업","노동비용총액[천원]","천원","1953.9","1705.8","1462.6","1400.9",
"전규모(30인이상)","펄프, 종이 및 종이제품 제조업","현금급여총계[천원]","천원","1477.3","1368.8","1191.9","1099",
"전규모(30인이상)","펄프, 종이 및 종이제품 제조업","정액및초과[천원]","천원","1126.2","1036.2","924.2","851.8",
"전규모(30인이상)","펄프, 종이 및 종이제품 제조업","상여금등특별급여[천원]","천원","351.1","332.7","267.7","247.1",
"전규모(30인이상)","펄프, 종이 및 종이제품 제조업","현금급여외 노동비용(계)[천원]","천원","476.7","336.9","270.7","301.9",
"전규모(30인이상)","펄프, 종이 및 종이제품 제조업","퇴직금등비용[천원]","천원","198.3","86.8","92.8","81",
"전규모(30인이상)","펄프, 종이 및 종이제품 제조업","현물지급비용[천원]","천원","0",".2",".1",".6",
"전규모(30인이상)","펄프, 종이 및 종이제품 제조업","법정복리비[천원]","천원","97.4","69.8","58.1","48.6",
"전규모(30인이상)","펄프, 종이 및 종이제품 제조업","법정외복리비[천원]","천원","147.3","153.8","108","159.3",
"전규모(30인이상)","펄프, 종이 및 종이제품 제조업","모집비[천원]","천원","1","2.3","2",".6",
"전규모(30인이상)","펄프, 종이 및 종이제품 제조업","교육훈련비[천원]","천원","25.8","16.4","4.6","5.7",
"전규모(30인이상)","펄프, 종이 및 종이제품 제조업","기타노동비용[천원]","천원","6.8","7.8","5.1","6.1",
"전규모(30인이상)","출판, 인쇄 및 기록매체 복제업","노동비용총액[천원]","천원","2437.1","1818","1741.6","1498.2",
"전규모(30인이상)","출판, 인쇄 및 기록매체 복제업","현금급여총계[천원]","천원","1646.4","1490","1284.4","1163.7",
"전규모(30인이상)","출판, 인쇄 및 기록매체 복제업","정액및초과[천원]","천원","1240.3","1147","990.6","901.9",
"전규모(30인이상)","출판, 인쇄 및 기록매체 복제업","상여금등특별급여[천원]","천원","406.2","343","293.8","261.8",
"전규모(30인이상)","출판, 인쇄 및 기록매체 복제업","현금급여외 노동비용(계)[천원]","천원","790.7","328","457.2","334.5",
"전규모(30인이상)","출판, 인쇄 및 기록매체 복제업","퇴직금등비용[천원]","천원","510.8","129.1","296.1","151.3",
"전규모(30인이상)","출판, 인쇄 및 기록매체 복제업","현물지급비용[천원]","천원","1.9",".7",".2","0",
"전규모(30인이상)","출판, 인쇄 및 기록매체 복제업","법정복리비[천원]","천원","88.3","65.3","70","41.4",
"전규모(30인이상)","출판, 인쇄 및 기록매체 복제업","법정외복리비[천원]","천원","160.7","93.8","60.7","114.5",
"전규모(30인이상)","출판, 인쇄 및 기록매체 복제업","모집비[천원]","천원","1.8","2.1","1.7","3.9",
"전규모(30인이상)","출판, 인쇄 및 기록매체 복제업","교육훈련비[천원]","천원","19.4","33.5","25.2","18.8",
"전규모(30인이상)","출판, 인쇄 및 기록매체 복제업","기타노동비용[천원]","천원","7.7","3.4","3.3","4.5",
"전규모(30인이상)","코크스, 석유 정제품 및 핵연료 제조업","노동비용총액[천원]","천원","3025.7","2782.8","2636.1","2434.4",
"전규모(30인이상)","코크스, 석유 정제품 및 핵연료 제조업","현금급여총계[천원]","천원","2334.1","2128.9","1913.2","1774.2",
"전규모(30인이상)","코크스, 석유 정제품 및 핵연료 제조업","정액및초과[천원]","천원","1532.7","1424.3","1268.6","1178.6",
"전규모(30인이상)","코크스, 석유 정제품 및 핵연료 제조업","상여금등특별급여[천원]","천원","801.4","704.6","644.6","595.5",
"전규모(30인이상)","코크스, 석유 정제품 및 핵연료 제조업","현금급여외 노동비용(계)[천원]","천원","691.6","653.9","722.9","660.2",
"전규모(30인이상)","코크스, 석유 정제품 및 핵연료 제조업","퇴직금등비용[천원]","천원","282.4","216.9","301.6","257.9",
"전규모(30인이상)","코크스, 석유 정제품 및 핵연료 제조업","현물지급비용[천원]","천원","0","7.5",".6","1",
"전규모(30인이상)","코크스, 석유 정제품 및 핵연료 제조업","법정복리비[천원]","천원","105.1","101.9","78.1","61",
"전규모(30인이상)","코크스, 석유 정제품 및 핵연료 제조업","법정외복리비[천원]","천원","237","227.9","222.1","228.9",
"전규모(30인이상)","코크스, 석유 정제품 및 핵연료 제조업","모집비[천원]","천원","1.6","2.7","6.3","3.4",
"전규모(30인이상)","코크스, 석유 정제품 및 핵연료 제조업","교육훈련비[천원]","천원","46.9","82.6","101.7","96.2",
"전규모(30인이상)","코크스, 석유 정제품 및 핵연료 제조업","기타노동비용[천원]","천원","18.7","14.4","12.5","11.9",
"전규모(30인이상)","화합물 및 화학제품 제조업","노동비용총액[천원]","천원","2238.5","2021.2","1765.6","1509.4",
"전규모(30인이상)","화합물 및 화학제품 제조업","현금급여총계[천원]","천원","1668.5","1521.4","1370.7","1209",
"전규모(30인이상)","화합물 및 화학제품 제조업","정액및초과[천원]","천원","1171.5","1072.5","962.3","860.4",
"전규모(30인이상)","화합물 및 화학제품 제조업","상여금등특별급여[천원]","천원","497","449","408.4","348.5",
"전규모(30인이상)","화합물 및 화학제품 제조업","현금급여외 노동비용(계)[천원]","천원","570.1","499.8","394.9","300.4",
"전규모(30인이상)","화합물 및 화학제품 제조업","퇴직금등비용[천원]","천원","236.1","278.9","220.1","118",
"전규모(30인이상)","화합물 및 화학제품 제조업","현물지급비용[천원]","천원","9.5","1.3",".7",".9",
"전규모(30인이상)","화합물 및 화학제품 제조업","법정복리비[천원]","천원","75.7","65.3","47.7","48",
"전규모(30인이상)","화합물 및 화학제품 제조업","법정외복리비[천원]","천원","187.2","124.5","105.6","109.4",
"전규모(30인이상)","화합물 및 화학제품 제조업","모집비[천원]","천원","2","1.3","2.4","2.1",
"전규모(30인이상)","화합물 및 화학제품 제조업","교육훈련비[천원]","천원","39.9","22.1","13.9","16.9",
"전규모(30인이상)","화합물 및 화학제품 제조업","기타노동비용[천원]","천원","19.7","6.3","4.5","5.2",
"전규모(30인이상)","고무 및 플라스틱 제품 제조업","노동비용총액[천원]","천원","1865","1540.2","1438.7","1324.7",
"전규모(30인이상)","고무 및 플라스틱 제품 제조업","현금급여총계[천원]","천원","1276.9","1171.8","1081.8","980.5",
"전규모(30인이상)","고무 및 플라스틱 제품 제조업","정액및초과[천원]","천원","1027.5","966.9","869.4","786.8",
"전규모(30인이상)","고무 및 플라스틱 제품 제조업","상여금등특별급여[천원]","천원","249.4","204.8","212.4","193.7",
"전규모(30인이상)","고무 및 플라스틱 제품 제조업","현금급여외 노동비용(계)[천원]","천원","588.1","368.5","356.9","344.2",
"전규모(30인이상)","고무 및 플라스틱 제품 제조업","퇴직금등비용[천원]","천원","283.6","74.2","155.1","159",
"전규모(30인이상)","고무 및 플라스틱 제품 제조업","현물지급비용[천원]","천원","1.1","6.1",".7","3.7",
"전규모(30인이상)","고무 및 플라스틱 제품 제조업","법정복리비[천원]","천원","81.3","73.5","54.3","48.3",
"전규모(30인이상)","고무 및 플라스틱 제품 제조업","법정외복리비[천원]","천원","191.5","172.9","123.2","107.9",
"전규모(30인이상)","고무 및 플라스틱 제품 제조업","모집비[천원]","천원","1.4","2.4","1.5","1.6",
"전규모(30인이상)","고무 및 플라스틱 제품 제조업","교육훈련비[천원]","천원","19","27.3","17.7","18.4",
"전규모(30인이상)","고무 및 플라스틱 제품 제조업","기타노동비용[천원]","천원","10.2","12","4.4","5.1",
"전규모(30인이상)","비금속 광물제품 제조업","노동비용총액[천원]","천원","2146.6","1725.2","1509.9","1490.1",
"전규모(30인이상)","비금속 광물제품 제조업","현금급여총계[천원]","천원","1492.3","1303.7","1213.5","1083.8",
"전규모(30인이상)","비금속 광물제품 제조업","정액및초과[천원]","천원","1118.8","1012.7","937.8","832",
"전규모(30인이상)","비금속 광물제품 제조업","상여금등특별급여[천원]","천원","373.5","291.1","275.7","251.8",
"전규모(30인이상)","비금속 광물제품 제조업","현금급여외 노동비용(계)[천원]","천원","654.2","421.4","296.4","406.3",
"전규모(30인이상)","비금속 광물제품 제조업","퇴직금등비용[천원]","천원","371.3","140.3","102.3","221",
"전규모(30인이상)","비금속 광물제품 제조업","현물지급비용[천원]","천원","1.1","4.2","1.3","8.2",
"전규모(30인이상)","비금속 광물제품 제조업","법정복리비[천원]","천원","102.2","78.1","56.8","53.5",
"전규모(30인이상)","비금속 광물제품 제조업","법정외복리비[천원]","천원","149.2","179.9","120.3","107.3",
"전규모(30인이상)","비금속 광물제품 제조업","모집비[천원]","천원",".5","2.7","1.4",".8",
"전규모(30인이상)","비금속 광물제품 제조업","교육훈련비[천원]","천원","20.3","11","10.7","10.1",
"전규모(30인이상)","비금속 광물제품 제조업","기타노동비용[천원]","천원","9.6","5.2","3.6","5.4",
"전규모(30인이상)","제1차 금속산업","노동비용총액[천원]","천원","2313.4","2085.3","1894.3","1940.1",
"전규모(30인이상)","제1차 금속산업","현금급여총계[천원]","천원","1738.6","1686.9","1580.2","1540.5",
"전규모(30인이상)","제1차 금속산업","정액및초과[천원]","천원","1238.3","1171.4","1120.8","1018.2",
"전규모(30인이상)","제1차 금속산업","상여금등특별급여[천원]","천원","500.3","515.5","459.4","522.2",
"전규모(30인이상)","제1차 금속산업","현금급여외 노동비용(계)[천원]","천원","574.9","398.4","314.1","399.6",
"전규모(30인이상)","제1차 금속산업","퇴직금등비용[천원]","천원","226","129.5","105.7","182.7",
"전규모(30인이상)","제1차 금속산업","현물지급비용[천원]","천원",".3",".2",".4","2.4",
"전규모(30인이상)","제1차 금속산업","법정복리비[천원]","천원","103","83","65.7","64.3",
"전규모(30인이상)","제1차 금속산업","법정외복리비[천원]","천원","151.9","149.1","115.6","124",
"전규모(30인이상)","제1차 금속산업","모집비[천원]","천원",".5","1.9","1.1",".7",
"전규모(30인이상)","제1차 금속산업","교육훈련비[천원]","천원","67.6","24.3","18.9","19.4",
"전규모(30인이상)","제1차 금속산업","기타노동비용[천원]","천원","25.6","10.4","6.7","6.2",
"전규모(30인이상)","조립금속제품 제조업","노동비용총액[천원]","천원","1805.5","1641.6","1466.6","1318.5",
"전규모(30인이상)","조립금속제품 제조업","현금급여총계[천원]","천원","1300.1","1221.7","1051.6","987.1",
"전규모(30인이상)","조립금속제품 제조업","정액및초과[천원]","천원","1037.7","971.3","883","805.4",
"전규모(30인이상)","조립금속제품 제조업","상여금등특별급여[천원]","천원","262.4","250.4","168.6","181.7",
"전규모(30인이상)","조립금속제품 제조업","현금급여외 노동비용(계)[천원]","천원","505.4","419.9","415","331.4",
"전규모(30인이상)","조립금속제품 제조업","퇴직금등비용[천원]","천원","237.7","135.1","155.5","85.6",
"전규모(30인이상)","조립금속제품 제조업","현물지급비용[천원]","천원","1.7",".3",".5","1",
"전규모(30인이상)","조립금속제품 제조업","법정복리비[천원]","천원","82.5","98.9","79.5","70.6",
"전규모(30인이상)","조립금속제품 제조업","법정외복리비[천원]","천원","156.7","151.8","137.4","139.3",
"전규모(30인이상)","조립금속제품 제조업","모집비[천원]","천원","1.2",".6","2.1",".5",
"전규모(30인이상)","조립금속제품 제조업","교육훈련비[천원]","천원","18.8","20.5","25.5","27.1",
"전규모(30인이상)","조립금속제품 제조업","기타노동비용[천원]","천원","6.7","12.6","14.5","7.2",
"전규모(30인이상)","달리 분류되지 않은 기계 및 장비 제조업","노동비용총액[천원]","천원","1899.4","1708.5","1554.3","1404.9",
"전규모(30인이상)","달리 분류되지 않은 기계 및 장비 제조업","현금급여총계[천원]","천원","1438.1","1354.1","1255.8","1134.4",
"전규모(30인이상)","달리 분류되지 않은 기계 및 장비 제조업","정액및초과[천원]","천원","1125.2","1049.4","967.5","869.6",
"전규모(30인이상)","달리 분류되지 않은 기계 및 장비 제조업","상여금등특별급여[천원]","천원","312.9","304.7","288.3","264.8",
"전규모(30인이상)","달리 분류되지 않은 기계 및 장비 제조업","현금급여외 노동비용(계)[천원]","천원","461.3","354.4","298.5","270.5",
"전규모(30인이상)","달리 분류되지 않은 기계 및 장비 제조업","퇴직금등비용[천원]","천원","195.5","114.6","98","91.8",
"전규모(30인이상)","달리 분류되지 않은 기계 및 장비 제조업","현물지급비용[천원]","천원","10","2.1","1",".5",
"전규모(30인이상)","달리 분류되지 않은 기계 및 장비 제조업","법정복리비[천원]","천원","79.9","71.7","62.5","53.7",
"전규모(30인이상)","달리 분류되지 않은 기계 및 장비 제조업","법정외복리비[천원]","천원","129","126.9","113.8","102.6",
"전규모(30인이상)","달리 분류되지 않은 기계 및 장비 제조업","모집비[천원]","천원","1.1","3.9","3.3","3",
"전규모(30인이상)","달리 분류되지 않은 기계 및 장비 제조업","교육훈련비[천원]","천원","38.6","22.3","14.4","14.1",
"전규모(30인이상)","달리 분류되지 않은 기계 및 장비 제조업","기타노동비용[천원]","천원","7.1","12.9","5.5","4.9",
"전규모(30인이상)","사무, 계산 및 회계용 기계 제조업","노동비용총액[천원]","천원","1778.5","1745.9","1603.2","1332.7",
"전규모(30인이상)","사무, 계산 및 회계용 기계 제조업","현금급여총계[천원]","천원","1411.3","1406.1","1273.3","978.7",
"전규모(30인이상)","사무, 계산 및 회계용 기계 제조업","정액및초과[천원]","천원","996.8","962.1","852.5","725.6",
"전규모(30인이상)","사무, 계산 및 회계용 기계 제조업","상여금등특별급여[천원]","천원","414.5","443.9","420.8","253.1",
"전규모(30인이상)","사무, 계산 및 회계용 기계 제조업","현금급여외 노동비용(계)[천원]","천원","367.1","339.9","329.9","354",
"전규모(30인이상)","사무, 계산 및 회계용 기계 제조업","퇴직금등비용[천원]","천원","167.5","65.3","40.7","39.7",
"전규모(30인이상)","사무, 계산 및 회계용 기계 제조업","현물지급비용[천원]","천원","2.4","0",".1","1.2",
"전규모(30인이상)","사무, 계산 및 회계용 기계 제조업","법정복리비[천원]","천원","61.3","54.2","33.6","30.3",
"전규모(30인이상)","사무, 계산 및 회계용 기계 제조업","법정외복리비[천원]","천원","88.5","138.5","108.2","113.5",
"전규모(30인이상)","사무, 계산 및 회계용 기계 제조업","모집비[천원]","천원","4","11.4","11.5","17.8",
"전규모(30인이상)","사무, 계산 및 회계용 기계 제조업","교육훈련비[천원]","천원","36.8","57.1","121","148.4",
"전규모(30인이상)","사무, 계산 및 회계용 기계 제조업","기타노동비용[천원]","천원","6.5","13.3","14.8","3",
"전규모(30인이상)","달리 분류되지 않은 전기기계 및 전기 변환장치 제조업","노동비용총액[천원]","천원","1731.3","1561.3","1432.2","1294.7",
"전규모(30인이상)","달리 분류되지 않은 전기기계 및 전기 변환장치 제조업","현금급여총계[천원]","천원","1278","1200.7","1041.7","978.3",
"전규모(30인이상)","달리 분류되지 않은 전기기계 및 전기 변환장치 제조업","정액및초과[천원]","천원","947","901.6","791.2","747.4",
"전규모(30인이상)","달리 분류되지 않은 전기기계 및 전기 변환장치 제조업","상여금등특별급여[천원]","천원","331","299.1","250.5","230.9",
"전규모(30인이상)","달리 분류되지 않은 전기기계 및 전기 변환장치 제조업","현금급여외 노동비용(계)[천원]","천원","453.3","360.5","390.5","316.4",
"전규모(30인이상)","달리 분류되지 않은 전기기계 및 전기 변환장치 제조업","퇴직금등비용[천원]","천원","142.6","90.9","188.7","136.5",
"전규모(30인이상)","달리 분류되지 않은 전기기계 및 전기 변환장치 제조업","현물지급비용[천원]","천원","16.4","21.9",".6","24",
"전규모(30인이상)","달리 분류되지 않은 전기기계 및 전기 변환장치 제조업","법정복리비[천원]","천원","70.6","54.5","47.7","35.2",
"전규모(30인이상)","달리 분류되지 않은 전기기계 및 전기 변환장치 제조업","법정외복리비[천원]","천원","161.5","129.8","114.3","85.4",
"전규모(30인이상)","달리 분류되지 않은 전기기계 및 전기 변환장치 제조업","모집비[천원]","천원","3.2","5","4.8","3.8",
"전규모(30인이상)","달리 분류되지 않은 전기기계 및 전기 변환장치 제조업","교육훈련비[천원]","천원","40.2","38","22.9","24.1",
"전규모(30인이상)","달리 분류되지 않은 전기기계 및 전기 변환장치 제조업","기타노동비용[천원]","천원","18.7","20.5","11.5","7.4",
"전규모(30인이상)","영상, 음향 및 통신장비 제조업","노동비용총액[천원]","천원","1845.1","1578.3","1527.3","1272.5",
"전규모(30인이상)","영상, 음향 및 통신장비 제조업","현금급여총계[천원]","천원","1455.9","1310.2","1113.4","982.9",
"전규모(30인이상)","영상, 음향 및 통신장비 제조업","정액및초과[천원]","천원","990.4","908","785.5","706.6",
"전규모(30인이상)","영상, 음향 및 통신장비 제조업","상여금등특별급여[천원]","천원","465.5","402.2","327.9","276.3",
"전규모(30인이상)","영상, 음향 및 통신장비 제조업","현금급여외 노동비용(계)[천원]","천원","389.2","268.1","413.9","289.6",
"전규모(30인이상)","영상, 음향 및 통신장비 제조업","퇴직금등비용[천원]","천원","127","90.9","264.7","153.7",
"전규모(30인이상)","영상, 음향 및 통신장비 제조업","현물지급비용[천원]","천원","8.9","7.7",".7","4.7",
"전규모(30인이상)","영상, 음향 및 통신장비 제조업","법정복리비[천원]","천원","55.4","57.7","44.5","32.9",
"전규모(30인이상)","영상, 음향 및 통신장비 제조업","법정외복리비[천원]","천원","146.2","85.9","73.8","75.8",
"전규모(30인이상)","영상, 음향 및 통신장비 제조업","모집비[천원]","천원","5","1.2","2.6","1.4",
"전규모(30인이상)","영상, 음향 및 통신장비 제조업","교육훈련비[천원]","천원","34.2","19.9","22","11.2",
"전규모(30인이상)","영상, 음향 및 통신장비 제조업","기타노동비용[천원]","천원","12.7","4.7","5.6","9.9",
"전규모(30인이상)","의료, 정밀, 광학기기 및 시계 제조업","노동비용총액[천원]","천원","1679.1","1472.2","1392.3","1237",
"전규모(30인이상)","의료, 정밀, 광학기기 및 시계 제조업","현금급여총계[천원]","천원","1200.7","1121.7","1056.7","952.3",
"전규모(30인이상)","의료, 정밀, 광학기기 및 시계 제조업","정액및초과[천원]","천원","945.6","873.5","817.1","733.7",
"전규모(30인이상)","의료, 정밀, 광학기기 및 시계 제조업","상여금등특별급여[천원]","천원","255.2","248.3","239.6","218.6",
"전규모(30인이상)","의료, 정밀, 광학기기 및 시계 제조업","현금급여외 노동비용(계)[천원]","천원","478.3","350.5","335.6","284.7",
"전규모(30인이상)","의료, 정밀, 광학기기 및 시계 제조업","퇴직금등비용[천원]","천원","145.3","182.1","171.1","135.5",
"전규모(30인이상)","의료, 정밀, 광학기기 및 시계 제조업","현물지급비용[천원]","천원","21.3","3.5",".3",".4",
"전규모(30인이상)","의료, 정밀, 광학기기 및 시계 제조업","법정복리비[천원]","천원","58.9","57.2","37.7","34",
"전규모(30인이상)","의료, 정밀, 광학기기 및 시계 제조업","법정외복리비[천원]","천원","210.7","90.4","101","78.6",
"전규모(30인이상)","의료, 정밀, 광학기기 및 시계 제조업","모집비[천원]","천원","2.2","1.5","1.3",".5",
"전규모(30인이상)","의료, 정밀, 광학기기 및 시계 제조업","교육훈련비[천원]","천원","32","11.1","11.6","11.3",
"전규모(30인이상)","의료, 정밀, 광학기기 및 시계 제조업","기타노동비용[천원]","천원","8","4.6","12.6","24.3",
"전규모(30인이상)","자동차 및 트레일러 제조업","노동비용총액[천원]","천원","2004.5","2049.8","1837.1","1556.6",
"전규모(30인이상)","자동차 및 트레일러 제조업","현금급여총계[천원]","천원","1513.7","1696.7","1535.3","1313.8",
"전규모(30인이상)","자동차 및 트레일러 제조업","정액및초과[천원]","천원","1120.7","1115.1","1035.6","930.6",
"전규모(30인이상)","자동차 및 트레일러 제조업","상여금등특별급여[천원]","천원","393","581.7","499.7","383.2",
"전규모(30인이상)","자동차 및 트레일러 제조업","현금급여외 노동비용(계)[천원]","천원","490.8","353","301.8","242.8",
"전규모(30인이상)","자동차 및 트레일러 제조업","퇴직금등비용[천원]","천원","211.1","95.9","99.5","42.3",
"전규모(30인이상)","자동차 및 트레일러 제조업","현물지급비용[천원]","천원","8.4","6.5","5.7","3.3",
"전규모(30인이상)","자동차 및 트레일러 제조업","법정복리비[천원]","천원","131.7","85","79.3","63.8",
"전규모(30인이상)","자동차 및 트레일러 제조업","법정외복리비[천원]","천원","99.7","116.6","84.8","105.5",
"전규모(30인이상)","자동차 및 트레일러 제조업","모집비[천원]","천원",".7","1.7","2.3","2.4",
"전규모(30인이상)","자동차 및 트레일러 제조업","교육훈련비[천원]","천원","33.1","39.7","23.8","20.4",
"전규모(30인이상)","자동차 및 트레일러 제조업","기타노동비용[천원]","천원","6","7.6","6.4","5.1",
"전규모(30인이상)","기타 운송장비 제조업","노동비용총액[천원]","천원","2397.7","2196.8","1908","2010.7",
"전규모(30인이상)","기타 운송장비 제조업","현금급여총계[천원]","천원","1959.9","1870.3","1591.6","1479.2",
"전규모(30인이상)","기타 운송장비 제조업","정액및초과[천원]","천원","1351.1","1247.2","1095.4","1011.9",
"전규모(30인이상)","기타 운송장비 제조업","상여금등특별급여[천원]","천원","608.7","623.2","496.2","467.3",
"전규모(30인이상)","기타 운송장비 제조업","현금급여외 노동비용(계)[천원]","천원","437.8","326.5","316.4","531.5",
"전규모(30인이상)","기타 운송장비 제조업","퇴직금등비용[천원]","천원","117.9","118.2","69.5","324.4",
"전규모(30인이상)","기타 운송장비 제조업","현물지급비용[천원]","천원","12","2.5","0","10.6",
"전규모(30인이상)","기타 운송장비 제조업","법정복리비[천원]","천원","104.8","90.4","71.5","72.3",
"전규모(30인이상)","기타 운송장비 제조업","법정외복리비[천원]","천원","171","99.8","131.8","86.3",
"전규모(30인이상)","기타 운송장비 제조업","모집비[천원]","천원",".1",".3","1","1.3",
"전규모(30인이상)","기타 운송장비 제조업","교육훈련비[천원]","천원","19.3","1.9","17.5","30.1",
"전규모(30인이상)","기타 운송장비 제조업","기타노동비용[천원]","천원","12.7","13.3","25.1","6.4",
"전규모(30인이상)","가구 및 기타 제조업","노동비용총액[천원]","천원","1582.7","1305.3","1185.1","1081",
"전규모(30인이상)","가구 및 기타 제조업","현금급여총계[천원]","천원","1145.9","1029.4","975.2","882.4",
"전규모(30인이상)","가구 및 기타 제조업","정액및초과[천원]","천원","906.1","841.2","787.6","710.8",
"전규모(30인이상)","가구 및 기타 제조업","상여금등특별급여[천원]","천원","239.8","188.3","187.6","171.6",
"전규모(30인이상)","가구 및 기타 제조업","현금급여외 노동비용(계)[천원]","천원","436.8","275.8","209.9","198.6",
"전규모(30인이상)","가구 및 기타 제조업","퇴직금등비용[천원]","천원","271.6","86.7","67.9","74.6",
"전규모(30인이상)","가구 및 기타 제조업","현물지급비용[천원]","천원","1.4",".4",".6","6",
"전규모(30인이상)","가구 및 기타 제조업","법정복리비[천원]","천원","69.3","73.6","55.7","50.4",
"전규모(30인이상)","가구 및 기타 제조업","법정외복리비[천원]","천원","72.1","103.7","75.6","56.6",
"전규모(30인이상)","가구 및 기타 제조업","모집비[천원]","천원","1.1","1.3",".6",".6",
"전규모(30인이상)","가구 및 기타 제조업","교육훈련비[천원]","천원","12.3","5.9","6","5.1",
"전규모(30인이상)","가구 및 기타 제조업","기타노동비용[천원]","천원","9","4.2","3.5","5.3",
"전규모(30인이상)","재생재료 가공 처리업","노동비용총액[천원]","천원","1625.4","1458.5","1327","1252.5",
"전규모(30인이상)","재생재료 가공 처리업","현금급여총계[천원]","천원","1268.9","1230.6","1078.5","1001.2",
"전규모(30인이상)","재생재료 가공 처리업","정액및초과[천원]","천원","1133.1","1069.1","929.2","882.5",
"전규모(30인이상)","재생재료 가공 처리업","상여금등특별급여[천원]","천원","135.9","161.5","149.3","118.7",
"전규모(30인이상)","재생재료 가공 처리업","현금급여외 노동비용(계)[천원]","천원","356.5","228","248.5","251.3",
"전규모(30인이상)","재생재료 가공 처리업","퇴직금등비용[천원]","천원","136.1","39.4","33.7","14.8",
"전규모(30인이상)","재생재료 가공 처리업","현물지급비용[천원]","천원","12.6","0","0","1.6",
"전규모(30인이상)","재생재료 가공 처리업","법정복리비[천원]","천원","102.8","101.4","70.8","83.3",
"전규모(30인이상)","재생재료 가공 처리업","법정외복리비[천원]","천원","95","85.2","141.6","135.6",
"전규모(30인이상)","재생재료 가공 처리업","모집비[천원]","천원","1.9",".2",".1","4",
"전규모(30인이상)","재생재료 가공 처리업","교육훈련비[천원]","천원","2.7",".2","1","1.9",
"전규모(30인이상)","재생재료 가공 처리업","기타노동비용[천원]","천원","5.3","1.6","1.3","10.1",
"전규모(30인이상)","전기, 가스 및 수도사업(40-41)","노동비용총액[천원]","천원","2895.7","2670","2199","1956.8",
"전규모(30인이상)","전기, 가스 및 수도사업(40-41)","현금급여총계[천원]","천원","2166.6","1923.3","1610.2","1426.1",
"전규모(30인이상)","전기, 가스 및 수도사업(40-41)","정액및초과[천원]","천원","1449.9","1378.8","1199.3","1074.8",
"전규모(30인이상)","전기, 가스 및 수도사업(40-41)","상여금등특별급여[천원]","천원","716.7","544.5","410.9","351.3",
"전규모(30인이상)","전기, 가스 및 수도사업(40-41)","현금급여외 노동비용(계)[천원]","천원","729.1","746.7","588.8","530.7",
"전규모(30인이상)","전기, 가스 및 수도사업(40-41)","퇴직금등비용[천원]","천원","326.1","310","268.9","190.2",
"전규모(30인이상)","전기, 가스 및 수도사업(40-41)","현물지급비용[천원]","천원",".9",".5",".3",".2",
"전규모(30인이상)","전기, 가스 및 수도사업(40-41)","법정복리비[천원]","천원","85.7","77.2","54.5","50.5",
"전규모(30인이상)","전기, 가스 및 수도사업(40-41)","법정외복리비[천원]","천원","255.2","289.9","245","269.8",
"전규모(30인이상)","전기, 가스 및 수도사업(40-41)","모집비[천원]","천원","1.9","2.2","2.3","1.9",
"전규모(30인이상)","전기, 가스 및 수도사업(40-41)","교육훈련비[천원]","천원","52.8","64.4","16.8","17.3",
"전규모(30인이상)","전기, 가스 및 수도사업(40-41)","기타노동비용[천원]","천원","6.4","2.5","1",".8",
"전규모(30인이상)","전기, 가스 및 증기업","노동비용총액[천원]","천원","2889.1","2683.1","2215.3","1995.5",
"전규모(30인이상)","전기, 가스 및 증기업","현금급여총계[천원]","천원","2153.3","1922","1613.7","1440.3",
"전규모(30인이상)","전기, 가스 및 증기업","정액및초과[천원]","천원","1443.6","1380.4","1202.2","1086.9",
"전규모(30인이상)","전기, 가스 및 증기업","상여금등특별급여[천원]","천원","709.6","541.6","411.5","35.3",
"전규모(30인이상)","전기, 가스 및 증기업","현금급여외 노동비용(계)[천원]","천원","735.9","761.1","601.6","555.2",
"전규모(30인이상)","전기, 가스 및 증기업","퇴직금등비용[천원]","천원","331.1","329.3","278.3","198.1",
"전규모(30인이상)","전기, 가스 및 증기업","현물지급비용[천원]","천원",".9",".6",".3",".3",
"전규모(30인이상)","전기, 가스 및 증기업","법정복리비[천원]","천원","85.8","77.7","55.2","50.7",
"전규모(30인이상)","전기, 가스 및 증기업","법정외복리비[천원]","천원","260.5","296.8","248.4","286.9",
"전규모(30인이상)","전기, 가스 및 증기업","모집비[천원]","천원","1.9","2.1","2.4","1.9",
"전규모(30인이상)","전기, 가스 및 증기업","교육훈련비[천원]","천원","49.8","53","16.1","17.3",
"전규모(30인이상)","전기, 가스 및 증기업","기타노동비용[천원]","천원","5.8","1.6",".9",".8",
"전규모(30인이상)","수도사업","노동비용총액[천원]","천원","3005.6","2515.2","2005.3","1464.9",
"전규모(30인이상)","수도사업","현금급여총계[천원]","천원","2363.2","1935.2","1572.6","1210.8",
"전규모(30인이상)","수도사업","정액및초과[천원]","천원","1543.7","1353.6","1168.1","891.6",
"전규모(30인이상)","수도사업","상여금등특별급여[천원]","천원","819.5","581.6","404.5","319.1",
"전규모(30인이상)","수도사업","현금급여외 노동비용(계)[천원]","천원","642.4","580","432.7","254.1",
"전규모(30인이상)","수도사업","퇴직금등비용[천원]","천원","262.4","85.5","153.9","101.1",
"전규모(30인이상)","수도사업","현물지급비용[천원]","천원","0","0","0","0",
"전규모(30인이상)","수도사업","법정복리비[천원]","천원","85.4","71.6","46.1","48",
"전규모(30인이상)","수도사업","법정외복리비[천원]","천원","187.2","210.5","204.3","76.3",
"전규모(30인이상)","수도사업","모집비[천원]","천원","1.5","3.2",".4","1.2",
"전규모(30인이상)","수도사업","교육훈련비[천원]","천원","90.8","196.7","24.7","25.2",
"전규모(30인이상)","수도사업","기타노동비용[천원]","천원","15.1","12.4","3.3","2.4",
"전규모(30인이상)","건설업(45)","노동비용총액[천원]","천원","2518.1","2300.4","1966.6","1869.2",
"전규모(30인이상)","건설업(45)","현금급여총계[천원]","천원","1784","1648.4","1438.4","1345.8",
"전규모(30인이상)","건설업(45)","정액및초과[천원]","천원","1376.3","1272.2","1106.1","1022.3",
"전규모(30인이상)","건설업(45)","상여금등특별급여[천원]","천원","407.6","376.1","332.3","323.5",
"전규모(30인이상)","건설업(45)","현금급여외 노동비용(계)[천원]","천원","734.1","652","528.2","523.4",
"전규모(30인이상)","건설업(45)","퇴직금등비용[천원]","천원","215.2","184.5","159.4","178.5",
"전규모(30인이상)","건설업(45)","현물지급비용[천원]","천원","1.1","3.4",".4","1.2",
"전규모(30인이상)","건설업(45)","법정복리비[천원]","천원","325.4","232","171.6","160.4",
"전규모(30인이상)","건설업(45)","법정외복리비[천원]","천원","115.8","167.2","139.6","132.1",
"전규모(30인이상)","건설업(45)","모집비[천원]","천원","3.3","2.2","6.4","5.9",
"전규모(30인이상)","건설업(45)","교육훈련비[천원]","천원","59.2","50.7","38.8","35.5",
"전규모(30인이상)","건설업(45)","기타노동비용[천원]","천원","14.1","12","12","9.7",
"전규모(30인이상)","건설업","노동비용총액[천원]","천원","2518.1","2300.4","1966.6","1869.2",
"전규모(30인이상)","건설업","현금급여총계[천원]","천원","1784","1648.4","1438.4","1345.8",
"전규모(30인이상)","건설업","정액및초과[천원]","천원","1376.3","1272.2","1106.1","1022.3",
"전규모(30인이상)","건설업","상여금등특별급여[천원]","천원","407.6","376.1","332.3","323.5",
"전규모(30인이상)","건설업","현금급여외 노동비용(계)[천원]","천원","734.1","652","528.2","523.4",
"전규모(30인이상)","건설업","퇴직금등비용[천원]","천원","215.2","184.5","159.4","178.5",
"전규모(30인이상)","건설업","현물지급비용[천원]","천원","1.1","3.4",".4","1.2",
"전규모(30인이상)","건설업","법정복리비[천원]","천원","325.4","232","171.6","160.4",
"전규모(30인이상)","건설업","법정외복리비[천원]","천원","115.8","167.2","139.6","132.1",
"전규모(30인이상)","건설업","모집비[천원]","천원","3.3","2.2","6.4","5.9",
"전규모(30인이상)","건설업","교육훈련비[천원]","천원","59.2","50.7","38.8","35.5",
"전규모(30인이상)","건설업","기타노동비용[천원]","천원","14.1","12","12","9.7",
"전규모(30인이상)","도,소매 및 소비자용품 수리업(50-52)","노동비용총액[천원]","천원","1964","1732.7","1592.8","1416.9",
"전규모(30인이상)","도,소매 및 소비자용품 수리업(50-52)","현금급여총계[천원]","천원","1524.2","1385.5","1244.1","1136.3",
"전규모(30인이상)","도,소매 및 소비자용품 수리업(50-52)","정액및초과[천원]","천원","1132.5","1038.6","929.6","838",
"전규모(30인이상)","도,소매 및 소비자용품 수리업(50-52)","상여금등특별급여[천원]","천원","391.7","346.8","314.5","298.3",
"전규모(30인이상)","도,소매 및 소비자용품 수리업(50-52)","현금급여외 노동비용(계)[천원]","천원","439.7","347.3","348.7","280.6",
"전규모(30인이상)","도,소매 및 소비자용품 수리업(50-52)","퇴직금등비용[천원]","천원","137","105.9","114.5","96.3",
"전규모(30인이상)","도,소매 및 소비자용품 수리업(50-52)","현물지급비용[천원]","천원","3.7","13.2",".8","18.9",
"전규모(30인이상)","도,소매 및 소비자용품 수리업(50-52)","법정복리비[천원]","천원","93.3","64.9","49.6","38.8",
"전규모(30인이상)","도,소매 및 소비자용품 수리업(50-52)","법정외복리비[천원]","천원","154.6","116.8","109.3","84.4",
"전규모(30인이상)","도,소매 및 소비자용품 수리업(50-52)","모집비[천원]","천원","3.6","4.6","9.5","2.3",
"전규모(30인이상)","도,소매 및 소비자용품 수리업(50-52)","교육훈련비[천원]","천원","36.4","30.2","25.6","28.2",
"전규모(30인이상)","도,소매 및 소비자용품 수리업(50-52)","기타노동비용[천원]","천원","11","11.7","39.4","11.6",
"전규모(30인이상)","자동차 판매, 수리 및 차량연료 소매업","노동비용총액[천원]","천원","1660.7","1532.3","1319.7","1308.6",
"전규모(30인이상)","자동차 판매, 수리 및 차량연료 소매업","현금급여총계[천원]","천원","1339","1261.3","1073.4","1003.5",
"전규모(30인이상)","자동차 판매, 수리 및 차량연료 소매업","정액및초과[천원]","천원","1024","973.4","865.2","787.6",
"전규모(30인이상)","자동차 판매, 수리 및 차량연료 소매업","상여금등특별급여[천원]","천원","315","287.8","208.2","215.9",
"전규모(30인이상)","자동차 판매, 수리 및 차량연료 소매업","현금급여외 노동비용(계)[천원]","천원","321.8","271","246.3","305.1",
"전규모(30인이상)","자동차 판매, 수리 및 차량연료 소매업","퇴직금등비용[천원]","천원","103.6","101.7","73.1","144.9",
"전규모(30인이상)","자동차 판매, 수리 및 차량연료 소매업","현물지급비용[천원]","천원",".8","0",".1",".1",
"전규모(30인이상)","자동차 판매, 수리 및 차량연료 소매업","법정복리비[천원]","천원","106.1","63.7","49.6","44",
"전규모(30인이상)","자동차 판매, 수리 및 차량연료 소매업","법정외복리비[천원]","천원","83.1","75.4","86.3","78.2",
"전규모(30인이상)","자동차 판매, 수리 및 차량연료 소매업","모집비[천원]","천원","1.7",".4","4.7","1.9",
"전규모(30인이상)","자동차 판매, 수리 및 차량연료 소매업","교육훈련비[천원]","천원","20.6","17","19.3","21.3",
"전규모(30인이상)","자동차 판매, 수리 및 차량연료 소매업","기타노동비용[천원]","천원","5.8","12.7","13.2","14.7",
"전규모(30인이상)","도매 및 상품 중개업","노동비용총액[천원]","천원","2258.9","1900","1767.2","1525.2",
"전규모(30인이상)","도매 및 상품 중개업","현금급여총계[천원]","천원","1666.4","1502","1385.3","1257.9",
"전규모(30인이상)","도매 및 상품 중개업","정액및초과[천원]","천원","1222.6","1106.2","1004.4","900.7",
"전규모(30인이상)","도매 및 상품 중개업","상여금등특별급여[천원]","천원","443.8","395.9","380.9","357.2",
"전규모(30인이상)","도매 및 상품 중개업","현금급여외 노동비용(계)[천원]","천원","592.4","397.9","381.9","267.3",
"전규모(30인이상)","도매 및 상품 중개업","퇴직금등비용[천원]","천원","169.4","118.4","142.9","107.4",
"전규모(30인이상)","도매 및 상품 중개업","현물지급비용[천원]","천원","7.1","20.1",".8","5.3",
"전규모(30인이상)","도매 및 상품 중개업","법정복리비[천원]","천원","97.5","68.8","53.1","39.7",
"전규모(30인이상)","도매 및 상품 중개업","법정외복리비[천원]","천원","236","130.5","127.6","65",
"전규모(30인이상)","도매 및 상품 중개업","모집비[천원]","천원","5","6.6","15","3",
"전규모(30인이상)","도매 및 상품 중개업","교육훈련비[천원]","천원","59","42","35.5","40.7",
"전규모(30인이상)","도매 및 상품 중개업","기타노동비용[천원]","천원","18.4","11.5","7","6.3",
"전규모(30인이상)","소매 및 소비용품 수선업","노동비용총액[천원]","천원","1703.4","1542.3","1460.7","1307.9",
"전규모(30인이상)","소매 및 소비용품 수선업","현금급여총계[천원]","천원","1327.6","1231.2","1122.8","1019.1",
"전규모(30인이상)","소매 및 소비용품 수선업","정액및초과[천원]","천원","1003.2","945.2","850.9","764.5",
"전규모(30인이상)","소매 및 소비용품 수선업","상여금등특별급여[천원]","천원","324.4","286","271.9","254.6",
"전규모(30인이상)","소매 및 소비용품 수선업","현금급여외 노동비용(계)[천원]","천원","375.8","311.1","337.9","288.8",
"전규모(30인이상)","소매 및 소비용품 수선업","퇴직금등비용[천원]","천원","135.1","92.6","91.8","70.6",
"전규모(30인이상)","소매 및 소비용품 수선업","현물지급비용[천원]","천원","2.8","9","1","39.4",
"전규모(30인이상)","소매 및 소비용품 수선업","법정복리비[천원]","천원","69.4","60.7","45.4","36.4",
"전규모(30인이상)","소매 및 소비용품 수선업","법정외복리비[천원]","천원","132.6","113.3","93.5","107.9",
"전규모(30인이상)","소매 및 소비용품 수선업","모집비[천원]","천원","4.2","3.5","4.2","1.5",
"전규모(30인이상)","소매 및 소비용품 수선업","교육훈련비[천원]","천원","24.5","20.3","15.4","16.2",
"전규모(30인이상)","소매 및 소비용품 수선업","기타노동비용[천원]","천원","7.2","11.7","86.6","16.8",
"전규모(30인이상)","숙박 및 음식점업(55)","노동비용총액[천원]","천원","1652.5","1510.1","1368.2","1166.1",
"전규모(30인이상)","숙박 및 음식점업(55)","현금급여총계[천원]","천원","1279.7","1175.6","1064.1","915",
"전규모(30인이상)","숙박 및 음식점업(55)","정액및초과[천원]","천원","970.7","903","830.7","740.2",
"전규모(30인이상)","숙박 및 음식점업(55)","상여금등특별급여[천원]","천원","309","272.6","233.4","174.8",
"전규모(30인이상)","숙박 및 음식점업(55)","현금급여외 노동비용(계)[천원]","천원","372.7","334.5","304.1","251.1",
"전규모(30인이상)","숙박 및 음식점업(55)","퇴직금등비용[천원]","천원","121.2","105.7","83.9","70.9",
"전규모(30인이상)","숙박 및 음식점업(55)","현물지급비용[천원]","천원","6.8","6.7",".2",".9",
"전규모(30인이상)","숙박 및 음식점업(55)","법정복리비[천원]","천원","77.6","61.6","51.1","45.4",
"전규모(30인이상)","숙박 및 음식점업(55)","법정외복리비[천원]","천원","141.8","136","126.9","108.1",
"전규모(30인이상)","숙박 및 음식점업(55)","모집비[천원]","천원","1.8","1.1",".8","1",
"전규모(30인이상)","숙박 및 음식점업(55)","교육훈련비[천원]","천원","13.4","17.9","14.8","15.2",
"전규모(30인이상)","숙박 및 음식점업(55)","기타노동비용[천원]","천원","10.1","5.5","26.4","9.6",
"전규모(30인이상)","숙박 및 음식점업","노동비용총액[천원]","천원","1652.5","1510.1","1368.2","1166.1",
"전규모(30인이상)","숙박 및 음식점업","현금급여총계[천원]","천원","1279.7","1175.6","1064.1","915",
"전규모(30인이상)","숙박 및 음식점업","정액및초과[천원]","천원","970.7","903","830.7","740.2",
"전규모(30인이상)","숙박 및 음식점업","상여금등특별급여[천원]","천원","309","272.6","233.4","174.8",
"전규모(30인이상)","숙박 및 음식점업","현금급여외 노동비용(계)[천원]","천원","372.7","334.5","304.1","251.1",
"전규모(30인이상)","숙박 및 음식점업","퇴직금등비용[천원]","천원","121.2","105.7","83.9","70.9",
"전규모(30인이상)","숙박 및 음식점업","현물지급비용[천원]","천원","6.8","6.7",".2",".9",
"전규모(30인이상)","숙박 및 음식점업","법정복리비[천원]","천원","77.6","61.6","51.1","45.4",
"전규모(30인이상)","숙박 및 음식점업","법정외복리비[천원]","천원","141.8","136","126.9","108.1",
"전규모(30인이상)","숙박 및 음식점업","모집비[천원]","천원","1.8","1.1",".8","1",
"전규모(30인이상)","숙박 및 음식점업","교육훈련비[천원]","천원","13.4","17.9","14.8","15.2",
"전규모(30인이상)","숙박 및 음식점업","기타노동비용[천원]","천원","10.1","5.5","26.4","9.6",
"전규모(30인이상)","운수, 창고 및 통신업(60-64)","노동비용총액[천원]","천원","1983.6","1723.7","1893.5","1373.5",
"전규모(30인이상)","운수, 창고 및 통신업(60-64)","현금급여총계[천원]","천원","1438","1287.6","1085.4","965.3",
"전규모(30인이상)","운수, 창고 및 통신업(60-64)","정액및초과[천원]","천원","1116.6","1023.2","890.6","792.5",
"전규모(30인이상)","운수, 창고 및 통신업(60-64)","상여금등특별급여[천원]","천원","321.4","264.4","194.8","172.8",
"전규모(30인이상)","운수, 창고 및 통신업(60-64)","현금급여외 노동비용(계)[천원]","천원","545.6","436.1","808.1","408.2",
"전규모(30인이상)","운수, 창고 및 통신업(60-64)","퇴직금등비용[천원]","천원","159.3","109.3","539.1","114.3",
"전규모(30인이상)","운수, 창고 및 통신업(60-64)","현물지급비용[천원]","천원",".6","2.8",".4","15.1",
"전규모(30인이상)","운수, 창고 및 통신업(60-64)","법정복리비[천원]","천원","88.8","72","58","48.9",
"전규모(30인이상)","운수, 창고 및 통신업(60-64)","법정외복리비[천원]","천원","203.2","171","158.7","185.8",
"전규모(30인이상)","운수, 창고 및 통신업(60-64)","모집비[천원]","천원","1.9",".8","1",".8",
"전규모(30인이상)","운수, 창고 및 통신업(60-64)","교육훈련비[천원]","천원","74.5","55.6","22.2","22.2",
"전규모(30인이상)","운수, 창고 및 통신업(60-64)","기타노동비용[천원]","천원","17.3","24.6","28.7","21.1",
"전규모(30인이상)","육상운송 및 파이프라인 운송업","노동비용총액[천원]","천원","1416.4","1292.4","1088.5","1005.2",
"전규모(30인이상)","육상운송 및 파이프라인 운송업","현금급여총계[천원]","천원","1164.1","1049.6","861.9","785.3",
"전규모(30인이상)","육상운송 및 파이프라인 운송업","정액및초과[천원]","천원","995.5","911.1","769","703.9",
"전규모(30인이상)","육상운송 및 파이프라인 운송업","상여금등특별급여[천원]","천원","168.7","138.4","92.9","81.5",
"전규모(30인이상)","육상운송 및 파이프라인 운송업","현금급여외 노동비용(계)[천원]","천원","252.2","242.8","226.6","219.9",
"전규모(30인이상)","육상운송 및 파이프라인 운송업","퇴직금등비용[천원]","천원","92.5","93.6","100.1","66.5",
"전규모(30인이상)","육상운송 및 파이프라인 운송업","현물지급비용[천원]","천원","1.1","8","1.1","43.8",
"전규모(30인이상)","육상운송 및 파이프라인 운송업","법정복리비[천원]","천원","72.7","57.5","49","48.3",
"전규모(30인이상)","육상운송 및 파이프라인 운송업","법정외복리비[천원]","천원","80.2","64.3","68.6","55.1",
"전규모(30인이상)","육상운송 및 파이프라인 운송업","모집비[천원]","천원",".5",".7",".4",".5",
"전규모(30인이상)","육상운송 및 파이프라인 운송업","교육훈련비[천원]","천원","3","7.4","3.9","3",
"전규모(30인이상)","육상운송 및 파이프라인 운송업","기타노동비용[천원]","천원","2.2","11.4","3.5","2.6",
"전규모(30인이상)","수상 운수업","노동비용총액[천원]","천원","2348.6","1984.9","1903.5","4676.9",
"전규모(30인이상)","수상 운수업","현금급여총계[천원]","천원","1819.7","1706.3","1566.2","1480.5",
"전규모(30인이상)","수상 운수업","정액및초과[천원]","천원","1296.5","1205.6","1154","1066.9",
"전규모(30인이상)","수상 운수업","상여금등특별급여[천원]","천원","523.2","500.7","412.2","413.6",
"전규모(30인이상)","수상 운수업","현금급여외 노동비용(계)[천원]","천원","529","278.6","337.3","3196.4",
"전규모(30인이상)","수상 운수업","퇴직금등비용[천원]","천원","199.5","91.9","168.6","3042",
"전규모(30인이상)","수상 운수업","현물지급비용[천원]","천원",".6","0","0","0",
"전규모(30인이상)","수상 운수업","법정복리비[천원]","천원","79.9","57.7","48.5","37.5",
"전규모(30인이상)","수상 운수업","법정외복리비[천원]","천원","206.8","115.5","110.6","107.7",
"전규모(30인이상)","수상 운수업","모집비[천원]","천원","2.3","1.7","1.1",".1",
"전규모(30인이상)","수상 운수업","교육훈련비[천원]","천원","32.9","10.4","7.2","7.1",
"전규모(30인이상)","수상 운수업","기타노동비용[천원]","천원","7","1.5","1.3","1.9",
"전규모(30인이상)","항공 운송업","노동비용총액[천원]","천원","2707.3","2311.5","2369","1473.7",
"전규모(30인이상)","항공 운송업","현금급여총계[천원]","천원","2107","1989","1844.3","1300.9",
"전규모(30인이상)","항공 운송업","정액및초과[천원]","천원","1434.4","1409.3","1340.5","997.8",
"전규모(30인이상)","항공 운송업","상여금등특별급여[천원]","천원","672.6","579.6","503.8","303.1",
"전규모(30인이상)","항공 운송업","현금급여외 노동비용(계)[천원]","천원","600.3","322.5","524.7","172.8",
"전규모(30인이상)","항공 운송업","퇴직금등비용[천원]","천원","116.5","51.7","175.1","36.1",
"전규모(30인이상)","항공 운송업","현물지급비용[천원]","천원",".9","0",".1","0",
"전규모(30인이상)","항공 운송업","법정복리비[천원]","천원","97.5","97.9","92.9","40.6",
"전규모(30인이상)","항공 운송업","법정외복리비[천원]","천원","227.5","126.4","143.5","74.2",
"전규모(30인이상)","항공 운송업","모집비[천원]","천원","1.6","3.6","9.5","3.5",
"전규모(30인이상)","항공 운송업","교육훈련비[천원]","천원","156.2","37.8","23.2","18.3",
"전규모(30인이상)","항공 운송업","기타노동비용[천원]","천원",".1","5.1","80.4","0",
"전규모(30인이상)","여행알선 및 운수관련 서비스업","노동비용총액[천원]","천원","2089.3","1646.5","1406.3","1284",
"전규모(30인이상)","여행알선 및 운수관련 서비스업","현금급여총계[천원]","천원","1546.2","1384","1173.2","1065.5",
"전규모(30인이상)","여행알선 및 운수관련 서비스업","정액및초과[천원]","천원","1152.1","1055.3","925","837.7",
"전규모(30인이상)","여행알선 및 운수관련 서비스업","상여금등특별급여[천원]","천원","394.1","328.7","248.2","227.8",
"전규모(30인이상)","여행알선 및 운수관련 서비스업","현금급여외 노동비용(계)[천원]","천원","543.1","262.5","233.1","218.5",
"전규모(30인이상)","여행알선 및 운수관련 서비스업","퇴직금등비용[천원]","천원","259.3","85.1","74","83",
"전규모(30인이상)","여행알선 및 운수관련 서비스업","현물지급비용[천원]","천원",".1",".3",".4",".5",
"전규모(30인이상)","여행알선 및 운수관련 서비스업","법정복리비[천원]","천원","101.8","64.3","73.2","59.8",
"전규모(30인이상)","여행알선 및 운수관련 서비스업","법정외복리비[천원]","천원","162.3","96.4","73.9","65.4",
"전규모(30인이상)","여행알선 및 운수관련 서비스업","모집비[천원]","천원",".2",".6",".3","3.9",
"전규모(30인이상)","여행알선 및 운수관련 서비스업","교육훈련비[천원]","천원","13.1","6.6","2.7","4.4",
"전규모(30인이상)","여행알선 및 운수관련 서비스업","기타노동비용[천원]","천원","6.4","9.2","8.6","1.6",
"전규모(30인이상)","통신업","노동비용총액[천원]","천원","3037.2","2694.5","3055.9","2126.2",
"전규모(30인이상)","통신업","현금급여총계[천원]","천원","2328.3","2107.8","1853.9","1637.1",
"전규모(30인이상)","통신업","정액및초과[천원]","천원","1514.9","1409.1","1315","1116.9",
"전규모(30인이상)","통신업","상여금등특별급여[천원]","천원","813.4","698.6","538.9","520.3",
"전규모(30인이상)","통신업","현금급여외 노동비용(계)[천원]","천원","708.9","586.8","1202","489.1",
"전규모(30인이상)","통신업","퇴직금등비용[천원]","천원","174.4","127.3","850.9","79.6",
"전규모(30인이상)","통신업","현물지급비용[천원]","천원",".3","0","0","0",
"전규모(30인이상)","통신업","법정복리비[천원]","천원","92","79.6","59.6","49.4",
"전규모(30인이상)","통신업","법정외복리비[천원]","천원","284.5","249.8","216.4","287",
"전규모(30인이상)","통신업","모집비[천원]","천원","3.5",".6",".7",".5",
"전규모(30인이상)","통신업","교육훈련비[천원]","천원","118.2","92.8","33.9","36.1",
"전규모(30인이상)","통신업","기타노동비용[천원]","천원","36","36.7","40.5","36.3",
"전규모(30인이상)","금융 및 보험업(65-67)","노동비용총액[천원]","천원","3257.1","2539.9","2380.9","2144.1",
"전규모(30인이상)","금융 및 보험업(65-67)","현금급여총계[천원]","천원","2194.9","2045.7","1900.5","1630.5",
"전규모(30인이상)","금융 및 보험업(65-67)","정액및초과[천원]","천원","1411.1","1342","1254.3","1100.6",
"전규모(30인이상)","금융 및 보험업(65-67)","상여금등특별급여[천원]","천원","783.8","703.7","646.2","529.9",
"전규모(30인이상)","금융 및 보험업(65-67)","현금급여외 노동비용(계)[천원]","천원","1062.2","494.2","480.4","513.6",
"전규모(30인이상)","금융 및 보험업(65-67)","퇴직금등비용[천원]","천원","638.1","170.9","219.4","176.9",
"전규모(30인이상)","금융 및 보험업(65-67)","현물지급비용[천원]","천원","11","1.4",".3","1.3",
"전규모(30인이상)","금융 및 보험업(65-67)","법정복리비[천원]","천원","96.7","74.8","56.8","46.9",
"전규모(30인이상)","금융 및 보험업(65-67)","법정외복리비[천원]","천원","233.4","166.7","153.7","235.2",
"전규모(30인이상)","금융 및 보험업(65-67)","모집비[천원]","천원",".6","2.2","6.4","7.2",
"전규모(30인이상)","금융 및 보험업(65-67)","교육훈련비[천원]","천원","56","66.3","32.2","34.5",
"전규모(30인이상)","금융 및 보험업(65-67)","기타노동비용[천원]","천원","26.3","11.9","11.6","11.6",
"전규모(30인이상)","금융업","노동비용총액[천원]","천원","3168.2","2618.6","2552.2","2147",
"전규모(30인이상)","금융업","현금급여총계[천원]","천원","2264.8","2147.9","2018","1708.8",
"전규모(30인이상)","금융업","정액및초과[천원]","천원","1419.8","1367","1314.9","1143.7",
"전규모(30인이상)","금융업","상여금등특별급여[천원]","천원","845","780.8","703.1","565.1",
"전규모(30인이상)","금융업","현금급여외 노동비용(계)[천원]","천원","903.5","470.7","534.2","438.2",
"전규모(30인이상)","금융업","퇴직금등비용[천원]","천원","479.1","133.9","267.8","173.6",
"전규모(30인이상)","금융업","현물지급비용[천원]","천원","3.8","1.5",".4","1.8",
"전규모(30인이상)","금융업","법정복리비[천원]","천원","98.8","74","56.8","41",
"전규모(30인이상)","금융업","법정외복리비[천원]","천원","254.2","221.5","177.4","191.9",
"전규모(30인이상)","금융업","모집비[천원]","천원",".5",".6","1.2","1.6",
"전규모(30인이상)","금융업","교육훈련비[천원]","천원","43.7","31","23","23.9",
"전규모(30인이상)","금융업","기타노동비용[천원]","천원","23.3","8.3","7.6","4.3",
"전규모(30인이상)","보험 및 연금업","노동비용총액[천원]","천원","2717.7","2135.5","1864.2","1915.2",
"전규모(30인이상)","보험 및 연금업","현금급여총계[천원]","천원","1914.5","1715.7","1515.2","1350.9",
"전규모(30인이상)","보험 및 연금업","정액및초과[천원]","천원","1320","1230","1052.8","952.7",
"전규모(30인이상)","보험 및 연금업","상여금등특별급여[천원]","천원","594.4","485.7","462.4","398.3",
"전규모(30인이상)","보험 및 연금업","현금급여외 노동비용(계)[천원]","천원","803.2","419.7","349","564.3",
"전규모(30인이상)","보험 및 연금업","퇴직금등비용[천원]","천원","315.8","135.3","146.4","176.8",
"전규모(30인이상)","보험 및 연금업","현물지급비용[천원]","천원","28.3","0","0","0",
"전규모(30인이상)","보험 및 연금업","법정복리비[천원]","천원","89.5","68.2","48.7","14.8",
"전규모(30인이상)","보험 및 연금업","법정외복리비[천원]","천원","244","106.1","102","282.7",
"전규모(30인이상)","보험 및 연금업","모집비[천원]","천원",".5","3.6","12.7","14.9",
"전규모(30인이상)","보험 및 연금업","교육훈련비[천원]","천원","84.8","95.8","30.5","33.3",
"전규모(30인이상)","보험 및 연금업","기타노동비용[천원]","천원","40.3","10.8","8.7","14.6",
"전규모(30인이상)","금융 및 보험관련 서비스업","노동비용총액[천원]","천원","4779.4","3150.8","2743.9","2482",
"전규모(30인이상)","금융 및 보험관련 서비스업","현금급여총계[천원]","천원","2692.6","2448.5","2089","1912.2",
"전규모(30인이상)","금융 및 보험관련 서비스업","정액및초과[천원]","천원","1704.6","1569.2","1361","1231",
"전규모(30인이상)","금융 및 보험관련 서비스업","상여금등특별급여[천원]","천원","988","879.4","728","681.2",
"전규모(30인이상)","금융 및 보험관련 서비스업","현금급여외 노동비용(계)[천원]","천원","2086.8","702.3","654.9","569.8",
"전규모(30인이상)","금융 및 보험관련 서비스업","퇴직금등비용[천원]","천원","1785.3","319.2","271.1","184.2",
"전규모(30인이상)","금융 및 보험관련 서비스업","현물지급비용[천원]","천원","1.8","4.2",".8","2.8",
"전규모(30인이상)","금융 및 보험관련 서비스업","법정복리비[천원]","천원","103.7","90.9","75.4","69.9",
"전규모(30인이상)","금융 및 보험관련 서비스업","법정외복리비[천원]","천원","144.1","197.4","216","229.2",
"전규모(30인이상)","금융 및 보험관련 서비스업","모집비[천원]","천원","1.1","2","4.5","3.2",
"전규모(30인이상)","금융 및 보험관련 서비스업","교육훈련비[천원]","천원","41.4","67.5","58.9","59.3",
"전규모(30인이상)","금융 및 보험관련 서비스업","기타노동비용[천원]","천원","9.4","21.2","28.2","21.2",
"전규모(30인이상)","부동산 및 사업서비스업(70-74)","노동비용총액[천원]","천원","1838.5","1566.8","1405.9","1357.7",
"전규모(30인이상)","부동산 및 사업서비스업(70-74)","현금급여총계[천원]","천원","1441.3","1279.8","1173.3","1030.9",
"전규모(30인이상)","부동산 및 사업서비스업(70-74)","정액및초과[천원]","천원","1090.3","987.9","916.1","818",
"전규모(30인이상)","부동산 및 사업서비스업(70-74)","상여금등특별급여[천원]","천원","351","291.9","257.2","212.9",
"전규모(30인이상)","부동산 및 사업서비스업(70-74)","현금급여외 노동비용(계)[천원]","천원","397.2","287.1","232.6","326.8",
"전규모(30인이상)","부동산 및 사업서비스업(70-74)","퇴직금등비용[천원]","천원","143.6","94.7","77.8","210",
"전규모(30인이상)","부동산 및 사업서비스업(70-74)","현물지급비용[천원]","천원","6.6","2.8",".5","2.7",
"전규모(30인이상)","부동산 및 사업서비스업(70-74)","법정복리비[천원]","천원","80.1","63.3","47.3","31.6",
"전규모(30인이상)","부동산 및 사업서비스업(70-74)","법정외복리비[천원]","천원","120.7","76.6","59.4","43.4",
"전규모(30인이상)","부동산 및 사업서비스업(70-74)","모집비[천원]","천원","3","6.5","2.9","1.9",
"전규모(30인이상)","부동산 및 사업서비스업(70-74)","교육훈련비[천원]","천원","35.9","35.1","34.5","29.5",
"전규모(30인이상)","부동산 및 사업서비스업(70-74)","기타노동비용[천원]","천원","7.3","8.1","10.2","7.7",
"전규모(30인이상)","부동산업","노동비용총액[천원]","천원","1578.5","1380","1133.1","1261.1",
"전규모(30인이상)","부동산업","현금급여총계[천원]","천원","1141.5","1025.7","914.4","818.7",
"전규모(30인이상)","부동산업","정액및초과[천원]","천원","898.8","816.5","752.8","682.3",
"전규모(30인이상)","부동산업","상여금등특별급여[천원]","천원","242.7","209.2","161.6","136.4",
"전규모(30인이상)","부동산업","현금급여외 노동비용(계)[천원]","천원","437","354.3","218.7","442.4",
"전규모(30인이상)","부동산업","퇴직금등비용[천원]","천원","174.1","122.3","42.3","292.4",
"전규모(30인이상)","부동산업","현물지급비용[천원]","천원",".3","4.3",".7","7.8",
"전규모(30인이상)","부동산업","법정복리비[천원]","천원","89.6","48.4","34.3","32.1",
"전규모(30인이상)","부동산업","법정외복리비[천원]","천원","119.4","117.7","124.4","95.7",
"전규모(30인이상)","부동산업","모집비[천원]","천원","1.2","33.3","2.8","3",
"전규모(30인이상)","부동산업","교육훈련비[천원]","천원","42.9","14.9","4.7","4.3",
"전규모(30인이상)","부동산업","기타노동비용[천원]","천원","9.4","13.4","9.5","7.2",
"전규모(30인이상)","기계장비 및 소비용품 임대업","노동비용총액[천원]","천원","3849.4","1887.7","2248.4","1667.8",
"전규모(30인이상)","기계장비 및 소비용품 임대업","현금급여총계[천원]","천원","1736.1","1477.8","1658.2","1517.2",
"전규모(30인이상)","기계장비 및 소비용품 임대업","정액및초과[천원]","천원","1273.9","1091.3","1223","1083.5",
"전규모(30인이상)","기계장비 및 소비용품 임대업","상여금등특별급여[천원]","천원","462.2","386.5","435.2","433.7",
"전규모(30인이상)","기계장비 및 소비용품 임대업","현금급여외 노동비용(계)[천원]","천원","2113.4","410","590.2","150.6",
"전규모(30인이상)","기계장비 및 소비용품 임대업","퇴직금등비용[천원]","천원","1730.1","37.4","229.9","28.4",
"전규모(30인이상)","기계장비 및 소비용품 임대업","현물지급비용[천원]","천원","25","14","0","0",
"전규모(30인이상)","기계장비 및 소비용품 임대업","법정복리비[천원]","천원","107.2","105.5","68.1","26.2",
"전규모(30인이상)","기계장비 및 소비용품 임대업","법정외복리비[천원]","천원","207.7","198.4","234.6","73.5",
"전규모(30인이상)","기계장비 및 소비용품 임대업","모집비[천원]","천원","5.2",".1",".2","1.8",
"전규모(30인이상)","기계장비 및 소비용품 임대업","교육훈련비[천원]","천원","33.7","34.4","41.5","14.2",
"전규모(30인이상)","기계장비 및 소비용품 임대업","기타노동비용[천원]","천원","4.5","20.2","15.9","6.6",
"전규모(30인이상)","정보처리 및 기타 컴퓨터 운용 관련업","노동비용총액[천원]","천원","2467.5","2253.2","2111.1","1959",
"전규모(30인이상)","정보처리 및 기타 컴퓨터 운용 관련업","현금급여총계[천원]","천원","1994.6","1795.6","1678.3","1253.9",
"전규모(30인이상)","정보처리 및 기타 컴퓨터 운용 관련업","정액및초과[천원]","천원","1374.9","1286.4","1258.6","1017.2",
"전규모(30인이상)","정보처리 및 기타 컴퓨터 운용 관련업","상여금등특별급여[천원]","천원","619.7","509.2","419.7","236.7",
"전규모(30인이상)","정보처리 및 기타 컴퓨터 운용 관련업","현금급여외 노동비용(계)[천원]","천원","472.9","457.6","432.8","705.1",
"전규모(30인이상)","정보처리 및 기타 컴퓨터 운용 관련업","퇴직금등비용[천원]","천원","112.6","76.7","76","377.6",
"전규모(30인이상)","정보처리 및 기타 컴퓨터 운용 관련업","현물지급비용[천원]","천원","7.1","0","0","0",
"전규모(30인이상)","정보처리 및 기타 컴퓨터 운용 관련업","법정복리비[천원]","천원","91","91.8","72.5","53.5",
"전규모(30인이상)","정보처리 및 기타 컴퓨터 운용 관련업","법정외복리비[천원]","천원","173.7","131.9","86.8","70.9",
"전규모(30인이상)","정보처리 및 기타 컴퓨터 운용 관련업","모집비[천원]","천원","9.2","10.9","11.5","1.1",
"전규모(30인이상)","정보처리 및 기타 컴퓨터 운용 관련업","교육훈련비[천원]","천원","72.9","127.7","168.3","179.6",
"전규모(30인이상)","정보처리 및 기타 컴퓨터 운용 관련업","기타노동비용[천원]","천원","6.5","18.6","17.7","22.5",
"전규모(30인이상)","연구 및 개발업","노동비용총액[천원]","천원","2769","2558.9","2304.5","2182.6",
"전규모(30인이상)","연구 및 개발업","현금급여총계[천원]","천원","2138.6","2003.6","1977.4","1728.8",
"전규모(30인이상)","연구 및 개발업","정액및초과[천원]","천원","1458.1","1398.9","1398.6","1271",
"전규모(30인이상)","연구 및 개발업","상여금등특별급여[천원]","천원","680.5","604.7","578.8","457.8",
"전규모(30인이상)","연구 및 개발업","현금급여외 노동비용(계)[천원]","천원","630.4","555.3","327.1","453.8",
"전규모(30인이상)","연구 및 개발업","퇴직금등비용[천원]","천원","375.4","273.1","96.1","358.7",
"전규모(30인이상)","연구 및 개발업","현물지급비용[천원]","천원","0","0",".8","1",
"전규모(30인이상)","연구 및 개발업","법정복리비[천원]","천원","95.8","88.6","71","23.4",
"전규모(30인이상)","연구 및 개발업","법정외복리비[천원]","천원","117.5","135.4","116","52.4",
"전규모(30인이상)","연구 및 개발업","모집비[천원]","천원",".9","2.6",".8",".6",
"전규모(30인이상)","연구 및 개발업","교육훈련비[천원]","천원","37.4","46.6","35.3","15.7",
"전규모(30인이상)","연구 및 개발업","기타노동비용[천원]","천원","3.4","8.9","7.1","1.9",
"전규모(30인이상)","기타 사업관련 서비스업","노동비용총액[천원]","천원","1649.3","1347.9","1258.5","1089.2",
"전규모(30인이상)","기타 사업관련 서비스업","현금급여총계[천원]","천원","1359","1185","1098.9","951.8",
"전규모(30인이상)","기타 사업관련 서비스업","정액및초과[천원]","천원","1058.7","943.6","869.2","764.7",
"전규모(30인이상)","기타 사업관련 서비스업","상여금등특별급여[천원]","천원","300.3","241.4","229.7","187.2",
"전규모(30인이상)","기타 사업관련 서비스업","현금급여외 노동비용(계)[천원]","천원","290.3","162.9","159.6","137.4",
"전규모(30인이상)","기타 사업관련 서비스업","퇴직금등비용[천원]","천원","81.2","55.4","79.1","66.7",
"전규모(30인이상)","기타 사업관련 서비스업","현물지급비용[천원]","천원","9.1","3.6",".5","3.2",
"전규모(30인이상)","기타 사업관련 서비스업","법정복리비[천원]","천원","70.1","51","37.4","31.2",
"전규모(30인이상)","기타 사업관련 서비스업","법정외복리비[천원]","천원","100.7","37.2","24.9","18.9",
"전규모(30인이상)","기타 사업관련 서비스업","모집비[천원]","천원","1.5","1.6","1.4","2.7",
"전규모(30인이상)","기타 사업관련 서비스업","교육훈련비[천원]","천원","19.9","10.3","7","7",
"전규모(30인이상)","기타 사업관련 서비스업","기타노동비용[천원]","천원","7.8","3.7","9.3","7.7",
"전규모(30인이상)","교육 서비스업(80)","노동비용총액[천원]","천원","2453.3","2364.6","2189.6","1945.2",
"전규모(30인이상)","교육 서비스업(80)","현금급여총계[천원]","천원","2324.2","2126","2000.2","1786.8",
"전규모(30인이상)","교육 서비스업(80)","정액및초과[천원]","천원","1582.3","1486.4","1379.4","1253.4",
"전규모(30인이상)","교육 서비스업(80)","상여금등특별급여[천원]","천원","741.8","639.6","620.8","533.4",
"전규모(30인이상)","교육 서비스업(80)","현금급여외 노동비용(계)[천원]","천원","129.2","238.7","189.4","158.4",
"전규모(30인이상)","교육 서비스업(80)","퇴직금등비용[천원]","천원","20.6","97.3","47.5","47.3",
"전규모(30인이상)","교육 서비스업(80)","현물지급비용[천원]","천원",".1","0","0","0",
"전규모(30인이상)","교육 서비스업(80)","법정복리비[천원]","천원","59.2","77.3","72.2","62.1",
"전규모(30인이상)","교육 서비스업(80)","법정외복리비[천원]","천원","28.3","42.2","53.3","29.5",
"전규모(30인이상)","교육 서비스업(80)","모집비[천원]","천원","9","7.9","7.6","9.6",
"전규모(30인이상)","교육 서비스업(80)","교육훈련비[천원]","천원","11.4","12.8","7.5","7.5",
"전규모(30인이상)","교육 서비스업(80)","기타노동비용[천원]","천원",".5","1.1","1.3","2.4",
"전규모(30인이상)","교육 서비스업","노동비용총액[천원]","천원","2453.3","2364.6","2189.6","1945.2",
"전규모(30인이상)","교육 서비스업","현금급여총계[천원]","천원","2324.2","2126","2000.2","1786.8",
"전규모(30인이상)","교육 서비스업","정액및초과[천원]","천원","1582.3","1486.4","1379.4","1253.4",
"전규모(30인이상)","교육 서비스업","상여금등특별급여[천원]","천원","741.8","639.6","620.8","533.4",
"전규모(30인이상)","교육 서비스업","현금급여외 노동비용(계)[천원]","천원","129.2","238.7","189.4","158.4",
"전규모(30인이상)","교육 서비스업","퇴직금등비용[천원]","천원","20.6","97.3","47.5","47.3",
"전규모(30인이상)","교육 서비스업","현물지급비용[천원]","천원",".1","0","0","0",
"전규모(30인이상)","교육 서비스업","법정복리비[천원]","천원","59.2","77.3","72.2","62.1",
"전규모(30인이상)","교육 서비스업","법정외복리비[천원]","천원","28.3","42.2","53.3","29.5",
"전규모(30인이상)","교육 서비스업","모집비[천원]","천원","9","7.9","7.6","9.6",
"전규모(30인이상)","교육 서비스업","교육훈련비[천원]","천원","11.4","12.8","7.5","7.5",
"전규모(30인이상)","교육 서비스업","기타노동비용[천원]","천원",".5","1.1","1.3","2.4",
"전규모(30인이상)","보건 및 사회복지사업(85)","노동비용총액[천원]","천원","1800","1652.6","1462.6","1328.6",
"전규모(30인이상)","보건 및 사회복지사업(85)","현금급여총계[천원]","천원","1557.3","1427.2","1289.8","1147.7",
"전규모(30인이상)","보건 및 사회복지사업(85)","정액및초과[천원]","천원","1162.4","1062.1","969.5","865.7",
"전규모(30인이상)","보건 및 사회복지사업(85)","상여금등특별급여[천원]","천원","394.9","365.1","320.3","282",
"전규모(30인이상)","보건 및 사회복지사업(85)","현금급여외 노동비용(계)[천원]","천원","242.7","225.4","172.8","180.8",
"전규모(30인이상)","보건 및 사회복지사업(85)","퇴직금등비용[천원]","천원","91.5","80.2","48.1","60.1",
"전규모(30인이상)","보건 및 사회복지사업(85)","현물지급비용[천원]","천원","0",".9",".3","2.3",
"전규모(30인이상)","보건 및 사회복지사업(85)","법정복리비[천원]","천원","64.1","70.6","51","41.8",
"전규모(30인이상)","보건 및 사회복지사업(85)","법정외복리비[천원]","천원","73.8","59.7","61.6","63.5",
"전규모(30인이상)","보건 및 사회복지사업(85)","모집비[천원]","천원",".3",".9","1.5",".5",
"전규모(30인이상)","보건 및 사회복지사업(85)","교육훈련비[천원]","천원","11","11.4","8.5","11.2",
"전규모(30인이상)","보건 및 사회복지사업(85)","기타노동비용[천원]","천원","2","1.7","1.8","1.4",
"전규모(30인이상)","보건 및 사회복지사업","노동비용총액[천원]","천원","1800","1652.6","1465.6","1328.6",
"전규모(30인이상)","보건 및 사회복지사업","현금급여총계[천원]","천원","1557.3","1427.2","1289.8","1147.7",
"전규모(30인이상)","보건 및 사회복지사업","정액및초과[천원]","천원","1162.4","1062.1","969.5","865.7",
"전규모(30인이상)","보건 및 사회복지사업","상여금등특별급여[천원]","천원","394.9","365.1","320.3","282",
"전규모(30인이상)","보건 및 사회복지사업","현금급여외 노동비용(계)[천원]","천원","242.7","225.4","175.8","180.8",
"전규모(30인이상)","보건 및 사회복지사업","퇴직금등비용[천원]","천원","91.5","80.2","48.1","60.1",
"전규모(30인이상)","보건 및 사회복지사업","현물지급비용[천원]","천원","0",".9",".3","2.3",
"전규모(30인이상)","보건 및 사회복지사업","법정복리비[천원]","천원","64.1","70.6","51","41.8",
"전규모(30인이상)","보건 및 사회복지사업","법정외복리비[천원]","천원","73.8","59.7","61.6","63.5",
"전규모(30인이상)","보건 및 사회복지사업","모집비[천원]","천원",".3",".9","4.5",".5",
"전규모(30인이상)","보건 및 사회복지사업","교육훈련비[천원]","천원","11","11.4","8.5","11.2",
"전규모(30인이상)","보건 및 사회복지사업","기타노동비용[천원]","천원","2","1.7","1.8","1.4",
"전규모(30인이상)","기타 공공, 사회 및 개인서비스업(90-93)","노동비용총액[천원]","천원","2644.3","2411.9","2272.9","2215.9",
"전규모(30인이상)","기타 공공, 사회 및 개인서비스업(90-93)","현금급여총계[천원]","천원","2074.9","1922.4","1693.6","1496.9",
"전규모(30인이상)","기타 공공, 사회 및 개인서비스업(90-93)","정액및초과[천원]","천원","1468.3","1371.6","1210.3","1065.9",
"전규모(30인이상)","기타 공공, 사회 및 개인서비스업(90-93)","상여금등특별급여[천원]","천원","606.6","550.8","483.3","431",
"전규모(30인이상)","기타 공공, 사회 및 개인서비스업(90-93)","현금급여외 노동비용(계)[천원]","천원","569.4","489.5","579.3","719",
"전규모(30인이상)","기타 공공, 사회 및 개인서비스업(90-93)","퇴직금등비용[천원]","천원","234.4","139.5","276.9","509.3",
"전규모(30인이상)","기타 공공, 사회 및 개인서비스업(90-93)","현물지급비용[천원]","천원","5.3","6.1",".7","7.4",
"전규모(30인이상)","기타 공공, 사회 및 개인서비스업(90-93)","법정복리비[천원]","천원","107.1","95.5","75.9","59.1",
"전규모(30인이상)","기타 공공, 사회 및 개인서비스업(90-93)","법정외복리비[천원]","천원","187.7","207.8","208.5","120.6",
"전규모(30인이상)","기타 공공, 사회 및 개인서비스업(90-93)","모집비[천원]","천원","3.1","2.2","3.2","1.6",
"전규모(30인이상)","기타 공공, 사회 및 개인서비스업(90-93)","교육훈련비[천원]","천원","23.6","34.3","10.7","16.8",
"전규모(30인이상)","기타 공공, 사회 및 개인서비스업(90-93)","기타노동비용[천원]","천원","8.3","4","3.4","4.2",
"전규모(30인이상)","위생 및 유사 서비스업","노동비용총액[천원]","천원","1741.9","1510.3","1329","1188.4",
"전규모(30인이상)","위생 및 유사 서비스업","현금급여총계[천원]","천원","1391.6","1250.9","1084.7","893.5",
"전규모(30인이상)","위생 및 유사 서비스업","정액및초과[천원]","천원","1197","1086.2","940.9","746.3",
"전규모(30인이상)","위생 및 유사 서비스업","상여금등특별급여[천원]","천원","194.6","164.7","143.8","147.2",
"전규모(30인이상)","위생 및 유사 서비스업","현금급여외 노동비용(계)[천원]","천원","350.3","259.4","244.3","294.9",
"전규모(30인이상)","위생 및 유사 서비스업","퇴직금등비용[천원]","천원","168.2","90.6","76","137.6",
"전규모(30인이상)","위생 및 유사 서비스업","현물지급비용[천원]","천원",".8",".3","1","0",
"전규모(30인이상)","위생 및 유사 서비스업","법정복리비[천원]","천원","101.4","75.8","63.7","52.1",
"전규모(30인이상)","위생 및 유사 서비스업","법정외복리비[천원]","천원","72.4","72.1","90.3","98.4",
"전규모(30인이상)","위생 및 유사 서비스업","모집비[천원]","천원",".1",".4","1.1",".3",
"전규모(30인이상)","위생 및 유사 서비스업","교육훈련비[천원]","천원",".2","5.5","3.9","3.4",
"전규모(30인이상)","위생 및 유사 서비스업","기타노동비용[천원]","천원","7.2","14.6","8.3","3",
"전규모(30인이상)","회원단체","노동비용총액[천원]","천원","2477.4","2250.1","1926","1781.9",
"전규모(30인이상)","회원단체","현금급여총계[천원]","천원","2099.7","1881.7","1543.5","1413.4",
"전규모(30인이상)","회원단체","정액및초과[천원]","천원","1417.2","1286","1112","1027.8",
"전규모(30인이상)","회원단체","상여금등특별급여[천원]","천원","682.5","595.6","431.5","385.6",
"전규모(30인이상)","회원단체","현금급여외 노동비용(계)[천원]","천원","377.7","368.4","382.5","368.5",
"전규모(30인이상)","회원단체","퇴직금등비용[천원]","천원","138.3","156.9","184.3","204",
"전규모(30인이상)","회원단체","현물지급비용[천원]","천원","3","0","1","7.6",
"전규모(30인이상)","회원단체","법정복리비[천원]","천원","88.4","63.4","57.4","40.9",
"전규모(30인이상)","회원단체","법정외복리비[천원]","천원","122.2","126.1","117.6","97.4",
"전규모(30인이상)","회원단체","모집비[천원]","천원","7.7","1.1","2.7",".8",
"전규모(30인이상)","회원단체","교육훈련비[천원]","천원","14.7","19.9","18.6","17",
"전규모(30인이상)","회원단체","기타노동비용[천원]","천원","3.4","1.1",".9",".8",
"전규모(30인이상)","오락, 문화 및 운동관련산업","노동비용총액[천원]","천원","2915.9","2678.7","2654.6","2715.4",
"전규모(30인이상)","오락, 문화 및 운동관련산업","현금급여총계[천원]","천원","2265.9","2138","1962.4","1790.2",
"전규모(30인이상)","오락, 문화 및 운동관련산업","정액및초과[천원]","천원","1577.7","1497.3","1350.1","1217.3",
"전규모(30인이상)","오락, 문화 및 운동관련산업","상여금등특별급여[천원]","천원","688.3","640.7","612.3","572.9",
"전규모(30인이상)","오락, 문화 및 운동관련산업","현금급여외 노동비용(계)[천원]","천원","649.9","540.7","692.2","925.2",
"전규모(30인이상)","오락, 문화 및 운동관련산업","퇴직금등비용[천원]","천원","271.9","138.7","334.4","688.4",
"전규모(30인이상)","오락, 문화 및 운동관련산업","현물지급비용[천원]","천원","6.4","4.2",".6","8.2",
"전규모(30인이상)","오락, 문화 및 운동관련산업","법정복리비[천원]","천원","114.6","106.7","84.8","68.1",
"전규모(30인이상)","오락, 문화 및 운동관련산업","법정외복리비[천원]","천원","217.1","243.2","256.6","134.4",
"전규모(30인이상)","오락, 문화 및 운동관련산업","모집비[천원]","천원","1.8","2.7","3.6","2.1",
"전규모(30인이상)","오락, 문화 및 운동관련산업","교육훈련비[천원]","천원","28.2","41.2","8.3","18.4",
"전규모(30인이상)","오락, 문화 및 운동관련산업","기타노동비용[천원]","천원","10","3.9","3.9","5.6",
"전규모(30인이상)","기타 서비스업","노동비용총액[천원]","천원","1278.8","1587.1","1210.9","963.9",
"전규모(30인이상)","기타 서비스업","현금급여총계[천원]","천원","1133.8","1082.5","950.5","830.3",
"전규모(30인이상)","기타 서비스업","정액및초과[천원]","천원","924.1","864.4","781.8","688.2",
"전규모(30인이상)","기타 서비스업","상여금등특별급여[천원]","천원","209.7","218.1","168.7","142.1",
"전규모(30인이상)","기타 서비스업","현금급여외 노동비용(계)[천원]","천원","145","504.6","260.4","133.6",
"전규모(30인이상)","기타 서비스업","퇴직금등비용[천원]","천원","50.3","144.4","112.8","37.2",
"전규모(30인이상)","기타 서비스업","현물지급비용[천원]","천원","0","224.1","0","0",
"전규모(30인이상)","기타 서비스업","법정복리비[천원]","천원","42.1","46.5","41.6","32.6",
"전규모(30인이상)","기타 서비스업","법정외복리비[천원]","천원","50","83.7","94.6","52.1",
"전규모(30인이상)","기타 서비스업","모집비[천원]","천원","2.3","0","0","0",
"전규모(30인이상)","기타 서비스업","교육훈련비[천원]","천원",".3","1.5","8","6",
"전규모(30인이상)","기타 서비스업","기타노동비용[천원]","천원","0","4.3","3.4","5.7",
"중소기업(30~299인)","전산업","노동비용총액[천원]","천원","1536.4","1368.2","1268.9","1152.1",
"중소기업(30~299인)","전산업","현금급여총계[천원]","천원","1174.9","1072.7","991.3","863.2",
"중소기업(30~299인)","전산업","정액및초과[천원]","천원","930.6","850.4","806.5","714.3",
"중소기업(30~299인)","전산업","상여금등특별급여[천원]","천원","244.3","222.3","184.8","162.4",
"중소기업(30~299인)","전산업","현금급여외 노동비용(계)[천원]","천원","361.5","295.5","277.6","288.8",
"중소기업(30~299인)","전산업","퇴직금등비용[천원]","천원","169.9","116.5","116.7","140.7",
"중소기업(30~299인)","전산업","현물지급비용[천원]","천원","2.7","2.8","1.2","8",
"중소기업(30~299인)","전산업","법정복리비[천원]","천원","77.9","65.5","56.3","46.9",
"중소기업(30~299인)","전산업","법정외복리비[천원]","천원","94.4","93.1","85.3","76.6",
"중소기업(30~299인)","전산업","모집비[천원]","천원","2.7","2.1","5.1","1.8",
"중소기업(30~299인)","전산업","교육훈련비[천원]","천원","8.5","9.2","7.8","8.5",
"중소기업(30~299인)","전산업","기타노동비용[천원]","천원","5.3","6.2","5.2","6.3",
"중소기업(30~299인)","광 업(10-14)","노동비용총액[천원]","천원","1714.5","1532.8","1352.5","1353.5",
"중소기업(30~299인)","광 업(10-14)","현금급여총계[천원]","천원","1275.1","1155.8","987.6","1073.7",
"중소기업(30~299인)","광 업(10-14)","정액및초과[천원]","천원","965.4","987.7","851.8","962.5",
"중소기업(30~299인)","광 업(10-14)","상여금등특별급여[천원]","천원","309.7","168.1","135.8","139.9",
"중소기업(30~299인)","광 업(10-14)","현금급여외 노동비용(계)[천원]","천원","439.4","377","364.9","279.7",
"중소기업(30~299인)","광 업(10-14)","퇴직금등비용[천원]","천원","108","128.5","173.7","81",
"중소기업(30~299인)","광 업(10-14)","현물지급비용[천원]","천원","7.4","1.5","2.2","15.2",
"중소기업(30~299인)","광 업(10-14)","법정복리비[천원]","천원","226.7","156.7","112.9","136.8",
"중소기업(30~299인)","광 업(10-14)","법정외복리비[천원]","천원","87.1","85.1","61.1","42.8",
"중소기업(30~299인)","광 업(10-14)","모집비[천원]","천원","1.4","2.7",".8","1.2",
"중소기업(30~299인)","광 업(10-14)","교육훈련비[천원]","천원","2.3",".8","3.7","1.3",
"중소기업(30~299인)","광 업(10-14)","기타노동비용[천원]","천원","6.5","1.7","10.5","1.6",
"중소기업(30~299인)","제 조 업(15-37)","노동비용총액[천원]","천원","1333.6","1229.7","1093.2","1008.6",
"중소기업(30~299인)","제 조 업(15-37)","현금급여총계[천원]","천원","1021.2","950.3","860.1","796.9",
"중소기업(30~299인)","제 조 업(15-37)","정액및초과[천원]","천원","863","786.1","721.6","676.8",
"중소기업(30~299인)","제 조 업(15-37)","상여금등특별급여[천원]","천원","158.2","164.1","138.5","137.6",
"중소기업(30~299인)","제 조 업(15-37)","현금급여외 노동비용(계)[천원]","천원","312.5","279.5","233.1","211.7",
"중소기업(30~299인)","제 조 업(15-37)","퇴직금등비용[천원]","천원","140.7","115","94","74.5",
"중소기업(30~299인)","제 조 업(15-37)","현물지급비용[천원]","천원","3","1.7","1.1","3.4",
"중소기업(30~299인)","제 조 업(15-37)","법정복리비[천원]","천원","66.7","55.6","44.8","38.9",
"중소기업(30~299인)","제 조 업(15-37)","법정외복리비[천원]","천원","90.4","92.4","82.4","79.4",
"중소기업(30~299인)","제 조 업(15-37)","모집비[천원]","천원","1.3","1.8","2.3","1.5",
"중소기업(30~299인)","제 조 업(15-37)","교육훈련비[천원]","천원","6.6","6.8","4.6","7",
"중소기업(30~299인)","제 조 업(15-37)","기타노동비용[천원]","천원","3.8","6.1","3.9","6.9",
"중소기업(30~299인)","전기, 가스 및 수도사업(40-41)","노동비용총액[천원]","천원","2480.2","2148.9","1799.4","1507.8",
"중소기업(30~299인)","전기, 가스 및 수도사업(40-41)","현금급여총계[천원]","천원","2016.2","1687.8","1473.8","1245.9",
"중소기업(30~299인)","전기, 가스 및 수도사업(40-41)","정액및초과[천원]","천원","1096","1087.8","1049.5","919.2",
"중소기업(30~299인)","전기, 가스 및 수도사업(40-41)","상여금등특별급여[천원]","천원","920.2","600.1","424.3","323.5",
"중소기업(30~299인)","전기, 가스 및 수도사업(40-41)","현금급여외 노동비용(계)[천원]","천원","463.9","461","325.6","261.9",
"중소기업(30~299인)","전기, 가스 및 수도사업(40-41)","퇴직금등비용[천원]","천원","166.8","120","96.6","93.1",
"중소기업(30~299인)","전기, 가스 및 수도사업(40-41)","현물지급비용[천원]","천원","3.5","12.7","7","2.7",
"중소기업(30~299인)","전기, 가스 및 수도사업(40-41)","법정복리비[천원]","천원","93.7","65.2","54.4","48.3",
"중소기업(30~299인)","전기, 가스 및 수도사업(40-41)","법정외복리비[천원]","천원","162.5","224.6","137","89.6",
"중소기업(30~299인)","전기, 가스 및 수도사업(40-41)","모집비[천원]","천원","1.4","1.7","2.3","1.1",
"중소기업(30~299인)","전기, 가스 및 수도사업(40-41)","교육훈련비[천원]","천원","21.5","33.3","25","22.1",
"중소기업(30~299인)","전기, 가스 및 수도사업(40-41)","기타노동비용[천원]","천원","14.6","3.5","3.3","4.9",
"중소기업(30~299인)","건설업(45)","노동비용총액[천원]","천원","1932.8","1830.5","1722.8","1400.4",
"중소기업(30~299인)","건설업(45)","현금급여총계[천원]","천원","1443","1330.5","1230","1036.4",
"중소기업(30~299인)","건설업(45)","정액및초과[천원]","천원","1160.3","1084.4","1030.8","846.7",
"중소기업(30~299인)","건설업(45)","상여금등특별급여[천원]","천원","282.7","246.1","199.2","193",
"중소기업(30~299인)","건설업(45)","현금급여외 노동비용(계)[천원]","천원","489.8","500","492.8","364",
"중소기업(30~299인)","건설업(45)","퇴직금등비용[천원]","천원","137.9","127.4","114.8","79.3",
"중소기업(30~299인)","건설업(45)","현물지급비용[천원]","천원","0","2.4","0",".8",
"중소기업(30~299인)","건설업(45)","법정복리비[천원]","천원","273.1","248.6","222.5","162.9",
"중소기업(30~299인)","건설업(45)","법정외복리비[천원]","천원","65.6","95","95.3","79.6",
"중소기업(30~299인)","건설업(45)","모집비[천원]","천원","1","3.8","14","3.9",
"중소기업(30~299인)","건설업(45)","교육훈련비[천원]","천원","10.1","16.7","41.4","34.2",
"중소기업(30~299인)","건설업(45)","기타노동비용[천원]","천원","2.1","6.2","4.8","3.3",
"중소기업(30~299인)","도,소매 및 소비자용품 수리업(50-52)","노동비용총액[천원]","천원","1521.4","1572.7","1463.2","1234.9",
"중소기업(30~299인)","도,소매 및 소비자용품 수리업(50-52)","현금급여총계[천원]","천원","1169.7","1278.2","1121.4","922.7",
"중소기업(30~299인)","도,소매 및 소비자용품 수리업(50-52)","정액및초과[천원]","천원","932","1025.2","927.3","755.8",
"중소기업(30~299인)","도,소매 및 소비자용품 수리업(50-52)","상여금등특별급여[천원]","천원","237.7","253","194.1","181.5",
"중소기업(30~299인)","도,소매 및 소비자용품 수리업(50-52)","현금급여외 노동비용(계)[천원]","천원","351.7","294.5","341.8","312.2",
"중소기업(30~299인)","도,소매 및 소비자용품 수리업(50-52)","퇴직금등비용[천원]","천원","122.1","114.7","141.4","101.7",
"중소기업(30~299인)","도,소매 및 소비자용품 수리업(50-52)","현물지급비용[천원]","천원","2","2.1",".7","96.5",
"중소기업(30~299인)","도,소매 및 소비자용품 수리업(50-52)","법정복리비[천원]","천원","71.7","57.1","43.7","32.7",
"중소기업(30~299인)","도,소매 및 소비자용품 수리업(50-52)","법정외복리비[천원]","천원","107.8","102.8","86.2","71.6",
"중소기업(30~299인)","도,소매 및 소비자용품 수리업(50-52)","모집비[천원]","천원","10.7","1.8","62.5","1.5",
"중소기업(30~299인)","도,소매 및 소비자용품 수리업(50-52)","교육훈련비[천원]","천원","12.1","8.5","4.1","5",
"중소기업(30~299인)","도,소매 및 소비자용품 수리업(50-52)","기타노동비용[천원]","천원","25.3","7.4","3.2","3.2",
"중소기업(30~299인)","숙박 및 음식점업(55)","노동비용총액[천원]","천원","1068.7","1161.8","1057.1","838.8",
"중소기업(30~299인)","숙박 및 음식점업(55)","현금급여총계[천원]","천원","863.8","916.4","813.6","658",
"중소기업(30~299인)","숙박 및 음식점업(55)","정액및초과[천원]","천원","742.2","770","687.3","578.7",
"중소기업(30~299인)","숙박 및 음식점업(55)","상여금등특별급여[천원]","천원","121.7","146.4","126.3","92.8",
"중소기업(30~299인)","숙박 및 음식점업(55)","현금급여외 노동비용(계)[천원]","천원","204.8","245.4","243.5","180.8",
"중소기업(30~299인)","숙박 및 음식점업(55)","퇴직금등비용[천원]","천원","61.1","97.4","100.6","62.5",
"중소기업(30~299인)","숙박 및 음식점업(55)","현물지급비용[천원]","천원","1.2","1.4",".9","4.5",
"중소기업(30~299인)","숙박 및 음식점업(55)","법정복리비[천원]","천원","52.2","43.6","42.7","27.8",
"중소기업(30~299인)","숙박 및 음식점업(55)","법정외복리비[천원]","천원","65.7","93.8","86.5","80.6",
"중소기업(30~299인)","숙박 및 음식점업(55)","모집비[천원]","천원","15.4","4","1.9",".4",
"중소기업(30~299인)","숙박 및 음식점업(55)","교육훈련비[천원]","천원","6.5","1.9","4.8","1",
"중소기업(30~299인)","숙박 및 음식점업(55)","기타노동비용[천원]","천원","2.7","3.3","6.1","3.9",
"중소기업(30~299인)","운수, 창고 및 통신업(60-64)","노동비용총액[천원]","천원","1296.9","902.1","966.7","1046.5",
"중소기업(30~299인)","운수, 창고 및 통신업(60-64)","현금급여총계[천원]","천원","968.5","705.4","745.2","568.5",
"중소기업(30~299인)","운수, 창고 및 통신업(60-64)","정액및초과[천원]","천원","782.3","608","661.2","514.8",
"중소기업(30~299인)","운수, 창고 및 통신업(60-64)","상여금등특별급여[천원]","천원","186.2","97.5","84","69.6",
"중소기업(30~299인)","운수, 창고 및 통신업(60-64)","현금급여외 노동비용(계)[천원]","천원","328.4","196.6","221.5","478",
"중소기업(30~299인)","운수, 창고 및 통신업(60-64)","퇴직금등비용[천원]","천원","152.7","76.6","104.5","374.1",
"중소기업(30~299인)","운수, 창고 및 통신업(60-64)","현물지급비용[천원]","천원","3.1","4.2","2.4","7.1",
"중소기업(30~299인)","운수, 창고 및 통신업(60-64)","법정복리비[천원]","천원","68.8","48.2","44.7","39.2",
"중소기업(30~299인)","운수, 창고 및 통신업(60-64)","법정외복리비[천원]","천원","94.4","54.4","60.6","48.8",
"중소기업(30~299인)","운수, 창고 및 통신업(60-64)","모집비[천원]","천원","1.3","1.8","1","1.8",
"중소기업(30~299인)","운수, 창고 및 통신업(60-64)","교육훈련비[천원]","천원","4.3","5.2","2.7","2.7",
"중소기업(30~299인)","운수, 창고 및 통신업(60-64)","기타노동비용[천원]","천원","3.8","6.2","5.6","4.3",
"중소기업(30~299인)","금융 및 보험업(65-67)","노동비용총액[천원]","천원","2444.2","2543.6","2518.5","2311.8",
"중소기업(30~299인)","금융 및 보험업(65-67)","현금급여총계[천원]","천원","1797","1942","1818.2","1542.1",
"중소기업(30~299인)","금융 및 보험업(65-67)","정액및초과[천원]","천원","1186.9","1251.8","1188.1","1075.6",
"중소기업(30~299인)","금융 및 보험업(65-67)","상여금등특별급여[천원]","천원","610.1","690.2","630.1","472",
"중소기업(30~299인)","금융 및 보험업(65-67)","현금급여외 노동비용(계)[천원]","천원","647.2","601.5","700.3","769.7",
"중소기업(30~299인)","금융 및 보험업(65-67)","퇴직금등비용[천원]","천원","408.1","293.2","387.2","473.5",
"중소기업(30~299인)","금융 및 보험업(65-67)","현물지급비용[천원]","천원","1.5","1.9","1.1","2.1",
"중소기업(30~299인)","금융 및 보험업(65-67)","법정복리비[천원]","천원","79.1","64.3","57.9","43.3",
"중소기업(30~299인)","금융 및 보험업(65-67)","법정외복리비[천원]","천원","131.2","200.1","210.4","201.2",
"중소기업(30~299인)","금융 및 보험업(65-67)","모집비[천원]","천원",".4","1.2","3","5.2",
"중소기업(30~299인)","금융 및 보험업(65-67)","교육훈련비[천원]","천원","14.6","28.8","22.7","23.2",
"중소기업(30~299인)","금융 및 보험업(65-67)","기타노동비용[천원]","천원","12.3","12","18","21.3",
"중소기업(30~299인)","부동산 및 사업서비스업(70-74)","노동비용총액[천원]","천원","1654.6","1375.2","1202.6","1155.1",
"중소기업(30~299인)","부동산 및 사업서비스업(70-74)","현금급여총계[천원]","천원","1216.3","1106.9","990.4","939.4",
"중소기업(30~299인)","부동산 및 사업서비스업(70-74)","정액및초과[천원]","천원","959.2","880.1","827","775.2",
"중소기업(30~299인)","부동산 및 사업서비스업(70-74)","상여금등특별급여[천원]","천원","257.1","226.7","163.4","169.4",
"중소기업(30~299인)","부동산 및 사업서비스업(70-74)","현금급여외 노동비용(계)[천원]","천원","438.2","268.4","212.2","215.6",
"중소기업(30~299인)","부동산 및 사업서비스업(70-74)","퇴직금등비용[천원]","천원","254.5","118.7","99","114.1",
"중소기업(30~299인)","부동산 및 사업서비스업(70-74)","현물지급비용[천원]","천원","2.2","2.2",".1",".7",
"중소기업(30~299인)","부동산 및 사업서비스업(70-74)","법정복리비[천원]","천원","63.7","50","39.1","30.2",
"중소기업(30~299인)","부동산 및 사업서비스업(70-74)","법정외복리비[천원]","천원","93.3","75.1","60.7","55.5",
"중소기업(30~299인)","부동산 및 사업서비스업(70-74)","모집비[천원]","천원","3.6","3.4","2.2","1.7",
"중소기업(30~299인)","부동산 및 사업서비스업(70-74)","교육훈련비[천원]","천원","17.3","11","4.7","6.3",
"중소기업(30~299인)","부동산 및 사업서비스업(70-74)","기타노동비용[천원]","천원","3.6","7.9","6.4","7.1",
"중소기업(30~299인)","교육 서비스업(80)","노동비용총액[천원]","천원","2149.5","1805","1728.9","1400.7",
"중소기업(30~299인)","교육 서비스업(80)","현금급여총계[천원]","천원","2007.2","1692.6","1615","1311.8",
"중소기업(30~299인)","교육 서비스업(80)","정액및초과[천원]","천원","1611.5","1269.5","1231.5","919.7",
"중소기업(30~299인)","교육 서비스업(80)","상여금등특별급여[천원]","천원","395.7","423","383.5","392.1",
"중소기업(30~299인)","교육 서비스업(80)","현금급여외 노동비용(계)[천원]","천원","142.3","112.5","113.9","89",
"중소기업(30~299인)","교육 서비스업(80)","퇴직금등비용[천원]","천원","12.5","3.7","5.4","6.2",
"중소기업(30~299인)","교육 서비스업(80)","현물지급비용[천원]","천원","0","0","0","0",
"중소기업(30~299인)","교육 서비스업(80)","법정복리비[천원]","천원","68.6","64.9","71.7","46.2",
"중소기업(30~299인)","교육 서비스업(80)","법정외복리비[천원]","천원","43.4","31.4","19.2","29.9",
"중소기업(30~299인)","교육 서비스업(80)","모집비[천원]","천원","10.6","5.1","4.6","0",
"중소기업(30~299인)","교육 서비스업(80)","교육훈련비[천원]","천원","6.4","7.3","12.6","6.5",
"중소기업(30~299인)","교육 서비스업(80)","기타노동비용[천원]","천원",".8","0",".4",".2",
"중소기업(30~299인)","보건 및 사회복지사업(85)","노동비용총액[천원]","천원","1548.6","1336.7","1238.5","1125.5",
"중소기업(30~299인)","보건 및 사회복지사업(85)","현금급여총계[천원]","천원","1323.9","1170.8","1074.8","966.6",
"중소기업(30~299인)","보건 및 사회복지사업(85)","정액및초과[천원]","천원","1110.7","983.9","916.8","797",
"중소기업(30~299인)","보건 및 사회복지사업(85)","상여금등특별급여[천원]","천원","213.2","186.9","158","164.9",
"중소기업(30~299인)","보건 및 사회복지사업(85)","현금급여외 노동비용(계)[천원]","천원","224.7","165.9","163.7","159",
"중소기업(30~299인)","보건 및 사회복지사업(85)","퇴직금등비용[천원]","천원","89","57.2","61.5","61.4",
"중소기업(30~299인)","보건 및 사회복지사업(85)","현물지급비용[천원]","천원","0","0","1.3","8.1",
"중소기업(30~299인)","보건 및 사회복지사업(85)","법정복리비[천원]","천원","60.7","53","39.6","30.1",
"중소기업(30~299인)","보건 및 사회복지사업(85)","법정외복리비[천원]","천원","71.1","49","56.1","51.8",
"중소기업(30~299인)","보건 및 사회복지사업(85)","모집비[천원]","천원",".8","3",".5","1.3",
"중소기업(30~299인)","보건 및 사회복지사업(85)","교육훈련비[천원]","천원","1.6","2.9","2.9","3.8",
"중소기업(30~299인)","보건 및 사회복지사업(85)","기타노동비용[천원]","천원","1.4",".9","1.8","2.3",
"중소기업(30~299인)","기타 공공, 사회 및 개인서비스업(90-93)","노동비용총액[천원]","천원","1860.3","1528.7","1345.7","1104.2",
"중소기업(30~299인)","기타 공공, 사회 및 개인서비스업(90-93)","현금급여총계[천원]","천원","1379.4","1206.7","1039.2","836.7",
"중소기업(30~299인)","기타 공공, 사회 및 개인서비스업(90-93)","정액및초과[천원]","천원","908.6","874.6","789.7","692.5",
"중소기업(30~299인)","기타 공공, 사회 및 개인서비스업(90-93)","상여금등특별급여[천원]","천원","470.8","332","249.5","169.3",
"중소기업(30~299인)","기타 공공, 사회 및 개인서비스업(90-93)","현금급여외 노동비용(계)[천원]","천원","480.9","322","306.5","267.5",
"중소기업(30~299인)","기타 공공, 사회 및 개인서비스업(90-93)","퇴직금등비용[천원]","천원","243.4","107.1","136.9","123.4",
"중소기업(30~299인)","기타 공공, 사회 및 개인서비스업(90-93)","현물지급비용[천원]","천원","4.5","13.7",".9","9.3",
"중소기업(30~299인)","기타 공공, 사회 및 개인서비스업(90-93)","법정복리비[천원]","천원","77.6","67.3","59.2","50.1",
"중소기업(30~299인)","기타 공공, 사회 및 개인서비스업(90-93)","법정외복리비[천원]","천원","132","116.1","97.1","75.4",
"중소기업(30~299인)","기타 공공, 사회 및 개인서비스업(90-93)","모집비[천원]","천원","10.7",".7","1.5",".6",
"중소기업(30~299인)","기타 공공, 사회 및 개인서비스업(90-93)","교육훈련비[천원]","천원","7.7","9.4","6","5.6",
"중소기업(30~299인)","기타 공공, 사회 및 개인서비스업(90-93)","기타노동비용[천원]","천원","5.1","7.7","4.9","3.2",
"대기업(300인이상)","전산업","노동비용총액[천원]","천원","2139.3","1945.8","1795.7","1584",
"대기업(300인이상)","전산업","현금급여총계[천원]","천원","1581.4","1513.4","1340.7","1200.4",
"대기업(300인이상)","전산업","정액및초과[천원]","천원","1159.6","1111.7","995.7","893.4",
"대기업(300인이상)","전산업","상여금등특별급여[천원]","천원","421.8","401.7","345","304.7",
"대기업(300인이상)","전산업","현금급여외 노동비용(계)[천원]","천원","557.9","432.4","455","383.6",
"대기업(300인이상)","전산업","퇴직금등비용[천원]","천원","234.7","140.8","217","146.5",
"대기업(300인이상)","전산업","현물지급비용[천원]","천원","5.6","4.4","1.1","5.3",
"대기업(300인이상)","전산업","법정복리비[천원]","천원","100.2","83.3","66","56.5",
"대기업(300인이상)","전산업","법정외복리비[천원]","천원","160.3","146.4","126.2","135",
"대기업(300인이상)","전산업","모집비[천원]","천원","1.9","2.9","3.2","3.4",
"대기업(300인이상)","전산업","교육훈련비[천원]","천원","42.8","43.4","28.4","28",
"대기업(300인이상)","전산업","기타노동비용[천원]","천원","12.4","11.1","13.1","8.9",
"대기업(300인이상)","광 업(10-14)","노동비용총액[천원]","천원","3087.1","2481.1","2207.7","1899.7",
"대기업(300인이상)","광 업(10-14)","현금급여총계[천원]","천원","1762.2","1482.6","1345.2","1142.6",
"대기업(300인이상)","광 업(10-14)","정액및초과[천원]","천원","1302.2","1132.5","1053.9","874",
"대기업(300인이상)","광 업(10-14)","상여금등특별급여[천원]","천원","460","350.1","291.3","258.4",
"대기업(300인이상)","광 업(10-14)","현금급여외 노동비용(계)[천원]","천원","1324.8","998.6","862.5","757.1",
"대기업(300인이상)","광 업(10-14)","퇴직금등비용[천원]","천원","576","301.2","378.7","224.8",
"대기업(300인이상)","광 업(10-14)","현물지급비용[천원]","천원","1.7","9.5",".4","9",
"대기업(300인이상)","광 업(10-14)","법정복리비[천원]","천원","539.5","541.4","396","444.1",
"대기업(300인이상)","광 업(10-14)","법정외복리비[천원]","천원","186.3","127.9","73.4","69.5",
"대기업(300인이상)","광 업(10-14)","모집비[천원]","천원","1.4","3.8",".8",".4",
"대기업(300인이상)","광 업(10-14)","교육훈련비[천원]","천원","14.7","11.1","8.1","6.8",
"대기업(300인이상)","광 업(10-14)","기타노동비용[천원]","천원","5.3","3.7","5.1","2.4",
"대기업(300인이상)","제 조 업(15-37)","노동비용총액[천원]","천원","1944.8","1754.2","1569.5","1441.7",
"대기업(300인이상)","제 조 업(15-37)","현금급여총계[천원]","천원","1438.9","1374.7","1214.8","1105.9",
"대기업(300인이상)","제 조 업(15-37)","정액및초과[천원]","천원","1073.7","1012","909","819.7",
"대기업(300인이상)","제 조 업(15-37)","상여금등특별급여[천원]","천원","365.3","362.7","305.8","282.9",
"대기업(300인이상)","제 조 업(15-37)","현금급여외 노동비용(계)[천원]","천원","505.9","379.6","354.7","335.8",
"대기업(300인이상)","제 조 업(15-37)","퇴직금등비용[천원]","천원","222.5","130.7","149.5","138.2",
"대기업(300인이상)","제 조 업(15-37)","현물지급비용[천원]","천원","6.9","5.6","2","4.6",
"대기업(300인이상)","제 조 업(15-37)","법정복리비[천원]","천원","90.5","72.2","60.4","50.7",
"대기업(300인이상)","제 조 업(15-37)","법정외복리비[천원]","천원","140","124.7","100.4","103.1",
"대기업(300인이상)","제 조 업(15-37)","모집비[천원]","천원","1.7","3.1","3.2","3.8",
"대기업(300인이상)","제 조 업(15-37)","교육훈련비[천원]","천원","33.3","34.2","31.4","29.9",
"대기업(300인이상)","제 조 업(15-37)","기타노동비용[천원]","천원","11","9","7.8","5.6",
"대기업(300인이상)","전기, 가스 및 수도사업(40-41)","노동비용총액[천원]","천원","2911","2692.6","2212.7","1976.6",
"대기업(300인이상)","전기, 가스 및 수도사업(40-41)","현금급여총계[천원]","천원","2172.2","1933.5","1614.9","1434",
"대기업(300인이상)","전기, 가스 및 수도사업(40-41)","정액및초과[천원]","천원","1462.9","1391.4","1204.4","1081.6",
"대기업(300인이상)","전기, 가스 및 수도사업(40-41)","상여금등특별급여[천원]","천원","709.2","542.1","410.5","352.6",
"대기업(300인이상)","전기, 가스 및 수도사업(40-41)","현금급여외 노동비용(계)[천원]","천원","738.8","759.1","597.8","542.6",
"대기업(300인이상)","전기, 가스 및 수도사업(40-41)","퇴직금등비용[천원]","천원","332","318.2","274.7","194.5",
"대기업(300인이상)","전기, 가스 및 수도사업(40-41)","현물지급비용[천원]","천원",".8","0",".1",".1",
"대기업(300인이상)","전기, 가스 및 수도사업(40-41)","법정복리비[천원]","천원","85.5","77.8","54.5","50.6",
"대기업(300인이상)","전기, 가스 및 수도사업(40-41)","법정외복리비[천원]","천원","258.6","292.7","248.7","277.8",
"대기업(300인이상)","전기, 가스 및 수도사업(40-41)","모집비[천원]","천원","1.9","2.2","2.3","1.9",
"대기업(300인이상)","전기, 가스 및 수도사업(40-41)","교육훈련비[천원]","천원","54","65.8","16.5","17.1",
"대기업(300인이상)","전기, 가스 및 수도사업(40-41)","기타노동비용[천원]","천원","6.1","2.4","1",".6",
"대기업(300인이상)","건설업(45)","노동비용총액[천원]","천원","2582","2381.3","2005.6","1979.6",
"대기업(300인이상)","건설업(45)","현금급여총계[천원]","천원","1821.2","1703.1","1471.6","1418.7",
"대기업(300인이상)","건설업(45)","정액및초과[천원]","천원","1399.9","1304.6","1118.1","1063.6",
"대기업(300인이상)","건설업(45)","상여금등특별급여[천원]","천원","421.3","398.5","353.5","354.3",
"대기업(300인이상)","건설업(45)","현금급여외 노동비용(계)[천원]","천원","760.8","678.2","534","560.9",
"대기업(300인이상)","건설업(45)","퇴직금등비용[천원]","천원","223.7","194.3","166.5","201.8",
"대기업(300인이상)","건설업(45)","현물지급비용[천원]","천원","1.2","3.6",".5","1.3",
"대기업(300인이상)","건설업(45)","법정복리비[천원]","천원","331.1","229.2","163.5","159.8",
"대기업(300인이상)","건설업(45)","법정외복리비[천원]","천원","121.2","179.7","146.7","144.5",
"대기업(300인이상)","건설업(45)","모집비[천원]","천원","3.6","1.9","5.2","6.4",
"대기업(300인이상)","건설업(45)","교육훈련비[천원]","천원","64.6","56.5","38.4","35.9",
"대기업(300인이상)","건설업(45)","기타노동비용[천원]","천원","15.5","13","13.2","11.3",
"대기업(300인이상)","도,소매 및 소비자용품 수리업(50-52)","노동비용총액[천원]","천원","2006.2","1749.9","1609","1447.5",
"대기업(300인이상)","도,소매 및 소비자용품 수리업(50-52)","현금급여총계[천원]","천원","1558.1","1396.9","1259.5","1172.2",
"대기업(300인이상)","도,소매 및 소비자용품 수리업(50-52)","정액및초과[천원]","천원","1151.6","1040.1","929.9","851.8",
"대기업(300인이상)","도,소매 및 소비자용품 수리업(50-52)","상여금등특별급여[천원]","천원","406.5","356.9","329.6","318",
"대기업(300인이상)","도,소매 및 소비자용품 수리업(50-52)","현금급여외 노동비용(계)[천원]","천원","448.1","352.9","349.5","275.3",
"대기업(300인이상)","도,소매 및 소비자용품 수리업(50-52)","퇴직금등비용[천원]","천원","138.4","104.9","111.1","95.4",
"대기업(300인이상)","도,소매 및 소비자용품 수리업(50-52)","현물지급비용[천원]","천원","3.9","14.4",".8","5.9",
"대기업(300인이상)","도,소매 및 소비자용품 수리업(50-52)","법정복리비[천원]","천원","95.4","65.7","50.4","39.8",
"대기업(300인이상)","도,소매 및 소비자용품 수리업(50-52)","법정외복리비[천원]","천원","159.1","118.3","112.1","86.6",
"대기업(300인이상)","도,소매 및 소비자용품 수리업(50-52)","모집비[천원]","천원","2.9","4.9","2.9","2.4",
"대기업(300인이상)","도,소매 및 소비자용품 수리업(50-52)","교육훈련비[천원]","천원","38.7","32.5","28.3","32.1",
"대기업(300인이상)","도,소매 및 소비자용품 수리업(50-52)","기타노동비용[천원]","천원","9.7","12.2","43.9","13.1",
"대기업(300인이상)","숙박 및 음식점업(55)","노동비용총액[천원]","천원","1698.3","1561.3","1416.9","1212.9",
"대기업(300인이상)","숙박 및 음식점업(55)","현금급여총계[천원]","천원","1312.4","1213.7","1103.5","951.8",
"대기업(300인이상)","숙박 및 음식점업(55)","정액및초과[천원]","천원","988.7","922.5","853.3","763.3",
"대기업(300인이상)","숙박 및 음식점업(55)","상여금등특별급여[천원]","천원","323.7","291.2","250.2","186.5",
"대기업(300인이상)","숙박 및 음식점업(55)","현금급여외 노동비용(계)[천원]","천원","385.9","347.6","313.4","261.1",
"대기업(300인이상)","숙박 및 음식점업(55)","퇴직금등비용[천원]","천원","126","106.9","81.3","72.1",
"대기업(300인이상)","숙박 및 음식점업(55)","현물지급비용[천원]","천원","7.2","7.4",".1",".3",
"대기업(300인이상)","숙박 및 음식점업(55)","법정복리비[천원]","천원","79.5","64.2","52.4","47.9",
"대기업(300인이상)","숙박 및 음식점업(55)","법정외복리비[천원]","천원","147.7","142.2","133.2","112",
"대기업(300인이상)","숙박 및 음식점업(55)","모집비[천원]","천원",".8",".6",".6","1.1",
"대기업(300인이상)","숙박 및 음식점업(55)","교육훈련비[천원]","천원","14","20.3","16.3","17.2",
"대기업(300인이상)","숙박 및 음식점업(55)","기타노동비용[천원]","천원","10.7","5.8","29.5","10.5",
"대기업(300인이상)","운수, 창고 및 통신업(60-64)","노동비용총액[천원]","천원","2053.5","1854.4","2015.3","1426.2",
"대기업(300인이상)","운수, 창고 및 통신업(60-64)","현금급여총계[천원]","천원","1485.8","1380.2","1130","1029.3",
"대기업(300인이상)","운수, 창고 및 통신업(60-64)","정액및초과[천원]","천원","1150.6","1089.2","920.7","837.3",
"대기업(300인이상)","운수, 창고 및 통신업(60-64)","상여금등특별급여[천원]","천원","335.2","290.9","209.3","189.5",
"대기업(300인이상)","운수, 창고 및 통신업(60-64)","현금급여외 노동비용(계)[천원]","천원","567.7","474.2","885.3","397",
"대기업(300인이상)","운수, 창고 및 통신업(60-64)","퇴직금등비용[천원]","천원","160","114.5","596.2","72.4",
"대기업(300인이상)","운수, 창고 및 통신업(60-64)","현물지급비용[천원]","천원",".3","2.5",".1","16.3",
"대기업(300인이상)","운수, 창고 및 통신업(60-64)","법정복리비[천원]","천원","90.8","75.8","59.8","50.5",
"대기업(300인이상)","운수, 창고 및 통신업(60-64)","법정외복리비[천원]","천원","214.3","189.5","171.6","207.9",
"대기업(300인이상)","운수, 창고 및 통신업(60-64)","모집비[천원]","천원","2",".6","1",".6",
"대기업(300인이상)","운수, 창고 및 통신업(60-64)","교육훈련비[천원]","천원","81.6","63.6","24.8","25.3",
"대기업(300인이상)","운수, 창고 및 통신업(60-64)","기타노동비용[천원]","천원","18.6","27.6","31.8","23.9",
"대기업(300인이상)","금융 및 보험업(65-67)","노동비용총액[천원]","천원","3336.7","2539.5","2366.4","2126.2",
"대기업(300인이상)","금융 및 보험업(65-67)","현금급여총계[천원]","천원","2233.8","2057.6","1909.2","1639.9",
"대기업(300인이상)","금융 및 보험업(65-67)","정액및초과[천원]","천원","1433.1","1352.3","1261.3","1103.2",
"대기업(300인이상)","금융 및 보험업(65-67)","상여금등특별급여[천원]","천원","800.8","705.3","647.9","536.1",
"대기업(300인이상)","금융 및 보험업(65-67)","현금급여외 노동비용(계)[천원]","천원","1102.9","481.9","457.2","486.3",
"대기업(300인이상)","금융 및 보험업(65-67)","퇴직금등비용[천원]","천원","660.7","156.9","201.7","145.3",
"대기업(300인이상)","금융 및 보험업(65-67)","현물지급비용[천원]","천원","12","1.3",".2","1.2",
"대기업(300인이상)","금융 및 보험업(65-67)","법정복리비[천원]","천원","98.5","76","56.7","47.3",
"대기업(300인이상)","금융 및 보험업(65-67)","법정외복리비[천원]","천원","243.4","162.8","147.7","238.9",
"대기업(300인이상)","금융 및 보험업(65-67)","모집비[천원]","천원",".6","2.3","6.8","7.5",
"대기업(300인이상)","금융 및 보험업(65-67)","교육훈련비[천원]","천원","60.1","70.6","33.2","35.7",
"대기업(300인이상)","금융 및 보험업(65-67)","기타노동비용[천원]","천원","27.7","11.9","10.9","10.6",
"대기업(300인이상)","부동산 및 사업서비스업(70-74)","노동비용총액[천원]","천원","1865.8","1601.3","1452.5","1400.4",
"대기업(300인이상)","부동산 및 사업서비스업(70-74)","현금급여총계[천원]","천원","1474.8","1310.9","1215","1050.1",
"대기업(300인이상)","부동산 및 사업서비스업(70-74)","정액및초과[천원]","천원","1109.7","1007.3","936.4","827",
"대기업(300인이상)","부동산 및 사업서비스업(70-74)","상여금등특별급여[천원]","천원","365","303.6","278.6","222.1",
"대기업(300인이상)","부동산 및 사업서비스업(70-74)","현금급여외 노동비용(계)[천원]","천원","391.1","290.5","237.5","350.3",
"대기업(300인이상)","부동산 및 사업서비스업(70-74)","퇴직금등비용[천원]","천원","127.1","90.4","73","230.2",
"대기업(300인이상)","부동산 및 사업서비스업(70-74)","현물지급비용[천원]","천원","7.3","2.9",".6","3.1",
"대기업(300인이상)","부동산 및 사업서비스업(70-74)","법정복리비[천원]","천원","82.6","65.7","49.2","31.9",
"대기업(300인이상)","부동산 및 사업서비스업(70-74)","법정외복리비[천원]","천원","124.8","76.9","59.2","40.9",
"대기업(300인이상)","부동산 및 사업서비스업(70-74)","모집비[천원]","천원","2.9","7","3.1","2",
"대기업(300인이상)","부동산 및 사업서비스업(70-74)","교육훈련비[천원]","천원","38.6","39.5","41.3","34.4",
"대기업(300인이상)","부동산 및 사업서비스업(70-74)","기타노동비용[천원]","천원","7.9","8.1","11.1","7.8",
"대기업(300인이상)","교육 서비스업(80)","노동비용총액[천원]","천원","2536.4","2465.2","2260.6","2019.2",
"대기업(300인이상)","교육 서비스업(80)","현금급여총계[천원]","천원","2410.9","2203.8","2059.5","1851.3",
"대기업(300인이상)","교육 서비스업(80)","정액및초과[천원]","천원","1574.4","1525.3","1402.1","1298.7",
"대기업(300인이상)","교육 서비스업(80)","상여금등특별급여[천원]","천원","836.5","678.5","657.4","552.6",
"대기업(300인이상)","교육 서비스업(80)","현금급여외 노동비용(계)[천원]","천원","125.6","261.3","201.1","167.8",
"대기업(300인이상)","교육 서비스업(80)","퇴직금등비용[천원]","천원","22.8","114.1","54","52.8",
"대기업(300인이상)","교육 서비스업(80)","현물지급비용[천원]","천원",".2","0","0","0",
"대기업(300인이상)","교육 서비스업(80)","법정복리비[천원]","천원","56.6","79.5","72.3","64.3",
"대기업(300인이상)","교육 서비스업(80)","법정외복리비[천원]","천원","24.2","44.2","58.6","29.5",
"대기업(300인이상)","교육 서비스업(80)","모집비[천원]","천원","8.6","8.4","8","10.9",
"대기업(300인이상)","교육 서비스업(80)","교육훈련비[천원]","천원","12.7","13.8","6.8","7.7",
"대기업(300인이상)","교육 서비스업(80)","기타노동비용[천원]","천원",".5","1.3","1.4","2.7",
"대기업(300인이상)","보건 및 사회복지사업(85)","노동비용총액[천원]","천원","1838.3","1714.3","1519.7","1382.9",
"대기업(300인이상)","보건 및 사회복지사업(85)","현금급여총계[천원]","천원","1592.8","1477.3","1344.5","1196.2",
"대기업(300인이상)","보건 및 사회복지사업(85)","정액및초과[천원]","천원","1170.2","1077.4","982.9","884.1",
"대기업(300인이상)","보건 및 사회복지사업(85)","상여금등특별급여[천원]","천원","422.6","399.9","361.6","313.4",
"대기업(300인이상)","보건 및 사회복지사업(85)","현금급여외 노동비용(계)[천원]","천원","245.5","237","175.2","186.7",
"대기업(300인이상)","보건 및 사회복지사업(85)","퇴직금등비용[천원]","천원","91.9","84.7","44.7","59.8",
"대기업(300인이상)","보건 및 사회복지사업(85)","현물지급비용[천원]","천원","0","1.1",".1",".8",
"대기업(300인이상)","보건 및 사회복지사업(85)","법정복리비[천원]","천원","64.6","74","53.9","44.9",
"대기업(300인이상)","보건 및 사회복지사업(85)","법정외복리비[천원]","천원","74.2","61.8","63","66.7",
"대기업(300인이상)","보건 및 사회복지사업(85)","모집비[천원]","천원",".2",".5","1.7",".3",
"대기업(300인이상)","보건 및 사회복지사업(85)","교육훈련비[천원]","천원","12.5","13","10","13.1",
"대기업(300인이상)","보건 및 사회복지사업(85)","기타노동비용[천원]","천원","2.1","1.9","1.8","1.1",
"대기업(300인이상)","기타 공공, 사회 및 개인서비스업(90-93)","노동비용총액[천원]","천원","2793.8","2663.9","2513","2519.7",
"대기업(300인이상)","기타 공공, 사회 및 개인서비스업(90-93)","현금급여총계[천원]","천원","2207.5","2126.5","1863.1","1677.3",
"대기업(300인이상)","기타 공공, 사회 및 개인서비스업(90-93)","정액및초과[천원]","천원","1575","1513.4","1319.3","1167.9",
"대기업(300인이상)","기타 공공, 사회 및 개인서비스업(90-93)","상여금등특별급여[천원]","천원","632.5","613.1","543.8","502.5",
"대기업(300인이상)","기타 공공, 사회 및 개인서비스업(90-93)","현금급여외 노동비용(계)[천원]","천원","586.3","537.3","649.9","842.4",
"대기업(300인이상)","기타 공공, 사회 및 개인서비스업(90-93)","퇴직금등비용[천원]","천원","232.7","148.7","313.1","614.8",
"대기업(300인이상)","기타 공공, 사회 및 개인서비스업(90-93)","현물지급비용[천원]","천원","5.4","4",".7","6.8",
"대기업(300인이상)","기타 공공, 사회 및 개인서비스업(90-93)","법정복리비[천원]","천원","112.7","103.6","80.3","61.6",
"대기업(300인이상)","기타 공공, 사회 및 개인서비스업(90-93)","법정외복리비[천원]","천원","198.3","234","237.3","133",
"대기업(300인이상)","기타 공공, 사회 및 개인서비스업(90-93)","모집비[천원]","천원","1.7","2.7","3.6","1.9",
"대기업(300인이상)","기타 공공, 사회 및 개인서비스업(90-93)","교육훈련비[천원]","천원","26.7","41.5","11.9","19.9",
"대기업(300인이상)","기타 공공, 사회 및 개인서비스업(90-93)","기타노동비용[천원]","천원","8.8","3","3","4.4",
"1규모(30~99인)","전산업","노동비용총액[천원]","천원","1341.7","1292.7","1202","1178.2",
"1규모(30~99인)","전산업","현금급여총계[천원]","천원","1081.4","1032.3","957.7","837.9",
"1규모(30~99인)","전산업","정액및초과[천원]","천원","897.3","840.8","800.3","714.6",
"1규모(30~99인)","전산업","상여금등특별급여[천원]","천원","184.1","191.5","157.4","140.1",
"1규모(30~99인)","전산업","현금급여외 노동비용(계)[천원]","천원","260.3","260.4","244.3","340.3",
"1규모(30~99인)","전산업","퇴직금등비용[천원]","천원","91.4","90","95.7","193.1",
"1규모(30~99인)","전산업","현물지급비용[천원]","천원","2.4","4.3","1.1","17.5",
"1규모(30~99인)","전산업","법정복리비[천원]","천원","70.8","61.6","52.5","44.6",
"1규모(30~99인)","전산업","법정외복리비[천원]","천원","83.1","91.3","80.2","72.5",
"1규모(30~99인)","전산업","모집비[천원]","천원","1.9","1.6","3.8","1.7",
"1규모(30~99인)","전산업","교육훈련비[천원]","천원","5.6","5.6","6.4","5.4",
"1규모(30~99인)","전산업","기타노동비용[천원]","천원","5.1","6.1","4.6","5.4",
"1규모(30~99인)","광 업(10-14)","노동비용총액[천원]","천원","1630.2","1524.6","1635.3","1410.2",
"1규모(30~99인)","광 업(10-14)","현금급여총계[천원]","천원","1252.4","1204.6","1180","1131.8",
"1규모(30~99인)","광 업(10-14)","정액및초과[천원]","천원","1002.1","1050.4","1052.5","1008.4",
"1규모(30~99인)","광 업(10-14)","상여금등특별급여[천원]","천원","250.3","154.2","127.5","151.9",
"1규모(30~99인)","광 업(10-14)","현금급여외 노동비용(계)[천원]","천원","377.8","320.1","455.3","278.5",
"1규모(30~99인)","광 업(10-14)","퇴직금등비용[천원]","천원","110.9","118","262.3","96.4",
"1규모(30~99인)","광 업(10-14)","현물지급비용[천원]","천원","13.5","4",".3","35.3",
"1규모(30~99인)","광 업(10-14)","법정복리비[천원]","천원","173.3","91.8","91.8","85.3",
"1규모(30~99인)","광 업(10-14)","법정외복리비[천원]","천원","68.8","95.6","85.8","55.9",
"1규모(30~99인)","광 업(10-14)","모집비[천원]","천원","1.7","6.3","2.5","2.5",
"1규모(30~99인)","광 업(10-14)","교육훈련비[천원]","천원","1.2",".5","10.6",".8",
"1규모(30~99인)","광 업(10-14)","기타노동비용[천원]","천원","8.4","3.9","2","2.3",
"1규모(30~99인)","제 조 업(15-37)","노동비용총액[천원]","천원","1223.6","1122.7","994.9","935.8",
"1규모(30~99인)","제 조 업(15-37)","현금급여총계[천원]","천원","969.4","887.9","797","755.3",
"1규모(30~99인)","제 조 업(15-37)","정액및초과[천원]","천원","848.5","759.8","690.5","667.9",
"1규모(30~99인)","제 조 업(15-37)","상여금등특별급여[천원]","천원","120.9","128.1","106.5","110",
"1규모(30~99인)","제 조 업(15-37)","현금급여외 노동비용(계)[천원]","천원","254.2","234.8","197.9","180.6",
"1규모(30~99인)","제 조 업(15-37)","퇴직금등비용[천원]","천원","88.5","75.7","67.1","58.7",
"1규모(30~99인)","제 조 업(15-37)","현물지급비용[천원]","천원","3.5","2.4","1.3","1.3",
"1규모(30~99인)","제 조 업(15-37)","법정복리비[천원]","천원","65.1","53.7","43.6","39.6",
"1규모(30~99인)","제 조 업(15-37)","법정외복리비[천원]","천원","87.6","94.8","78.2","71.3",
"1규모(30~99인)","제 조 업(15-37)","모집비[천원]","천원","1.2","1.4","1.4","1.3",
"1규모(30~99인)","제 조 업(15-37)","교육훈련비[천원]","천원","3.4","3.1","2.8","2.6",
"1규모(30~99인)","제 조 업(15-37)","기타노동비용[천원]","천원","4.8","3.6","3.5","5.6",
"1규모(30~99인)","전기, 가스 및 수도사업(40-41)","노동비용총액[천원]","천원","1785.7","1841","1529.6","1225.3",
"1규모(30~99인)","전기, 가스 및 수도사업(40-41)","현금급여총계[천원]","천원","1494","1554.6","1260.9","1033",
"1규모(30~99인)","전기, 가스 및 수도사업(40-41)","정액및초과[천원]","천원","983.8","1036.7","900.3","784.9",
"1규모(30~99인)","전기, 가스 및 수도사업(40-41)","상여금등특별급여[천원]","천원","510.2","517.9","360.6","249.1",
"1규모(30~99인)","전기, 가스 및 수도사업(40-41)","현금급여외 노동비용(계)[천원]","천원","291.7","286.4","268.7","192.3",
"1규모(30~99인)","전기, 가스 및 수도사업(40-41)","퇴직금등비용[천원]","천원","94.8","44.4","92.9","41.4",
"1규모(30~99인)","전기, 가스 및 수도사업(40-41)","현물지급비용[천원]","천원",".8","7.5","6.1","0",
"1규모(30~99인)","전기, 가스 및 수도사업(40-41)","법정복리비[천원]","천원","56.6","52.5","46.5","48.6",
"1규모(30~99인)","전기, 가스 및 수도사업(40-41)","법정외복리비[천원]","천원","113.6","149.2","98.8","79.3",
"1규모(30~99인)","전기, 가스 및 수도사업(40-41)","모집비[천원]","천원","6","4.1","4","4",
"1규모(30~99인)","전기, 가스 및 수도사업(40-41)","교육훈련비[천원]","천원","11.3","25","15.6","15.6",
"1규모(30~99인)","전기, 가스 및 수도사업(40-41)","기타노동비용[천원]","천원","8.6","3.7","4.8","3.5",
"1규모(30~99인)","건설업(45)","노동비용총액[천원]","천원","1628.5","1704.9","1569.9","1841.7",
"1규모(30~99인)","건설업(45)","현금급여총계[천원]","천원","1316.4","1228.6","1118.3","1371.6",
"1규모(30~99인)","건설업(45)","정액및초과[천원]","천원","1037.9","1027.6","967.7","1173.4",
"1규모(30~99인)","건설업(45)","상여금등특별급여[천원]","천원","278.5","201","150.6","205.6",
"1규모(30~99인)","건설업(45)","현금급여외 노동비용(계)[천원]","천원","312.1","476.3","451.6","470.1",
"1규모(30~99인)","건설업(45)","퇴직금등비용[천원]","천원","53.8","111.3","91.8","113.9",
"1규모(30~99인)","건설업(45)","현물지급비용[천원]","천원",".1","7.3","0","3",
"1규모(30~99인)","건설업(45)","법정복리비[천원]","천원","174.2","243.4","194.2","190.7",
"1규모(30~99인)","건설업(45)","법정외복리비[천원]","천원","70","87.5","101.3","123.8",
"1규모(30~99인)","건설업(45)","모집비[천원]","천원",".9","2.6","25.7","2.1",
"1규모(30~99인)","건설업(45)","교육훈련비[천원]","천원","11.1","13.1","33.5","31.5",
"1규모(30~99인)","건설업(45)","기타노동비용[천원]","천원","2","11.1","5.1","5.2",
"1규모(30~99인)","도,소매 및 소비자용품 수리업(50-52)","노동비용총액[천원]","천원","1183.5","1598.7","1367.7","1133.7",
"1규모(30~99인)","도,소매 및 소비자용품 수리업(50-52)","현금급여총계[천원]","천원","975.8","1327.2","1138.3","805.6",
"1규모(30~99인)","도,소매 및 소비자용품 수리업(50-52)","정액및초과[천원]","천원","853.7","1098.5","980.5","692.5",
"1규모(30~99인)","도,소매 및 소비자용품 수리업(50-52)","상여금등특별급여[천원]","천원","122.1","228.7","157.8","132.1",
"1규모(30~99인)","도,소매 및 소비자용품 수리업(50-52)","현금급여외 노동비용(계)[천원]","천원","207.6","271.5","229.4","328.1",
"1규모(30~99인)","도,소매 및 소비자용품 수리업(50-52)","퇴직금등비용[천원]","천원","64.4","86.8","87.2","62.8",
"1규모(30~99인)","도,소매 및 소비자용품 수리업(50-52)","현물지급비용[천원]","천원","0",".5",".7","174.4",
"1규모(30~99인)","도,소매 및 소비자용품 수리업(50-52)","법정복리비[천원]","천원","54.6","58.1","42.8","28.2",
"1규모(30~99인)","도,소매 및 소비자용품 수리업(50-52)","법정외복리비[천원]","천원","79","106","83.5","55",
"1규모(30~99인)","도,소매 및 소비자용품 수리업(50-52)","모집비[천원]","천원","2.3",".8","9.2","1.7",
"1규모(30~99인)","도,소매 및 소비자용품 수리업(50-52)","교육훈련비[천원]","천원","3","6","3.2","2.5",
"1규모(30~99인)","도,소매 및 소비자용품 수리업(50-52)","기타노동비용[천원]","천원","4.4","13.3","2.8","3.6",
"1규모(30~99인)","숙박 및 음식점업(55)","노동비용총액[천원]","천원","1073.4","1034.4","801.5","710.7",
"1규모(30~99인)","숙박 및 음식점업(55)","현금급여총계[천원]","천원","885","772.9","663.1","549.4",
"1규모(30~99인)","숙박 및 음식점업(55)","정액및초과[천원]","천원","801.8","695.8","603.9","525.6",
"1규모(30~99인)","숙박 및 음식점업(55)","상여금등특별급여[천원]","천원","83.3","77.1","59.2","47.3",
"1규모(30~99인)","숙박 및 음식점업(55)","현금급여외 노동비용(계)[천원]","천원","188.3","261.5","138.4","161.3",
"1규모(30~99인)","숙박 및 음식점업(55)","퇴직금등비용[천원]","천원","75.7","131.6","44.6","26.5",
"1규모(30~99인)","숙박 및 음식점업(55)","현물지급비용[천원]","천원","0","2.2","0","0",
"1규모(30~99인)","숙박 및 음식점업(55)","법정복리비[천원]","천원","41.4","36.7","28.2","27.2",
"1규모(30~99인)","숙박 및 음식점업(55)","법정외복리비[천원]","천원","67.5","86.6","57.7","102.9",
"1규모(30~99인)","숙박 및 음식점업(55)","모집비[천원]","천원",".6",".4",".6",".8",
"1규모(30~99인)","숙박 및 음식점업(55)","교육훈련비[천원]","천원","1.2","1.4","1.2",".9",
"1규모(30~99인)","숙박 및 음식점업(55)","기타노동비용[천원]","천원","1.9","2.6","6.1","3.1",
"1규모(30~99인)","운수, 창고 및 통신업(60-64)","노동비용총액[천원]","천원","1131.6","912.4","1187.7","1855",
"1규모(30~99인)","운수, 창고 및 통신업(60-64)","현금급여총계[천원]","천원","861.4","694.3","852.4","557.7",
"1규모(30~99인)","운수, 창고 및 통신업(60-64)","정액및초과[천원]","천원","704.2","603","740.7","494.1",
"1규모(30~99인)","운수, 창고 및 통신업(60-64)","상여금등특별급여[천원]","천원","157.2","91.3","111.7","75.6",
"1규모(30~99인)","운수, 창고 및 통신업(60-64)","현금급여외 노동비용(계)[천원]","천원","270.2","218.1","335.3","1297.3",
"1규모(30~99인)","운수, 창고 및 통신업(60-64)","퇴직금등비용[천원]","천원","77.2","85.3","203.4","1174.9",
"1규모(30~99인)","운수, 창고 및 통신업(60-64)","현물지급비용[천원]","천원","0",".5","0","19.7",
"1규모(30~99인)","운수, 창고 및 통신업(60-64)","법정복리비[천원]","천원","64.7","49.1","47.9","34",
"1규모(30~99인)","운수, 창고 및 통신업(60-64)","법정외복리비[천원]","천원","113.5","71.9","72.8","58.2",
"1규모(30~99인)","운수, 창고 및 통신업(60-64)","모집비[천원]","천원",".6","1.4","2.5",".7",
"1규모(30~99인)","운수, 창고 및 통신업(60-64)","교육훈련비[천원]","천원","11.5","4.4","5.6","5.4",
"1규모(30~99인)","운수, 창고 및 통신업(60-64)","기타노동비용[천원]","천원","2.8","5.5","3.1","4.5",
"1규모(30~99인)","금융 및 보험업(65-67)","노동비용총액[천원]","천원","2180.7","2070.4","2029.1","1741",
"1규모(30~99인)","금융 및 보험업(65-67)","현금급여총계[천원]","천원","1742.3","1729","1659.6","1332.6",
"1규모(30~99인)","금융 및 보험업(65-67)","정액및초과[천원]","천원","1200.5","1267.5","1192","984.9",
"1규모(30~99인)","금융 및 보험업(65-67)","상여금등특별급여[천원]","천원","541.8","461.5","467.6","361.3",
"1규모(30~99인)","금융 및 보험업(65-67)","현금급여외 노동비용(계)[천원]","천원","438.4","341.5","369.5","408.4",
"1규모(30~99인)","금융 및 보험업(65-67)","퇴직금등비용[천원]","천원","225.3","182.6","190.6","235.1",
"1규모(30~99인)","금융 및 보험업(65-67)","현물지급비용[천원]","천원",".1",".8","1.3",".8",
"1규모(30~99인)","금융 및 보험업(65-67)","법정복리비[천원]","천원","62.1","45.2","40.6","36.8",
"1규모(30~99인)","금융 및 보험업(65-67)","법정외복리비[천원]","천원","127.9","90.2","107.6","107.8",
"1규모(30~99인)","금융 및 보험업(65-67)","모집비[천원]","천원",".6","1.9","8.9","6.9",
"1규모(30~99인)","금융 및 보험업(65-67)","교육훈련비[천원]","천원","8.3","11.9","11.9","10.3",
"1규모(30~99인)","금융 및 보험업(65-67)","기타노동비용[천원]","천원","14.3","8.8","8.6","10.8",
"1규모(30~99인)","부동산 및 사업서비스업(70-74)","노동비용총액[천원]","천원","1240","1439.7","1186.2","1030.8",
"1규모(30~99인)","부동산 및 사업서비스업(70-74)","현금급여총계[천원]","천원","1004.5","1158.7","969.6","871.5",
"1규모(30~99인)","부동산 및 사업서비스업(70-74)","정액및초과[천원]","천원","832","901","782.2","723",
"1규모(30~99인)","부동산 및 사업서비스업(70-74)","상여금등특별급여[천원]","천원","172.5","257.7","187.4","154",
"1규모(30~99인)","부동산 및 사업서비스업(70-74)","현금급여외 노동비용(계)[천원]","천원","235.5","280.9","216.6","159.3",
"1규모(30~99인)","부동산 및 사업서비스업(70-74)","퇴직금등비용[천원]","천원","103.8","101.1","85","46.3",
"1규모(30~99인)","부동산 및 사업서비스업(70-74)","현물지급비용[천원]","천원",".9","4.1",".3",".2",
"1규모(30~99인)","부동산 및 사업서비스업(70-74)","법정복리비[천원]","천원","51.1","51.3","36.7","29.8",
"1규모(30~99인)","부동산 및 사업서비스업(70-74)","법정외복리비[천원]","천원","60.3","99.8","75.9","66.2",
"1규모(30~99인)","부동산 및 사업서비스업(70-74)","모집비[천원]","천원","3.3","2.8","2","1.8",
"1규모(30~99인)","부동산 및 사업서비스업(70-74)","교육훈련비[천원]","천원","12.4","10.4","6","8",
"1규모(30~99인)","부동산 및 사업서비스업(70-74)","기타노동비용[천원]","천원","3.7","11.5","10.7","7",
"1규모(30~99인)","교육 서비스업(80)","노동비용총액[천원]","천원","1890.6","1582.8","1573.8","1387",
"1규모(30~99인)","교육 서비스업(80)","현금급여총계[천원]","천원","1772.2","1483.2","1450.6","1319.4",
"1규모(30~99인)","교육 서비스업(80)","정액및초과[천원]","천원","1446.4","1071.4","1138.6","1010.7",
"1규모(30~99인)","교육 서비스업(80)","상여금등특별급여[천원]","천원","325.8","411.8","312","302.1",
"1규모(30~99인)","교육 서비스업(80)","현금급여외 노동비용(계)[천원]","천원","118.4","99.6","123.2","67.6",
"1규모(30~99인)","교육 서비스업(80)","퇴직금등비용[천원]","천원","9.6","2","3.9","5.6",
"1규모(30~99인)","교육 서비스업(80)","현물지급비용[천원]","천원","0","0","0","0",
"1규모(30~99인)","교육 서비스업(80)","법정복리비[천원]","천원","65.1","63.3","79.5","48.2",
"1규모(30~99인)","교육 서비스업(80)","법정외복리비[천원]","천원","28.7","32.3","22.8","13.9",
"1규모(30~99인)","교육 서비스업(80)","모집비[천원]","천원","12.6",".2","0","0",
"1규모(30~99인)","교육 서비스업(80)","교육훈련비[천원]","천원","2.3","1.9","17","0",
"1규모(30~99인)","교육 서비스업(80)","기타노동비용[천원]","천원",".2","0","0","0",
"1규모(30~99인)","보건 및 사회복지사업(85)","노동비용총액[천원]","천원","1261.6","1054.5","1315.8","1011.9",
"1규모(30~99인)","보건 및 사회복지사업(85)","현금급여총계[천원]","천원","1104","850.1","1079.2","784.1",
"1규모(30~99인)","보건 및 사회복지사업(85)","정액및초과[천원]","천원","957.7","716.1","967.6","673.3",
"1규모(30~99인)","보건 및 사회복지사업(85)","상여금등특별급여[천원]","천원","146.3","134","111.6","105.2",
"1규모(30~99인)","보건 및 사회복지사업(85)","현금급여외 노동비용(계)[천원]","천원","157.7","204.3","236.6","227.7",
"1규모(30~99인)","보건 및 사회복지사업(85)","퇴직금등비용[천원]","천원","33.3","47.5","66.8","25.1",
"1규모(30~99인)","보건 및 사회복지사업(85)","현물지급비용[천원]","천원",".2","0","8.7","59.1",
"1규모(30~99인)","보건 및 사회복지사업(85)","법정복리비[천원]","천원","57.7","36.8","33.8","25.5",
"1규모(30~99인)","보건 및 사회복지사업(85)","법정외복리비[천원]","천원","62.5","117.4","121.5","113.2",
"1규모(30~99인)","보건 및 사회복지사업(85)","모집비[천원]","천원","1.2",".8",".9",".5",
"1규모(30~99인)","보건 및 사회복지사업(85)","교육훈련비[천원]","천원","1.2","1.3","2.7","2.7",
"1규모(30~99인)","보건 및 사회복지사업(85)","기타노동비용[천원]","천원","1.6",".7","2.2","1.6",
"1규모(30~99인)","기타 공공, 사회 및 개인서비스업(90-93)","노동비용총액[천원]","천원","1018.6","1287.1","1173.2","971.4",
"1규모(30~99인)","기타 공공, 사회 및 개인서비스업(90-93)","현금급여총계[천원]","천원","837.2","993.2","909.9","723",
"1규모(30~99인)","기타 공공, 사회 및 개인서비스업(90-93)","정액및초과[천원]","천원","669.1","780.9","756.3","643.2",
"1규모(30~99인)","기타 공공, 사회 및 개인서비스업(90-93)","상여금등특별급여[천원]","천원","168.1","212.4","153.6","113.1",
"1규모(30~99인)","기타 공공, 사회 및 개인서비스업(90-93)","현금급여외 노동비용(계)[천원]","천원","181.4","293.9","263.3","248.4",
"1규모(30~99인)","기타 공공, 사회 및 개인서비스업(90-93)","퇴직금등비용[천원]","천원","51.5","111.2","136.9","103.9",
"1규모(30~99인)","기타 공공, 사회 및 개인서비스업(90-93)","현물지급비용[천원]","천원","1","28.4",".9","25.4",
"1규모(30~99인)","기타 공공, 사회 및 개인서비스업(90-93)","법정복리비[천원]","천원","50.4","52.8","43.9","41.4",
"1규모(30~99인)","기타 공공, 사회 및 개인서비스업(90-93)","법정외복리비[천원]","천원","63.9","87.7","76.5","71.9",
"1규모(30~99인)","기타 공공, 사회 및 개인서비스업(90-93)","모집비[천원]","천원","1.4",".4",".5",".4",
"1규모(30~99인)","기타 공공, 사회 및 개인서비스업(90-93)","교육훈련비[천원]","천원","1.9","3.5","2.1","1.3",
"1규모(30~99인)","기타 공공, 사회 및 개인서비스업(90-93)","기타노동비용[천원]","천원","11.3","9.8","2.5","4.2",
"2규모(100~299인)","전산업","노동비용총액[천원]","천원","1597.8","1399.6","1297.9","1138.3",
"2규모(100~299인)","전산업","현금급여총계[천원]","천원","1204.4","1089.5","1005.9","876.7",
"2규모(100~299인)","전산업","정액및초과[천원]","천원","941.1","854.4","809.2","714.1",
"2규모(100~299인)","전산업","상여금등특별급여[천원]","천원","263.3","235.1","196.7","174.2",
"2규모(100~299인)","전산업","현금급여외 노동비용(계)[천원]","천원","393.4","310.1","292","261.6",
"2규모(100~299인)","전산업","퇴직금등비용[천원]","천원","194.7","127.5","125.9","112.9",
"2규모(100~299인)","전산업","현물지급비용[천원]","천원","2.8","2.2","1.2","2.9",
"2규모(100~299인)","전산업","법정복리비[천원]","천원","80.2","67.2","57.9","48.1",
"2규모(100~299인)","전산업","법정외복리비[천원]","천원","98","93.9","87.5","78.8",
"2규모(100~299인)","전산업","모집비[천원]","천원","2.9","2.3","5.6","1.9",
"2규모(100~299인)","전산업","교육훈련비[천원]","천원","9.4","10.7","8.4","10.1",
"2규모(100~299인)","전산업","기타노동비용[천원]","천원","5.4","6.3","5.5","6.8",
"2규모(100~299인)","광 업(10-14)","노동비용총액[천원]","천원","1775.2","1537.8","1260","1317",
"2규모(100~299인)","광 업(10-14)","현금급여총계[천원]","천원","1291.5","1126","924.6","1036.5",
"2규모(100~299인)","광 업(10-14)","정액및초과[천원]","천원","939","949.3","786.1","933.1",
"2규모(100~299인)","광 업(10-14)","상여금등특별급여[천원]","천원","352.4","176.7","138.5","132.2",
"2규모(100~299인)","광 업(10-14)","현금급여외 노동비용(계)[천원]","천원","483.7","411.8","335.4","280.5",
"2규모(100~299인)","광 업(10-14)","퇴직금등비용[천원]","천원","106","134.9","144.8","71.1",
"2규모(100~299인)","광 업(10-14)","현물지급비용[천원]","천원","3","0","2.8","2.2",
"2규모(100~299인)","광 업(10-14)","법정복리비[천원]","천원","265.1","196.5","119.8","169.9",
"2규모(100~299인)","광 업(10-14)","법정외복리비[천원]","천원","100.3","78.7","53.1","34.3",
"2규모(100~299인)","광 업(10-14)","모집비[천원]","천원","1.2",".5",".2",".3",
"2규모(100~299인)","광 업(10-14)","교육훈련비[천원]","천원","3",".9","1.4","1.6",
"2규모(100~299인)","광 업(10-14)","기타노동비용[천원]","천원","5.1",".3","13.3","1.1",
"2규모(100~299인)","제 조 업(15-37)","노동비용총액[천원]","천원","1370.2","1272.2","1133.9","1044.9",
"2규모(100~299인)","제 조 업(15-37)","현금급여총계[천원]","천원","1038.3","975","886.3","817.7",
"2규모(100~299인)","제 조 업(15-37)","정액및초과[천원]","천원","867.7","796.6","734.5","681.2",
"2규모(100~299인)","제 조 업(15-37)","상여금등특별급여[천원]","천원","170.6","178.4","151.8","151.4",
"2규모(100~299인)","제 조 업(15-37)","현금급여외 노동비용(계)[천원]","천원","331.8","297.2","247.6","227.2",
"2규모(100~299인)","제 조 업(15-37)","퇴직금등비용[천원]","천원","158","130.6","105.2","82.4",
"2규모(100~299인)","제 조 업(15-37)","현물지급비용[천원]","천원","2.9","1.4","1","4.4",
"2규모(100~299인)","제 조 업(15-37)","법정복리비[천원]","천원","67.2","56.4","45.3","38.6",
"2규모(100~299인)","제 조 업(15-37)","법정외복리비[천원]","천원","91.3","91.5","84.1","83.5",
"2규모(100~299인)","제 조 업(15-37)","모집비[천원]","천원","1.3","2","2.6","1.6",
"2규모(100~299인)","제 조 업(15-37)","교육훈련비[천원]","천원","7.6","8.3","5.3","9.2",
"2규모(100~299인)","제 조 업(15-37)","기타노동비용[천원]","천원","3.5","7","4.1","7.6",
"2규모(100~299인)","전기, 가스 및 수도사업(40-41)","노동비용총액[천원]","천원","2646.4","2281.6","1924.5","1611.8",
"2규모(100~299인)","전기, 가스 및 수도사업(40-41)","현금급여총계[천원]","천원","2141.3","1745.3","1572.5","1324.3",
"2규모(100~299인)","전기, 가스 및 수도사업(40-41)","정액및초과[천원]","천원","1122.9","1109.8","1118.6","968.7",
"2규모(100~299인)","전기, 가스 및 수도사업(40-41)","상여금등특별급여[천원]","천원","1018.4","635.5","453.9","350.9",
"2규모(100~299인)","전기, 가스 및 수도사업(40-41)","현금급여외 노동비용(계)[천원]","천원","505.2","536.3","352","287.5",
"2규모(100~299인)","전기, 가스 및 수도사업(40-41)","퇴직금등비용[천원]","천원","184","152.6","98.2","112.1",
"2규모(100~299인)","전기, 가스 및 수도사업(40-41)","현물지급비용[천원]","천원","4.1","15","7.5","3.7",
"2규모(100~299인)","전기, 가스 및 수도사업(40-41)","법정복리비[천원]","천원","102.5","70.6","58.1","48.2",
"2규모(100~299인)","전기, 가스 및 수도사업(40-41)","법정외복리비[천원]","천원","174.2","257.1","154.7","93.4",
"2규모(100~299인)","전기, 가스 및 수도사업(40-41)","모집비[천원]","천원",".3",".6","1.5",".1",
"2규모(100~299인)","전기, 가스 및 수도사업(40-41)","교육훈련비[천원]","천원","23.9","37","29.4","24.5",
"2규모(100~299인)","전기, 가스 및 수도사업(40-41)","기타노동비용[천원]","천원","16.1","3.4","2.6","5.5",
"2규모(100~299인)","건설업(45)","노동비용총액[천원]","천원","2111.2","1881.3","1795.8","1226.8",
"2규모(100~299인)","건설업(45)","현금급여총계[천원]","천원","1517.2","1371.7","1283.4","904.5",
"2규모(100~299인)","건설업(45)","정액및초과[천원]","천원","1232","1107.4","1061","718.2",
"2규모(100~299인)","건설업(45)","상여금등특별급여[천원]","천원","285.2","264.3","222.4","188.1",
"2규모(100~299인)","건설업(45)","현금급여외 노동비용(계)[천원]","천원","594","509.6","512.4","322.3",
"2규모(100~299인)","건설업(45)","퇴직금등비용[천원]","천원","187.2","133.9","125.8","65.7",
"2규모(100~299인)","건설업(45)","현물지급비용[천원]","천원","0",".4","0","0",
"2규모(100~299인)","건설업(45)","법정복리비[천원]","천원","331.1","250.7","236.1","152",
"2규모(100~299인)","건설업(45)","법정외복리비[천원]","천원","63","98.1","92.4","62.1",
"2규모(100~299인)","건설업(45)","모집비[천원]","천원","1","4.3","8.4","4.6",
"2규모(100~299인)","건설업(45)","교육훈련비[천원]","천원","9.6","18.2","45.1","35.2",
"2규모(100~299인)","건설업(45)","기타노동비용[천원]","천원","2.1","4.2","4.6","2.6",
"2규모(100~299인)","도,소매 및 소비자용품 수리업(50-52)","노동비용총액[천원]","천원","1642.4","1556.7","1545.8","1359.9",
"2규모(100~299인)","도,소매 및 소비자용품 수리업(50-52)","현금급여총계[천원]","천원","1239.2","1247.9","1106.9","1067.5",
"2규모(100~299인)","도,소매 및 소비자용품 수리업(50-52)","정액및초과[천원]","천원","960.1","980.1","881.5","834",
"2규모(100~299인)","도,소매 및 소비자용품 수리업(50-52)","상여금등특별급여[천원]","천원","279.1","267.9","225.4","242.6",
"2규모(100~299인)","도,소매 및 소비자용품 수리업(50-52)","현금급여외 노동비용(계)[천원]","천원","403.3","308.7","438.9","292.4",
"2규모(100~299인)","도,소매 및 소비자용품 수리업(50-52)","퇴직금등비용[천원]","천원","142.7","131.9","188.2","149.8",
"2규모(100~299인)","도,소매 및 소비자용품 수리업(50-52)","현물지급비용[천원]","천원","2.7","3.1",".7",".3",
"2규모(100~299인)","도,소매 및 소비자용품 수리업(50-52)","법정복리비[천원]","천원","77.9","56.5","44.4","38.3",
"2규모(100~299인)","도,소매 및 소비자용품 수리업(50-52)","법정외복리비[천원]","천원","118.1","100.9","88.6","92.1",
"2규모(100~299인)","도,소매 및 소비자용품 수리업(50-52)","모집비[천원]","천원","13.7","2.5","108.5","1.2",
"2규모(100~299인)","도,소매 및 소비자용품 수리업(50-52)","교육훈련비[천원]","천원","15.3","10.1","4.9","8.2",
"2규모(100~299인)","도,소매 및 소비자용품 수리업(50-52)","기타노동비용[천원]","천원","32.8","3.9","3.6","2.6",
"2규모(100~299인)","숙박 및 음식점업(55)","노동비용총액[천원]","천원","1067.4","1219.6","1135.4","890.1",
"2규모(100~299인)","숙박 및 음식점업(55)","현금급여총계[천원]","천원","858.2","981.4","859.6","701.5",
"2규모(100~299인)","숙박 및 음식점업(55)","정액및초과[천원]","천원","726.2","803.7","712.8","599.9",
"2규모(100~299인)","숙박 및 음식점업(55)","상여금등특별급여[천원]","천원","131.9","177.8","146.8","111",
"2규모(100~299인)","숙박 및 음식점업(55)","현금급여외 노동비용(계)[천원]","천원","209.2","238.1","275.8","188.6",
"2규모(100~299인)","숙박 및 음식점업(55)","퇴직금등비용[천원]","천원","57.2","81.8","117.7","76.9",
"2규모(100~299인)","숙박 및 음식점업(55)","현물지급비용[천원]","천원","1.5","1.1","1.2","6.3",
"2규모(100~299인)","숙박 및 음식점업(55)","법정복리비[천원]","천원","55.1","46.7","47.2","28.1",
"2규모(100~299인)","숙박 및 음식점업(55)","법정외복리비[천원]","천원","65.2","97","95.3","71.7",
"2규모(100~299인)","숙박 및 음식점업(55)","모집비[천원]","천원","19.3","5.7","2.2",".3",
"2규모(100~299인)","숙박 및 음식점업(55)","교육훈련비[천원]","천원","8","2.1","6","1",
"2규모(100~299인)","숙박 및 음식점업(55)","기타노동비용[천원]","천원","2.9","3.7","6.2","4.3",
"2규모(100~299인)","운수, 창고 및 통신업(60-64)","노동비용총액[천원]","천원","1318.5","899.2","902.1","728.4",
"2규모(100~299인)","운수, 창고 및 통신업(60-64)","현금급여총계[천원]","천원","982.5","708.5","713.8","572.7",
"2규모(100~299인)","운수, 창고 및 통신업(60-64)","정액및초과[천원]","천원","792.5","609.3","637.9","523",
"2규모(100~299인)","운수, 창고 및 통신업(60-64)","상여금등특별급여[천원]","천원","190","99.1","75.9","67.3",
"2규모(100~299인)","운수, 창고 및 통신업(60-64)","현금급여외 노동비용(계)[천원]","천원","336","190.8","188.3","155.7",
"2규모(100~299인)","운수, 창고 및 통신업(60-64)","퇴직금등비용[천원]","천원","162.6","74.3","75.6","59.1",
"2규모(100~299인)","운수, 창고 및 통신업(60-64)","현물지급비용[천원]","천원","3.5","5.3","3.1","2.2",
"2규모(100~299인)","운수, 창고 및 통신업(60-64)","법정복리비[천원]","천원","69.4","48","43.8","41.2",
"2규모(100~299인)","운수, 창고 및 통신업(60-64)","법정외복리비[천원]","천원","91.9","49.6","57.1","45.1",
"2규모(100~299인)","운수, 창고 및 통신업(60-64)","모집비[천원]","천원","1.4","1.8",".6","2.3",
"2규모(100~299인)","운수, 창고 및 통신업(60-64)","교육훈련비[천원]","천원","3.3","5.4","1.8","1.6",
"2규모(100~299인)","운수, 창고 및 통신업(60-64)","기타노동비용[천원]","천원","4","6.3","6.3","4.2",
"2규모(100~299인)","금융 및 보험업(65-67)","노동비용총액[천원]","천원","2531.2","2750.8","2730.9","2724",
"2규모(100~299인)","금융 및 보험업(65-67)","현금급여총계[천원]","천원","1815.1","2035.3","1887","1693.4",
"2규모(100~299인)","금융 및 보험업(65-67)","정액및초과[천원]","천원","1182.4","1244.9","1186.5","1141.2",
"2규모(100~299인)","금융 및 보험업(65-67)","상여금등특별급여[천원]","천원","632.7","790.4","700.5","552",
"2규모(100~299인)","금융 및 보험업(65-67)","현금급여외 노동비용(계)[천원]","천원","716.1","715.4","843.9","1030.6",
"2규모(100~299인)","금융 및 보험업(65-67)","퇴직금등비용[천원]","천원","468.4","341.6","472.4","645.8",
"2규모(100~299인)","금융 및 보험업(65-67)","현물지급비용[천원]","천원","2","2.4","1.1","3.1",
"2규모(100~299인)","금융 및 보험업(65-67)","법정복리비[천원]","천원","84.7","72.7","65.4","48",
"2규모(100~299인)","금융 및 보험업(65-67)","법정외복리비[천원]","천원","132.3","248.2","255","268.7",
"2규모(100~299인)","금융 및 보험업(65-67)","모집비[천원]","천원",".3",".9",".5","3.9",
"2규모(100~299인)","금융 및 보험업(65-67)","교육훈련비[천원]","천원","16.7","36.2","27.4","32.4",
"2규모(100~299인)","금융 및 보험업(65-67)","기타노동비용[천원]","천원","11.7","13.4","22.1","28.8",
"2규모(100~299인)","부동산 및 사업서비스업(70-74)","노동비용총액[천원]","천원","1800.4","1332.6","1215.6","1285.1",
"2규모(100~299인)","부동산 및 사업서비스업(70-74)","현금급여총계[천원]","천원","1290.8","1072.6","1006.8","1010.6",
"2규모(100~299인)","부동산 및 사업서비스업(70-74)","정액및초과[천원]","천원","1004","866.3","862.4","829.9",
"2규모(100~299인)","부동산 및 사업서비스업(70-74)","상여금등특별급여[천원]","천원","286.9","206.3","144.4","185.6",
"2규모(100~299인)","부동산 및 사업서비스업(70-74)","현금급여외 노동비용(계)[천원]","천원","509.5","260.1","208.8","274.5",
"2규모(100~299인)","부동산 및 사업서비스업(70-74)","퇴직금등비용[천원]","천원","307.5","130.4","110","185",
"2규모(100~299인)","부동산 및 사업서비스업(70-74)","현물지급비용[천원]","천원","2.7","1","0","1.2",
"2규모(100~299인)","부동산 및 사업서비스업(70-74)","법정복리비[천원]","천원","68.1","49.1","41","30.7",
"2규모(100~299인)","부동산 및 사업서비스업(70-74)","법정외복리비[천원]","천원","104.9","58.7","48.7","44.2",
"2규모(100~299인)","부동산 및 사업서비스업(70-74)","모집비[천원]","천원","3.8","3.8","2.3","1.7",
"2규모(100~299인)","부동산 및 사업서비스업(70-74)","교육훈련비[천원]","천원","19","11.5","3.7","4.4",
"2규모(100~299인)","부동산 및 사업서비스업(70-74)","기타노동비용[천원]","천원","3.5","5.5","3.1","7.2",
"2규모(100~299인)","교육 서비스업(80)","노동비용총액[천원]","천원","2267.8","2016.5","1853.4","1417.6",
"2규모(100~299인)","교육 서비스업(80)","현금급여총계[천원]","천원","2114.6","1891.8","1746.8","1302.3",
"2규모(100~299인)","교육 서비스업(80)","정액및초과[천원]","천원","1686.9","1458.1","1306","807.6",
"2규모(100~299인)","교육 서비스업(80)","상여금등특별급여[천원]","천원","427.7","433.7","440.8","502.8",
"2규모(100~299인)","교육 서비스업(80)","현금급여외 노동비용(계)[천원]","천원","153.2","124.7","106.6","115.3",
"2규모(100~299인)","교육 서비스업(80)","퇴직금등비용[천원]","천원","13.8","5.3","6.7","7.1",
"2규모(100~299인)","교육 서비스업(80)","현물지급비용[천원]","천원","0","0","0","0",
"2규모(100~299인)","교육 서비스업(80)","법정복리비[천원]","천원","70.2","66.4","65.5","43.7",
"2규모(100~299인)","교육 서비스업(80)","법정외복리비[천원]","천원","50.1","30.6","16.3","49.5",
"2규모(100~299인)","교육 서비스업(80)","모집비[천원]","천원","9.7","9.8","8.4","0",
"2규모(100~299인)","교육 서비스업(80)","교육훈련비[천원]","천원","8.2","12.5","9","14.5",
"2규모(100~299인)","교육 서비스업(80)","기타노동비용[천원]","천원","1.1","0",".7",".4",
"2규모(100~299인)","보건 및 사회복지사업(85)","노동비용총액[천원]","천원","1649.9","1362.3","1226.3","1143.3",
"2규모(100~299인)","보건 및 사회복지사업(85)","현금급여총계[천원]","천원","1401.6","1199.9","1074.1","995.1",
"2규모(100~299인)","보건 및 사회복지사업(85)","정액및초과[천원]","천원","1164.7","1008.2","908.9","816.3",
"2규모(100~299인)","보건 및 사회복지사업(85)","상여금등특별급여[천원]","천원","236.8","191.7","165.2","174.3",
"2규모(100~299인)","보건 및 사회복지사업(85)","현금급여외 노동비용(계)[천원]","천원","248.3","162.4","152.2","148.2",
"2규모(100~299인)","보건 및 사회복지사업(85)","퇴직금등비용[천원]","천원","108.6","58.1","60.6","67.1",
"2규모(100~299인)","보건 및 사회복지사업(85)","현물지급비용[천원]","천원","0","0",".1",".1",
"2규모(100~299인)","보건 및 사회복지사업(85)","법정복리비[천원]","천원","61.8","54.4","40.5","30.8",
"2규모(100~299인)","보건 및 사회복지사업(85)","법정외복리비[천원]","천원","74.1","42.8","45.9","42.2",
"2규모(100~299인)","보건 및 사회복지사업(85)","모집비[천원]","천원",".6","3.2",".4","1.4",
"2규모(100~299인)","보건 및 사회복지사업(85)","교육훈련비[천원]","천원","1.8","3","2.9","4",
"2규모(100~299인)","보건 및 사회복지사업(85)","기타노동비용[천원]","천원","1.3","1","1.8","2.5",
"2규모(100~299인)","기타 공공, 사회 및 개인서비스업(90-93)","노동비용총액[천원]","천원","2047.6","1752.6","1456.7","1175.3",
"2규모(100~299인)","기타 공공, 사회 및 개인서비스업(90-93)","현금급여총계[천원]","천원","1500.1","1404.5","1122.4","897.6",
"2규모(100~299인)","기타 공공, 사회 및 개인서비스업(90-93)","정액및초과[천원]","천원","961.9","961.6","811.1","718.9",
"2규모(100~299인)","기타 공공, 사회 및 개인서비스업(90-93)","상여금등특별급여[천원]","천원","538.1","443","311.3","199.4",
"2규모(100~299인)","기타 공공, 사회 및 개인서비스업(90-93)","현금급여외 노동비용(계)[천원]","천원","547.5","348.1","334.3","277.7",
"2규모(100~299인)","기타 공공, 사회 및 개인서비스업(90-93)","퇴직금등비용[천원]","천원","286.1","103.3","137","133.9",
"2규모(100~299인)","기타 공공, 사회 및 개인서비스업(90-93)","현물지급비용[천원]","천원","5.2","0",".9",".7",
"2규모(100~299인)","기타 공공, 사회 및 개인서비스업(90-93)","법정복리비[천원]","천원","83.6","80.8","69","54.8",
"2규모(100~299인)","기타 공공, 사회 및 개인서비스업(90-93)","법정외복리비[천원]","천원","147.1","142.5","110.4","77.2",
"2규모(100~299인)","기타 공공, 사회 및 개인서비스업(90-93)","모집비[천원]","천원","12.7","1","2.1",".7",
"2규모(100~299인)","기타 공공, 사회 및 개인서비스업(90-93)","교육훈련비[천원]","천원","9","14.8","8.5","7.8",
"2규모(100~299인)","기타 공공, 사회 및 개인서비스업(90-93)","기타노동비용[천원]","천원","3.8","5.7","6.4","2.6",
"3규모(300~499인)","전산업","노동비용총액[천원]","천원","1778.5","1549.5","1460.1","1279.3",
"3규모(300~499인)","전산업","현금급여총계[천원]","천원","1302.5","1183.2","1117.7","962.1",
"3규모(300~499인)","전산업","정액및초과[천원]","천원","994.2","931.9","883.9","756.2",
"3규모(300~499인)","전산업","상여금등특별급여[천원]","천원","308.3","251.4","233.8","212.6",
"3규모(300~499인)","전산업","현금급여외 노동비용(계)[천원]","천원","476","366.2","342.4","317.2",
"3규모(300~499인)","전산업","퇴직금등비용[천원]","천원","248","157.6","150.1","138.6",
"3규모(300~499인)","전산업","현물지급비용[천원]","천원","3","2.6","1.2","2.4",
"3규모(300~499인)","전산업","법정복리비[천원]","천원","86.5","71.1","57.7","62.2",
"3규모(300~499인)","전산업","법정외복리비[천원]","천원","114.5","106.9","105.7","91.5",
"3규모(300~499인)","전산업","모집비[천원]","천원","1.4","2.4","2.4","4",
"3규모(300~499인)","전산업","교육훈련비[천원]","천원","15.2","13.2","13.5","12.9",
"3규모(300~499인)","전산업","기타노동비용[천원]","천원","7.5","12.4","11.8","5.6",
"3규모(300~499인)","광 업(10-14)","노동비용총액[천원]","천원","1794","1669.2","1862","1701.1",
"3규모(300~499인)","광 업(10-14)","현금급여총계[천원]","천원","1397.6","1248.1","1495.3","1052.8",
"3규모(300~499인)","광 업(10-14)","정액및초과[천원]","천원","931.4","1033","1127.7","818.9",
"3규모(300~499인)","광 업(10-14)","상여금등특별급여[천원]","천원","466.3","215.1","367.6","228.1",
"3규모(300~499인)","광 업(10-14)","현금급여외 노동비용(계)[천원]","천원","396.4","421.1","366.7","648.3",
"3규모(300~499인)","광 업(10-14)","퇴직금등비용[천원]","천원","166.4","144.5","168.9","225.1",
"3규모(300~499인)","광 업(10-14)","현물지급비용[천원]","천원","0","0","0","9.7",
"3규모(300~499인)","광 업(10-14)","법정복리비[천원]","천원","92.8","136.3","71.8","336",
"3규모(300~499인)","광 업(10-14)","법정외복리비[천원]","천원","133.8","116.4","102.3","66.1",
"3규모(300~499인)","광 업(10-14)","모집비[천원]","천원","1.5","0",".1",".4",
"3규모(300~499인)","광 업(10-14)","교육훈련비[천원]","천원","1.9","8.8","5.5","8.5",
"3규모(300~499인)","광 업(10-14)","기타노동비용[천원]","천원","0","15.2","18.1","2.5",
"3규모(300~499인)","제 조 업(15-37)","노동비용총액[천원]","천원","1553.4","1351.5","1225.5","1181.3",
"3규모(300~499인)","제 조 업(15-37)","현금급여총계[천원]","천원","1131.6","1047.4","942.4","888.7",
"3규모(300~499인)","제 조 업(15-37)","정액및초과[천원]","천원","905.2","841.7","761","710.7",
"3규모(300~499인)","제 조 업(15-37)","상여금등특별급여[천원]","천원","226.4","205.7","181.4","187.3",
"3규모(300~499인)","제 조 업(15-37)","현금급여외 노동비용(계)[천원]","천원","421.8","304.1","283.1","292.7",
"3규모(300~499인)","제 조 업(15-37)","퇴직금등비용[천원]","천원","222.6","119","125.1","138.3",
"3규모(300~499인)","제 조 업(15-37)","현물지급비용[천원]","천원","2.9","1.7","1.6","1.1",
"3규모(300~499인)","제 조 업(15-37)","법정복리비[천원]","천원","72","66.1","51.1","47.2",
"3규모(300~499인)","제 조 업(15-37)","법정외복리비[천원]","천원","108.2","100.4","88.4","88.6",
"3규모(300~499인)","제 조 업(15-37)","모집비[천원]","천원","1.2","1.2","1.9","2.2",
"3규모(300~499인)","제 조 업(15-37)","교육훈련비[천원]","천원","10.5","8.8","9","10.1",
"3규모(300~499인)","제 조 업(15-37)","기타노동비용[천원]","천원","4.5","6.8","6","5.3",
"3규모(300~499인)","전기, 가스 및 수도사업(40-41)","노동비용총액[천원]","천원","3047.3","3381.3","2815.3","2663.4",
"3규모(300~499인)","전기, 가스 및 수도사업(40-41)","현금급여총계[천원]","천원","2265.7","2093.4","1701","1519.8",
"3규모(300~499인)","전기, 가스 및 수도사업(40-41)","정액및초과[천원]","천원","1295.7","1295.4","1311.5","1145.6",
"3규모(300~499인)","전기, 가스 및 수도사업(40-41)","상여금등특별급여[천원]","천원","970.1","798","389.5","374.2",
"3규모(300~499인)","전기, 가스 및 수도사업(40-41)","현금급여외 노동비용(계)[천원]","천원","781.6","1287.9","1114.3","1143.6",
"3규모(300~499인)","전기, 가스 및 수도사업(40-41)","퇴직금등비용[천원]","천원","330.7","890.4","817.3","996.2",
"3규모(300~499인)","전기, 가스 및 수도사업(40-41)","현물지급비용[천원]","천원","0","0","3.8","8.8",
"3규모(300~499인)","전기, 가스 및 수도사업(40-41)","법정복리비[천원]","천원","120.9","88.7","59.4","51.3",
"3규모(300~499인)","전기, 가스 및 수도사업(40-41)","법정외복리비[천원]","천원","290.5","285.3","221.6","72.6",
"3규모(300~499인)","전기, 가스 및 수도사업(40-41)","모집비[천원]","천원","0","0","4.1","5.7",
"3규모(300~499인)","전기, 가스 및 수도사업(40-41)","교육훈련비[천원]","천원","39.5","23.5","3.9","6.4",
"3규모(300~499인)","전기, 가스 및 수도사업(40-41)","기타노동비용[천원]","천원","0","0","4.2","2.6",
"3규모(300~499인)","건설업(45)","노동비용총액[천원]","천원","1937.3","1749.2","1922.2","2354",
"3규모(300~499인)","건설업(45)","현금급여총계[천원]","천원","1315","1267.7","1432.7","1589.1",
"3규모(300~499인)","건설업(45)","정액및초과[천원]","천원","1075.2","1047.5","1151.6","1125.7",
"3규모(300~499인)","건설업(45)","상여금등특별급여[천원]","천원","239.8","220.2","281.1","458.8",
"3규모(300~499인)","건설업(45)","현금급여외 노동비용(계)[천원]","천원","622.3","481.5","489.5","764.9",
"3규모(300~499인)","건설업(45)","퇴직금등비용[천원]","천원","206.3","154.2","98","363.2",
"3규모(300~499인)","건설업(45)","현물지급비용[천원]","천원","0","0","0","3.3",
"3규모(300~499인)","건설업(45)","법정복리비[천원]","천원","310.9","181.6","244.5","228.1",
"3규모(300~499인)","건설업(45)","법정외복리비[천원]","천원","62.4","91.5","50.5","79.1",
"3규모(300~499인)","건설업(45)","모집비[천원]","천원","6.3","3.4","7.2","27.1",
"3규모(300~499인)","건설업(45)","교육훈련비[천원]","천원","30.1","45.2","76.3","55",
"3규모(300~499인)","건설업(45)","기타노동비용[천원]","천원","6.3","5.7","13","9",
"3규모(300~499인)","도,소매 및 소비자용품 수리업(50-52)","노동비용총액[천원]","천원","1752.5","1706.6","1545","1302.5",
"3규모(300~499인)","도,소매 및 소비자용품 수리업(50-52)","현금급여총계[천원]","천원","1392.5","1305.8","1203.1","1005.3",
"3규모(300~499인)","도,소매 및 소비자용품 수리업(50-52)","정액및초과[천원]","천원","1070.1","992.6","955.9","806.3",
"3규모(300~499인)","도,소매 및 소비자용품 수리업(50-52)","상여금등특별급여[천원]","천원","322.4","313.2","247.2","211.6",
"3규모(300~499인)","도,소매 및 소비자용품 수리업(50-52)","현금급여외 노동비용(계)[천원]","천원","360","400.8","341.9","297.1",
"3규모(300~499인)","도,소매 및 소비자용품 수리업(50-52)","퇴직금등비용[천원]","천원","119.9","150.7","132.9","112",
"3규모(300~499인)","도,소매 및 소비자용품 수리업(50-52)","현물지급비용[천원]","천원","3.1","7.6",".5","0",
"3규모(300~499인)","도,소매 및 소비자용품 수리업(50-52)","법정복리비[천원]","천원","78.7","57.7","49.6","45.9",
"3규모(300~499인)","도,소매 및 소비자용품 수리업(50-52)","법정외복리비[천원]","천원","113.7","105.5","124.8","101.8",
"3규모(300~499인)","도,소매 및 소비자용품 수리업(50-52)","모집비[천원]","천원","2.3","21.9","3.4","4.4",
"3규모(300~499인)","도,소매 및 소비자용품 수리업(50-52)","교육훈련비[천원]","천원","19.8","27.7","22.3","22.4",
"3규모(300~499인)","도,소매 및 소비자용품 수리업(50-52)","기타노동비용[천원]","천원","22.5","29.6","8.4","10.6",
"3규모(300~499인)","숙박 및 음식점업(55)","노동비용총액[천원]","천원","1507.8","1199.5","1320.6","808.1",
"3규모(300~499인)","숙박 및 음식점업(55)","현금급여총계[천원]","천원","1187","970.3","919","628.3",
"3규모(300~499인)","숙박 및 음식점업(55)","정액및초과[천원]","천원","968.4","812","764.5","550.7",
"3규모(300~499인)","숙박 및 음식점업(55)","상여금등특별급여[천원]","천원","218.5","158.3","154.5","89.9",
"3규모(300~499인)","숙박 및 음식점업(55)","현금급여외 노동비용(계)[천원]","천원","320.9","229.1","401.6","179.7",
"3규모(300~499인)","숙박 및 음식점업(55)","퇴직금등비용[천원]","천원","104.3","54.7","56.6","50.7",
"3규모(300~499인)","숙박 및 음식점업(55)","현물지급비용[천원]","천원","0","13.5","0","0",
"3규모(300~499인)","숙박 및 음식점업(55)","법정복리비[천원]","천원","66","58.2","41.5","33.3",
"3규모(300~499인)","숙박 및 음식점업(55)","법정외복리비[천원]","천원","130.4","78.3","78.3","75.9",
"3규모(300~499인)","숙박 및 음식점업(55)","모집비[천원]","천원",".2",".6",".4","2.8",
"3규모(300~499인)","숙박 및 음식점업(55)","교육훈련비[천원]","천원","9.1","11.8","3.8","6.3",
"3규모(300~499인)","숙박 및 음식점업(55)","기타노동비용[천원]","천원","10.9","12.1","221","10.7",
"3규모(300~499인)","운수, 창고 및 통신업(60-64)","노동비용총액[천원]","천원","1548.8","1119.8","1054.3","818.7",
"3규모(300~499인)","운수, 창고 및 통신업(60-64)","현금급여총계[천원]","천원","1124.2","839.1","841.2","636",
"3규모(300~499인)","운수, 창고 및 통신업(60-64)","정액및초과[천원]","천원","845.4","745.4","762.3","600.5",
"3규모(300~499인)","운수, 창고 및 통신업(60-64)","상여금등특별급여[천원]","천원","278.9","93.7","78.9","61.5",
"3규모(300~499인)","운수, 창고 및 통신업(60-64)","현금급여외 노동비용(계)[천원]","천원","424.6","280.7","213.1","182.7",
"3규모(300~499인)","운수, 창고 및 통신업(60-64)","퇴직금등비용[천원]","천원","161.4","94","89.4","70.2",
"3규모(300~499인)","운수, 창고 및 통신업(60-64)","현물지급비용[천원]","천원","1.5","4.7",".6","4.1",
"3규모(300~499인)","운수, 창고 및 통신업(60-64)","법정복리비[천원]","천원","85.3","60.4","57.9","49.8",
"3규모(300~499인)","운수, 창고 및 통신업(60-64)","법정외복리비[천원]","천원","153.1","68.5","60.6","54.9",
"3규모(300~499인)","운수, 창고 및 통신업(60-64)","모집비[천원]","천원","1.2","1.1",".2",".7",
"3규모(300~499인)","운수, 창고 및 통신업(60-64)","교육훈련비[천원]","천원","16.6",".9","1","1",
"3규모(300~499인)","운수, 창고 및 통신업(60-64)","기타노동비용[천원]","천원","5.5","51","3.4","2.1",
"3규모(300~499인)","금융 및 보험업(65-67)","노동비용총액[천원]","천원","3924","2945.5","3206.5","2652.3",
"3규모(300~499인)","금융 및 보험업(65-67)","현금급여총계[천원]","천원","2113.1","2392.8","2254.7","1874.2",
"3규모(300~499인)","금융 및 보험업(65-67)","정액및초과[천원]","천원","1331.1","1515.8","1439.5","1352.8",
"3규모(300~499인)","금융 및 보험업(65-67)","상여금등특별급여[천원]","천원","782","877.1","815.2","535.4",
"3규모(300~499인)","금융 및 보험업(65-67)","현금급여외 노동비용(계)[천원]","천원","1810.8","552.7","951.8","778.1",
"3규모(300~499인)","금융 및 보험업(65-67)","퇴직금등비용[천원]","천원","1384.1","139.7","416.9","190.2",
"3규모(300~499인)","금융 및 보험업(65-67)","현물지급비용[천원]","천원","4.2","9.2","2","6.9",
"3규모(300~499인)","금융 및 보험업(65-67)","법정복리비[천원]","천원","108.1","87.3","74.6","47.7",
"3규모(300~499인)","금융 및 보험업(65-67)","법정외복리비[천원]","천원","263.7","269.5","404.3","482",
"3규모(300~499인)","금융 및 보험업(65-67)","모집비[천원]","천원","1.1","2.7","3.1","3.8",
"3규모(300~499인)","금융 및 보험업(65-67)","교육훈련비[천원]","천원","37.5","33.3","29.5","33",
"3규모(300~499인)","금융 및 보험업(65-67)","기타노동비용[천원]","천원","12","11","21.4","14.4",
"3규모(300~499인)","부동산 및 사업서비스업(70-74)","노동비용총액[천원]","천원","1680.6","1907.5","1565.5","768.8",
"3규모(300~499인)","부동산 및 사업서비스업(70-74)","현금급여총계[천원]","천원","1370.5","1360.1","1358.1","670.5",
"3규모(300~499인)","부동산 및 사업서비스업(70-74)","정액및초과[천원]","천원","1030.4","1125.7","1048.5","530.2",
"3규모(300~499인)","부동산 및 사업서비스업(70-74)","상여금등특별급여[천원]","천원","340.1","234.4","309.6","140",
"3규모(300~499인)","부동산 및 사업서비스업(70-74)","현금급여외 노동비용(계)[천원]","천원","310.1","547.4","207.4","98.3",
"3규모(300~499인)","부동산 및 사업서비스업(70-74)","퇴직금등비용[천원]","천원","134.6","362.6","90.1","35.8",
"3규모(300~499인)","부동산 및 사업서비스업(70-74)","현물지급비용[천원]","천원","1.8",".2",".1","3.3",
"3규모(300~499인)","부동산 및 사업서비스업(70-74)","법정복리비[천원]","천원","72.7","63.7","48.5","20.1",
"3규모(300~499인)","부동산 및 사업서비스업(70-74)","법정외복리비[천원]","천원","77.3","90.5","46","26.2",
"3규모(300~499인)","부동산 및 사업서비스업(70-74)","모집비[천원]","천원","1.3","1.1",".7","1.8",
"3규모(300~499인)","부동산 및 사업서비스업(70-74)","교육훈련비[천원]","천원","13.6","22.1","18.8","6.1",
"3규모(300~499인)","부동산 및 사업서비스업(70-74)","기타노동비용[천원]","천원","8.7","7.2","3.2","5",
"3규모(300~499인)","교육 서비스업(80)","노동비용총액[천원]","천원","2156.8","2147","2176.5","1879.2",
"3규모(300~499인)","교육 서비스업(80)","현금급여총계[천원]","천원","2034.2","1829","1819.1","1615.5",
"3규모(300~499인)","교육 서비스업(80)","정액및초과[천원]","천원","1284.4","1456.3","1347.9","1224.1",
"3규모(300~499인)","교육 서비스업(80)","상여금등특별급여[천원]","천원","749.7","372.7","471.2","384.4",
"3규모(300~499인)","교육 서비스업(80)","현금급여외 노동비용(계)[천원]","천원","122.6","318","357.4","263.7",
"3규모(300~499인)","교육 서비스업(80)","퇴직금등비용[천원]","천원","2.7","6.8","75.1","135.8",
"3규모(300~499인)","교육 서비스업(80)","현물지급비용[천원]","천원","1.8","0","0","0",
"3규모(300~499인)","교육 서비스업(80)","법정복리비[천원]","천원","79.4","111.2","82.8","73",
"3규모(300~499인)","교육 서비스업(80)","법정외복리비[천원]","천원","29.6","176","152.9","31",
"3규모(300~499인)","교육 서비스업(80)","모집비[천원]","천원","1.3","14.3","28.1","15.4",
"3규모(300~499인)","교육 서비스업(80)","교육훈련비[천원]","천원","7.9","7.6","14.1","6.4",
"3규모(300~499인)","교육 서비스업(80)","기타노동비용[천원]","천원","0","2.1","4.4","2",
"3규모(300~499인)","보건 및 사회복지사업(85)","노동비용총액[천원]","천원","1894","1537","1395.7","1361.6",
"3규모(300~499인)","보건 및 사회복지사업(85)","현금급여총계[천원]","천원","1611.9","1258.4","1218.8","1064",
"3규모(300~499인)","보건 및 사회복지사업(85)","정액및초과[천원]","천원","1292.5","1116.3","1085.7","884.9",
"3규모(300~499인)","보건 및 사회복지사업(85)","상여금등특별급여[천원]","천원","319.5","142.1","133.1","173.5",
"3규모(300~499인)","보건 및 사회복지사업(85)","현금급여외 노동비용(계)[천원]","천원","282.1","278.6","176.9","297.6",
"3규모(300~499인)","보건 및 사회복지사업(85)","퇴직금등비용[천원]","천원","138.6","167.9","50.6","128.6",
"3규모(300~499인)","보건 및 사회복지사업(85)","현물지급비용[천원]","천원","0","0","0","0",
"3규모(300~499인)","보건 및 사회복지사업(85)","법정복리비[천원]","천원","66.6","60.6","56.3","35.2",
"3규모(300~499인)","보건 및 사회복지사업(85)","법정외복리비[천원]","천원","49.1","35.5","29.2","106.7",
"3규모(300~499인)","보건 및 사회복지사업(85)","모집비[천원]","천원",".6",".6","1.1",".9",
"3규모(300~499인)","보건 및 사회복지사업(85)","교육훈련비[천원]","천원","23.7","13.7","37.1","24.4",
"3규모(300~499인)","보건 및 사회복지사업(85)","기타노동비용[천원]","천원","3.4",".2","2.6","1.8",
"3규모(300~499인)","기타 공공, 사회 및 개인서비스업(90-93)","노동비용총액[천원]","천원","2106.2","1739.1","1946.1","1531",
"3규모(300~499인)","기타 공공, 사회 및 개인서비스업(90-93)","현금급여총계[천원]","천원","1559.2","1346.7","1395.8","939.2",
"3규모(300~499인)","기타 공공, 사회 및 개인서비스업(90-93)","정액및초과[천원]","천원","1123.7","908.9","1080.3","681.3",
"3규모(300~499인)","기타 공공, 사회 및 개인서비스업(90-93)","상여금등특별급여[천원]","천원","435.5","437.8","315.5","261.2",
"3규모(300~499인)","기타 공공, 사회 및 개인서비스업(90-93)","현금급여외 노동비용(계)[천원]","천원","547","392.4","550.3","591.8",
"3규모(300~499인)","기타 공공, 사회 및 개인서비스업(90-93)","퇴직금등비용[천원]","천원","179.2","185.7","290.6","402.7",
"3규모(300~499인)","기타 공공, 사회 및 개인서비스업(90-93)","현물지급비용[천원]","천원","20.7","0","2.1","0",
"3규모(300~499인)","기타 공공, 사회 및 개인서비스업(90-93)","법정복리비[천원]","천원","98","67","74.9","47.1",
"3규모(300~499인)","기타 공공, 사회 및 개인서비스업(90-93)","법정외복리비[천원]","천원","208.5","123.4","143","122.5",
"3규모(300~499인)","기타 공공, 사회 및 개인서비스업(90-93)","모집비[천원]","천원",".7",".8","3.8",".5",
"3규모(300~499인)","기타 공공, 사회 및 개인서비스업(90-93)","교육훈련비[천원]","천원","21.5","14.3","33.7","17.1",
"3규모(300~499인)","기타 공공, 사회 및 개인서비스업(90-93)","기타노동비용[천원]","천원","18.3","1.2","2.2","2",
"4규모(500~999인)","전산업","노동비용총액[천원]","천원","1852.5","1716.6","1496","1402.2",
"4규모(500~999인)","전산업","현금급여총계[천원]","천원","1363.4","1338.6","1184.3","1086.5",
"4규모(500~999인)","전산업","정액및초과[천원]","천원","1029.2","1002.8","904.9","844.6",
"4규모(500~999인)","전산업","상여금등특별급여[천원]","천원","334.2","335.8","279.7","249.2",
"4규모(500~999인)","전산업","현금급여외 노동비용(계)[천원]","천원","489.1","378","311.7","315.7",
"4규모(500~999인)","전산업","퇴직금등비용[천원]","천원","224","145.4","113.8","126.6",
"4규모(500~999인)","전산업","현물지급비용[천원]","천원","4.1","3.3",".8","2.2",
"4규모(500~999인)","전산업","법정복리비[천원]","천원","101.6","83.9","62","54.5",
"4규모(500~999인)","전산업","법정외복리비[천원]","천원","122.6","112.5","105.1","108.1",
"4규모(500~999인)","전산업","모집비[천원]","천원","3.5","2.3","2.4","1.9",
"4규모(500~999인)","전산업","교육훈련비[천원]","천원","25.6","23.1","17.2","16.6",
"4규모(500~999인)","전산업","기타노동비용[천원]","천원","7.6","7.4","10.4","5.8",
"4규모(500~999인)","광 업(10-14)","노동비용총액[천원]","천원","2729.5","2196.2","1927.6","2183.8",
"4규모(500~999인)","광 업(10-14)","현금급여총계[천원]","천원","1678.8","1458.2","1405","1231.9",
"4규모(500~999인)","광 업(10-14)","정액및초과[천원]","천원","1064.5","1090.3","1066.3","883",
"4규모(500~999인)","광 업(10-14)","상여금등특별급여[천원]","천원","614.4","367.9","338.7","321.8",
"4규모(500~999인)","광 업(10-14)","현금급여외 노동비용(계)[천원]","천원","1050.6","738","522.6","951.9",
"4규모(500~999인)","광 업(10-14)","퇴직금등비용[천원]","천원","446.5","166.4","95.9","266.8",
"4규모(500~999인)","광 업(10-14)","현물지급비용[천원]","천원","6.7","7.6","1.1","21.3",
"4규모(500~999인)","광 업(10-14)","법정복리비[천원]","천원","498.4","468","330.4","618.7",
"4규모(500~999인)","광 업(10-14)","법정외복리비[천원]","천원","77.2","79","85.9","36.2",
"4규모(500~999인)","광 업(10-14)","모집비[천원]","천원","3.8","8.1",".3",".4",
"4규모(500~999인)","광 업(10-14)","교육훈련비[천원]","천원","4.1","5.4","5.5","7.1",
"4규모(500~999인)","광 업(10-14)","기타노동비용[천원]","천원","14","3.5","3.5","1.4",
"4규모(500~999인)","제 조 업(15-37)","노동비용총액[천원]","천원","1614","1480.2","1315.5","1247.1",
"4규모(500~999인)","제 조 업(15-37)","현금급여총계[천원]","천원","1185","1133.1","974.6","915.9",
"4규모(500~999인)","제 조 업(15-37)","정액및초과[천원]","천원","939.4","873.9","761.6","723.5",
"4규모(500~999인)","제 조 업(15-37)","상여금등특별급여[천원]","천원","245.6","259.2","213","200",
"4규모(500~999인)","제 조 업(15-37)","현금급여외 노동비용(계)[천원]","천원","429","347.1","340.9","331.2",
"4규모(500~999인)","제 조 업(15-37)","퇴직금등비용[천원]","천원","214.5","119.5","151.8","162.7",
"4규모(500~999인)","제 조 업(15-37)","현물지급비용[천원]","천원","1.6","2.1",".7","2.6",
"4규모(500~999인)","제 조 업(15-37)","법정복리비[천원]","천원","77.6","74.7","55.8","47",
"4규모(500~999인)","제 조 업(15-37)","법정외복리비[천원]","천원","106.1","120","103","96.5",
"4규모(500~999인)","제 조 업(15-37)","모집비[천원]","천원","2.4","3","2.7","2.5",
"4규모(500~999인)","제 조 업(15-37)","교육훈련비[천원]","천원","18.1","20.2","16.6","14.5",
"4규모(500~999인)","제 조 업(15-37)","기타노동비용[천원]","천원","8.7","7.8","10.3","5.5",
"4규모(500~999인)","전기, 가스 및 수도사업(40-41)","노동비용총액[천원]","천원","2814.8","2655.3","2380.1","1783.6",
"4규모(500~999인)","전기, 가스 및 수도사업(40-41)","현금급여총계[천원]","천원","2234.3","1942.2","1664.8","1328.9",
"4규모(500~999인)","전기, 가스 및 수도사업(40-41)","정액및초과[천원]","천원","1277.8","1230.3","1209.3","1014.7",
"4규모(500~999인)","전기, 가스 및 수도사업(40-41)","상여금등특별급여[천원]","천원","956.5","712","455.5","316.3",
"4규모(500~999인)","전기, 가스 및 수도사업(40-41)","현금급여외 노동비용(계)[천원]","천원","580.4","713.1","715.3","454.7",
"4규모(500~999인)","전기, 가스 및 수도사업(40-41)","퇴직금등비용[천원]","천원","155","180.6","139.5","66.4",
"4규모(500~999인)","전기, 가스 및 수도사업(40-41)","현물지급비용[천원]","천원","0","0","0","0",
"4규모(500~999인)","전기, 가스 및 수도사업(40-41)","법정복리비[천원]","천원","81.9","78.1","82.9","51.1",
"4규모(500~999인)","전기, 가스 및 수도사업(40-41)","법정외복리비[천원]","천원","292.5","385.1","440.1","286.5",
"4규모(500~999인)","전기, 가스 및 수도사업(40-41)","모집비[천원]","천원","5.9","6.9","4.8","9.1",
"4규모(500~999인)","전기, 가스 및 수도사업(40-41)","교육훈련비[천원]","천원","26.7","35.4","29","30.2",
"4규모(500~999인)","전기, 가스 및 수도사업(40-41)","기타노동비용[천원]","천원","18.4","27","19","11.4",
"4규모(500~999인)","건설업(45)","노동비용총액[천원]","천원","2316.6","2442.9","1733.9","1708.3",
"4규모(500~999인)","건설업(45)","현금급여총계[천원]","천원","1575.8","1944.5","1320.8","1216.7",
"4규모(500~999인)","건설업(45)","정액및초과[천원]","천원","1240.9","1580.3","1057.3","957.6",
"4규모(500~999인)","건설업(45)","상여금등특별급여[천원]","천원","334.8","364.2","263.5","261",
"4규모(500~999인)","건설업(45)","현금급여외 노동비용(계)[천원]","천원","740.9","498.4","413.1","491.7",
"4규모(500~999인)","건설업(45)","퇴직금등비용[천원]","천원","241.2","92.7","114.5","139",
"4규모(500~999인)","건설업(45)","현물지급비용[천원]","천원",".9","4","2.1","1.5",
"4규모(500~999인)","건설업(45)","법정복리비[천원]","천원","348.6","218.5","149.1","97.6",
"4규모(500~999인)","건설업(45)","법정외복리비[천원]","천원","86.1","81.3","79.9","223.6",
"4규모(500~999인)","건설업(45)","모집비[천원]","천원","2.5","1.9","3.9","1.4",
"4규모(500~999인)","건설업(45)","교육훈련비[천원]","천원","51","92.1","55.4","22.7",
"4규모(500~999인)","건설업(45)","기타노동비용[천원]","천원","10.6","7.9","8.2","5.8",
"4규모(500~999인)","도,소매 및 소비자용품 수리업(50-52)","노동비용총액[천원]","천원","1972.2","1365.5","1233.1","1379.5",
"4규모(500~999인)","도,소매 및 소비자용품 수리업(50-52)","현금급여총계[천원]","천원","1525.8","1057.2","971.7","1153.9",
"4규모(500~999인)","도,소매 및 소비자용품 수리업(50-52)","정액및초과[천원]","천원","1186.8","854.1","803","892.3",
"4규모(500~999인)","도,소매 및 소비자용품 수리업(50-52)","상여금등특별급여[천원]","천원","338.9","203.1","168.7","269.6",
"4규모(500~999인)","도,소매 및 소비자용품 수리업(50-52)","현금급여외 노동비용(계)[천원]","천원","446.4","308.3","261.4","225.7",
"4규모(500~999인)","도,소매 및 소비자용품 수리업(50-52)","퇴직금등비용[천원]","천원","132.6","170.4","103.8","72.3",
"4규모(500~999인)","도,소매 및 소비자용품 수리업(50-52)","현물지급비용[천원]","천원","3.8",".3","0","4",
"4규모(500~999인)","도,소매 및 소비자용품 수리업(50-52)","법정복리비[천원]","천원","86.6","60.6","39.5","38.8",
"4규모(500~999인)","도,소매 및 소비자용품 수리업(50-52)","법정외복리비[천원]","천원","153.2","62.4","90.6","74.3",
"4규모(500~999인)","도,소매 및 소비자용품 수리업(50-52)","모집비[천원]","천원","3.7","2","1.4","1.3",
"4규모(500~999인)","도,소매 및 소비자용품 수리업(50-52)","교육훈련비[천원]","천원","64.2","9.4","12.7","25.8",
"4규모(500~999인)","도,소매 및 소비자용품 수리업(50-52)","기타노동비용[천원]","천원","2.2","3.2","13.4","9.3",
"4규모(500~999인)","숙박 및 음식점업(55)","노동비용총액[천원]","천원","1370.1","1446.1","1263.8","1174.7",
"4규모(500~999인)","숙박 및 음식점업(55)","현금급여총계[천원]","천원","1042","1148.6","985.5","894.6",
"4규모(500~999인)","숙박 및 음식점업(55)","정액및초과[천원]","천원","782.6","899.5","748.1","676.1",
"4규모(500~999인)","숙박 및 음식점업(55)","상여금등특별급여[천원]","천원","259.4","249.1","237.4","204.7",
"4규모(500~999인)","숙박 및 음식점업(55)","현금급여외 노동비용(계)[천원]","천원","328.1","297.6","278.3","280.1",
"4규모(500~999인)","숙박 및 음식점업(55)","퇴직금등비용[천원]","천원","99.8","91.3","67.9","89.6",
"4규모(500~999인)","숙박 및 음식점업(55)","현물지급비용[천원]","천원","7.6","0",".6","1.5",
"4규모(500~999인)","숙박 및 음식점업(55)","법정복리비[천원]","천원","67.9","57.7","50.6","61",
"4규모(500~999인)","숙박 및 음식점업(55)","법정외복리비[천원]","천원","130.7","119.2","132.8","109.1",
"4규모(500~999인)","숙박 및 음식점업(55)","모집비[천원]","천원","3",".5",".8","1.4",
"4규모(500~999인)","숙박 및 음식점업(55)","교육훈련비[천원]","천원","14.9","18.8","15.2","10.9",
"4규모(500~999인)","숙박 및 음식점업(55)","기타노동비용[천원]","천원","4.3","10.1","10.4","6.5",
"4규모(500~999인)","운수, 창고 및 통신업(60-64)","노동비용총액[천원]","천원","1694.6","1294.7","1083.5","873.2",
"4규모(500~999인)","운수, 창고 및 통신업(60-64)","현금급여총계[천원]","천원","1217.4","929.7","842.6","690.2",
"4규모(500~999인)","운수, 창고 및 통신업(60-64)","정액및초과[천원]","천원","912.2","833.1","769.1","648.2",
"4규모(500~999인)","운수, 창고 및 통신업(60-64)","상여금등특별급여[천원]","천원","305.1","96.6","73.5","69",
"4규모(500~999인)","운수, 창고 및 통신업(60-64)","현금급여외 노동비용(계)[천원]","천원","477.2","365","240.9","182.9",
"4규모(500~999인)","운수, 창고 및 통신업(60-64)","퇴직금등비용[천원]","천원","150.9","177.3","80.6","63.8",
"4규모(500~999인)","운수, 창고 및 통신업(60-64)","현물지급비용[천원]","천원","1","8.2",".5","0",
"4규모(500~999인)","운수, 창고 및 통신업(60-64)","법정복리비[천원]","천원","99.8","66.5","49.4","43.3",
"4규모(500~999인)","운수, 창고 및 통신업(60-64)","법정외복리비[천원]","천원","181.1","106.5","101.6","71.9",
"4규모(500~999인)","운수, 창고 및 통신업(60-64)","모집비[천원]","천원","9.3",".3",".2",".3",
"4규모(500~999인)","운수, 창고 및 통신업(60-64)","교육훈련비[천원]","천원","30.4","2.2","4","2.1",
"4규모(500~999인)","운수, 창고 및 통신업(60-64)","기타노동비용[천원]","천원","4.5","4.1","4.6","1.5",
"4규모(500~999인)","금융 및 보험업(65-67)","노동비용총액[천원]","천원","3210.9","2917.9","2526.8","2191.8",
"4규모(500~999인)","금융 및 보험업(65-67)","현금급여총계[천원]","천원","1931","2248.7","2172.2","1841",
"4규모(500~999인)","금융 및 보험업(65-67)","정액및초과[천원]","천원","1304.4","1511.1","1476.3","1301.2",
"4규모(500~999인)","금융 및 보험업(65-67)","상여금등특별급여[천원]","천원","626.6","737.5","695.9","549.1",
"4규모(500~999인)","금융 및 보험업(65-67)","현금급여외 노동비용(계)[천원]","천원","1279.9","669.2","354.6","350.9",
"4규모(500~999인)","금융 및 보험업(65-67)","퇴직금등비용[천원]","천원","959.9","341.6","84.6","75.7",
"4규모(500~999인)","금융 및 보험업(65-67)","현물지급비용[천원]","천원","0","5.5",".9","2.9",
"4규모(500~999인)","금융 및 보험업(65-67)","법정복리비[천원]","천원","91","81.4","65.9","45.4",
"4규모(500~999인)","금융 및 보험업(65-67)","법정외복리비[천원]","천원","175","167.1","138.1","170.8",
"4규모(500~999인)","금융 및 보험업(65-67)","모집비[천원]","천원",".4","1.1","4.4","1.9",
"4규모(500~999인)","금융 및 보험업(65-67)","교육훈련비[천원]","천원","45.2","56.9","39.1","38.2",
"4규모(500~999인)","금융 및 보험업(65-67)","기타노동비용[천원]","천원","8.4","15.6","21.6","15.9",
"4규모(500~999인)","부동산 및 사업서비스업(70-74)","노동비용총액[천원]","천원","1778.1","1480.9","1470.9","1220.3",
"4규모(500~999인)","부동산 및 사업서비스업(70-74)","현금급여총계[천원]","천원","1383.8","1243.6","1256.2","985.2",
"4규모(500~999인)","부동산 및 사업서비스업(70-74)","정액및초과[천원]","천원","1049.3","955.9","1007.1","806.2",
"4규모(500~999인)","부동산 및 사업서비스업(70-74)","상여금등특별급여[천원]","천원","334.5","287.7","249.1","183.3",
"4규모(500~999인)","부동산 및 사업서비스업(70-74)","현금급여외 노동비용(계)[천원]","천원","394.3","237.3","214.7","235.1",
"4규모(500~999인)","부동산 및 사업서비스업(70-74)","퇴직금등비용[천원]","천원","105.8","60","69.8","141.8",
"4규모(500~999인)","부동산 및 사업서비스업(70-74)","현물지급비용[천원]","천원","21.7","7.5","1.8","3.5",
"4규모(500~999인)","부동산 및 사업서비스업(70-74)","법정복리비[천원]","천원","85.8","61.3","47.9","32.6",
"4규모(500~999인)","부동산 및 사업서비스업(70-74)","법정외복리비[천원]","천원","142.1","84.3","65.5","43.4",
"4규모(500~999인)","부동산 및 사업서비스업(70-74)","모집비[천원]","천원","2.4","1.6","1.4",".5",
"4규모(500~999인)","부동산 및 사업서비스업(70-74)","교육훈련비[천원]","천원","29.5","16.8","12","10.1",
"4규모(500~999인)","부동산 및 사업서비스업(70-74)","기타노동비용[천원]","천원","7.2","5.8","16.3","3.3",
"4규모(500~999인)","교육 서비스업(80)","노동비용총액[천원]","천원","2542.8","2641","2312.2","1908.2",
"4규모(500~999인)","교육 서비스업(80)","현금급여총계[천원]","천원","2398.1","2262","2169.6","1784.8",
"4규모(500~999인)","교육 서비스업(80)","정액및초과[천원]","천원","1661.9","1389.5","1483.9","1305",
"4규모(500~999인)","교육 서비스업(80)","상여금등특별급여[천원]","천원","736.2","872.5","685.7","475.8",
"4규모(500~999인)","교육 서비스업(80)","현금급여외 노동비용(계)[천원]","천원","144.7","379","142.6","123.4",
"4규모(500~999인)","교육 서비스업(80)","퇴직금등비용[천원]","천원","11.7","246.2","36.4","18.6",
"4규모(500~999인)","교육 서비스업(80)","현물지급비용[천원]","천원","0","0","0","0",
"4규모(500~999인)","교육 서비스업(80)","법정복리비[천원]","천원","59.2","76.9","71.1","69",
"4규모(500~999인)","교육 서비스업(80)","법정외복리비[천원]","천원","22.5","34.5","22.8","24.4",
"4규모(500~999인)","교육 서비스업(80)","모집비[천원]","천원","30.8","5.7","5.5","4.6",
"4규모(500~999인)","교육 서비스업(80)","교육훈련비[천원]","천원","19.3","15.7","6.3","6.5",
"4규모(500~999인)","교육 서비스업(80)","기타노동비용[천원]","천원","1.3",".1",".5",".4",
"4규모(500~999인)","보건 및 사회복지사업(85)","노동비용총액[천원]","천원","1956.1","1773.8","1510.2","1487.8",
"4규모(500~999인)","보건 및 사회복지사업(85)","현금급여총계[천원]","천원","1644.7","1470.7","1316.6","1245.3",
"4규모(500~999인)","보건 및 사회복지사업(85)","정액및초과[천원]","천원","1141.9","1069.2","962.9","913.7",
"4규모(500~999인)","보건 및 사회복지사업(85)","상여금등특별급여[천원]","천원","502.8","401.5","353.7","333.4",
"4규모(500~999인)","보건 및 사회복지사업(85)","현금급여외 노동비용(계)[천원]","천원","311.4","303.1","193.6","242.4",
"4규모(500~999인)","보건 및 사회복지사업(85)","퇴직금등비용[천원]","천원","127.9","138.7","45.9","122",
"4규모(500~999인)","보건 및 사회복지사업(85)","현물지급비용[천원]","천원","0","0","0","0",
"4규모(500~999인)","보건 및 사회복지사업(85)","법정복리비[천원]","천원","60.5","60.6","43.7","38.4",
"4규모(500~999인)","보건 및 사회복지사업(85)","법정외복리비[천원]","천원","112.5","83","92.3","70.2",
"4규모(500~999인)","보건 및 사회복지사업(85)","모집비[천원]","천원",".1","1",".5",".2",
"4규모(500~999인)","보건 및 사회복지사업(85)","교육훈련비[천원]","천원","9.1","17.3","9","9.6",
"4규모(500~999인)","보건 및 사회복지사업(85)","기타노동비용[천원]","천원","1.3","2.4","2.2","1.9",
"4규모(500~999인)","기타 공공, 사회 및 개인서비스업(90-93)","노동비용총액[천원]","천원","2070.2","1940.8","1425.8","1308.6",
"4규모(500~999인)","기타 공공, 사회 및 개인서비스업(90-93)","현금급여총계[천원]","천원","1707","1520.3","1088.9","1023.7",
"4규모(500~999인)","기타 공공, 사회 및 개인서비스업(90-93)","정액및초과[천원]","천원","1153.2","1032.9","777.3","795.8",
"4규모(500~999인)","기타 공공, 사회 및 개인서비스업(90-93)","상여금등특별급여[천원]","천원","553.8","487.5","311.6","245.2",
"4규모(500~999인)","기타 공공, 사회 및 개인서비스업(90-93)","현금급여외 노동비용(계)[천원]","천원","363.3","420.5","336.9","284.9",
"4규모(500~999인)","기타 공공, 사회 및 개인서비스업(90-93)","퇴직금등비용[천원]","천원","145.5","154.4","86.4","110.2",
"4규모(500~999인)","기타 공공, 사회 및 개인서비스업(90-93)","현물지급비용[천원]","천원","0","0","1","1.4",
"4규모(500~999인)","기타 공공, 사회 및 개인서비스업(90-93)","법정복리비[천원]","천원","90.7","82.5","58.6","46.1",
"4규모(500~999인)","기타 공공, 사회 및 개인서비스업(90-93)","법정외복리비[천원]","천원","91.1","135.5","173.8","102",
"4규모(500~999인)","기타 공공, 사회 및 개인서비스업(90-93)","모집비[천원]","천원","1.6","1.2","3.3","1.5",
"4규모(500~999인)","기타 공공, 사회 및 개인서비스업(90-93)","교육훈련비[천원]","천원","26.7","36.9","8.4","22.9",
"4규모(500~999인)","기타 공공, 사회 및 개인서비스업(90-93)","기타노동비용[천원]","천원","7.6","10","5.4",".9",
"5규모(1000인이상)","전산업","노동비용총액[천원]","천원","2232.8","2034.4","1894","1693.9",
"5규모(1000인이상)","전산업","현금급여총계[천원]","천원","1653","1583.9","1396.9","1278.7",
"5규모(1000인이상)","전산업","정액및초과[천원]","천원","1202.3","1153","1026.6","934",
"5규모(1000인이상)","전산업","상여금등특별급여[천원]","천원","450.7","430.9","370.3","338.1",
"5규모(1000인이상)","전산업","현금급여외 노동비용(계)[천원]","천원","579.8","450.5","497.1","415.2",
"5규모(1000인이상)","전산업","퇴직금등비용[천원]","천원","235.3","138.1","245.8","153.5",
"5규모(1000인이상)","전산업","현물지급비용[천원]","천원","6.2","4.8","1.1","6.7",
"5규모(1000인이상)","전산업","법정복리비[천원]","천원","101.4","84.5","67.7","55.9",
"5규모(1000인이상)","전산업","법정외복리비[천원]","천원","172.4","157.5","132.8","150.9",
"5규모(1000인이상)","전산업","모집비[천원]","천원","1.7","3","3.5","3.6",
"5규모(1000인이상)","전산업","교육훈련비[천원]","천원","49","50.8","32.3","34.1",
"5규모(1000인이상)","전산업","기타노동비용[천원]","천원","13.8","11.8","13.9","10.4",
"5규모(1000인이상)","광 업(10-14)","노동비용총액[천원]","천원","3306.5","2872.1","2442.2","2206.6",
"5규모(1000인이상)","광 업(10-14)","현금급여총계[천원]","천원","1817.9","1539.3","1283.6","1304.5",
"5규모(1000인이상)","광 업(10-14)","정액및초과[천원]","천원","1413.3","1187.5","1034.6","1000",
"5규모(1000인이상)","광 업(10-14)","상여금등특별급여[천원]","천원","404.6","351.8","249","293.3",
"5규모(1000인이상)","광 업(10-14)","현금급여외 노동비용(계)[천원]","천원","1488.6","1332.8","1158.6","901.9",
"5규모(1000인이상)","광 업(10-14)","퇴직금등비용[천원]","천원","651.4","454","594.4","199.4",
"5규모(1000인이상)","광 업(10-14)","현물지급비용[천원]","천원","0","12.6","0","0",
"5규모(1000인이상)","광 업(10-14)","법정복리비[천원]","천원","585.9","669.7","487.8","599.5",
"5규모(1000인이상)","광 업(10-14)","법정외복리비[천원]","천원","228.9","176.9","60.9","97.2",
"5규모(1000인이상)","광 업(10-14)","모집비[천원]","천원",".5",".3","1.1",".5",
"5규모(1000인이상)","광 업(10-14)","교육훈련비[천원]","천원","19.5","17","10.3","2.6",
"5규모(1000인이상)","광 업(10-14)","기타노동비용[천원]","천원","2.5","2.4","4.1","2.8",
"5규모(1000인이상)","제 조 업(15-37)","노동비용총액[천원]","천원","2039.2","1864.9","1673.7","1536.3",
"5규모(1000인이상)","제 조 업(15-37)","현금급여총계[천원]","천원","1512","1468.6","1306.7","1191.6",
"5규모(1000인이상)","제 조 업(15-37)","정액및초과[천원]","천원","1112.9","1063.5","963","863",
"5규모(1000인이상)","제 조 업(15-37)","상여금등특별급여[천원]","천원","399.2","405.1","343.7","320.5",
"5규모(1000인이상)","제 조 업(15-37)","현금급여외 노동비용(계)[천원]","천원","527.2","396.3","367","344.7",
"5규모(1000인이상)","제 조 업(15-37)","퇴직금등비용[천원]","천원","223.9","134.6","152","132.1",
"5규모(1000인이상)","제 조 업(15-37)","현물지급비용[천원]","천원","8.2","6.9","2.4","5.7",
"5규모(1000인이상)","제 조 업(15-37)","법정복리비[천원]","천원","94.5","72.5","62.7","52.3",
"5규모(1000인이상)","제 조 업(15-37)","법정외복리비[천원]","천원","148.9","128.9","101.3","107.3",
"5규모(1000인이상)","제 조 업(15-37)","모집비[천원]","천원","1.6","3.4","3.5","4.4",
"5규모(1000인이상)","제 조 업(15-37)","교육훈련비[천원]","천원","38.1","40.5","37.7","37.3",
"5규모(1000인이상)","제 조 업(15-37)","기타노동비용[천원]","천원","12","9.5","7.4","5.7",
"5규모(1000인이상)","전기, 가스 및 수도사업(40-41)","노동비용총액[천원]","천원","2914.2","2676.7","2192.7","1972",
"5규모(1000인이상)","전기, 가스 및 수도사업(40-41)","현금급여총계[천원]","천원","2168.7","1929.2","1611.1","1436.4",
"5규모(1000인이상)","전기, 가스 및 수도사업(40-41)","정액및초과[천원]","천원","1472.4","1399.9","1201.7","1083",
"5규모(1000인이상)","전기, 가스 및 수도사업(40-41)","상여금등특별급여[천원]","천원","696.2","529.2","409.4","353.5",
"5규모(1000인이상)","전기, 가스 및 수도사업(40-41)","현금급여외 노동비용(계)[천원]","천원","745.5","747.5","581.6","535.6",
"5규모(1000인이상)","전기, 가스 및 수도사업(40-41)","퇴직금등비용[천원]","천원","339.8","309","266.6","185.6",
"5규모(1000인이상)","전기, 가스 및 수도사업(40-41)","현물지급비용[천원]","천원",".8","0","0","0",
"5규모(1000인이상)","전기, 가스 및 수도사업(40-41)","법정복리비[천원]","천원","85.3","77.5","53.4","50.5",
"5규모(1000인이상)","전기, 가스 및 수도사업(40-41)","법정외복리비[천원]","천원","256.9","289.5","242.8","280.9",
"5규모(1000인이상)","전기, 가스 및 수도사업(40-41)","모집비[천원]","천원","1.7","2.1","2.1","1.6",
"5규모(1000인이상)","전기, 가스 및 수도사업(40-41)","교육훈련비[천원]","천원","55.3","68","16.4","16.8",
"5규모(1000인이상)","전기, 가스 및 수도사업(40-41)","기타노동비용[천원]","천원","5.6","1.6",".3",".2",
"5규모(1000인이상)","건설업(45)","노동비용총액[천원]","천원","2833.8","2426.2","2043.9","2158.3",
"5규모(1000인이상)","건설업(45)","현금급여총계[천원]","천원","2036.3","1704.6","1492.6","1604.8",
"5규모(1000인이상)","건설업(45)","정액및초과[천원]","천원","1538.6","1285.7","1125.1","1174.7",
"5규모(1000인이상)","건설업(45)","상여금등특별급여[천원]","천원","497.6","418.9","367.5","427.5",
"5규모(1000인이상)","건설업(45)","현금급여외 노동비용(계)[천원]","천원","797.5","721.7","551.3","553.5",
"5규모(1000인이상)","건설업(45)","퇴직금등비용[천원]","천원","218.9","212.8","175.4","206.8",
"5규모(1000인이상)","건설업(45)","현물지급비용[천원]","천원","1.5","3.8",".3","0",
"5규모(1000인이상)","건설업(45)","법정복리비[천원]","천원","326.9","234.9","163","209.4",
"5규모(1000인이상)","건설업(45)","법정외복리비[천원]","천원","149.4","201.8","158.3","70.9",
"5규모(1000인이상)","건설업(45)","모집비[천원]","천원","3.6","1.8","5.3","2.9",
"5규모(1000인이상)","건설업(45)","교육훈련비[천원]","천원","77.7","52.2","35.1","44",
"5규모(1000인이상)","건설업(45)","기타노동비용[천원]","천원","19.5","14.4","13.9","19.6",
"5규모(1000인이상)","도,소매 및 소비자용품 수리업(50-52)","노동비용총액[천원]","천원","2046.5","1829.6","1666.2","1513.7",
"5규모(1000인이상)","도,소매 및 소비자용품 수리업(50-52)","현금급여총계[천원]","천원","1585.9","1472.6","1304.3","1222.2",
"5규모(1000인이상)","도,소매 및 소비자용품 수리업(50-52)","정액및초과[천원]","천원","1157.7","1081.3","942.1","845.6",
"5규모(1000인이상)","도,소매 및 소비자용품 수리업(50-52)","상여금등특별급여[천원]","천원","428.1","391.4","362.2","365.8",
"5규모(1000인이상)","도,소매 및 소비자용품 수리업(50-52)","현금급여외 노동비용(계)[천원]","천원","460.6","357","361.9","291.5",
"5규모(1000인이상)","도,소매 및 소비자용품 수리업(50-52)","퇴직금등비용[천원]","천원","141.8","87.6","108.8","101.3",
"5규모(1000인이상)","도,소매 및 소비자용품 수리업(50-52)","현물지급비용[천원]","천원","4","17.8",".9","8.2",
"5규모(1000인이상)","도,소매 및 소비자용품 수리업(50-52)","법정복리비[천원]","천원","99","67.5","51.9","38.8",
"5규모(1000인이상)","도,소매 및 소비자용품 수리업(50-52)","법정외복리비[천원]","천원","166.3","130.5","113","88.1",
"5규모(1000인이상)","도,소매 및 소비자용품 수리업(50-52)","모집비[천원]","천원","2.9","3.8","3","2.3",
"5규모(1000인이상)","도,소매 및 소비자용품 수리업(50-52)","교육훈련비[천원]","천원","37.6","37.5","31.2","37.4",
"5규모(1000인이상)","도,소매 및 소비자용품 수리업(50-52)","기타노동비용[천원]","천원","9","12.3","53.1","15.3",
"5규모(1000인이상)","숙박 및 음식점업(55)","노동비용총액[천원]","천원","1827.7","1666.9","1488.6","1326",
"5규모(1000인이상)","숙박 및 음식점업(55)","현금급여총계[천원]","천원","1411.1","1279.5","1174.3","1051.8",
"5규모(1000인이상)","숙박 및 음식점업(55)","정액및초과[천원]","천원","1045.1","949.6","905.6","847.3",
"5규모(1000인이상)","숙박 및 음식점업(55)","상여금등특별급여[천원]","천원","366","330","268.7","203.5",
"5규모(1000인이상)","숙박 및 음식점업(55)","현금급여외 노동비용(계)[천원]","천원","416.6","387.4","314.3","274.1",
"5규모(1000인이상)","숙박 및 음식점업(55)","퇴직금등비용[천원]","천원","137.9","121.7","89.9","70.9",
"5규모(1000인이상)","숙박 및 음식점업(55)","현물지급비용[천원]","천원","8.9","9.6","0","0",
"5규모(1000인이상)","숙박 및 음식점업(55)","법정복리비[천원]","천원","85.8","68","54.6","46.7",
"5규모(1000인이상)","숙박 및 음식점업(55)","법정외복리비[천원]","천원","156.3","162.1","141.2","121.9",
"5규모(1000인이상)","숙박 및 음식점업(55)","모집비[천원]","천원",".4",".7",".6",".6",
"5규모(1000인이상)","숙박 및 음식점업(55)","교육훈련비[천원]","천원","15","22.2","18.5","22.1",
"5규모(1000인이상)","숙박 및 음식점업(55)","기타노동비용[천원]","천원","12.3","3.1","9.5","11.8",
"5규모(1000인이상)","운수, 창고 및 통신업(60-64)","노동비용총액[천원]","천원","2125.8","1960.7","2203.9","1553.3",
"5규모(1000인이상)","운수, 창고 및 통신업(60-64)","현금급여총계[천원]","천원","1539","1462.4","1187.7","1109",
"5규모(1000인이상)","운수, 창고 및 통신업(60-64)","정액및초과[천원]","천원","1197","1138.4","951.6","883.3",
"5규모(1000인이상)","운수, 창고 및 통신업(60-64)","상여금등특별급여[천원]","천원","342","324","236.1","216.7",
"5규모(1000인이상)","운수, 창고 및 통신업(60-64)","현금급여외 노동비용(계)[천원]","천원","586.8","498.3","1016.2","444.3",
"5규모(1000인이상)","운수, 창고 및 통신업(60-64)","퇴직금등비용[천원]","천원","161","109.5","698.7","73.8",
"5규모(1000인이상)","운수, 창고 및 통신업(60-64)","현물지급비용[천원]","천원",".2","1.8","0","19.6",
"5규모(1000인이상)","운수, 창고 및 통신업(60-64)","법정복리비[천원]","천원","90","77.8","61.2","51.5",
"5규모(1000인이상)","운수, 창고 및 통신업(60-64)","법정외복리비[천원]","천원","221.7","206.1","188.8","239.4",
"5규모(1000인이상)","운수, 창고 및 통신업(60-64)","모집비[천원]","천원","1.1",".6","1.1",".6",
"5규모(1000인이상)","운수, 창고 및 통신업(60-64)","교육훈련비[천원]","천원","91.6","74.1","29.1","30.6",
"5규모(1000인이상)","운수, 창고 및 통신업(60-64)","기타노동비용[천원]","천원","21.1","28.4","37.3","28.7",
"5규모(1000인이상)","금융 및 보험업(65-67)","노동비용총액[천원]","천원","3307","2438.9","2285.5","2046.8",
"5규모(1000인이상)","금융 및 보험업(65-67)","현금급여총계[천원]","천원","2285.9","1999.6","1837.4","1556.1",
"5규모(1000인이상)","금융 및 보험업(65-67)","정액및초과[천원]","천원","1459.3","1310.5","1208.8","1018.5",
"5규모(1000인이상)","금융 및 보험업(65-67)","상여금등특별급여[천원]","천원","826.6","689.1","628.6","532.5",
"5규모(1000인이상)","금융 및 보험업(65-67)","현금급여외 노동비용(계)[천원]","천원","1021.1","439.3","448.1","490.7",
"5규모(1000인이상)","금융 및 보험업(65-67)","퇴직금등비용[천원]","천원","560.5","119.8","211.9","159.6",
"5규모(1000인이상)","금융 및 보험업(65-67)","현물지급비용[천원]","천원","14.3","0","0","0",
"5규모(1000인이상)","금융 및 보험업(65-67)","법정복리비[천원]","천원","98.7","74.3","53.8","47.7",
"5규모(1000인이상)","금융 및 보험업(65-67)","법정외복리비[천원]","천원","251.4","156","134.4","229.9",
"5규모(1000인이상)","금융 및 보험업(65-67)","모집비[천원]","천원",".6","2.5","7.5","9.5",
"5규모(1000인이상)","금융 및 보험업(65-67)","교육훈련비[천원]","천원","64","75.5","32.3","35.2",
"5규모(1000인이상)","금융 및 보험업(65-67)","기타노동비용[천원]","천원","31.6","11.2","8.2","8.7",
"5규모(1000인이상)","부동산 및 사업서비스업(70-74)","노동비용총액[천원]","천원","1955.9","1603.8","1428.5","2070.4",
"5규모(1000인이상)","부동산 및 사업서비스업(70-74)","현금급여총계[천원]","천원","1541.4","1333.4","1177.9","1431.5",
"5규모(1000인이상)","부동산 및 사업서비스업(70-74)","정액및초과[천원]","천원","1157.1","1010.4","892.6","1110.3",
"5규모(1000인이상)","부동산 및 사업서비스업(70-74)","상여금등특별급여[천원]","천원","384.3","323","285.3","316.8",
"5규모(1000인이상)","부동산 및 사업서비스업(70-74)","현금급여외 노동비용(계)[천원]","천원","414.5","270.4","250.6","639",
"5규모(1000인이상)","부동산 및 사업서비스업(70-74)","퇴직금등비용[천원]","천원","133","57.2","71.6","452.7",
"5규모(1000인이상)","부동산 및 사업서비스업(70-74)","현물지급비용[천원]","천원","3.4","1.2",".2","2.7",
"5규모(1000인이상)","부동산 및 사업서비스업(70-74)","법정복리비[천원]","천원","84.3","68.1","49.8","42.4",
"5규모(1000인이상)","부동산 및 사업서비스업(70-74)","법정외복리비[천원]","천원","132.7","71.1","58.7","53.2",
"5규모(1000인이상)","부동산 및 사업서비스업(70-74)","모집비[천원]","천원","3.5","10.6","4.1","2.8",
"5규모(1000인이상)","부동산 및 사업서비스업(70-74)","교육훈련비[천원]","천원","49.8","53","55.9","72.5",
"5규모(1000인이상)","부동산 및 사업서비스업(70-74)","기타노동비용[천원]","천원","7.9","9.3","10.3","12.7",
"5규모(1000인이상)","교육 서비스업(80)","노동비용총액[천원]","천원","2592.5","2406.6","2249.8","2188.8",
"5규모(1000인이상)","교육 서비스업(80)","현금급여총계[천원]","천원","2474.3","2210.6","2043.1","2061.3",
"5규모(1000인이상)","교육 서비스업(80)","정액및초과[천원]","천원","1583.3","1601.1","1376.2","1347.9",
"5규모(1000인이상)","교육 서비스업(80)","상여금등특별급여[천원]","천원","891","609.5","666.9","720.9",
"5규모(1000인이상)","교육 서비스업(80)","현금급여외 노동비용(계)[천원]","천원","118.2","196","206.7","127.6",
"5규모(1000인이상)","교육 서비스업(80)","퇴직금등비용[천원]","천원","30.4","57.4","58.6","15.3",
"5규모(1000인이상)","교육 서비스업(80)","현물지급비용[천원]","천원","0","0","0","0",
"5규모(1000인이상)","교육 서비스업(80)","법정복리비[천원]","천원","52.1","77.8","71.6","55.1",
"5규모(1000인이상)","교육 서비스업(80)","법정외복리비[천원]","천원","24.1","36.3","62.2","31.6",
"5규모(1000인이상)","교육 서비스업(80)","모집비[천원]","천원",".6","9.1","6.8","11.7",
"5규모(1000인이상)","교육 서비스업(80)","교육훈련비[천원]","천원","10.8","13.4","6.1","9.3",
"5규모(1000인이상)","교육 서비스업(80)","기타노동비용[천원]","천원",".2","1.9","1.4","4.6",
"5규모(1000인이상)","보건 및 사회복지사업(85)","노동비용총액[천원]","천원","1702.4","1703.2","1537.9","1327.6",
"5규모(1000인이상)","보건 및 사회복지사업(85)","현금급여총계[천원]","천원","1535.7","1508","1373.8","1191.9",
"5규모(1000인이상)","보건 및 사회복지사업(85)","정액및초과[천원]","천원","1133.2","1077.1","984","867.3",
"5규모(1000인이상)","보건 및 사회복지사업(85)","상여금등특별급여[천원]","천원","402.5","430.9","389.8","326.8",
"5규모(1000인이상)","보건 및 사회복지사업(85)","현금급여외 노동비용(계)[천원]","천원","166.7","195.1","164.1","135.7",
"5규모(1000인이상)","보건 및 사회복지사업(85)","퇴직금등비용[천원]","천원","35.1","44.4","43.3","12.6",
"5규모(1000인이상)","보건 및 사회복지사업(85)","현물지급비용[천원]","천원","0","1.8",".2","1.3",
"5규모(1000인이상)","보건 및 사회복지사업(85)","법정복리비[천원]","천원","67.4","83.1","59.6","50.3",
"5규모(1000인이상)","보건 및 사회복지사업(85)","법정외복리비[천원]","천원","52.2","53.3","49.3","57.6",
"5규모(1000인이상)","보건 및 사회복지사업(85)","모집비[천원]","천원","0",".3","2.5",".2",
"5규모(1000인이상)","보건 및 사회복지사업(85)","교육훈련비[천원]","천원","9.8","10.5","7.7","13.1",
"5규모(1000인이상)","보건 및 사회복지사업(85)","기타노동비용[천원]","천원","2.2","1.8","1.5",".6",
"5규모(1000인이상)","기타 공공, 사회 및 개인서비스업(90-93)","노동비용총액[천원]","천원","3185.7","2861.4","2962.9","3031.3",
"5규모(1000인이상)","기타 공공, 사회 및 개인서비스업(90-93)","현금급여총계[천원]","천원","2517.4","2292.7","2197.8","1988.8",
"5규모(1000인이상)","기타 공공, 사회 및 개인서비스업(90-93)","정액및초과[천원]","천원","1814.8","1643.5","1533.7","1356.7",
"5규모(1000인이상)","기타 공공, 사회 및 개인서비스업(90-93)","상여금등특별급여[천원]","천원","702.6","649.2","664.1","616.7",
"5규모(1000인이상)","기타 공공, 사회 및 개인서비스업(90-93)","현금급여외 노동비용(계)[천원]","천원","668.3","568.7","765.1","1042.5",
"5규모(1000인이상)","기타 공공, 사회 및 개인서비스업(90-93)","퇴직금등비용[천원]","천원","273.3","143.7","385.3","793.4",
"5규모(1000인이상)","기타 공공, 사회 및 개인서비스업(90-93)","현물지급비용[천원]","천원","3.8","4.9",".3","9.5",
"5규모(1000인이상)","기타 공공, 사회 및 개인서비스업(90-93)","법정복리비[천원]","천원","123.2","110.4","87.9","68.4",
"5규모(1000인이상)","기타 공공, 사회 및 개인서비스업(90-93)","법정외복리비[천원]","천원","231.1","259.1","277.4","143.6",
"5규모(1000인이상)","기타 공공, 사회 및 개인서비스업(90-93)","모집비[천원]","천원","1.9","3.1","3.7","2.2",
"5규모(1000인이상)","기타 공공, 사회 및 개인서비스업(90-93)","교육훈련비[천원]","천원","27.9","45.2","8","19.5",
"5규모(1000인이상)","기타 공공, 사회 및 개인서비스업(90-93)","기타노동비용[천원]","천원","7.1","2.3","2.5","5.8",
